iceberg_number,observation_count,first_datetime,last_datetime,duration_hours,start_latitude,start_longitude,end_latitude,end_longitude,straight_line_displacement_km,minimum_interval_hours,maximum_interval_hours,median_interval_hours,mean_interval_hours
10,4,2020-10-03 21:50:00,2020-10-15 21:49:00,287.9833333333333,56.52167,-60.265,54.93167,-57.48667,248.0058492207345,60.3,120.13333333333334,107.55,95.99444444444444
22,2,2020-10-01 21:33:00,2020-10-23 21:13:00,527.6666666666666,55.19833,-58.195,53.22667,-55.44,283.0763538135708,527.6666666666666,527.6666666666666,527.6666666666666,527.6666666666666
24,9,2020-10-06 21:42:00,2020-10-15 21:49:00,216.11666666666667,56.52,-60.265,55.33167,-57.545,214.8549303710372,11.533333333333331,107.55,12.591666666666669,27.01458333333333
26,3,2020-10-04 21:21:00,2020-10-18 09:38:00,324.28333333333336,54.21,-52.99167,53.24833,-51.94167,127.29808536065956,120.08333333333331,204.2,162.14166666666665,162.14166666666665
29,2,2020-10-03 21:50:00,2020-10-06 10:08:00,60.3,58.005,-59.94667,57.94,-60.08167,10.752440385037811,60.3,60.3,60.3,60.3
42,3,2020-10-02 21:42:00,2020-11-10 10:34:00,924.8666666666668,58.11333,-62.22667,57.82667,-61.48833,53.96232885347752,324.76666666666665,600.1,462.4333333333333,462.4333333333333
43,3,2020-10-02 21:42:00,2020-10-19 09:48:00,396.1,56.22333,-59.1,55.63167,-54.82667,274.17054298482685,71.86666666666666,324.2333333333333,198.05,198.05
45,6,2020-10-10 21:43:00,2020-11-09 10:25:00,708.7,59.035,-62.83833,56.87167,-61.015,263.4871342347497,12.6,491.5,36.18333333333333,141.73999999999998
51,15,2020-10-11 21:51:00,2020-12-07 10:23:00,1356.5333333333333,60.26167,-64.215,60.09,-64.01833,21.969839801396457,12.533333333333331,251.26666666666668,66.36666666666666,96.89523809523811
53,3,2020-10-14 17:00:00,2020-10-22 21:41:00,196.6833333333333,57.26667,-61.06667,56.59167,-60.48667,82.89669851924882,59.21666666666667,137.46666666666667,98.34166666666668,98.34166666666668
54,2,2020-10-16 10:28:00,2020-11-10 10:02:00,599.5666666666667,57.36667,-60.815,54.655,-56.855,389.1138753338199,599.5666666666667,599.5666666666667,599.5666666666667,599.5666666666667
56,5,2020-10-15 19:45:00,2020-10-24 09:54:00,206.15,55.28333,-58.73333,55.00167,-58.005,55.8866145003327,11.533333333333331,86.53333333333333,54.04166666666666,51.5375
61,19,2020-10-21 10:32:00,2021-02-10 21:49:00,2699.2833333333333,59.72833,-63.725,57.17167,-61.12667,321.926629662458,12.533333333333331,707.3833333333333,83.93333333333334,149.9601851851852
63,2,2020-10-22 21:43:00,2020-11-04 21:51:00,312.1333333333333,60.475,-64.13,60.195,-63.15667,61.955947389444646,312.1333333333333,312.1333333333333,312.1333333333333,312.1333333333333
64,18,2020-10-22 21:43:00,2020-11-30 10:33:00,924.8333333333334,60.26167,-64.21333,60.26167,-64.21333,0.0,24.1,167.86666666666667,36.71666666666667,54.40196078431373
65,23,2020-10-23 09:46:00,2020-12-28 21:32:00,1595.7666666666669,53.89333,-56.835,53.89333,-56.835,0.0,11.466666666666669,299.51666666666665,53.458333333333336,72.53484848484848
66,4,2020-10-24 21:26:00,2020-10-26 21:42:00,48.266666666666666,55.11833,-58.18333,55.10333,-58.04333,9.059212869522192,11.55,24.116666666666667,12.6,16.08888888888889
74,3,2020-11-04 21:51:00,2020-11-07 21:42:00,71.85,59.10333,-62.025,58.64,-61.44833,61.26237941734132,12.583333333333334,59.266666666666666,35.925,35.925
81,2,2020-11-27 10:09:00,2020-11-27 21:42:00,11.55,57.45,-60.93167,57.42833,-60.82,7.103975127460208,11.55,11.55,11.55,11.55
85,2,2020-11-30 21:34:00,2020-12-19 09:56:00,444.3666666666667,56.75333,-60.39333,55.01,-58.11,240.5093416054084,444.3666666666667,444.3666666666667,444.3666666666667,444.3666666666667
89,2,2020-12-16 21:32:00,2020-12-21 10:08:00,108.6,54.82167,-57.465,54.82,-57.43167,2.1432894170740293,108.6,108.6,108.6,108.6
94,2,2021-01-17 21:32:00,2021-02-03 09:56:00,396.4,55.945,-56.205,54.445,-53.89,222.25453965278209,396.4,396.4,396.4,396.4
95,5,2021-07-28 19:49:00,2021-08-02 10:10:00,110.35,56.29667,-58.96333,56.27167,-58.96,2.7874609203853837,11.533333333333331,50.0,24.40833333333333,27.5875
96,4,2021-07-28 19:49:00,2021-08-16 21:25:00,457.6,55.97833,-57.98167,54.07333,-52.88667,387.57312955633535,50.0,204.1,203.5,152.53333333333333
100,5,2021-07-28 21:34:00,2021-08-24 10:27:00,636.8833333333333,59.685,-61.09833,57.65667,-59.77167,238.21374057299795,48.3,347.26666666666665,120.65833333333332,159.2208333333333
105,6,2021-07-28 21:34:00,2021-08-06 10:10:00,204.6,57.33667,-60.185,56.045,-59.67167,147.00671769362808,12.066666666666666,107.53333333333332,24.133333333333333,40.92
106,5,2021-07-29 10:42:00,2021-08-14 21:42:00,395.0,58.98333,-62.94167,58.39,-62.455,71.7193626657636,12.583333333333334,203.53333333333333,89.44166666666666,98.75
107,7,2021-07-29 21:41:00,2021-08-17 10:02:00,444.35,53.83,-57.03833,54.02,-57.03667,21.127315646373912,12.116666666666667,335.71666666666664,24.133333333333333,74.05833333333332
108,7,2021-07-30 21:51:00,2021-08-19 10:19:00,468.4666666666666,59.79333,-61.67833,58.64833,-60.84167,135.92517171379072,24.133333333333333,220.1833333333333,36.74166666666667,78.07777777777778
110,19,2021-07-30 21:51:00,2021-09-03 10:09:00,828.3,59.85667,-60.56667,56.82667,-60.815,337.2315442916416,11.533333333333331,220.1833333333333,29.625,46.01666666666667
116,3,2021-07-30 21:49:00,2021-08-16 09:56:00,396.1166666666667,56.105,-59.62833,55.395,-56.245,225.94302904940548,96.0,300.1166666666667,198.0583333333333,198.0583333333333
117,6,2021-07-30 21:49:00,2021-08-16 09:56:00,396.1166666666667,56.01333,-60.02667,54.81333,-57.17667,223.94780581982195,12.116666666666667,227.65,36.2,79.22333333333333
118,8,2021-07-30 21:49:00,2021-08-07 21:50:00,192.01666666666668,55.97167,-59.85,55.6,-58.95167,69.73212505960788,11.516666666666667,71.86666666666666,24.15,27.43095238095238
120,3,2021-07-30 21:49:00,2021-08-05 21:32:00,143.71666666666667,55.01167,-57.225,54.68,-56.515,58.53543331802395,11.5,132.21666666666667,71.85833333333333,71.85833333333333
121,4,2021-07-31 10:26:00,2021-08-04 21:58:00,107.53333333333332,56.56833,-60.29833,55.86167,-59.45333,94.36098959216474,11.533333333333331,59.8,36.2,35.84444444444444
123,13,2021-07-31 10:26:00,2021-09-03 10:09:00,815.7166666666667,59.675,-61.91333,57.97333,-61.35333,191.94130213496345,11.033333333333331,276.4833333333333,29.641666666666666,67.97638888888889
125,7,2021-07-31 10:26:00,2021-08-14 21:42:00,347.26666666666665,58.715,-62.58833,58.42833,-62.50667,32.22595500873399,11.55,143.73333333333332,48.0,57.87777777777777
126,3,2021-07-31 21:58:00,2021-08-16 21:25:00,383.45,55.83833,-59.72,54.03833,-56.40167,291.46973790025635,167.88333333333333,215.56666666666663,191.725,191.725
127,2,2021-07-31 21:58:00,2021-08-02 10:10:00,36.2,55.77333,-59.395,55.45167,-59.15167,38.89465468704602,36.2,36.2,36.2,36.2
129,5,2021-08-01 21:34:00,2021-08-09 21:32:00,191.96666666666667,55.20833,-57.01,54.30833,-55.74667,128.780496753515,11.483333333333333,143.75,18.366666666666667,47.99166666666666
130,5,2021-08-02 10:10:00,2021-08-06 10:10:00,96.0,56.03667,-60.04333,56.03667,-60.045,0.1037410709518895,11.516666666666667,36.2,24.141666666666666,24.0
131,3,2021-08-02 10:10:00,2021-08-13 21:32:00,275.3666666666667,55.18,-57.75667,54.25167,-56.23833,142.0012473685085,83.4,191.96666666666667,137.68333333333334,137.68333333333334
132,3,2021-08-02 10:10:00,2021-08-20 09:56:00,431.76666666666665,55.32,-56.615,54.85167,-54.39333,150.66900131915406,77.25,354.51666666666665,215.88333333333333,215.88333333333333
136,2,2021-08-02 21:42:00,2021-08-03 10:18:00,12.6,55.33167,-59.045,55.245,-58.88,14.213790002695635,12.6,12.6,12.6,12.6
138,6,2021-08-03 10:18:00,2021-08-28 21:58:00,611.6666666666666,59.12833,-62.29167,58.41667,-62.39,79.33572179893132,12.583333333333334,276.4833333333333,131.66666666666666,122.33333333333331
139,11,2021-08-03 10:18:00,2021-09-01 10:25:00,696.1166666666667,59.00833,-62.32833,57.72167,-61.34833,154.0602732741464,11.55,275.4,29.65,69.61166666666668
140,11,2021-08-03 10:18:00,2021-09-03 10:09:00,743.85,59.03,-62.18167,56.86167,-60.825,254.03893960159556,11.55,384.03333333333336,42.208333333333336,74.385
142,6,2021-08-03 10:18:00,2021-08-13 10:02:00,239.7333333333333,56.30833,-59.97333,55.67,-58.23667,129.242749933472,24.116666666666667,107.5,36.21666666666667,47.94666666666667
145,13,2021-08-04 10:25:00,2021-09-02 10:33:00,696.1333333333333,59.96833,-63.20167,60.03167,-62.875,19.47981405041654,11.533333333333331,251.28333333333333,24.141666666666666,58.01111111111111
147,8,2021-08-04 10:25:00,2021-08-31 10:18:00,647.8833333333333,58.06333,-60.435,56.985,-60.81167,121.99510843884391,11.55,348.8666666666667,47.7,92.5547619047619
151,4,2021-08-04 21:58:00,2021-08-09 21:32:00,119.56666666666666,55.975,-59.84667,55.44667,-58.88667,84.06917393531945,35.666666666666664,47.7,36.2,39.85555555555556
152,5,2021-08-05 10:02:00,2021-08-16 21:25:00,275.3833333333333,53.22167,-55.35,51.84833,-55.12167,153.4871436934586,11.5,167.88333333333333,48.0,68.84583333333333
153,4,2021-08-05 10:02:00,2021-08-09 21:32:00,107.5,54.435,-56.09667,54.16833,-55.285,60.43800794648742,11.5,71.86666666666666,24.133333333333333,35.833333333333336
162,9,2021-08-06 21:43:00,2021-08-22 21:42:00,383.98333333333335,59.74,-61.53667,57.885,-60.375,216.83294385346397,11.55,83.4,47.708333333333336,47.99791666666667
165,3,2021-08-06 21:43:00,2021-08-07 21:50:00,24.116666666666667,57.735,-61.52333,57.69333,-61.42,7.689881398269474,11.55,12.566666666666666,12.058333333333334,12.058333333333334
166,2,2021-08-06 21:43:00,2021-08-07 10:17:00,12.566666666666666,57.55667,-61.64667,57.55333,-61.63,1.0615355999997316,12.566666666666666,12.566666666666666,12.566666666666666,12.566666666666666
167,2,2021-08-06 21:42:00,2021-08-10 21:41:00,95.98333333333332,54.02,-57.03667,54.02,-57.03667,0.0,95.98333333333332,95.98333333333332,95.98333333333332,95.98333333333332
170,7,2021-08-07 21:50:00,2021-08-15 21:49:00,191.9833333333333,56.39667,-60.20333,55.67,-58.235,146.55991833023683,11.5,71.86666666666666,12.608333333333334,31.99722222222222
175,9,2021-08-08 10:27:00,2021-08-28 21:58:00,491.51666666666665,60.29667,-64.085,60.14833,-63.505,36.02697716291623,11.516666666666667,203.51666666666668,36.74166666666667,61.43958333333334
176,6,2021-08-08 10:27:00,2021-08-25 10:32:00,408.0833333333333,60.27833,-63.68667,60.42833,-63.82167,18.25739404263994,24.08333333333333,156.86666666666667,71.88333333333334,81.61666666666666
177,2,2021-08-08 09:55:00,2021-08-12 09:57:00,96.03333333333332,55.09667,-57.22833,55.00167,-56.39167,54.33217798172096,96.03333333333332,96.03333333333332,96.03333333333332,96.03333333333332
180,8,2021-08-09 02:02:00,2021-08-26 21:42:00,427.6666666666667,59.85833,-60.90667,58.75333,-60.02833,132.59656275353953,11.533333333333331,156.3,47.71666666666667,61.095238095238095
182,11,2021-08-09 02:02:00,2021-09-02 21:34:00,595.5333333333333,59.84667,-60.865,58.94167,-61.695,111.05910362683784,12.6,203.53333333333333,35.93333333333334,59.55333333333333
183,10,2021-08-09 02:02:00,2021-08-28 10:25:00,464.3833333333333,59.82667,-60.95333,58.89333,-60.095,114.61361659851352,11.533333333333331,192.0,35.11666666666667,51.59814814814815
196,8,2021-08-13 21:34:00,2021-08-29 21:35:00,384.01666666666665,60.08,-62.10333,59.79,-61.42167,49.81711369440349,11.533333333333331,155.28333333333333,24.133333333333333,54.85952380952381
197,13,2021-08-13 21:34:00,2021-09-01 10:25:00,444.85,60.08333,-62.095,59.56833,-61.12833,78.72743408256439,11.533333333333331,107.53333333333332,24.125,37.07083333333333
199,5,2021-08-13 21:34:00,2021-08-16 10:27:00,60.88333333333333,60.00833,-62.045,60.17833,-62.18667,20.469917564405627,11.533333333333331,24.133333333333333,12.608333333333334,15.220833333333331
200,7,2021-08-13 21:34:00,2021-08-24 10:27:00,252.88333333333333,59.99833,-62.03667,59.63167,-60.55667,92.24048037986144,12.6,96.0,36.19166666666666,42.14722222222222
201,9,2021-08-13 21:34:00,2021-08-29 21:35:00,384.01666666666665,60.03167,-61.97167,59.77833,-61.055,58.35912656907875,11.533333333333331,155.28333333333333,18.366666666666667,48.00208333333333
203,4,2021-08-13 21:34:00,2021-08-23 21:51:00,240.28333333333333,60.05,-61.525,59.91333,-60.63833,51.61153616416326,36.75,155.28333333333333,48.25,80.09444444444445
205,14,2021-08-13 21:34:00,2021-09-02 21:34:00,480.0,59.985,-61.88667,59.19667,-61.69833,88.2968276942827,11.016666666666667,96.01666666666668,35.11666666666667,36.92307692307692
206,8,2021-08-13 21:34:00,2021-08-26 21:42:00,312.1333333333333,59.93,-61.40333,58.76833,-60.05833,149.98851884447186,11.533333333333331,155.25,24.133333333333333,44.5904761904762
208,11,2021-08-13 21:34:00,2021-09-03 10:09:00,492.5833333333333,59.93833,-61.36333,58.00833,-60.51167,220.0825133996168,11.533333333333331,216.15,29.641666666666666,49.25833333333333
210,12,2021-08-13 21:34:00,2021-09-02 21:34:00,480.0,59.965,-61.265,58.325,-61.38667,182.4915514669584,11.016666666666667,216.15,24.08333333333333,43.63636363636363
212,6,2021-08-13 21:34:00,2021-08-24 10:27:00,252.88333333333333,59.91667,-61.31833,59.625,-60.5,56.12938377799182,12.6,144.26666666666668,24.15,50.57666666666667
214,5,2021-08-13 21:34:00,2021-09-03 10:09:00,492.5833333333333,59.94,-61.04,58.33167,-60.04667,187.5946039395693,12.6,239.7,120.14166666666668,123.14583333333331
215,8,2021-08-13 21:34:00,2021-08-28 10:25:00,348.85,59.95833,-60.985,58.79667,-60.35667,133.98213451766617,11.533333333333331,216.15,24.133333333333333,49.83571428571429
216,15,2021-08-13 21:34:00,2021-09-01 10:25:00,444.85,59.68333,-61.57833,58.345,-60.70333,157.01590342809686,11.533333333333331,71.88333333333334,24.141666666666666,31.775
217,10,2021-08-13 21:34:00,2021-08-24 10:27:00,252.88333333333333,59.99667,-61.86667,59.64,-60.48833,86.65804789449635,11.533333333333331,59.28333333333333,24.116666666666667,28.098148148148148
218,19,2021-08-13 21:34:00,2021-09-02 10:33:00,468.98333333333335,59.95167,-61.46333,59.39167,-61.64,63.054274687942055,11.033333333333331,96.0,23.866666666666667,26.05462962962963
221,9,2021-08-14 21:42:00,2021-09-01 10:25:00,420.7166666666666,60.05667,-63.58667,60.00333,-63.19167,22.72856222132097,11.533333333333331,155.28333333333333,30.433333333333334,52.58958333333334
224,6,2021-08-14 21:42:00,2021-08-23 21:51:00,216.15,60.21,-62.14833,59.89167,-61.24333,61.45497141981146,11.533333333333331,155.28333333333333,12.616666666666667,43.23
226,4,2021-08-14 21:42:00,2021-08-16 10:27:00,36.75,59.73833,-60.815,59.36333,-60.41333,47.44498893277935,11.533333333333331,12.616666666666667,12.6,12.25
227,5,2021-08-14 21:42:00,2021-08-17 21:35:00,71.88333333333334,59.685,-60.62167,58.90333,-60.29833,88.8352354177422,11.533333333333331,35.13333333333333,12.608333333333334,17.97083333333333
228,5,2021-08-14 21:42:00,2021-08-17 21:35:00,71.88333333333334,59.65667,-60.72667,58.95333,-60.28333,82.15622989716128,11.533333333333331,35.13333333333333,12.608333333333334,17.97083333333333
229,11,2021-08-14 21:42:00,2021-09-01 10:25:00,420.7166666666666,59.67667,-60.61333,58.27833,-60.93167,156.55437755803212,11.033333333333331,167.88333333333333,24.1,42.07166666666667
231,4,2021-08-14 21:42:00,2021-08-16 10:27:00,36.75,59.68167,-60.62833,59.38167,-60.36667,36.475156396610544,11.533333333333331,12.616666666666667,12.6,12.25
232,4,2021-08-15 10:19:00,2021-08-26 21:43:00,275.4,60.26,-62.46,60.10167,-61.955,33.009752047580726,24.116666666666667,227.15,24.133333333333333,91.8
234,7,2021-08-15 10:19:00,2021-08-26 21:42:00,275.3833333333333,59.82333,-59.97667,58.435,-60.01,154.38695903957372,11.533333333333331,191.9833333333333,12.6,45.89722222222223
236,6,2021-08-15 10:19:00,2021-08-25 21:34:00,251.25,59.79167,-61.27833,59.33833,-59.94333,90.526874979385,10.983333333333333,108.56666666666666,48.3,50.24999999999999
237,3,2021-08-15 10:19:00,2021-08-16 10:27:00,24.133333333333333,59.66667,-60.565,59.36333,-60.44167,34.439867600800845,11.533333333333331,12.6,12.066666666666666,12.066666666666666
238,3,2021-08-15 10:19:00,2021-08-16 10:27:00,24.133333333333333,59.615,-60.72667,59.365,-60.455,31.748567583050225,11.533333333333331,12.6,12.066666666666666,12.066666666666666
239,5,2021-08-15 10:19:00,2021-08-27 10:17:00,287.96666666666664,59.56833,-60.47167,58.50167,-60.09833,120.51455829275446,11.533333333333331,228.7,23.866666666666667,71.99166666666666
240,7,2021-08-15 10:19:00,2021-08-27 10:17:00,287.96666666666664,59.575,-62.67333,59.375,-62.02833,42.67958417464937,11.533333333333331,192.0,12.575,47.99444444444445
241,4,2021-08-15 10:19:00,2021-08-19 10:19:00,96.0,58.89333,-60.98,58.665,-60.82667,26.883214148962114,11.016666666666667,48.25,36.73333333333333,32.0
243,6,2021-08-15 21:51:00,2021-08-27 10:17:00,276.43333333333334,59.79333,-60.22833,58.73667,-60.00333,118.18872927574492,11.533333333333331,156.3,12.6,55.28666666666667
245,7,2021-08-15 21:51:00,2021-08-28 10:25:00,300.56666666666666,59.23167,-60.47667,58.00333,-60.415,136.6318331105581,11.55,132.71666666666667,35.93333333333334,50.094444444444456
246,5,2021-08-15 21:51:00,2021-08-31 10:18:00,372.45,59.2,-60.52667,57.335,-60.21333,208.18599417203288,12.6,287.9833333333333,35.93333333333334,93.1125
248,3,2021-08-15 21:51:00,2021-08-27 21:51:00,288.0,60.21833,-62.07167,59.98,-61.60833,36.904274712856456,96.0,192.0,144.0,144.0
250,2,2021-08-16 10:27:00,2021-09-02 10:33:00,408.1,60.34333,-62.76833,60.22667,-62.42167,23.094436448111637,408.1,408.1,408.1,408.1
251,5,2021-08-16 10:27:00,2021-08-31 10:18:00,359.85,60.31167,-62.64,59.90667,-62.0,57.32147522068261,36.71666666666667,179.4,71.86666666666667,89.9625
252,2,2021-08-16 10:27:00,2021-08-25 10:32:00,216.08333333333331,60.31333,-63.325,60.34333,-63.07667,14.070401412101486,216.08333333333331,216.08333333333331,216.08333333333331,216.08333333333331
254,2,2021-08-16 10:27:00,2021-08-17 10:34:00,24.116666666666667,60.215,-63.315,60.37667,-63.44,19.25109944727363,24.116666666666667,24.116666666666667,24.116666666666667,24.116666666666667
258,14,2021-08-17 21:35:00,2021-09-02 21:34:00,383.98333333333335,60.155,-61.42,58.40333,-61.52167,194.86235687086355,11.016666666666667,84.45,24.116666666666667,29.537179487179483
261,9,2021-08-19 10:19:00,2021-09-01 10:25:00,312.1,59.51167,-60.905,58.52333,-60.42333,113.3033094665323,11.533333333333331,96.01666666666668,24.133333333333333,39.0125
263,7,2021-08-19 10:19:00,2021-08-28 10:25:00,216.1,59.43333,-60.745,58.175,-60.095,144.83979684998596,11.533333333333331,71.83333333333333,35.925,36.016666666666666
264,3,2021-08-19 10:19:00,2021-08-28 10:25:00,216.1,59.425,-59.37,58.88,-59.975,69.7301144345647,60.85,155.25,108.05,108.05
267,6,2021-08-19 10:19:00,2021-08-25 21:34:00,155.25,58.695,-61.15333,58.20667,-60.815,57.75739639631289,11.55,47.7,35.11666666666667,31.05
270,10,2021-08-20 10:27:00,2021-09-02 21:34:00,323.1166666666667,59.25,-61.26833,58.325,-61.47,103.50956290103012,11.016666666666667,132.71666666666667,24.116666666666667,35.90185185185185
271,13,2021-08-20 10:27:00,2021-09-02 10:33:00,312.1,58.75167,-61.09,57.95333,-61.46333,91.404080423117,11.033333333333331,71.88333333333334,24.1,26.00833333333333
272,5,2021-08-20 10:27:00,2021-08-26 10:10:00,143.71666666666667,58.74333,-61.11833,58.01333,-60.83833,82.79725681756489,11.55,71.86666666666666,30.15,35.92916666666667
274,3,2021-08-20 10:27:00,2021-08-31 10:18:00,263.85,58.43833,-60.78,57.32333,-60.22667,128.2242905482959,47.7,216.15,131.925,131.925
277,3,2021-08-20 10:27:00,2021-08-28 10:25:00,191.96666666666667,58.47333,-60.61667,58.14333,-60.335,40.21445036707144,59.25,132.71666666666667,95.98333333333332,95.98333333333332
285,6,2021-08-22 10:09:00,2021-08-27 21:49:00,131.66666666666666,56.48167,-58.875,56.42,-58.855,6.966660454618732,11.533333333333331,36.71666666666667,35.666666666666664,26.33333333333333
286,4,2021-08-22 10:09:00,2021-09-01 10:25:00,240.26666666666668,58.46667,-61.28,57.675,-60.95833,90.03897010349324,11.55,191.96666666666667,36.75,80.08888888888889
287,4,2021-08-22 21:42:00,2021-09-03 10:09:00,276.45,58.255,-61.53,56.875,-60.91,157.83930548438306,71.85,108.58333333333331,96.01666666666668,92.15
288,3,2021-08-22 21:42:00,2021-08-27 10:17:00,108.58333333333331,58.26833,-61.46833,57.95833,-61.08167,41.279667983139824,12.583333333333334,96.0,54.29166666666666,54.29166666666666
289,3,2021-08-22 21:42:00,2021-08-26 21:42:00,96.0,58.25833,-61.44,58.07667,-61.03,31.404194024685243,11.533333333333331,84.46666666666667,48.0,48.0
291,9,2021-08-22 21:42:00,2021-09-03 10:09:00,276.45,58.54333,-61.38833,57.79333,-61.16833,84.38823914296552,11.033333333333331,96.01666666666668,24.10833333333333,34.55625
292,5,2021-08-22 21:42:00,2021-09-02 21:34:00,263.8666666666667,58.48167,-61.33833,57.67833,-61.10667,90.35954384730556,24.08333333333333,143.76666666666668,48.00833333333333,65.96666666666667
293,5,2021-08-22 21:42:00,2021-09-02 21:34:00,263.8666666666667,58.48667,-61.39667,57.67667,-61.22,90.66469302635348,11.033333333333331,192.0,30.416666666666664,65.96666666666667
300,3,2021-08-24 10:27:00,2021-08-26 10:10:00,47.71666666666667,59.45167,-60.82667,59.47,-60.75167,4.7022778788609045,23.633333333333333,24.08333333333333,23.85833333333333,23.85833333333333
307,5,2021-08-25 10:32:00,2021-09-02 10:33:00,192.01666666666668,58.86667,-61.58333,58.38333,-61.98833,58.63633805665864,11.033333333333331,132.73333333333332,24.125,48.00416666666666
308,5,2021-08-25 21:34:00,2021-08-28 10:25:00,60.85,59.19167,-60.15333,58.185,-60.16333,111.93808807784666,11.533333333333331,24.133333333333333,12.591666666666669,15.2125
309,3,2021-08-25 21:34:00,2021-08-28 10:25:00,60.85,59.03667,-60.03167,58.88,-59.97,17.776162184999457,12.6,48.25,30.425,30.425
310,4,2021-08-25 21:34:00,2021-09-02 21:34:00,192.0,58.8,-60.875,58.03167,-60.76333,85.68153804709856,12.583333333333334,155.28333333333333,24.133333333333333,64.0
314,4,2021-08-26 10:10:00,2021-09-03 10:09:00,191.9833333333333,56.93833,-59.32,56.42167,-59.92833,68.41847732629626,11.533333333333331,156.33333333333334,24.116666666666667,63.99444444444445
317,4,2021-08-26 21:42:00,2021-09-01 10:25:00,132.71666666666667,58.7,-60.93833,58.3,-60.92167,44.48850113175163,24.116666666666667,71.88333333333334,36.71666666666667,44.23888888888889
320,3,2021-08-26 21:42:00,2021-08-28 21:26:00,47.73333333333333,58.94667,-59.71,58.625,-59.48333,38.078415779490655,12.583333333333334,35.15,23.866666666666667,23.866666666666667
324,4,2021-08-28 10:25:00,2021-09-03 10:09:00,143.73333333333332,57.72667,-60.935,56.85833,-60.91833,96.56019666252314,24.116666666666667,71.88333333333334,47.73333333333333,47.91111111111112
325,3,2021-08-28 10:25:00,2021-09-01 10:25:00,96.0,57.72833,-60.915,57.31667,-60.905,45.77839735537555,24.116666666666667,71.88333333333334,48.0,48.0
332,2,2021-08-31 10:18:00,2021-09-01 10:25:00,24.116666666666667,58.77,-61.83833,58.73833,-61.98333,9.074485355342064,24.116666666666667,24.116666666666667,24.116666666666667,24.116666666666667
333,3,2021-08-31 10:18:00,2021-09-02 10:33:00,48.25,58.685,-61.95833,58.50833,-62.18167,23.523691985544595,24.116666666666667,24.133333333333333,24.125,24.125
334,3,2021-08-31 10:18:00,2021-09-02 10:33:00,48.25,58.55333,-62.05333,58.37333,-62.05167,20.01531964247573,24.116666666666667,24.133333333333333,24.125,24.125
340,4,2021-08-31 10:18:00,2021-09-02 21:34:00,59.266666666666666,58.545,-61.17167,58.27333,-61.47833,35.094380558912256,11.016666666666667,24.133333333333333,24.116666666666667,19.75555555555556
346,2,2021-08-31 10:18:00,2021-09-01 10:25:00,24.116666666666667,58.45667,-60.86167,58.31333,-60.72667,17.77535970931045,24.116666666666667,24.116666666666667,24.116666666666667,24.116666666666667
348,3,2021-08-31 10:18:00,2021-09-03 10:09:00,71.85,58.41,-60.92333,57.99167,-61.365,53.23012766935312,12.583333333333334,59.266666666666666,35.925,35.925
350,3,2021-08-31 10:18:00,2021-09-03 10:09:00,71.85,58.285,-60.79167,57.85,-60.66333,48.95516400136566,24.116666666666667,47.73333333333333,35.925,35.925
354,3,2021-08-31 10:18:00,2021-09-03 10:09:00,71.85,58.18,-61.09,57.82333,-61.28667,41.31812747575563,12.583333333333334,59.266666666666666,35.925,35.925
355,3,2021-08-31 10:18:00,2021-09-03 10:09:00,71.85,58.14667,-61.10833,57.80833,-61.26167,38.69278610967568,12.583333333333334,59.266666666666666,35.925,35.925
356,2,2021-08-31 10:18:00,2021-09-01 10:25:00,24.116666666666667,58.05833,-61.45,57.97833,-61.49333,9.254388032515502,24.116666666666667,24.116666666666667,24.116666666666667,24.116666666666667
360,2,2021-08-31 10:18:00,2021-09-01 10:25:00,24.116666666666667,57.91833,-61.42667,57.80667,-61.535,13.972010689388329,24.116666666666667,24.116666666666667,24.116666666666667,24.116666666666667
362,2,2021-08-31 10:18:00,2021-09-01 10:25:00,24.116666666666667,57.93,-61.38167,57.84,-61.39,10.01965055706297,24.116666666666667,24.116666666666667,24.116666666666667,24.116666666666667
363,2,2021-08-31 10:18:00,2021-09-01 10:25:00,24.116666666666667,57.87833,-61.34833,57.755,-61.46833,15.445883988825456,24.116666666666667,24.116666666666667,24.116666666666667,24.116666666666667
365,2,2021-08-31 10:18:00,2021-09-01 10:25:00,24.116666666666667,57.18333,-60.55667,57.12667,-60.585,6.527859740084346,24.116666666666667,24.116666666666667,24.116666666666667,24.116666666666667
367,2,2021-08-31 10:18:00,2021-09-01 10:25:00,24.116666666666667,59.44333,-62.96,59.45833,-63.22667,15.163626409293052,24.116666666666667,24.116666666666667,24.116666666666667,24.116666666666667
368,2,2021-08-31 10:18:00,2021-09-03 10:09:00,71.85,56.72,-58.31167,56.06167,-58.32,73.20475134086729,71.85,71.85,71.85,71.85
391,2,2021-09-02 21:34:00,2021-09-03 10:09:00,12.583333333333334,57.96667,-61.3,57.83833,-61.35167,14.59365310126196,12.583333333333334,12.583333333333334,12.583333333333334,12.583333333333334
10002,11,2021-08-04 10:25:00,2021-09-16 21:51:00,1043.4333333333334,59.7,-61.515,59.815,-63.69667,122.84506506985888,11.533333333333331,504.15,66.375,104.34333333333332
10003,13,2021-08-07 21:50:00,2021-09-22 21:32:00,1103.7,56.42333,-60.22333,53.38,-55.56667,450.528335458334,11.5,288.0,47.98333333333333,91.975
10005,10,2021-08-13 21:34:00,2021-09-19 10:10:00,876.6,60.275,-60.715,57.40333,-61.4,321.7336129710294,11.016666666666667,240.28333333333333,36.73333333333333,97.4
10006,17,2021-08-13 21:34:00,2021-09-29 10:26:00,1116.8666666666666,59.95167,-61.40167,56.59,-60.60167,376.7093460962431,11.016666666666667,216.15,36.73333333333333,69.80416666666667
10007,12,2021-08-13 21:34:00,2021-09-16 21:49:00,816.25,59.92167,-61.08833,55.19333,-59.11,538.7855940387806,11.516666666666667,299.51666666666665,24.116666666666667,74.20454545454545
10009,6,2021-08-14 21:42:00,2021-09-12 21:51:00,696.15,60.125,-63.185,59.97833,-63.95667,45.83517258689205,12.6,359.8833333333333,24.15,139.23
10011,5,2021-08-17 10:34:00,2021-09-14 10:32:00,671.9666666666667,59.66333,-63.47833,59.565,-63.75833,19.171919433429608,36.68333333333333,239.71666666666667,197.78333333333333,167.99166666666665
10012,14,2021-08-19 10:19:00,2021-09-23 21:42:00,851.3833333333333,59.095,-61.64667,56.11167,-58.78,373.0317889568716,11.016666666666667,299.51666666666665,24.15,65.49102564102564
10014,8,2021-08-21 10:34:00,2021-09-16 21:51:00,635.2833333333333,60.025,-63.86333,59.525,-63.685,56.48639742259993,11.533333333333331,216.15,95.98333333333332,90.7547619047619
10015,5,2021-08-21 10:34:00,2021-09-29 10:26:00,935.8666666666668,59.97333,-63.77833,59.4,-63.74333,63.78163996104591,143.73333333333332,396.5833333333333,197.775,233.96666666666664
10016,13,2021-08-21 10:34:00,2021-09-09 10:26:00,455.8666666666667,59.11,-61.54333,57.45,-61.345,184.94717175782628,11.033333333333331,83.4,35.93333333333334,37.98888888888889
10017,11,2021-08-21 10:34:00,2021-09-04 10:18:00,335.7333333333333,59.10333,-61.54,57.5,-61.2,179.38485400616565,11.033333333333331,108.6,24.125,33.57333333333334
10018,11,2021-08-24 10:27:00,2021-09-09 10:26:00,383.98333333333335,58.335,-61.55667,57.36,-61.425,108.6946182747377,11.033333333333331,96.0,29.641666666666666,38.39833333333333
10021,9,2021-08-24 10:27:00,2021-09-16 21:51:00,563.4,59.145,-62.48167,58.89833,-62.995,40.19291987657266,11.533333333333331,203.55,71.35833333333333,70.42500000000001
10023,12,2021-08-24 10:27:00,2021-09-07 21:42:00,347.25,58.57667,-61.09167,57.41167,-61.36333,130.5273755863813,11.033333333333331,83.4,24.116666666666667,31.568181818181817
10024,11,2021-08-24 10:27:00,2021-09-09 10:26:00,383.98333333333335,58.56167,-61.01167,57.28,-61.40167,144.36353467056054,11.016666666666667,120.13333333333334,24.1,38.39833333333333
10025,10,2021-08-25 21:34:00,2021-09-09 10:26:00,348.8666666666667,58.75,-60.80167,57.52167,-61.33,140.0596412176206,12.6,108.6,35.13333333333333,38.762962962962966
10026,15,2021-08-26 21:42:00,2021-09-23 10:12:00,660.5,58.565,-61.14667,56.565,-60.70833,223.91976678043264,11.55,251.25,29.65,47.17857142857143
10027,7,2021-08-27 21:51:00,2021-09-16 21:51:00,480.0,59.78667,-62.6,59.59,-63.69333,65.137893568822,24.116666666666667,275.43333333333334,48.0,80.0
10028,7,2021-08-31 10:18:00,2021-09-16 21:51:00,395.55,59.66833,-61.75833,59.05167,-63.04,99.88240537898432,24.116666666666667,132.73333333333332,59.28333333333333,65.925
10030,5,2021-08-31 10:18:00,2021-09-19 10:10:00,455.8666666666667,59.38,-61.21,57.405,-61.40667,219.90859316461635,24.116666666666667,239.7333333333333,96.00833333333333,113.96666666666668
10031,7,2021-08-31 10:18:00,2021-09-23 21:42:00,563.4,58.785,-61.59667,56.56667,-60.70833,252.2525821190712,12.6,336.26666666666665,53.50833333333333,93.9
10032,7,2021-09-01 10:25:00,2021-09-23 21:42:00,539.2833333333333,58.665,-61.01167,55.89833,-59.31667,324.0416827910448,11.016666666666667,323.6666666666667,35.93333333333334,89.88055555555557
10033,7,2021-08-31 10:18:00,2021-09-09 10:26:00,216.13333333333333,58.56,-61.06333,57.52333,-61.32333,116.28347637754632,11.55,120.13333333333334,18.35833333333333,36.02222222222222
10035,6,2021-08-31 10:18:00,2021-09-26 21:34:00,635.2666666666667,58.45333,-60.77667,55.5,-57.99,369.1955084199254,24.116666666666667,299.55,83.36666666666666,127.05333333333331
10036,7,2021-08-31 10:18:00,2021-09-26 21:34:00,635.2666666666667,58.41167,-60.90167,55.38833,-58.91167,357.19892889820693,24.116666666666667,299.51666666666665,82.35,105.87777777777778
10037,6,2021-08-31 10:18:00,2021-09-07 21:42:00,179.4,58.29,-60.82,57.61333,-61.48,84.72164388988654,12.6,83.4,24.133333333333333,35.88
10038,7,2021-08-31 10:18:00,2021-09-23 10:12:00,551.9,58.06,-61.36833,57.385,-61.535,75.70620137683326,24.116666666666667,215.66666666666663,65.575,91.98333333333332
10039,4,2021-08-31 10:18:00,2021-09-04 10:18:00,96.0,58.07,-61.39,57.405,-61.215,74.6705592599614,24.116666666666667,36.73333333333333,35.15,32.0
10041,10,2021-09-01 10:25:00,2021-09-28 10:18:00,647.8833333333333,59.54667,-61.51333,58.73,-62.65333,111.68630208978306,11.016666666666667,276.45,36.71666666666667,71.98703703703704
10042,10,2021-09-01 10:25:00,2021-09-16 21:51:00,371.4333333333333,59.565,-61.5,58.98333,-63.005,107.2066477432139,10.016666666666667,120.13333333333334,24.133333333333333,41.27037037037037
10043,8,2021-09-01 10:25:00,2021-09-16 21:51:00,371.4333333333333,59.54,-61.51833,58.97,-62.90667,101.21668648172728,9.55,169.86666666666667,35.15,53.06190476190477
10044,7,2021-09-01 10:25:00,2021-09-29 10:26:00,672.0166666666667,59.54667,-62.56833,59.16167,-63.31333,60.13038382096905,12.583333333333334,288.0,77.64166666666667,112.0027777777778
10046,7,2021-09-01 10:25:00,2021-09-28 21:49:00,659.4,57.07,-60.57167,54.845,-57.65,307.00235168542906,11.55,288.0,48.0,109.90000000000002
10048,5,2021-09-02 10:33:00,2021-09-09 10:26:00,167.88333333333333,58.06167,-61.57667,57.43333,-61.24167,72.64086545908474,12.6,83.4,35.94166666666666,41.97083333333333
10050,7,2021-09-02 21:34:00,2021-09-09 10:26:00,156.86666666666667,58.08,-61.19333,57.4,-61.34833,76.17007352096088,11.55,48.266666666666666,23.866666666666667,26.14444444444445
10051,9,2021-09-02 21:34:00,2021-09-29 10:26:00,636.8666666666667,57.96667,-61.26667,56.245,-60.29167,200.2852783123907,11.55,216.13333333333333,53.766666666666666,79.60833333333333
10052,5,2021-09-03 21:42:00,2021-09-16 21:51:00,312.15,59.25667,-63.04167,59.08667,-63.245,22.17148785707848,12.6,120.13333333333334,89.70833333333334,78.03750000000001
10053,4,2021-09-03 21:42:00,2021-09-19 10:10:00,372.4666666666666,58.24,-61.37667,56.36667,-60.40333,216.34805662756895,12.6,323.6666666666667,36.2,124.15555555555557
10054,7,2021-09-03 21:42:00,2021-09-28 10:18:00,588.6,59.43833,-61.76333,59.15333,-63.055,79.88933285843596,12.6,372.45,47.15,98.1
10055,5,2021-09-03 21:42:00,2021-09-29 10:26:00,612.7333333333333,60.23,-61.93167,60.095,-62.72667,46.47346799849078,12.583333333333334,312.15,144.0,153.18333333333334
10057,3,2021-09-04 10:18:00,2021-09-16 21:51:00,299.55,59.105,-63.13167,59.12,-63.13,1.6706458260839914,96.0,203.55,149.775,149.775
10058,4,2021-09-04 10:18:00,2021-09-23 10:43:00,456.4166666666667,59.09167,-63.05167,58.92333,-63.1,18.921992899227146,59.31666666666667,240.2333333333333,156.86666666666667,152.13888888888889
10059,2,2021-09-06 10:34:00,2021-09-12 21:51:00,155.28333333333333,59.85833,-63.85167,59.87667,-63.98,7.448007960836737,155.28333333333333,155.28333333333333,155.28333333333333,155.28333333333333
10060,3,2021-09-07 21:42:00,2021-09-14 10:32:00,156.83333333333334,57.67,-61.61167,57.69667,-61.92,18.56690337520149,36.73333333333333,120.1,78.41666666666666,78.41666666666666
10061,2,2021-09-07 21:42:00,2021-09-09 10:26:00,36.73333333333333,58.03833,-61.15833,57.77333,-61.14333,29.47997808890274,36.73333333333333,36.73333333333333,36.73333333333333,36.73333333333333
10063,2,2021-09-12 21:51:00,2021-09-14 10:32:00,36.68333333333333,59.35833,-62.92,59.23667,-63.08667,16.50893466324564,36.68333333333333,36.68333333333333,36.68333333333333,36.68333333333333
10064,3,2021-09-12 21:51:00,2021-09-23 10:43:00,252.86666666666667,59.36667,-62.86667,59.11,-63.13667,32.40903302634026,36.68333333333333,216.1833333333333,126.43333333333334,126.43333333333334
10065,2,2021-09-12 21:51:00,2021-09-14 10:32:00,36.68333333333333,59.35667,-62.85,59.20667,-63.05167,20.233922612478597,36.68333333333333,36.68333333333333,36.68333333333333,36.68333333333333
10066,6,2021-09-12 21:51:00,2021-09-29 10:26:00,396.5833333333333,59.35,-62.85167,59.08833,-63.22333,35.97051589025197,12.583333333333334,156.86666666666667,59.31666666666667,79.31666666666666
10067,2,2021-09-12 21:51:00,2021-09-14 10:32:00,36.68333333333333,59.36167,-62.84333,59.22,-63.05167,19.700733778584848,36.68333333333333,36.68333333333333,36.68333333333333,36.68333333333333
10068,2,2021-09-12 21:50:00,2021-09-23 21:42:00,263.8666666666667,56.555,-60.63167,55.16667,-58.37167,209.0750981389841,263.8666666666667,263.8666666666667,263.8666666666667,263.8666666666667
10069,3,2021-09-12 21:50:00,2021-09-20 21:49:00,191.9833333333333,56.58833,-60.62333,55.63333,-59.315,133.62367759061655,64.08333333333333,127.9,95.99166666666667,95.99166666666667
10072,4,2021-09-17 21:58:00,2021-09-23 10:12:00,132.23333333333332,56.55333,-59.67,56.30833,-58.84667,57.48648514258811,35.65,60.38333333333333,36.2,44.077777777777776
10073,2,2021-09-19 10:10:00,2021-09-23 10:12:00,96.03333333333332,57.78833,-61.15,57.28,-61.23,56.72504866422812,96.03333333333332,96.03333333333332,96.03333333333332,96.03333333333332
10074,5,2021-09-19 10:10:00,2021-09-23 21:42:00,107.53333333333332,56.97667,-60.98833,56.59,-60.48667,52.74825865626796,11.5,36.23333333333333,29.9,26.883333333333333
10075,4,2021-09-19 10:10:00,2021-09-26 21:34:00,179.4,56.895,-60.69667,56.16667,-59.17333,123.62833443631988,24.15,119.6,35.65,59.79999999999999
10076,5,2021-09-19 10:10:00,2021-09-28 21:49:00,227.65,56.815,-60.78,55.44833,-59.275,178.29189836979526,24.15,120.11666666666666,41.69166666666666,56.9125
10080,3,2021-09-23 10:12:00,2021-09-28 10:18:00,120.1,56.61833,-58.685,56.64,-57.92167,46.74975782849172,11.5,108.6,60.05,60.05
20001,2,2021-01-21 10:03:00,2021-01-27 10:04:00,144.01666666666668,54.815,-55.69667,53.805,-55.54167,112.7560189566788,144.01666666666668,144.01666666666668,144.01666666666668,144.01666666666668
20002,16,2021-01-22 10:43:00,2021-05-09 10:03:00,2567.333333333333,60.805,-63.515,54.79667,-55.57,816.0689999477257,11.533333333333331,575.9833333333333,161.46666666666667,171.15555555555554
20003,2,2021-01-23 09:48:00,2021-02-04 09:48:00,288.0,51.48333,-54.35833,50.31333,-53.57833,141.12825756766034,288.0,288.0,288.0,288.0
20005,2,2021-01-22 15:45:00,2021-01-29 21:49:00,174.06666666666666,60.04833,-62.47833,59.84833,-63.765,75.0179578536291,174.06666666666666,174.06666666666666,174.06666666666666,174.06666666666666
20006,7,2021-01-22 15:45:00,2021-03-06 21:49:00,1038.0666666666666,60.425,-62.415,59.05333,-61.19833,167.059586481181,30.23333333333333,414.25,106.475,173.0111111111111
20007,3,2021-01-22 15:45:00,2021-01-29 21:49:00,174.06666666666666,60.005,-62.04,59.27,-62.975,97.16395232905548,47.833333333333336,126.23333333333332,87.03333333333333,87.03333333333333
20009,3,2021-01-22 15:45:00,2021-01-29 21:49:00,174.06666666666666,60.44333,-62.32667,59.85167,-63.82667,105.92615239152194,47.833333333333336,126.23333333333332,87.03333333333333,87.03333333333333
20010,3,2021-01-22 15:45:00,2021-01-29 21:49:00,174.06666666666666,60.46667,-62.39333,59.83333,-63.83667,106.4883715285501,47.833333333333336,126.23333333333332,87.03333333333333,87.03333333333333
20011,3,2021-01-23 15:16:00,2021-02-02 15:16:00,240.0,57.16167,-58.63833,55.645,-59.13833,171.4278099034712,65.58333333333333,174.41666666666666,120.0,120.0
20012,6,2021-01-23 15:16:00,2021-04-03 14:06:00,1678.8333333333333,57.02333,-58.53333,50.11167,-52.48167,865.4482879219164,43.11666666666667,573.6,338.1,335.76666666666665
20013,2,2021-01-23 15:16:00,2021-01-30 21:41:00,174.41666666666666,57.17833,-58.64667,56.03167,-59.42333,136.07269749282057,174.41666666666666,174.41666666666666,174.41666666666666,174.41666666666666
20014,16,2021-01-24 15:35:00,2021-06-03 11:01:00,3115.4333333333334,59.94,-61.27667,51.80333,-55.97,962.6748029007836,21.5,601.8166666666667,139.76666666666668,207.6955555555556
20015,4,2021-01-24 15:35:00,2021-03-18 15:28:00,1271.8833333333334,59.595,-61.22667,54.71833,-56.985,599.2781438294132,245.4,612.25,414.23333333333335,423.9611111111112
20016,2,2021-01-24 15:35:00,2021-02-10 21:49:00,414.23333333333335,59.875,-61.10833,57.59833,-61.30667,253.41245062185524,414.23333333333335,414.23333333333335,414.23333333333335,414.23333333333335
20020,2,2021-01-29 21:49:00,2021-02-10 21:49:00,288.0,57.97167,-61.92,57.81667,-61.45,32.68892249200841,288.0,288.0,288.0,288.0
20021,20,2021-01-29 21:49:00,2021-05-10 09:56:00,2412.116666666667,58.59333,-62.52667,54.29,-56.81333,593.1059628184004,11.533333333333331,360.0,131.36666666666667,126.95350877192983
20022,2,2021-01-30 15:07:00,2021-02-03 09:56:00,90.81666666666666,54.70833,-56.90333,54.02,-57.035,77.0126546393182,90.81666666666666,90.81666666666666,90.81666666666666,90.81666666666666
20025,3,2021-02-10 15:26:00,2021-02-24 19:37:00,340.18333333333334,57.67833,-60.025,57.25667,-59.03833,75.36094893819649,120.0,220.1833333333333,170.09166666666667,170.09166666666667
20027,3,2021-02-12 15:16:00,2021-03-15 12:08:00,740.8666666666667,55.81667,-58.53833,53.05667,-55.26167,372.8574106959194,267.95,472.9166666666667,370.4333333333333,370.4333333333333
20028,2,2021-02-15 15:26:00,2021-02-24 19:33:00,220.11666666666667,58.005,-61.05833,57.45667,-59.4,115.796045816353,220.11666666666667,220.11666666666667,220.11666666666667,220.11666666666667
20029,2,2021-02-15 15:26:00,2021-02-22 21:49:00,174.38333333333333,58.14,-60.035,57.82833,-59.98167,34.798423340554415,174.38333333333333,174.38333333333333,174.38333333333333,174.38333333333333
20030,3,2021-02-21 15:42:00,2021-03-12 10:18:00,450.6,60.38333,-61.11833,59.58667,-60.34167,98.55522576810426,132.48333333333332,318.1166666666667,225.3,225.3
20031,4,2021-02-21 15:42:00,2021-03-05 15:35:00,287.8833333333333,60.35333,-61.07,59.43833,-60.28833,110.6881600165784,74.98333333333333,111.76666666666668,101.13333333333334,95.96111111111112
20033,3,2021-02-22 21:49:00,2021-03-08 10:19:00,324.5,58.06667,-60.27167,57.95667,-60.39167,14.127043020134323,156.63333333333333,167.86666666666667,162.25,162.25
20034,4,2021-02-23 17:56:00,2021-04-01 20:27:00,890.5166666666667,55.36667,-58.08833,51.30667,-54.45833,511.5945823833033,71.55,586.9833333333333,231.9833333333333,296.8388888888889
20035,4,2021-02-23 18:07:00,2021-04-01 18:13:00,888.1,55.62,-57.82667,51.81333,-54.07167,489.9586704073105,216.41666666666663,382.9333333333333,288.75,296.03333333333336
20037,2,2021-02-24 18:30:00,2021-03-01 10:27:00,111.95,58.95167,-61.575,58.80167,-62.34833,47.47303415239937,111.95,111.95,111.95,111.95
20038,4,2021-02-24 18:30:00,2021-03-08 10:19:00,279.81666666666666,58.855,-60.715,57.275,-61.27833,178.78335300900156,36.5,131.36666666666667,111.95,93.27222222222224
20040,3,2021-02-24 18:36:00,2021-03-08 10:19:00,279.71666666666664,59.49667,-60.885,58.20833,-60.99833,143.40502474323142,111.85,167.86666666666667,139.85833333333335,139.85833333333335
20041,2,2021-02-24 18:37:00,2021-03-01 10:27:00,111.83333333333331,59.51,-60.43833,59.12667,-60.41833,42.63945363220347,111.83333333333331,111.83333333333331,111.83333333333331,111.83333333333331
20044,4,2021-02-24 18:40:00,2021-03-15 10:11:00,447.51666666666665,59.78833,-60.81833,58.08833,-59.69167,199.77015021392356,101.13333333333334,234.6,111.78333333333332,149.17222222222222
20047,3,2021-02-24 18:43:00,2021-03-15 10:08:00,447.4166666666667,59.67167,-60.16667,58.24833,-59.76667,159.92046680935735,111.73333333333332,335.68333333333334,223.70833333333331,223.70833333333331
20049,2,2021-02-24 18:45:00,2021-03-01 10:27:00,111.7,59.53833,-60.34167,59.17167,-60.49167,41.64767734213101,111.7,111.7,111.7,111.7
20050,2,2021-02-24 18:48:00,2021-03-01 10:27:00,111.65,59.57333,-60.41833,59.08167,-60.62333,55.89303328090121,111.65,111.65,111.65,111.65
20059,2,2021-02-24 18:57:00,2021-03-15 10:11:00,447.23333333333335,59.27833,-60.08667,58.24833,-59.76667,116.00730136675897,447.23333333333335,447.23333333333335,447.23333333333335,447.23333333333335
20060,2,2021-02-24 18:57:00,2021-03-01 10:27:00,111.5,59.27167,-60.63333,58.53,-60.17,86.65649998796442,111.5,111.5,111.5,111.5
20068,4,2021-02-24 19:13:00,2021-03-16 21:49:00,482.6,57.70833,-59.77167,56.68167,-60.63167,125.3632377842178,107.51666666666668,242.6,132.48333333333332,160.86666666666665
20071,2,2021-02-24 19:22:00,2021-03-24 15:16:00,667.9,58.03667,-59.22,56.81833,-58.76167,138.22286449021357,667.9,667.9,667.9,667.9
20076,3,2021-02-24 19:34:00,2021-03-15 10:11:00,446.6166666666667,57.36167,-59.22667,56.28833,-59.59833,121.47296228200364,167.86666666666667,278.75,223.3083333333333,223.3083333333333
20079,3,2021-03-01 10:27:00,2021-03-08 10:19:00,167.86666666666667,58.48833,-61.78,57.91833,-61.85333,63.5265471794346,36.5,131.36666666666667,83.93333333333334,83.93333333333334
20080,3,2021-03-01 10:27:00,2021-03-15 10:11:00,335.7333333333333,59.425,-59.91333,58.00833,-59.67167,158.1430148919411,101.13333333333334,234.6,167.86666666666667,167.86666666666667
20081,4,2021-03-01 10:27:00,2021-03-14 10:35:00,312.1333333333333,59.365,-61.16833,58.865,-60.96833,56.75726305491779,48.28333333333333,162.71666666666667,101.13333333333334,104.04444444444444
20082,3,2021-03-01 10:27:00,2021-03-13 10:27:00,288.0,59.35,-60.75333,58.63833,-61.01667,80.55868926931295,101.13333333333334,186.86666666666667,144.0,144.0
20083,2,2021-03-01 10:27:00,2021-03-05 15:35:00,101.13333333333334,59.33167,-61.08,59.17833,-61.21,18.583144739594644,101.13333333333334,101.13333333333334,101.13333333333334,101.13333333333334
20084,3,2021-03-01 10:27:00,2021-03-15 10:08:00,335.68333333333334,59.23667,-60.765,58.69667,-61.085,62.78465191740872,101.13333333333334,234.55,167.84166666666667,167.84166666666667
20090,11,2021-03-06 21:48:00,2021-04-21 14:58:00,1097.1666666666667,56.19,-60.28333,51.39667,-57.12667,571.7509497409521,13.4,271.18333333333334,83.06666666666666,109.71666666666664
20092,14,2021-03-06 21:50:00,2021-05-28 18:06:00,1988.2666666666669,60.50833,-62.17,53.65,-55.355,865.6784177874798,23.883333333333333,302.31666666666666,143.73333333333332,152.94358974358974
20093,6,2021-03-06 21:49:00,2021-04-10 10:26:00,828.6166666666667,59.99833,-61.94667,57.91833,-61.85167,231.3495189037658,48.28333333333333,431.73333333333335,120.13333333333334,165.72333333333333
20094,4,2021-03-06 21:49:00,2021-03-25 10:27:00,444.6333333333333,59.87833,-62.28167,58.97,-60.41333,146.1717478958436,48.28333333333333,263.8666666666667,132.48333333333332,148.2111111111111
20095,6,2021-03-06 21:49:00,2021-04-01 10:19:00,612.5,59.8,-62.10833,57.91833,-61.85833,209.7250384231406,36.5,192.01666666666668,132.48333333333332,122.5
20098,6,2021-03-07 18:40:00,2021-04-21 15:12:00,1076.5333333333333,54.88167,-55.92,51.57333,-55.785,367.98017257316434,50.73333333333333,477.78333333333336,117.25,215.30666666666667
20099,2,2021-03-07 19:01:00,2021-03-23 12:15:00,377.23333333333335,54.805,-54.305,52.78833,-53.44667,231.21602472563416,377.23333333333335,377.23333333333335,377.23333333333335,377.23333333333335
20100,6,2021-03-07 15:26:00,2021-04-17 16:48:00,985.3666666666668,56.605,-59.33833,52.82667,-53.575,559.5687571900991,1.0666666666666669,378.5,251.46666666666667,197.07333333333327
20105,7,2021-03-08 10:19:00,2021-04-21 13:30:00,1059.1833333333334,56.70833,-60.82667,53.075,-55.39167,532.6186263325732,50.06666666666667,411.56666666666666,156.0,176.53055555555557
20106,7,2021-03-08 10:19:00,2021-04-21 13:30:00,1059.1833333333334,56.55,-60.545,54.07333,-56.00833,397.6687958995998,18.933333333333334,574.6333333333333,133.30833333333334,176.53055555555557
20108,2,2021-03-08 10:19:00,2021-03-12 10:18:00,95.98333333333332,57.89167,-61.56167,57.275,-61.27833,70.6197896118928,95.98333333333332,95.98333333333332,95.98333333333332,95.98333333333332
20112,7,2021-03-08 06:57:00,2021-04-05 09:47:00,674.8333333333334,55.3,-56.88333,52.30667,-53.48,400.80714418176814,26.566666666666663,248.1833333333333,107.95,112.4722222222222
20113,3,2021-03-12 10:18:00,2021-03-27 15:26:00,365.1333333333333,59.99167,-60.83167,57.89333,-59.5,245.49923962745976,48.28333333333333,316.85,182.56666666666663,182.56666666666663
20115,16,2021-03-12 10:18:00,2021-05-05 09:48:00,1295.5,59.71,-61.07833,54.44667,-54.59333,703.6491159813522,20.633333333333333,315.4,71.91666666666667,86.36666666666666
20116,2,2021-03-12 10:18:00,2021-03-14 10:35:00,48.28333333333333,59.715,-61.19833,59.40167,-61.77167,47.50990401534427,48.28333333333333,48.28333333333333,48.28333333333333,48.28333333333333
20117,2,2021-03-12 10:18:00,2021-03-14 10:35:00,48.28333333333333,59.545,-60.95,59.13667,-61.26167,48.72203723439608,48.28333333333333,48.28333333333333,48.28333333333333,48.28333333333333
20118,3,2021-03-12 10:18:00,2021-03-14 10:35:00,48.28333333333333,59.42,-60.76667,59.04167,-61.145,47.25357306761077,24.133333333333333,24.15,24.141666666666666,24.141666666666666
20119,12,2021-03-13 10:27:00,2021-05-29 15:36:00,1853.15,60.725,-63.34667,58.095,-61.69167,307.04693744860487,24.133333333333333,359.8,167.86666666666667,168.46818181818182
20120,9,2021-03-13 10:27:00,2021-05-14 10:11:00,1487.7333333333331,60.64167,-62.07,55.75333,-59.60333,562.3478073301904,41.0,553.8166666666667,155.94166666666666,185.9666666666667
20121,4,2021-03-13 10:27:00,2021-04-30 10:27:00,1152.0,60.63833,-61.94,58.32667,-60.44,270.6215740578903,167.86666666666667,696.1333333333333,288.0,384.0
20122,2,2021-03-13 10:27:00,2021-03-25 10:27:00,288.0,60.625,-61.83,59.78833,-60.60333,115.09766868483406,288.0,288.0,288.0,288.0
20125,10,2021-03-13 10:27:00,2021-05-11 10:16:00,1415.8166666666666,60.62333,-62.56333,57.82167,-61.43333,318.0837209044228,24.133333333333333,359.8,131.36666666666667,157.31296296296296
20127,6,2021-03-13 10:27:00,2021-04-30 10:27:00,1152.0,60.62333,-63.38667,57.91833,-60.955,330.9432350640512,95.98333333333332,480.01666666666665,156.63333333333333,230.4
20128,7,2021-03-13 10:27:00,2021-05-17 21:49:00,1571.3666666666666,60.59167,-62.93833,57.76833,-61.41333,325.7180554730041,59.56666666666667,647.8,227.9333333333333,261.89444444444445
20129,7,2021-03-13 10:27:00,2021-04-30 10:27:00,1152.0,60.595,-62.785,59.005,-61.98333,182.39393521106376,36.5,408.1166666666667,149.625,192.0
20130,2,2021-03-13 10:27:00,2021-03-25 10:27:00,288.0,60.46333,-61.65833,59.545,-60.24833,128.72245817767526,288.0,288.0,288.0,288.0
20134,19,2021-03-13 10:27:00,2021-05-28 18:15:00,1831.8,60.19833,-61.44167,53.53167,-54.12833,863.2099065740941,6.833333333333333,343.76666666666665,74.56666666666666,101.76666666666668
20137,8,2021-03-15 10:11:00,2021-05-04 09:55:00,1199.7333333333331,55.95,-59.79333,53.64833,-54.99833,399.798873778056,21.6,288.0,167.86666666666667,171.3904761904762
20138,5,2021-03-15 11:46:00,2021-04-01 20:08:00,416.3666666666667,52.42,-53.375,51.045,-53.65333,154.08950013345702,1.9166666666666667,198.65,107.9,104.09166666666668
20139,6,2021-03-15 11:55:00,2021-04-01 16:07:00,412.2,52.575,-52.97,51.44,-51.39667,165.89870819211413,7.866666666666666,192.25,21.616666666666667,82.44
20141,2,2021-03-15 11:58:00,2021-03-23 12:10:00,192.2,53.02167,-53.79,51.33333,-53.39833,189.62411981984943,192.2,192.2,192.2,192.2
20147,3,2021-03-18 14:30:00,2021-04-01 20:37:00,342.1166666666667,51.67333,-55.225,50.735,-54.48667,116.32667941217788,2.4,339.71666666666664,171.0583333333333,171.0583333333333
20149,6,2021-03-18 15:12:00,2021-04-15 18:54:00,675.7,53.97833,-56.155,51.59333,-54.59667,285.1374439197099,26.55,310.93333333333334,119.28333333333332,135.14
20152,5,2021-03-18 19:50:00,2021-04-01 20:12:00,336.3666666666667,52.435,-54.55,51.17667,-53.59,154.70334729536296,1.9833333333333332,162.93333333333334,85.725,84.09166666666667
20153,7,2021-03-17 15:26:00,2021-05-16 09:56:00,1434.5,56.7,-60.73167,54.19667,-55.86333,414.2395247231921,40.23333333333333,674.3,155.90833333333333,239.08333333333331
20160,6,2021-03-17 15:26:00,2021-04-12 09:39:00,618.2166666666667,56.46167,-59.285,53.9,-52.61333,510.1116990698868,50.06666666666667,239.1833333333333,95.68333333333334,123.64333333333336
20161,9,2021-03-17 15:26:00,2021-05-10 09:56:00,1290.5,56.14167,-60.08,53.88167,-56.67333,332.0832271146885,71.93333333333334,527.8333333333334,118.56666666666666,161.3125
20163,8,2021-03-17 15:26:00,2021-05-04 09:56:00,1146.5,55.98833,-59.915,53.90667,-56.26,328.64373222865214,19.05,468.51666666666665,107.48333333333332,163.78571428571428
20164,8,2021-03-17 15:26:00,2021-04-17 09:47:00,738.35,55.99833,-59.49333,54.23,-54.95167,349.30340376571377,23.883333333333333,186.91666666666663,95.68333333333334,105.47857142857144
20167,9,2021-03-17 15:26:00,2021-05-04 09:55:00,1146.4833333333331,56.15333,-60.33,54.00667,-55.315,398.4271638236848,14.733333333333333,360.0,133.10833333333335,143.31041666666664
20169,12,2021-03-17 15:26:00,2021-05-10 09:56:00,1290.5,58.81333,-61.58833,54.59,-56.89667,549.7612112261654,26.866666666666667,240.0,108.71666666666668,117.31818181818184
20170,17,2021-03-17 15:26:00,2021-06-05 14:38:00,1919.2,58.78833,-61.64167,52.25333,-54.835,842.6179369683607,24.183333333333334,240.0,114.61666666666667,119.95
20171,8,2021-03-17 15:26:00,2021-05-10 09:56:00,1290.5,58.895,-60.81833,54.245,-57.06167,565.7426703577659,95.95,354.8833333333333,176.01666666666668,184.3571428571429
20172,14,2021-03-17 15:26:00,2021-06-15 09:57:00,2154.516666666667,58.75167,-61.625,51.52833,-56.24,872.4043602829558,5.933333333333334,636.3666666666667,114.18333333333334,165.7320512820513
20174,14,2021-03-17 15:26:00,2021-05-04 09:56:00,1146.5,55.94667,-59.49667,53.97,-56.95,273.3584068257808,19.05,267.5833333333333,95.6,88.1923076923077
20175,9,2021-03-17 15:26:00,2021-05-14 10:11:00,1386.75,59.00833,-61.28,55.32833,-59.15833,428.6672803328928,52.98333333333333,479.9333333333333,150.95000000000002,173.34375
20177,15,2021-03-17 15:26:00,2021-06-21 09:56:00,2298.5,58.96333,-61.51667,51.385,-55.21833,931.8105063955364,5.983333333333333,455.8833333333333,141.00833333333333,164.17857142857147
20178,7,2021-03-17 15:26:00,2021-04-21 19:53:00,844.45,56.7,-60.73667,53.805,-55.50167,462.0397064633544,46.35,234.78333333333333,144.00833333333333,140.7416666666667
20179,10,2021-03-17 15:26:00,2021-04-19 18:36:00,795.1666666666666,58.74,-60.81667,55.675,-57.28667,401.556490890752,11.533333333333331,240.0,66.76666666666667,88.35185185185185
20180,2,2021-03-17 15:26:00,2021-03-27 15:26:00,240.0,58.57667,-62.26,57.62833,-61.55333,113.32891751088958,240.0,240.0,240.0,240.0
20181,9,2021-03-17 15:26:00,2021-05-04 09:55:00,1146.4833333333331,58.61667,-61.71167,54.72667,-55.37,580.2102971974222,20.633333333333333,276.21666666666664,125.80833333333334,143.31041666666667
20184,9,2021-03-17 15:26:00,2021-05-04 09:55:00,1146.4833333333331,58.47,-61.325,55.045,-54.71,554.1785822624262,75.31666666666666,240.0,112.50833333333333,143.31041666666667
20185,5,2021-03-17 15:26:00,2021-05-14 10:11:00,1386.75,58.385,-61.675,55.56,-59.32,344.9788777122295,144.01666666666668,576.0,333.3666666666667,346.6875
20186,7,2021-03-17 15:26:00,2021-05-04 09:56:00,1146.5,58.4,-61.13667,54.505,-56.875,505.8956023735413,66.76666666666667,527.8333333333334,132.89999999999998,191.08333333333331
20187,8,2021-03-17 15:26:00,2021-05-09 10:03:00,1266.6166666666666,58.39333,-61.14667,54.77333,-57.28833,466.5745965108452,24.183333333333334,439.78333333333336,95.95,180.94523809523812
20189,6,2021-03-17 15:26:00,2021-04-30 13:22:00,1053.9333333333334,58.34833,-61.355,55.36167,-54.97667,510.1807591571516,27.28333333333333,450.6166666666667,240.0,210.7866666666667
20191,7,2021-03-17 15:26:00,2021-04-29 09:47:00,1026.35,58.225,-60.86833,55.175,-54.28167,525.6237407652397,75.75,240.0,172.68333333333334,171.05833333333337
20192,9,2021-03-17 15:26:00,2021-04-29 09:47:00,1026.35,58.21,-61.14333,55.52,-54.28,512.9201681524698,23.85,287.8333333333333,122.48333333333336,128.29375
20193,12,2021-03-17 15:26:00,2021-05-04 09:56:00,1146.5,58.16333,-61.17,54.35333,-56.48833,512.6615445678766,20.633333333333333,222.38333333333333,76.0,104.22727272727272
20194,11,2021-03-17 15:26:00,2021-05-10 09:56:00,1290.5,58.05333,-61.28,54.28833,-55.745,540.6309158522694,32.166666666666664,395.5,71.1,129.05
20196,5,2021-03-17 15:26:00,2021-04-18 15:16:00,767.8333333333334,58.13833,-60.44833,55.295,-57.4,366.7403102503088,66.88333333333334,287.8333333333333,206.5583333333333,191.9583333333333
20200,12,2021-03-17 15:26:00,2021-05-28 18:05:00,1730.65,57.88833,-60.91333,53.73667,-54.86,596.3237199332468,7.183333333333334,288.96666666666664,173.11666666666667,157.3318181818182
20201,9,2021-03-17 15:26:00,2021-05-04 09:55:00,1146.4833333333331,57.86,-60.375,55.24333,-55.265,427.27543397547737,66.76666666666667,287.8333333333333,113.65833333333332,143.31041666666667
20203,4,2021-03-17 15:26:00,2021-04-08 15:16:00,527.8333333333334,57.87167,-61.00833,55.88333,-57.505,306.8332529532799,66.88333333333334,251.4833333333333,209.46666666666667,175.94444444444446
20206,3,2021-03-17 15:26:00,2021-03-24 15:16:00,167.83333333333334,57.70333,-60.77667,56.755,-60.81833,105.47928609348251,66.88333333333334,100.95,83.91666666666667,83.91666666666667
20209,7,2021-03-17 15:26:00,2021-04-10 09:55:00,570.4833333333333,57.67,-60.675,55.50833,-56.04,371.7640460140901,42.65,162.6,86.55833333333334,95.08055555555556
20210,14,2021-03-17 15:26:00,2021-05-16 09:56:00,1434.5,57.64,-59.98667,53.56,-55.01167,550.5935914783081,15.166666666666666,380.56666666666666,78.36666666666666,110.34615384615384
20214,9,2021-03-17 15:26:00,2021-05-05 16:17:00,1176.85,57.35,-60.49667,54.71333,-54.39167,479.0974660219592,6.483333333333333,316.25,146.525,147.10625
20217,10,2021-03-17 15:26:00,2021-05-04 09:56:00,1146.5,57.095,-60.395,54.22833,-55.81333,428.9913818437313,14.35,316.3,125.23333333333332,127.38888888888889
20218,6,2021-03-22 10:03:00,2021-04-17 16:03:00,630.0,55.975,-57.78167,53.77333,-53.49667,367.4274048699681,0.4333333333333333,288.0,64.26666666666667,126.0
20219,4,2021-03-22 10:03:00,2021-04-11 09:48:00,479.75,55.715,-57.86833,54.57167,-54.74333,235.7690875709592,23.883333333333333,275.35,180.51666666666668,159.91666666666666
20220,6,2021-03-23 12:10:00,2021-04-17 16:26:00,604.2666666666667,50.755,-53.05667,51.33833,-54.53833,122.2080475109809,21.48333333333333,316.76666666666665,45.56666666666667,120.85333333333335
20223,4,2021-03-23 14:29:00,2021-04-05 09:47:00,307.3,53.78667,-54.11333,52.26167,-53.445,175.36241664145976,26.516666666666666,218.9333333333333,61.85,102.43333333333334
20224,2,2021-03-23 14:29:00,2021-04-17 09:47:00,595.3,53.92,-54.34833,53.535,-54.645,47.048816754992046,595.3,595.3,595.3,595.3
20225,4,2021-03-23 14:29:00,2021-04-11 09:33:00,451.06666666666666,54.16333,-53.59833,51.31167,-49.44,422.84926341921954,47.91666666666666,287.75,115.4,150.35555555555555
20226,8,2021-03-23 14:29:00,2021-05-04 09:55:00,1003.4333333333332,54.265,-54.40667,54.52333,-55.72,89.7424440103322,14.15,307.3,120.13333333333334,143.34761904761905
20227,8,2021-03-23 14:29:00,2021-04-22 09:56:00,715.45,54.50167,-56.28833,51.13833,-57.09167,377.8553321368219,19.116666666666667,312.7333333333333,92.35,102.20714285714288
20230,8,2021-03-23 14:29:00,2021-05-17 15:04:00,1320.5833333333333,54.72,-56.30667,51.88,-56.01667,316.3802928904158,27.98333333333333,356.76666666666665,120.38333333333334,188.6547619047619
20231,5,2021-03-23 14:29:00,2021-04-17 09:47:00,595.3,54.67167,-56.00833,53.73167,-54.85833,128.52574254841525,62.23333333333333,288.0,122.53333333333332,148.825
20232,9,2021-03-23 14:29:00,2021-05-04 09:55:00,1003.4333333333332,54.70333,-55.15667,54.665,-55.33333,12.129183689239872,6.216666666666667,302.2,101.99166666666667,125.42916666666666
20233,10,2021-03-23 14:29:00,2021-04-30 13:22:00,910.8833333333332,54.72333,-55.01833,54.92833,-55.40833,33.81839964127513,0.4333333333333333,209.71666666666667,120.13333333333334,101.20925925925928
20234,10,2021-03-23 14:29:00,2021-05-04 09:56:00,1003.45,55.46167,-56.205,54.18,-54.975,162.8425755802823,0.4333333333333333,302.2333333333333,40.8,111.49444444444444
20235,7,2021-03-23 14:29:00,2021-04-17 09:47:00,595.3,55.42833,-56.135,54.18333,-54.245,183.9326499426909,0.4333333333333333,242.7,92.36666666666666,99.21666666666668
20236,3,2021-03-23 14:29:00,2021-04-22 09:55:00,715.4333333333333,55.145,-56.55833,53.91833,-56.03167,140.56741408249994,120.38333333333334,595.05,357.71666666666664,357.71666666666664
20238,5,2021-03-23 14:29:00,2021-05-04 09:56:00,1003.45,54.72833,-56.94333,53.87167,-56.49667,99.56716075354193,120.38333333333334,309.8833333333333,286.5916666666667,250.8625
20246,2,2021-03-24 15:16:00,2021-04-11 09:48:00,426.53333333333336,56.45333,-58.97667,54.88,-54.28833,342.0310574357147,426.53333333333336,426.53333333333336,426.53333333333336,426.53333333333336
20252,3,2021-03-24 15:16:00,2021-04-04 09:56:00,258.6666666666667,56.32,-58.74167,55.29667,-55.51667,231.39499381694597,23.883333333333333,234.78333333333333,129.33333333333334,129.33333333333334
20255,5,2021-03-24 15:16:00,2021-04-30 13:22:00,886.1,56.26,-58.79833,55.23,-54.77,276.86798083733527,191.75,248.8,222.775,221.525
20259,3,2021-03-24 15:16:00,2021-04-18 15:16:00,600.0,56.23,-60.23167,55.115,-57.075,233.5292588491336,240.0,360.0,300.0,300.0
20260,11,2021-03-24 15:16:00,2021-05-10 09:56:00,1122.6666666666667,56.32,-60.34833,54.26333,-56.66,326.7689742318265,20.633333333333333,240.0,100.66666666666666,112.26666666666668
20261,3,2021-03-24 15:16:00,2021-04-18 15:16:00,600.0,56.40667,-60.50167,55.17833,-57.25,244.8575996363424,240.0,360.0,300.0,300.0
20262,3,2021-03-24 15:16:00,2021-04-18 15:16:00,600.0,56.475,-60.58833,55.18833,-57.23167,253.7495668143124,240.0,360.0,300.0,300.0
20264,2,2021-03-25 09:40:00,2021-04-01 16:37:00,174.95,52.13167,-53.06833,51.245,-52.54333,105.02478789322856,174.95,174.95,174.95,174.95
20265,3,2021-03-25 09:40:00,2021-04-01 17:52:00,176.2,51.39667,-52.5,51.04833,-52.175,44.86150324779827,1.25,174.95,88.1,88.1
20266,3,2021-03-25 09:40:00,2021-04-01 17:45:00,176.08333333333334,50.51,-52.67167,50.61,-51.90167,55.51654836470716,1.9333333333333331,174.15,88.04166666666667,88.04166666666667
20267,5,2021-03-25 10:27:00,2021-04-30 10:27:00,864.0,60.095,-60.97,58.375,-60.905,191.2909785596328,95.98333333333332,480.01666666666665,144.0,216.0
20271,3,2021-03-25 10:27:00,2021-04-30 10:27:00,864.0,59.92833,-61.05167,58.42167,-59.97,178.5037893113692,288.0,576.0,432.0,432.0
20272,2,2021-03-25 10:27:00,2021-04-06 10:27:00,288.0,59.93333,-61.32833,58.99667,-60.62833,111.40528692751252,288.0,288.0,288.0,288.0
20276,2,2021-03-25 10:27:00,2021-04-06 10:27:00,288.0,59.92333,-61.235,58.975,-60.84,107.78644805058266,288.0,288.0,288.0,288.0
20277,2,2021-03-25 10:27:00,2021-04-06 10:27:00,288.0,59.905,-61.14167,58.96333,-60.74833,107.04459005708148,288.0,288.0,288.0,288.0
20278,5,2021-03-25 10:27:00,2021-05-03 10:15:00,935.8,59.89,-61.23333,56.99333,-60.85,322.86513827546304,0.0,576.0,179.9,233.95
20279,4,2021-03-25 10:27:00,2021-05-05 21:48:00,995.35,59.89333,-61.24667,56.21667,-60.01,415.2305217036141,131.35,576.0,288.0,331.78333333333336
20281,4,2021-03-25 10:27:00,2021-05-03 10:15:00,935.8,59.87167,-60.95,57.815,-60.71333,229.09582879812288,71.8,696.1333333333333,167.86666666666667,311.93333333333334
20282,2,2021-03-25 10:27:00,2021-04-01 10:19:00,167.86666666666667,59.87333,-60.94833,59.155,-60.505,83.69788108411502,167.86666666666667,167.86666666666667,167.86666666666667,167.86666666666667
20284,2,2021-03-25 10:27:00,2021-04-06 10:27:00,288.0,59.88167,-61.14,58.825,-60.595,121.48819597747146,288.0,288.0,288.0,288.0
20285,2,2021-03-25 10:27:00,2021-04-06 10:27:00,288.0,59.87833,-61.225,58.95333,-60.83667,105.17512347466854,288.0,288.0,288.0,288.0
20288,3,2021-03-25 10:27:00,2021-04-06 10:27:00,288.0,59.87333,-61.24667,58.97333,-60.865,102.37710800257943,120.13333333333334,167.86666666666667,144.0,144.0
20291,3,2021-03-25 10:27:00,2021-04-06 10:27:00,288.0,59.86167,-61.235,58.34667,-60.94167,169.29034362338646,0.0,288.0,144.0,144.0
20293,2,2021-03-25 10:27:00,2021-04-01 10:19:00,167.86666666666667,59.84,-61.10833,59.13833,-60.55167,84.1124076867291,167.86666666666667,167.86666666666667,167.86666666666667,167.86666666666667
20294,12,2021-03-25 10:27:00,2021-06-03 09:56:00,1679.4833333333331,59.825,-61.08833,54.08333,-56.02167,708.0349017749832,24.066666666666663,318.76666666666665,143.8,152.68030303030304
20295,6,2021-03-25 10:27:00,2021-05-14 10:11:00,1199.7333333333331,59.84167,-61.14833,55.34,-59.18333,514.0200272360865,143.98333333333332,318.71666666666664,244.65,239.94666666666663
20297,12,2021-03-25 10:27:00,2021-06-09 21:21:00,1834.9,59.82,-60.78833,54.245,-56.71667,666.7687214876847,0.0,696.1333333333333,143.8,166.80909090909094
20298,2,2021-03-25 10:27:00,2021-04-01 10:19:00,167.86666666666667,59.72667,-60.55,58.57833,-59.84,133.95082219391006,167.86666666666667,167.86666666666667,167.86666666666667,167.86666666666667
20301,11,2021-03-25 10:27:00,2021-06-02 10:03:00,1655.6,59.71167,-61.17167,55.10167,-58.59667,535.2070486255724,60.36666666666667,431.8,147.875,165.56
20314,4,2021-03-25 10:27:00,2021-05-09 10:03:00,1079.6,58.93833,-59.68833,55.67667,-57.08,394.99352768278027,210.78333333333333,580.8166666666667,288.0,359.8666666666666
20315,5,2021-03-25 10:27:00,2021-05-09 10:03:00,1079.6,58.91833,-59.64167,55.83167,-57.35333,369.5681269479994,120.13333333333334,580.8166666666667,189.325,269.9
20316,5,2021-03-25 10:27:00,2021-05-14 10:11:00,1199.7333333333331,58.89667,-59.61667,55.60833,-59.49,365.72591832741335,26.15,580.8166666666667,296.3833333333333,299.9333333333334
20323,2,2021-03-25 10:27:00,2021-03-27 15:26:00,52.98333333333333,58.69833,-59.84667,58.14667,-59.715,61.819020727309706,52.98333333333333,52.98333333333333,52.98333333333333,52.98333333333333
20324,6,2021-03-27 15:26:00,2021-04-30 13:22:00,813.9333333333333,56.005,-59.47667,54.945,-55.17167,295.73868383373986,14.366666666666667,316.28333333333336,162.61666666666667,162.7866666666667
20326,8,2021-03-27 15:26:00,2021-05-04 09:56:00,906.5,56.01,-59.465,54.095,-54.58,376.9008180372324,6.166666666666667,287.8333333333333,123.56666666666666,129.49999999999997
20327,5,2021-03-27 15:26:00,2021-04-28 09:56:00,762.5,55.54667,-59.47667,54.965,-54.61833,314.5301354430211,75.88333333333334,287.8333333333333,199.39166666666665,190.625
20328,5,2021-03-27 15:26:00,2021-05-10 09:56:00,1050.5,55.50667,-59.50667,53.98833,-56.52667,255.07289421487425,75.31666666666666,738.6166666666667,118.28333333333332,262.625
20329,7,2021-03-28 14:52:00,2021-05-10 09:56:00,1027.0666666666666,53.99,-56.97167,53.89,-57.06833,12.79335363091344,71.93333333333334,411.56666666666666,142.28333333333333,171.1777777777778
20330,4,2021-03-28 14:52:00,2021-05-04 09:56:00,883.0666666666667,54.00167,-56.97667,54.005,-57.085,7.0894205506725205,144.0,574.6333333333333,164.43333333333334,294.35555555555555
20331,4,2021-03-28 14:52:00,2021-05-04 09:56:00,883.0666666666667,53.775,-56.04833,53.90333,-56.28667,21.16979802943156,23.266666666666666,571.7833333333333,288.01666666666665,294.35555555555555
20332,2,2021-03-28 14:52:00,2021-04-21 13:30:00,574.6333333333333,53.77,-56.04,53.70333,-55.92167,10.74844186585282,574.6333333333333,574.6333333333333,574.6333333333333,574.6333333333333
20334,8,2021-03-28 14:52:00,2021-05-04 09:56:00,883.0666666666667,54.025,-55.58167,54.01,-54.93333,42.38954652093018,0.0,288.01666666666665,124.63333333333334,126.15238095238094
20335,10,2021-03-28 14:52:00,2021-05-28 18:17:00,1467.4166666666667,54.60667,-55.31167,53.775,-54.63333,102.4669127294694,23.85,387.73333333333335,159.25,163.04629629629628
20336,4,2021-03-28 14:52:00,2021-04-05 09:47:00,186.91666666666663,52.53333,-55.13833,51.66167,-54.69167,101.6125286788221,43.7,99.35,43.86666666666667,62.30555555555557
20337,2,2021-03-31 10:41:00,2021-04-01 18:13:00,31.53333333333333,49.97,-54.125,50.14,-53.555,44.8699560385106,31.53333333333333,31.53333333333333,31.53333333333333,31.53333333333333
20339,5,2021-04-01 17:25:00,2021-04-17 17:55:00,384.5,52.765,-53.45667,51.22667,-54.585,187.6835085143948,21.433333333333334,289.4833333333333,36.79166666666667,96.125
20340,2,2021-04-01 18:13:00,2021-04-01 20:23:00,2.1666666666666665,51.69833,-54.39333,51.55333,-54.23833,19.35042837976649,2.1666666666666665,2.1666666666666665,2.1666666666666665,2.1666666666666665
20344,3,2021-04-01 18:59:00,2021-04-05 09:48:00,86.81666666666666,50.34333,-53.17833,50.39833,-52.865,23.048143106493747,0.9666666666666668,85.85,43.40833333333333,43.40833333333333
20345,2,2021-04-01 15:17:00,2021-04-01 18:58:00,3.683333333333333,49.56667,-52.445,49.52167,-52.27,13.581618177060006,3.683333333333333,3.683333333333333,3.683333333333333,3.683333333333333
20348,3,2021-04-01 20:49:00,2021-04-03 14:06:00,41.28333333333333,50.25,-53.95667,50.34,-53.565,29.56741386742613,16.716666666666665,24.566666666666663,20.641666666666666,20.641666666666666
20350,2,2021-04-01 18:51:00,2021-04-03 10:22:00,39.516666666666666,49.85667,-52.26167,49.785,-52.26333,7.970230148496151,39.516666666666666,39.516666666666666,39.516666666666666,39.516666666666666
20353,2,2021-04-01 20:20:00,2021-04-14 17:32:00,309.2,51.47333,-54.26833,50.39667,-55.85333,163.29896978738634,309.2,309.2,309.2,309.2
20355,2,2021-04-01 10:19:00,2021-04-06 10:27:00,120.13333333333334,58.56667,-60.00833,58.11833,-60.00833,49.85313341182271,120.13333333333334,120.13333333333334,120.13333333333334,120.13333333333334
20356,4,2021-04-02 20:00:00,2021-04-16 16:52:00,332.8666666666667,52.54167,-53.86667,51.47667,-55.26167,152.11344135261464,43.48333333333333,167.86666666666667,121.51666666666668,110.95555555555556
20357,2,2021-04-02 21:23:00,2021-04-26 21:23:00,576.0,49.70833,-54.5,49.70833,-54.5,0.0,576.0,576.0,576.0,576.0
20360,2,2021-04-03 13:44:00,2021-04-16 16:52:00,315.1333333333333,52.26333,-54.19333,51.13667,-55.21167,143.59337218701378,315.1333333333333,315.1333333333333,315.1333333333333,315.1333333333333
20362,10,2021-04-03 21:34:00,2021-05-24 10:27:00,1212.8833333333334,59.57,-61.99833,59.49833,-63.05667,60.196862159016185,24.116666666666667,293.96666666666664,110.16666666666669,134.76481481481483
20367,3,2021-04-05 09:21:00,2021-04-12 09:39:00,168.3,55.025,-53.55333,54.0,-52.69333,126.7733529230686,23.85,144.45,84.14999999999999,84.14999999999999
20368,5,2021-04-05 09:21:00,2021-05-08 21:23:00,804.0333333333333,54.96833,-53.71333,51.97,-53.935,333.7212983080823,6.75,409.1333333333333,194.075,201.00833333333333
20374,2,2021-04-05 09:47:00,2021-04-17 09:47:00,288.0,54.57833,-53.6,53.705,-54.29167,107.05040951817384,288.0,288.0,288.0,288.0
20376,2,2021-04-05 09:47:00,2021-04-17 09:47:00,288.0,54.58167,-53.565,53.69,-54.24,108.46157280507292,288.0,288.0,288.0,288.0
20377,3,2021-04-05 09:47:00,2021-04-17 09:47:00,288.0,54.605,-53.95,54.015,-54.545,76.11665837526928,143.98333333333332,144.01666666666668,144.0,144.0
20379,4,2021-04-06 10:27:00,2021-05-05 10:34:00,696.1166666666667,60.17667,-61.87333,60.51,-64.04333,125.0062811729014,120.11666666666666,408.1166666666667,167.88333333333333,232.0388888888889
20381,6,2021-04-06 10:27:00,2021-05-24 10:27:00,1152.0,59.76833,-61.49667,59.49167,-63.04833,92.4943984397975,71.8,576.0,147.66666666666666,230.4
20382,6,2021-04-06 10:27:00,2021-05-29 15:36:00,1277.15,59.90167,-61.64667,58.89167,-62.33833,118.93467561259057,110.2,576.0,147.71666666666667,255.43
20383,5,2021-04-06 10:27:00,2021-05-24 10:27:00,1152.0,59.73833,-61.66333,59.82,-63.71833,115.3679472183795,110.2,576.0,232.9,288.0
20384,7,2021-04-06 10:27:00,2021-05-24 10:27:00,1152.0,59.69,-61.645,59.6,-62.89167,70.76429515830091,71.8,408.1166666666667,157.80833333333334,192.0
20385,6,2021-04-06 10:27:00,2021-05-03 10:15:00,647.8,58.91333,-62.895,58.24833,-62.13167,86.17052642489442,24.133333333333333,288.0,95.98333333333332,129.56
20387,9,2021-04-06 10:27:00,2021-05-29 15:36:00,1277.15,59.43333,-61.38667,57.65,-61.44333,198.32448614167816,24.133333333333333,504.2,110.56666666666666,159.64375
20388,2,2021-04-06 10:27:00,2021-04-10 10:26:00,95.98333333333332,59.44,-61.42833,59.14833,-61.48667,32.60094651935974,95.98333333333332,95.98333333333332,95.98333333333332,95.98333333333332
20389,5,2021-04-06 10:27:00,2021-05-29 15:36:00,1277.15,59.48333,-61.475,58.30667,-61.965,133.8311426154372,59.56666666666667,576.0,320.79166666666663,319.2875
20392,3,2021-04-06 10:27:00,2021-04-22 10:26:00,383.98333333333335,59.07667,-61.40667,57.895,-61.30167,131.5373162476863,95.98333333333332,288.0,191.99166666666667,191.99166666666667
20394,3,2021-04-06 10:27:00,2021-04-21 10:15:00,359.8,59.24667,-61.69333,58.26333,-60.94167,117.62153687772243,95.98333333333332,263.81666666666666,179.9,179.9
20395,2,2021-04-06 10:27:00,2021-04-13 10:19:00,167.86666666666667,59.15833,-61.485,58.6,-61.80833,64.80446717809032,167.86666666666667,167.86666666666667,167.86666666666667,167.86666666666667
20396,3,2021-04-06 10:27:00,2021-04-21 10:15:00,359.8,59.08333,-61.43167,58.32833,-60.895,89.49109104011478,95.98333333333332,263.81666666666666,179.9,179.9
20399,3,2021-04-06 10:27:00,2021-04-30 10:27:00,576.0,59.215,-61.09833,57.42167,-61.19333,199.4863043864579,95.98333333333332,480.01666666666665,288.0,288.0
20401,7,2021-04-06 10:27:00,2021-06-02 10:03:00,1367.6,59.185,-61.09,55.27667,-58.69833,457.7296854012109,41.31666666666667,576.0,195.1833333333333,227.9333333333333
20404,6,2021-04-06 10:27:00,2021-05-14 10:11:00,911.7333333333332,59.05167,-61.03833,55.48833,-59.30833,409.613285401722,60.36666666666667,551.8166666666667,96.06666666666666,182.3466666666667
20406,2,2021-04-08 15:16:00,2021-04-18 15:16:00,240.0,55.86333,-57.89167,55.12,-57.09167,96.80508177023094,240.0,240.0,240.0,240.0
20407,2,2021-04-08 15:16:00,2021-04-17 09:47:00,210.51666666666668,55.73667,-57.24833,54.99833,-54.585,187.244340587149,210.51666666666668,210.51666666666668,210.51666666666668,210.51666666666668
20409,7,2021-04-08 15:16:00,2021-05-04 09:55:00,618.65,55.95333,-58.57333,54.65833,-54.92333,272.1660295786904,20.633333333333333,240.0,75.73333333333333,103.1083333333333
20410,8,2021-04-08 15:16:00,2021-05-04 09:55:00,618.65,55.94833,-58.58167,54.69833,-55.34833,247.26848458194175,11.533333333333331,240.0,75.31666666666666,88.3785714285714
20413,6,2021-04-08 15:16:00,2021-04-28 09:56:00,474.6666666666667,55.97,-58.51167,54.95667,-54.375,284.01994406345165,24.1,158.93333333333334,75.73333333333333,94.93333333333334
20416,2,2021-04-14 21:23:00,2021-04-26 21:23:00,288.0,52.015,-53.43667,50.31667,-53.37333,188.89729530360057,288.0,288.0,288.0,288.0
20418,2,2021-04-15 18:53:00,2021-04-17 16:26:00,45.55,51.56218,-54.49675,51.11167,-54.61333,50.74481614557663,45.55,45.55,45.55,45.55
20422,2,2021-04-16 09:56:00,2021-04-17 17:03:00,31.116666666666667,53.06667,-54.11,53.06,-54.10667,0.7743296724299981,31.116666666666667,31.116666666666667,31.116666666666667,31.116666666666667
20424,2,2021-04-16 16:52:00,2021-04-17 18:31:00,25.65,51.24833,-57.18833,51.305,-57.32167,11.213105033876651,25.65,25.65,25.65,25.65
20425,2,2021-04-16 16:52:00,2021-04-17 18:29:00,25.616666666666667,51.50167,-56.58833,51.40833,-56.99,29.703480223796035,25.616666666666667,25.616666666666667,25.616666666666667,25.616666666666667
20430,3,2021-04-17 18:44:00,2021-04-21 14:37:00,91.88333333333334,50.70833,-58.06167,50.58167,-58.42833,29.440912432557543,4.533333333333333,87.35,45.94166666666666,45.94166666666666
20432,5,2021-04-17 18:15:00,2021-05-20 12:58:00,786.7166666666667,51.735,-56.37167,51.45833,-56.39167,30.795301869585327,70.05,311.9833333333333,202.34166666666667,196.67916666666667
20433,2,2021-04-17 18:18:00,2021-04-21 14:59:00,92.68333333333334,51.47833,-56.27667,51.29,-56.76,39.54172904161692,92.68333333333334,92.68333333333334,92.68333333333334,92.68333333333334
20434,2,2021-04-17 18:19:00,2021-04-21 15:00:00,92.68333333333334,51.56333,-56.39333,51.41342,-56.93117,40.79948605771772,92.68333333333334,92.68333333333334,92.68333333333334,92.68333333333334
20435,2,2021-04-17 18:20:00,2021-04-21 15:00:00,92.66666666666669,51.45,-56.60833,51.41398,-56.94697,23.814979802952497,92.66666666666669,92.66666666666669,92.66666666666669,92.66666666666669
20437,4,2021-04-17 18:25:00,2021-04-22 09:56:00,111.51666666666668,51.31833,-56.73167,50.89833,-57.48667,70.4219230760938,4.666666666666667,87.66666666666667,19.183333333333334,37.172222222222224
20438,2,2021-04-17 18:26:00,2021-04-21 14:55:00,92.48333333333332,51.3,-56.82,51.40167,-57.71,62.83263018400271,92.48333333333332,92.48333333333332,92.48333333333332,92.48333333333332
20439,3,2021-04-17 18:29:00,2021-04-21 14:44:00,92.25,51.135,-57.08667,50.95167,-57.78,52.58391517367851,4.65,87.6,46.125,46.125
20444,2,2021-04-17 18:40:00,2021-04-21 14:33:00,91.88333333333334,50.855,-58.08333,50.61833,-58.83167,58.872315129695295,91.88333333333334,91.88333333333334,91.88333333333334,91.88333333333334
20448,7,2021-04-18 15:16:00,2021-05-10 09:56:00,522.6666666666666,55.42333,-57.80833,54.56833,-56.85333,112.91022817876484,20.633333333333333,144.0,75.65,87.11111111111113
20451,3,2021-04-19 17:27:00,2021-05-09 10:03:00,472.6,56.885,-58.65833,55.73833,-56.99833,163.51295103009693,184.6,288.0,236.3,236.3
20454,3,2021-04-19 18:07:00,2021-05-10 09:56:00,495.81666666666666,55.94167,-59.73833,55.31333,-55.935,248.73874167314275,183.9333333333333,311.8833333333333,247.90833333333333,247.90833333333333
20456,6,2021-04-19 18:31:00,2021-05-11 09:47:00,519.2666666666667,55.96667,-57.72167,54.935,-54.10667,255.15622013723487,23.85,183.53333333333333,95.95,103.85333333333335
20459,4,2021-04-21 10:15:00,2021-05-19 16:07:00,677.8666666666667,59.92167,-61.42667,60.44,-61.55833,58.09357488778728,48.31666666666667,461.6666666666667,167.88333333333333,225.95555555555555
20466,2,2021-04-21 15:21:00,2021-05-04 15:08:00,311.78333333333336,51.96333,-55.405,51.53,-56.15667,70.70752467332375,311.78333333333336,311.78333333333336,311.78333333333336,311.78333333333336
20468,5,2021-04-21 18:53:00,2021-05-16 09:56:00,591.05,55.35,-55.36667,53.36167,-54.80833,224.03087939892504,27.58333333333333,380.56666666666666,91.45,147.7625
20470,3,2021-04-21 19:00:00,2021-04-29 09:47:00,182.78333333333333,55.28167,-55.94167,54.96833,-53.50667,158.6802817660153,14.916666666666666,167.86666666666667,91.39166666666668,91.39166666666668
20471,2,2021-04-21 19:02:00,2021-04-22 09:55:00,14.883333333333333,55.49167,-56.22833,55.47333,-55.94,18.281610567488467,14.883333333333333,14.883333333333333,14.883333333333333,14.883333333333333
20473,7,2021-04-22 10:26:00,2021-05-24 10:27:00,768.0166666666667,59.57,-61.995,59.89,-62.65167,51.19373336878333,24.133333333333333,189.46666666666667,138.16666666666669,128.0027777777778
20476,2,2021-04-22 09:55:00,2021-05-04 09:56:00,288.01666666666665,54.53833,-56.20667,53.91833,-55.9,71.76459827947426,288.01666666666665,288.01666666666665,288.01666666666665,288.01666666666665
20478,5,2021-04-22 09:55:00,2021-05-04 09:56:00,288.01666666666665,54.465,-56.70167,54.095,-56.76,41.31601299392492,23.866666666666667,120.15,72.0,72.00416666666666
20479,3,2021-04-22 09:55:00,2021-05-04 09:56:00,288.01666666666665,54.10333,-56.875,53.97667,-57.06667,18.841153404003823,144.0,144.01666666666668,144.00833333333333,144.00833333333333
20480,2,2021-04-22 09:55:00,2021-05-04 09:56:00,288.01666666666665,54.23333,-56.12167,53.99667,-56.12667,26.31740915807994,288.01666666666665,288.01666666666665,288.01666666666665,288.01666666666665
20481,4,2021-04-22 09:55:00,2021-05-04 09:56:00,288.01666666666665,54.43,-56.69,53.88667,-56.58667,60.78896672609218,23.866666666666667,144.0,120.15,96.00555555555556
20482,6,2021-04-22 09:55:00,2021-05-04 09:56:00,288.01666666666665,54.285,-56.825,53.93667,-56.60333,41.33994991494751,11.533333333333331,120.15,60.4,57.60333333333333
20485,9,2021-04-22 09:55:00,2021-05-28 15:46:00,869.85,54.02,-57.035,53.73333,-56.04333,72.40008018847203,5.85,167.86666666666667,132.075,108.73125
20487,4,2021-04-22 09:55:00,2021-05-04 09:56:00,288.01666666666665,54.27833,-56.80333,53.90667,-56.26333,54.29525818958157,60.4,120.15,107.46666666666668,96.00555555555556
20488,4,2021-04-22 09:55:00,2021-05-04 09:56:00,288.01666666666665,54.29167,-56.93,54.34833,-56.655,18.91528117938765,71.93333333333334,120.15,95.93333333333334,96.00555555555556
20491,5,2021-04-27 10:03:00,2021-05-04 09:56:00,167.88333333333333,54.77333,-57.155,54.405,-56.87333,44.79702214270772,11.533333333333331,75.31666666666666,40.516666666666666,41.97083333333333
20492,6,2021-04-27 10:04:00,2021-05-10 09:56:00,311.8666666666667,54.71667,-56.9,54.27,-56.655,52.12674773056965,11.533333333333331,144.0,60.4,62.373333333333335
20493,6,2021-04-27 10:04:00,2021-05-04 09:56:00,167.86666666666667,54.695,-56.88333,54.35667,-56.55667,43.12358511202084,11.533333333333331,60.4,23.866666666666667,33.57333333333334
20496,8,2021-04-27 10:04:00,2021-06-21 09:56:00,1319.8666666666666,54.53667,-56.825,54.02,-57.035,59.04648895126852,11.533333333333331,552.1166666666667,72.06666666666666,188.55238095238096
20497,5,2021-04-27 10:04:00,2021-05-04 09:56:00,167.86666666666667,54.545,-56.84,54.36333,-56.65333,23.53048581162396,11.533333333333331,72.06666666666666,42.13333333333333,41.96666666666667
20499,4,2021-04-27 10:04:00,2021-05-04 09:56:00,167.86666666666667,54.51,-56.875,53.93,-56.61167,66.7264998932783,23.866666666666667,92.56666666666666,51.43333333333333,55.95555555555556
20501,5,2021-04-27 10:04:00,2021-05-04 09:56:00,167.86666666666667,54.48667,-56.71,54.3,-56.75167,20.931328294624524,11.533333333333331,72.06666666666666,42.13333333333333,41.96666666666667
20502,2,2021-04-27 10:04:00,2021-04-28 09:56:00,23.866666666666667,54.43667,-56.705,54.43667,-56.705,0.0,23.866666666666667,23.866666666666667,23.866666666666667,23.866666666666667
20503,4,2021-04-27 10:04:00,2021-05-04 09:56:00,167.86666666666667,54.44667,-56.72333,53.885,-56.57,63.24739968608599,23.866666666666667,92.56666666666666,51.43333333333333,55.95555555555556
20505,5,2021-04-27 10:04:00,2021-06-03 09:56:00,887.8666666666667,54.31167,-57.04833,53.81,-56.53667,65.01362422077453,23.883333333333333,696.1166666666667,83.93333333333334,221.96666666666667
20506,7,2021-04-27 10:04:00,2021-05-28 15:53:00,749.8166666666667,54.29667,-57.01333,54.03333,-56.315,54.07484484538296,11.533333333333331,437.95,66.23333333333333,124.96944444444443
20507,4,2021-04-27 10:04:00,2021-05-04 09:56:00,167.86666666666667,54.265,-57.19833,54.06,-57.14167,23.09149227716449,11.533333333333331,95.93333333333334,60.4,55.95555555555556
20509,3,2021-04-27 10:03:00,2021-05-09 10:03:00,288.0,56.335,-57.90667,55.62833,-56.955,98.38214819766335,120.13333333333334,167.86666666666667,144.0,144.0
20513,6,2021-04-29 21:49:00,2021-05-28 09:56:00,684.1166666666667,56.12167,-59.65333,54.29333,-56.74167,274.65423580705976,60.36666666666667,288.0,85.4,136.82333333333332
20514,4,2021-04-29 21:49:00,2021-05-09 10:03:00,228.2333333333333,56.33667,-59.91,55.66833,-57.285,179.31817924991597,60.36666666666667,85.43333333333334,82.43333333333334,76.07777777777778
20515,4,2021-04-29 21:49:00,2021-05-09 10:03:00,228.2333333333333,56.36333,-59.95167,55.69833,-57.30333,180.37701483006165,60.36666666666667,85.45,82.41666666666667,76.07777777777778
20516,4,2021-04-29 21:49:00,2021-05-09 10:03:00,228.2333333333333,56.445,-59.92667,55.68833,-57.34167,181.1617507971393,60.36666666666667,85.58333333333333,82.28333333333333,76.07777777777778
20517,7,2021-04-29 21:49:00,2021-05-28 09:56:00,684.1166666666667,56.105,-59.99667,54.45333,-56.73,276.59539904398616,60.36666666666667,167.88333333333333,125.65,114.01944444444445
20519,3,2021-04-29 21:49:00,2021-05-07 10:19:00,180.5,56.34,-60.225,55.62667,-59.46167,92.444184574778,36.516666666666666,143.98333333333332,90.25,90.25
20520,2,2021-04-29 21:49:00,2021-05-05 21:48:00,143.98333333333332,56.36833,-60.255,55.93333,-59.80667,55.77336005787495,143.98333333333332,143.98333333333332,143.98333333333332,143.98333333333332
20521,5,2021-04-29 21:49:00,2021-05-14 10:11:00,348.3666666666667,56.445,-60.215,55.405,-57.49167,205.30286471965172,60.36666666666667,120.13333333333334,83.93333333333334,87.09166666666667
20522,2,2021-04-30 10:27:00,2021-05-05 10:34:00,120.11666666666666,60.76333,-64.29167,61.05,-64.22,32.11090601630779,120.11666666666666,120.11666666666666,120.11666666666666,120.11666666666666
20524,3,2021-04-30 10:27:00,2021-05-19 15:59:00,461.53333333333336,59.88167,-59.42333,59.73833,-60.83833,80.70958181199606,143.81666666666666,317.71666666666664,230.76666666666665,230.76666666666665
20525,4,2021-04-30 10:27:00,2021-05-31 15:26:00,748.9833333333333,59.98333,-60.705,58.55333,-60.12,162.4444807253028,143.78333333333333,317.75,287.45,249.66111111111115
20526,5,2021-04-30 10:27:00,2021-05-29 15:36:00,701.15,59.86833,-60.40667,58.425,-61.77833,178.5283986328293,128.46666666666667,240.0,166.34166666666664,175.2875
20527,4,2021-04-30 10:27:00,2021-06-02 10:03:00,791.6,58.825,-60.70833,55.12333,-58.485,433.0387693348322,167.86666666666667,359.8,263.93333333333334,263.8666666666667
20531,6,2021-04-30 10:27:00,2021-05-29 15:36:00,701.15,59.06667,-61.53667,59.205,-62.56,60.36615332333294,4.883333333333334,246.5,142.85,140.23
20532,2,2021-04-30 10:27:00,2021-05-19 16:08:00,461.6833333333333,60.16,-61.525,60.43667,-61.47,30.913174473245547,461.6833333333333,461.6833333333333,461.6833333333333,461.6833333333333
20533,5,2021-04-30 10:27:00,2021-05-24 10:27:00,576.0,60.045,-61.56333,59.66667,-63.645,123.6114634182331,110.16666666666669,189.46666666666667,138.18333333333334,144.0
20534,2,2021-04-30 10:27:00,2021-05-05 10:34:00,120.11666666666666,60.155,-62.90667,60.29667,-64.16333,71.15406283175501,120.11666666666666,120.11666666666666,120.11666666666666,120.11666666666666
20536,2,2021-04-30 10:27:00,2021-05-05 10:34:00,120.11666666666666,60.09667,-62.38833,60.28333,-63.43,61.20701487366867,120.11666666666666,120.11666666666666,120.11666666666666,120.11666666666666
20537,4,2021-04-30 10:27:00,2021-05-24 10:27:00,576.0,60.09333,-63.31667,59.68167,-63.59667,48.36615665499514,110.23333333333332,345.65,120.11666666666666,192.0
20540,3,2021-04-30 10:27:00,2021-05-03 10:15:00,71.8,58.91333,-62.895,58.90833,-62.82333,4.152527341622914,24.116666666666667,47.68333333333333,35.9,35.9
20543,2,2021-04-30 10:27:00,2021-05-01 10:34:00,24.116666666666667,59.27167,-60.83833,59.23,-60.88833,5.43595153151654,24.116666666666667,24.116666666666667,24.116666666666667,24.116666666666667
20544,4,2021-04-30 10:27:00,2021-06-02 10:03:00,791.6,59.15833,-60.54167,55.56,-58.73333,414.5149765197381,47.73333333333333,576.0,167.86666666666667,263.8666666666667
20545,3,2021-04-30 10:27:00,2021-05-17 21:49:00,419.3666666666667,59.11833,-60.84333,57.87833,-61.525,143.4554479135829,99.46666666666668,319.9,209.6833333333333,209.6833333333333
20546,4,2021-04-30 10:27:00,2021-05-29 15:36:00,701.15,59.155,-61.39,57.87,-61.51333,143.06483586321886,141.83333333333334,319.31666666666666,240.0,233.71666666666667
20550,2,2021-04-30 10:27:00,2021-05-13 18:25:00,319.96666666666664,58.91,-61.15167,57.73833,-61.50167,131.8763686636853,319.96666666666664,319.96666666666664,319.96666666666664,319.96666666666664
20552,2,2021-04-30 10:27:00,2021-05-03 10:15:00,71.8,58.825,-60.70667,58.46167,-61.035,44.64415166958632,71.8,71.8,71.8,71.8
20555,3,2021-04-30 10:27:00,2021-05-29 15:36:00,701.15,59.38333,-60.52167,58.315,-62.08667,149.03924235688052,319.25,381.9,350.575,350.575
20558,3,2021-04-30 10:27:00,2021-05-07 10:19:00,167.86666666666667,58.305,-61.03,57.51167,-61.26667,89.31521424582749,71.8,96.06666666666666,83.93333333333334,83.93333333333334
20577,4,2021-05-01 10:00:00,2021-05-14 10:11:00,312.18333333333334,57.15333,-58.35167,55.905,-58.08,139.80389245831708,24.116666666666667,167.93333333333334,120.13333333333334,104.06111111111112
20580,4,2021-05-01 10:00:00,2021-05-16 09:56:00,359.93333333333334,55.03333,-55.715,54.205,-55.85167,92.5253963428482,23.883333333333333,264.1333333333333,71.91666666666667,119.97777777777776
20581,3,2021-05-01 10:00:00,2021-05-05 16:22:00,102.36666666666666,55.02667,-55.78167,54.86667,-54.72167,69.99341999003605,30.45,71.91666666666667,51.18333333333334,51.18333333333334
20586,4,2021-05-01 21:32:00,2021-05-16 09:56:00,348.4,54.94667,-57.82833,54.29333,-56.72833,101.45287525324169,95.7,144.0,108.7,116.13333333333333
20587,4,2021-05-02 10:11:00,2021-05-14 10:11:00,288.0,56.265,-59.12833,55.80667,-57.77667,98.22093831639178,82.2,120.13333333333334,85.66666666666667,96.0
20590,6,2021-05-02 10:11:00,2021-06-03 09:56:00,767.75,55.325,-58.90667,53.70167,-55.89667,265.16065041847503,6.166666666666667,288.0,167.86666666666667,153.55
20591,4,2021-05-02 10:11:00,2021-05-14 10:11:00,288.0,56.09667,-59.30667,55.42667,-57.38833,141.25151358613792,82.43333333333334,120.13333333333334,85.43333333333334,96.0
20592,3,2021-05-02 10:11:00,2021-05-09 10:03:00,167.86666666666667,56.08,-59.015,55.78333,-57.99833,71.40361475168311,82.23333333333333,85.63333333333334,83.93333333333334,83.93333333333334
20593,5,2021-05-02 10:11:00,2021-05-14 10:11:00,288.0,56.31333,-59.45333,55.34667,-58.12667,135.70874369900054,25.33333333333333,120.13333333333334,71.26666666666667,72.0
20596,3,2021-05-04 09:56:00,2021-05-28 15:45:00,581.8166666666667,53.93,-57.095,53.91667,-56.28667,52.94914266732118,173.7,408.1166666666667,290.9083333333333,290.9083333333333
20600,2,2021-05-04 09:55:00,2021-05-05 21:26:00,35.516666666666666,54.7,-55.76,54.4,-55.82,33.58215440028855,35.516666666666666,35.516666666666666,35.516666666666666,35.516666666666666
20601,5,2021-05-04 09:55:00,2021-06-21 09:56:00,1152.0166666666669,55.155,-55.57167,53.44667,-54.79167,196.58083518233548,30.516666666666666,567.95,276.775,288.00416666666666
20611,2,2021-05-04 09:55:00,2021-05-10 09:56:00,144.01666666666668,54.63333,-56.64333,53.90667,-56.26167,84.51575813242145,144.01666666666668,144.01666666666668,144.01666666666668,144.01666666666668
20612,3,2021-05-04 09:55:00,2021-05-10 09:56:00,144.01666666666668,54.63833,-56.77667,54.11333,-56.65833,58.87831539143451,35.4,108.61666666666666,72.00833333333333,72.00833333333333
20614,2,2021-05-04 09:55:00,2021-05-10 09:56:00,144.01666666666668,54.57667,-56.28667,53.77,-55.94667,92.38676065590468,144.01666666666668,144.01666666666668,144.01666666666668,144.01666666666668
20615,3,2021-05-04 09:55:00,2021-05-10 09:56:00,144.01666666666668,54.58833,-56.89667,54.29333,-56.72667,34.59549489128302,35.36666666666667,108.65,72.00833333333334,72.00833333333334
20618,4,2021-05-05 18:58:00,2021-05-31 15:26:00,620.4666666666667,59.99,-61.58667,59.095,-61.17333,102.20958500223225,143.75,287.4166666666667,189.3,206.82222222222225
20620,2,2021-05-05 21:48:00,2021-05-06 21:41:00,23.883333333333333,56.07833,-59.9,55.875,-59.69833,25.857533399377456,23.883333333333333,23.883333333333333,23.883333333333333,23.883333333333333
20625,4,2021-05-09 10:03:00,2021-05-28 15:55:00,461.8666666666667,54.77667,-57.16167,54.095,-56.45167,88.62056102547272,6.0,288.0,167.86666666666667,153.95555555555555
20627,14,2021-05-11 10:16:00,2021-07-15 09:56:00,1559.6666666666667,56.61333,-59.84167,52.62833,-55.36333,528.4063760575228,11.433333333333334,576.0,71.91666666666667,119.97435897435896
20631,5,2021-05-13 16:36:00,2021-05-31 15:26:00,430.8333333333333,59.70333,-63.295,59.245,-62.145,82.55665039247222,47.833333333333336,147.7,117.65,107.70833333333331
20632,4,2021-05-13 16:36:00,2021-05-29 15:36:00,383.0,59.63,-63.26333,58.57833,-62.255,130.3404497911982,110.18333333333334,147.66666666666666,125.15,127.66666666666669
20633,3,2021-05-13 16:38:00,2021-05-24 10:27:00,257.81666666666666,59.56167,-63.33,59.84833,-63.50833,33.40781253514121,110.2,147.61666666666667,128.90833333333333,128.90833333333333
20643,4,2021-05-15 16:04:00,2021-06-07 10:11:00,546.1166666666667,57.05833,-60.89167,55.35833,-59.25,214.5560803035364,120.13333333333334,258.1166666666667,167.86666666666667,182.0388888888889
20644,3,2021-05-15 16:07:00,2021-06-02 10:03:00,425.9333333333333,57.05333,-61.005,55.14,-58.63333,258.62051909841097,167.86666666666667,258.06666666666666,212.96666666666667,212.96666666666667
20645,3,2021-05-15 16:08:00,2021-06-02 10:03:00,425.9166666666667,57.26667,-61.12,55.22167,-58.77333,269.64995579180413,167.86666666666667,258.05,212.95833333333331,212.95833333333331
20647,4,2021-05-15 16:15:00,2021-06-06 21:32:00,533.2833333333333,56.89,-60.775,54.69667,-57.50833,318.0165872782659,107.48333333333332,257.93333333333334,167.86666666666667,177.7611111111111
20648,7,2021-05-15 16:15:00,2021-06-14 10:03:00,713.8,56.92667,-60.86833,54.18667,-56.44333,412.4774255197432,31.016666666666666,257.93333333333334,98.3,118.96666666666664
20650,2,2021-05-15 16:18:00,2021-06-02 10:03:00,425.75,56.70667,-60.87,55.15833,-58.765,216.3882689717051,425.75,425.75,425.75,425.75
20652,3,2021-05-15 16:20:00,2021-06-07 10:11:00,545.85,56.61833,-60.75833,55.23,-58.94,191.46697471366332,120.13333333333334,425.7166666666666,272.925,272.925
20653,4,2021-05-15 16:20:00,2021-06-09 09:55:00,593.5833333333334,56.78833,-60.72333,54.38833,-56.62833,370.60303738939314,60.38333333333333,425.7166666666666,107.48333333333332,197.8611111111111
20655,2,2021-05-15 16:23:00,2021-06-02 10:03:00,425.6666666666667,56.70833,-60.66833,54.99,-58.13333,248.0532255700131,425.6666666666667,425.6666666666667,425.6666666666667,425.6666666666667
20656,6,2021-05-15 16:23:00,2021-06-15 09:56:00,737.55,56.66,-60.615,54.31167,-56.79333,355.0862273084944,23.883333333333333,425.6666666666667,107.48333333333332,147.51
20657,5,2021-05-15 16:24:00,2021-06-15 09:56:00,737.5333333333333,56.69167,-60.59,54.32833,-56.61833,362.65162787130095,23.883333333333333,425.65,144.0,184.3833333333333
20658,5,2021-05-15 16:24:00,2021-06-09 09:55:00,593.5166666666667,56.75167,-60.40833,53.90833,-56.03667,419.8631223816126,23.883333333333333,425.65,71.99166666666666,148.37916666666666
20659,5,2021-05-15 16:27:00,2021-06-14 10:03:00,713.6,56.57333,-60.53667,54.41,-56.75,338.6780806376086,89.11666666666666,257.7333333333333,183.375,178.4
20660,3,2021-05-15 16:28:00,2021-06-02 10:03:00,425.5833333333333,56.61667,-59.84167,55.54333,-57.38,193.82658492202893,167.86666666666667,257.71666666666664,212.79166666666663,212.79166666666663
20662,4,2021-05-15 17:00:00,2021-06-02 10:03:00,425.05,56.09833,-59.89833,54.39,-56.62833,281.10545730843694,52.8,288.0,84.25,141.68333333333334
20663,2,2021-05-15 17:01:00,2021-05-21 10:03:00,137.03333333333333,56.28167,-59.96333,55.67833,-58.315,122.5362595957294,137.03333333333333,137.03333333333333,137.03333333333333,137.03333333333333
20667,3,2021-05-15 17:05:00,2021-06-06 21:32:00,532.45,56.245,-60.33,55.09667,-58.55833,169.24342916587153,107.48333333333332,424.9666666666666,266.225,266.225
20668,2,2021-05-15 17:10:00,2021-06-02 10:03:00,424.8833333333333,56.11833,-60.18833,54.84167,-57.865,203.90411894422505,424.8833333333333,424.8833333333333,424.8833333333333,424.8833333333333
20669,4,2021-05-15 17:11:00,2021-06-02 10:03:00,424.8666666666667,56.14833,-60.045,54.29333,-56.73333,294.3311948936032,113.85,174.15,136.86666666666667,141.62222222222223
20671,4,2021-05-15 17:13:00,2021-06-07 21:24:00,556.1833333333333,56.01,-60.21667,55.25167,-58.74833,124.91792161342244,11.216666666666669,424.8333333333333,120.13333333333334,185.39444444444447
20672,6,2021-05-15 17:15:00,2021-06-21 09:56:00,880.6833333333333,55.955,-59.86667,53.89333,-56.83333,300.1484716780258,23.883333333333333,424.8,83.6,176.13666666666663
20673,3,2021-05-15 17:16:00,2021-06-03 09:56:00,448.6666666666667,55.95333,-59.86333,53.655,-56.34,340.9447290248741,137.8,310.8666666666667,224.33333333333331,224.33333333333331
20675,3,2021-05-15 17:18:00,2021-05-28 16:01:00,310.71666666666664,55.96,-59.81333,54.45333,-56.735,257.28453006700715,6.1,304.6166666666667,155.35833333333335,155.35833333333335
20677,3,2021-05-15 17:20:00,2021-06-02 10:03:00,424.7166666666666,55.78833,-59.715,55.03333,-58.32333,121.5077595335933,136.71666666666667,288.0,212.35833333333332,212.35833333333332
20678,6,2021-05-15 17:22:00,2021-06-09 21:26:00,604.0666666666667,55.755,-59.66,55.185,-57.66833,140.61968967994295,52.43333333333333,288.0,84.25,120.81333333333332
20679,6,2021-05-15 17:22:00,2021-06-09 21:21:00,603.9833333333333,55.75667,-59.65833,54.29333,-56.74167,247.01982729761264,11.433333333333334,372.25,60.38333333333333,120.79666666666664
20681,4,2021-05-15 17:22:00,2021-06-06 21:32:00,532.1666666666666,55.73333,-59.595,54.245,-56.715,247.2405259718251,23.883333333333333,424.6833333333333,83.6,177.38888888888889
20682,4,2021-05-15 17:22:00,2021-06-09 21:21:00,603.9833333333333,55.73333,-59.59167,54.38833,-56.63,240.67048074437972,11.433333333333334,424.6833333333333,167.86666666666667,201.32777777777773
20683,5,2021-05-15 17:22:00,2021-06-07 10:11:00,544.8166666666667,55.73333,-59.59167,55.225,-59.115,64.00876059492042,52.43333333333333,288.0,102.19166666666666,136.20416666666668
20687,5,2021-05-15 17:24:00,2021-06-03 09:56:00,448.53333333333336,55.81333,-59.55,53.94,-56.37333,290.96194391287395,23.883333333333333,174.11666666666667,125.26666666666668,112.13333333333333
20688,4,2021-05-15 17:25:00,2021-05-28 16:02:00,310.6166666666667,55.69167,-59.29,54.39,-56.755,216.85367193259015,6.116666666666666,167.86666666666667,136.63333333333333,103.53888888888888
20689,3,2021-05-15 17:25:00,2021-06-02 10:03:00,424.6333333333333,55.70167,-59.34,54.91333,-58.01167,121.4524476916002,136.63333333333333,288.0,212.31666666666663,212.31666666666663
20691,2,2021-05-15 17:35:00,2021-05-28 17:54:00,312.31666666666666,55.655,-57.93667,54.44333,-55.00667,230.1602652084472,312.31666666666666,312.31666666666666,312.31666666666666,312.31666666666666
20692,3,2021-05-15 17:36:00,2021-05-28 17:04:00,311.46666666666664,55.75167,-58.39333,54.38833,-55.84833,221.86629318290213,136.45,175.01666666666668,155.73333333333335,155.73333333333335
20697,3,2021-05-15 17:45:00,2021-05-28 09:55:00,304.1666666666667,55.36667,-57.68333,54.55667,-56.455,119.41710554000164,136.3,167.86666666666667,152.08333333333334,152.08333333333334
20698,5,2021-05-15 17:46:00,2021-06-03 09:56:00,448.1666666666667,55.32833,-57.67333,53.23833,-55.41833,274.6222515779606,5.883333333333334,167.88333333333333,137.2,112.04166666666666
20699,4,2021-05-15 17:47:00,2021-06-03 09:56:00,448.15,55.28167,-57.77,53.645,-56.29333,205.4837212330269,136.26666666666668,174.06666666666666,137.81666666666666,149.38333333333335
20701,6,2021-05-15 18:10:00,2021-06-03 09:56:00,447.76666666666665,54.63833,-56.46833,53.25,-55.425,168.79741951577896,5.966666666666667,173.66666666666666,114.16666666666669,89.55333333333333
20713,2,2021-05-15 17:42:00,2021-05-28 17:50:00,312.1333333333333,55.5954,-57.85096,54.465,-54.66667,238.67562254439645,312.1333333333333,312.1333333333333,312.1333333333333,312.1333333333333
20714,9,2021-05-16 09:56:00,2021-06-12 20:24:00,658.4666666666667,53.90667,-56.26333,51.73333,-55.92,242.7623158250582,5.9,280.75,57.98333333333333,82.30833333333334
20722,2,2021-05-19 20:30:00,2021-05-29 15:36:00,235.1,58.82,-62.90667,58.60833,-61.96,59.51590094751732,235.1,235.1,235.1,235.1
20723,2,2021-05-19 20:31:00,2021-05-29 15:36:00,235.08333333333331,59.09,-63.04167,58.6,-62.36833,66.85062324844937,235.08333333333331,235.08333333333331,235.08333333333331,235.08333333333331
20724,2,2021-05-19 20:32:00,2021-05-29 15:36:00,235.06666666666663,58.82,-62.90667,58.60833,-61.96,59.51590094751732,235.06666666666663,235.06666666666663,235.06666666666663,235.06666666666663
20725,3,2021-05-19 20:33:00,2021-05-31 15:26:00,282.8833333333333,59.01167,-63.11833,58.59667,-62.55,56.575994895623126,47.833333333333336,235.05,141.44166666666666,141.44166666666666
20727,2,2021-05-19 16:00:00,2021-05-31 15:26:00,287.43333333333334,59.95,-60.775,58.60167,-60.135,154.27115924122842,287.43333333333334,287.43333333333334,287.43333333333334,287.43333333333334
20740,2,2021-05-19 15:36:00,2021-05-29 15:36:00,240.0,58.94,-62.88333,59.17333,-62.34,40.474309777654376,240.0,240.0,240.0,240.0
20741,2,2021-05-19 15:36:00,2021-05-29 15:36:00,240.0,58.90667,-62.79,58.90667,-62.79,0.0,240.0,240.0,240.0,240.0
20742,2,2021-05-24 10:27:00,2021-05-26 10:11:00,47.73333333333333,58.69833,-60.52833,58.29167,-59.83833,60.43328068850795,47.73333333333333,47.73333333333333,47.73333333333333,47.73333333333333
20743,3,2021-05-24 10:27:00,2021-05-31 15:26:00,172.98333333333332,58.57833,-59.98667,57.81667,-59.88,84.9230529885545,47.73333333333333,125.25,86.49166666666667,86.49166666666667
20744,2,2021-05-24 10:27:00,2021-05-29 15:36:00,125.15,58.48167,-60.59,58.16833,-61.37333,57.49606719257948,125.15,125.15,125.15,125.15
20745,3,2021-05-24 10:27:00,2021-05-31 15:26:00,172.98333333333332,58.50167,-60.58,57.98667,-61.175,67.0202625513073,47.833333333333336,125.15,86.49166666666667,86.49166666666667
20753,2,2021-05-26 10:11:00,2021-06-02 10:03:00,167.86666666666667,56.58,-60.56333,55.35667,-58.78,175.5430519509035,167.86666666666667,167.86666666666667,167.86666666666667,167.86666666666667
20754,2,2021-05-26 10:11:00,2021-06-02 10:03:00,167.86666666666667,56.57667,-60.57833,55.215,-58.89333,184.27485176783927,167.86666666666667,167.86666666666667,167.86666666666667,167.86666666666667
20755,2,2021-05-26 10:11:00,2021-06-02 10:03:00,167.86666666666667,56.35333,-60.41333,55.21667,-58.85167,159.70591174449044,167.86666666666667,167.86666666666667,167.86666666666667,167.86666666666667
20756,2,2021-05-26 10:11:00,2021-06-02 10:03:00,167.86666666666667,56.32,-60.42,55.22167,-58.835,157.2929922643552,167.86666666666667,167.86666666666667,167.86666666666667,167.86666666666667
20757,2,2021-05-26 10:11:00,2021-06-02 10:03:00,167.86666666666667,56.14,-59.975,55.23,-58.54167,135.31491168471018,167.86666666666667,167.86666666666667,167.86666666666667,167.86666666666667
20758,2,2021-05-28 09:55:00,2021-05-28 15:51:00,5.933333333333334,54.27667,-56.005,54.14667,-56.00167,14.456962191758317,5.933333333333334,5.933333333333334,5.933333333333334,5.933333333333334
20765,2,2021-05-28 15:37:00,2021-06-15 09:57:00,426.3333333333333,53.61333,-55.695,51.25667,-54.97833,266.51049889357296,426.3333333333333,426.3333333333333,426.3333333333333,426.3333333333333
20766,2,2021-05-28 15:38:00,2021-06-06 21:31:00,221.88333333333333,53.71167,-55.67833,51.99167,-54.97333,197.0242553283849,221.88333333333333,221.88333333333333,221.88333333333333,221.88333333333333
20768,2,2021-05-28 18:01:00,2021-06-03 09:56:00,135.91666666666666,53.81333,-55.44667,53.23,-55.415,64.89711429614333,135.91666666666666,135.91666666666666,135.91666666666666,135.91666666666666
20785,2,2021-06-02 10:03:00,2021-06-03 09:56:00,23.883333333333333,53.945,-57.08,53.905,-56.73667,22.915787379200136,23.883333333333333,23.883333333333333,23.883333333333333,23.883333333333333
20786,3,2021-06-02 10:03:00,2021-06-09 21:21:00,179.3,54.095,-57.18167,54.02,-57.035,12.696059649001812,23.883333333333333,155.41666666666666,89.64999999999999,89.64999999999999
20787,6,2021-06-02 10:03:00,2021-07-29 21:41:00,1379.6333333333334,54.365,-57.195,53.81,-56.58167,73.54316045686713,23.883333333333333,629.0166666666667,288.0,275.9266666666667
20788,3,2021-06-02 10:03:00,2021-06-09 09:55:00,167.86666666666667,54.33833,-57.21667,54.29333,-56.74167,31.21301415355987,23.883333333333333,143.98333333333332,83.93333333333332,83.93333333333332
20789,4,2021-06-02 10:03:00,2021-06-15 09:56:00,311.8833333333333,54.64667,-57.675,54.29167,-56.74833,71.72068806228589,23.883333333333333,197.16666666666663,90.83333333333331,103.96111111111112
20791,4,2021-06-02 10:03:00,2021-06-21 09:56:00,455.8833333333333,54.47667,-56.84833,53.36333,-54.94667,175.58229310265256,23.883333333333333,348.4,83.6,151.9611111111111
20792,2,2021-06-02 10:03:00,2021-06-03 09:56:00,23.883333333333333,54.355,-57.09667,54.295,-56.81333,19.547629892964157,23.883333333333333,23.883333333333333,23.883333333333333,23.883333333333333
20794,2,2021-06-02 10:03:00,2021-06-03 09:56:00,23.883333333333333,54.09833,-57.18333,53.97167,-57.12,14.678606815896844,23.883333333333333,23.883333333333333,23.883333333333333,23.883333333333333
20795,3,2021-06-02 10:03:00,2021-06-06 21:32:00,107.48333333333332,54.085,-57.255,54.02,-57.035,16.077032116685583,23.883333333333333,83.6,53.74166666666666,53.74166666666666
20798,2,2021-06-02 10:03:00,2021-06-03 09:56:00,23.883333333333333,53.98667,-57.15,53.89167,-57.015,13.772011089270322,23.883333333333333,23.883333333333333,23.883333333333333,23.883333333333333
20799,3,2021-06-02 10:03:00,2021-06-14 10:03:00,288.0,53.945,-57.07,53.815,-56.61667,33.0438842376375,23.883333333333333,264.1166666666667,144.0,144.0
20800,3,2021-06-02 14:32:00,2021-06-10 15:22:00,192.83333333333331,55.515,-57.29167,54.74667,-55.57667,138.50383461974107,29.45,163.38333333333333,96.41666666666666,96.41666666666666
20803,4,2021-06-02 14:40:00,2021-06-16 09:47:00,331.1166666666667,55.625,-57.70833,54.58333,-54.335,243.8158524182946,23.85,204.4,102.86666666666666,110.37222222222222
20805,2,2021-06-02 15:08:00,2021-06-07 10:11:00,115.05,56.61333,-59.80167,55.9,-59.18167,88.07831427870393,115.05,115.05,115.05,115.05
20806,3,2021-06-02 15:10:00,2021-06-19 10:11:00,403.01666666666665,56.79,-59.375,55.78833,-57.11667,178.3923787361992,120.13333333333334,282.8833333333333,201.50833333333333,201.50833333333333
20807,2,2021-06-02 15:13:00,2021-06-07 10:11:00,114.96666666666668,56.67167,-59.85667,55.89333,-59.52333,88.95924480596383,114.96666666666668,114.96666666666668,114.96666666666668,114.96666666666668
20808,2,2021-06-02 15:15:00,2021-06-07 10:11:00,114.93333333333334,57.00333,-60.425,56.555,-60.44,49.86039553141631,114.93333333333334,114.93333333333334,114.93333333333334,114.93333333333334
20811,6,2021-06-02 15:27:00,2021-06-24 10:20:00,522.8833333333333,57.83,-59.79833,55.89667,-59.50833,215.6974037883128,12.65,197.25,107.5,104.57666666666668
20814,5,2021-06-02 15:44:00,2021-07-28 21:34:00,1349.8333333333333,58.68333,-60.84333,57.59833,-59.28333,151.44721692714833,114.45,541.45,346.96666666666664,337.45833333333337
20815,3,2021-06-02 15:44:00,2021-06-19 10:11:00,402.45,58.82833,-59.91667,57.46167,-60.22,153.00427197892952,114.45,288.0,201.225,201.225
20816,2,2021-06-02 15:46:00,2021-06-07 10:11:00,114.41666666666669,59.00667,-60.09167,58.11333,-59.76333,101.14352275414323,114.41666666666669,114.41666666666669,114.41666666666669,114.41666666666669
20817,2,2021-06-02 15:48:00,2021-06-07 10:11:00,114.38333333333334,59.035,-60.30667,57.94,-59.66167,127.3971070952461,114.38333333333334,114.38333333333334,114.38333333333334,114.38333333333334
20818,3,2021-06-02 15:49:00,2021-07-06 08:07:00,808.3,59.14167,-60.86167,57.51667,-59.00833,210.59261702328735,114.36666666666666,693.9333333333333,404.15,404.15
20825,6,2021-06-02 15:56:00,2021-07-13 10:11:00,978.25,59.395,-60.97,56.175,-59.85333,364.10131501739727,18.916666666666668,522.3833333333333,148.93333333333334,195.65
20828,7,2021-06-02 15:57:00,2021-07-20 10:03:00,1146.1,59.42333,-60.875,55.815,-58.20167,431.5706261103557,18.916666666666668,623.65,157.09166666666667,191.01666666666665
20829,7,2021-06-02 15:58:00,2021-07-24 21:32:00,1253.5666666666666,59.39167,-60.90833,54.60667,-57.09833,579.7183878685422,18.916666666666668,623.6333333333333,153.09166666666667,208.92777777777775
20832,8,2021-06-02 16:00:00,2021-07-24 21:32:00,1253.5333333333333,59.45167,-60.96333,55.01667,-56.94,549.1457379508951,18.916666666666668,623.6,148.93333333333334,179.07619047619048
20835,3,2021-06-02 16:06:00,2021-07-13 15:35:00,983.4833333333332,60.10667,-61.3,58.165,-60.25333,223.99992504002995,452.4,531.0833333333334,491.7416666666667,491.7416666666667
20837,2,2021-06-02 16:13:00,2021-06-09 21:59:00,173.76666666666668,60.06833,-62.06833,60.395,-62.285,38.24288090534108,173.76666666666668,173.76666666666668,173.76666666666668,173.76666666666668
20842,6,2021-06-02 16:21:00,2021-07-17 21:41:00,1085.3333333333333,59.75333,-62.08667,56.07333,-60.14,424.99831707190657,14.316666666666666,449.6166666666667,173.63333333333333,217.0666666666667
20844,2,2021-06-02 16:25:00,2021-06-24 10:19:00,521.9,59.755,-62.28333,60.09333,-61.60667,53.26402782362712,521.9,521.9,521.9,521.9
20847,2,2021-06-02 16:31:00,2021-06-09 21:59:00,173.46666666666667,59.95667,-63.86667,59.915,-63.69833,10.45969760752028,173.46666666666667,173.46666666666667,173.46666666666667,173.46666666666667
20848,12,2021-06-02 16:32:00,2021-08-24 10:27:00,1985.9166666666667,59.85667,-64.01667,59.12667,-62.48,118.79487784377446,11.55,719.0333333333333,48.28333333333333,180.5378787878788
20851,3,2021-06-02 16:35:00,2021-06-29 10:42:00,642.1166666666667,59.775,-63.21,59.59833,-62.79833,30.326876982508185,173.4,468.7166666666666,321.05833333333334,321.05833333333334
20852,3,2021-06-02 16:36:00,2021-07-29 10:42:00,1362.1,59.75833,-63.65333,59.28833,-63.06833,61.80360929006983,642.1,720.0,681.05,681.05
20855,2,2021-06-02 16:39:00,2021-06-29 09:10:00,640.5166666666667,59.59667,-62.42,59.28667,-62.8,40.61651235698685,640.5166666666667,640.5166666666667,640.5166666666667,640.5166666666667
20856,2,2021-06-02 16:40:00,2021-06-29 09:55:00,641.25,59.575,-62.40333,59.27833,-62.77667,39.16724962193479,641.25,641.25,641.25,641.25
20857,21,2021-06-02 16:41:00,2021-08-09 21:32:00,1636.85,59.42667,-62.41,55.39167,-56.23667,580.9051794822445,11.5,348.3333333333333,41.68333333333334,81.8425
20858,2,2021-06-02 16:42:00,2021-06-29 08:10:00,639.4666666666667,59.50667,-62.36167,59.18167,-62.01167,41.22788750295623,639.4666666666667,639.4666666666667,639.4666666666667,639.4666666666667
20859,2,2021-06-02 16:43:00,2021-06-09 21:59:00,173.26666666666668,59.99,-63.12667,59.94167,-63.08833,5.78217566353228,173.26666666666668,173.26666666666668,173.26666666666668,173.26666666666668
20860,2,2021-06-02 16:44:00,2021-06-29 07:52:00,639.1333333333333,59.23667,-62.77,58.92167,-62.165,49.21165872545286,639.1333333333333,639.1333333333333,639.1333333333333,639.1333333333333
20862,10,2021-06-02 16:47:00,2021-08-15 10:19:00,1769.5333333333333,58.89167,-62.81833,56.91833,-60.92167,246.35843951157543,11.55,647.8333333333334,143.73333333333332,196.61481481481485
20863,5,2021-06-02 16:49:00,2021-06-29 21:05:00,652.2666666666667,59.07,-62.46833,57.95833,-61.04833,148.58892456858428,29.48333333333333,348.3333333333333,137.225,163.06666666666666
20864,3,2021-06-02 16:52:00,2021-06-29 04:49:00,635.95,58.795,-62.68333,58.27667,-61.05667,110.60900680164592,13.216666666666669,622.7333333333333,317.975,317.975
20865,3,2021-06-02 16:53:00,2021-06-28 15:36:00,622.7166666666667,58.67,-62.74333,58.62167,-62.615,9.16565147856409,173.1,449.6166666666667,311.3583333333333,311.3583333333333
20868,6,2021-06-02 16:57:00,2021-07-25 15:26:00,1270.4833333333331,58.625,-62.4,57.44333,-61.595,139.67753128031086,29.48333333333333,622.65,167.85,254.09666666666664
20869,12,2021-06-02 16:57:00,2021-08-10 21:42:00,1660.75,58.635,-62.715,55.88333,-59.70333,355.4784921728565,11.533333333333331,622.65,120.0,150.97727272727275
20871,4,2021-06-02 17:00:00,2021-07-12 15:16:00,958.2666666666668,58.43167,-62.39,56.40333,-60.07667,264.648063927358,148.93333333333334,622.6,186.7333333333333,319.4222222222222
20872,2,2021-06-02 17:01:00,2021-06-28 15:36:00,622.5833333333334,58.35,-62.61333,58.17167,-62.27,28.22275103286654,622.5833333333334,622.5833333333334,622.5833333333334,622.5833333333334
20873,2,2021-06-02 17:02:00,2021-06-24 10:20:00,521.3,58.45333,-61.98,56.56833,-60.69333,223.2360691964765,521.3,521.3,521.3,521.3
20876,4,2021-06-02 17:04:00,2021-06-24 10:20:00,521.2666666666667,58.37333,-61.685,55.84167,-59.62333,307.77278813348045,12.65,401.1166666666667,107.5,173.75555555555556
20879,3,2021-06-02 17:07:00,2021-06-28 15:36:00,622.4833333333333,58.17,-61.86333,57.37167,-60.76833,109.98175728730916,101.28333333333332,521.2,311.2416666666667,311.2416666666667
20880,4,2021-06-02 17:08:00,2021-07-20 15:26:00,1150.3,58.115,-61.83167,57.27167,-61.05333,104.55989480181287,167.85,622.4666666666667,359.9833333333333,383.4333333333333
20881,5,2021-06-02 17:09:00,2021-06-24 10:20:00,521.1833333333333,58.09333,-61.72,55.66333,-59.64333,298.1779227239472,12.65,310.28333333333336,99.125,130.29583333333335
20885,4,2021-06-02 17:11:00,2021-06-24 10:20:00,521.15,57.96333,-61.66667,56.11667,-60.25167,222.45548611424695,12.65,401.0,107.5,173.71666666666667
20887,3,2021-06-02 17:12:00,2021-06-19 10:11:00,400.98333333333335,57.955,-61.52833,56.11167,-60.62333,212.1523841668636,90.75,310.2333333333333,200.49166666666667,200.49166666666667
20889,5,2021-06-02 17:13:00,2021-06-24 10:20:00,521.1166666666667,57.85833,-61.58167,55.80833,-59.64667,256.5227380211031,12.65,310.21666666666664,99.125,130.27916666666667
20890,7,2021-06-02 17:13:00,2021-07-31 21:58:00,1420.75,57.86833,-61.51,56.59333,-60.83667,147.44958920675387,72.4,622.3833333333333,143.925,236.7916666666667
20891,4,2021-06-02 17:14:00,2021-06-23 21:41:00,508.45,57.88833,-61.41333,55.53,-59.31667,291.75793517119376,90.75,310.2,107.5,169.48333333333332
20892,5,2021-06-02 17:14:00,2021-06-24 10:20:00,521.1,57.83,-61.42167,56.16,-60.17,200.56652864314125,12.65,310.2,99.125,130.275
20896,3,2021-06-02 17:17:00,2021-07-13 15:35:00,982.3,57.52167,-61.32667,57.48333,-60.895,26.1383191481682,359.9833333333333,622.3166666666667,491.15,491.15
20897,5,2021-06-02 17:18:00,2021-06-24 10:20:00,521.0333333333333,57.63167,-61.28833,56.1,-60.29333,180.72712739150165,12.65,310.1333333333333,99.125,130.25833333333333
20898,4,2021-06-02 17:19:00,2021-06-23 21:41:00,508.3666666666667,57.36667,-61.34833,55.66333,-59.64167,216.399494767295,90.75,310.1166666666667,107.5,169.45555555555555
20899,4,2021-06-02 17:20:00,2021-06-23 21:41:00,508.35,57.60333,-61.09333,55.25667,-58.86,294.8253362335958,90.75,310.1,107.5,169.45000000000002
20902,5,2021-06-02 17:21:00,2021-07-13 10:11:00,976.8333333333334,57.47167,-61.23167,55.44833,-59.41667,251.08100668617416,18.916666666666668,622.25,167.83333333333331,244.20833333333331
20903,2,2021-06-02 17:21:00,2021-06-07 10:11:00,112.83333333333331,57.22833,-61.12833,56.43333,-60.58333,94.41243766195852,112.83333333333331,112.83333333333331,112.83333333333331,112.83333333333331
20905,2,2021-06-02 17:23:00,2021-06-07 10:11:00,112.8,57.13667,-61.12667,56.41667,-60.615,85.91455980916191,112.8,112.8,112.8,112.8
20906,3,2021-06-02 17:24:00,2021-06-20 13:19:00,427.9166666666667,57.365,-60.83167,55.33,-56.55,347.4650111877375,112.78333333333332,315.1333333333333,213.9583333333333,213.9583333333333
20908,2,2021-06-02 17:25:00,2021-06-07 10:11:00,112.76666666666668,57.24333,-60.94,56.52333,-60.57667,83.04701468424581,112.76666666666668,112.76666666666668,112.76666666666668,112.76666666666668
20909,2,2021-06-02 17:25:00,2021-06-07 10:11:00,112.76666666666668,57.11333,-61.165,56.31333,-60.35667,101.71654403137816,112.76666666666668,112.76666666666668,112.76666666666668,112.76666666666668
20912,6,2021-06-02 17:29:00,2021-07-25 15:26:00,1269.95,57.20333,-60.33333,55.51167,-59.43833,196.01324889954483,112.7,461.1,210.9,253.99
20914,2,2021-06-02 17:30:00,2021-06-07 10:11:00,112.68333333333334,56.87333,-61.00167,56.27333,-60.53833,72.5023665629224,112.68333333333334,112.68333333333334,112.68333333333334,112.68333333333334
20915,2,2021-06-02 17:31:00,2021-06-07 10:11:00,112.66666666666669,56.82167,-60.98667,56.30167,-60.30167,71.44812847093117,112.66666666666669,112.66666666666669,112.66666666666669,112.66666666666669
20916,2,2021-06-02 17:32:00,2021-06-07 10:11:00,112.65,56.77667,-61.03333,56.26833,-60.47,66.24850062256358,112.65,112.65,112.65,112.65
20920,2,2021-06-02 17:38:00,2021-06-07 10:11:00,112.55,56.56333,-60.41833,56.0,-59.91167,70.01204588875807,112.55,112.55,112.55,112.55
20921,2,2021-06-02 17:38:00,2021-06-07 10:11:00,112.55,56.69833,-60.67667,55.875,-59.7,109.6095902303126,112.55,112.55,112.55,112.55
20922,2,2021-06-02 17:39:00,2021-06-07 10:11:00,112.53333333333332,56.70833,-59.87667,55.96333,-59.72,83.40111638270177,112.53333333333332,112.53333333333332,112.53333333333332,112.53333333333332
20924,2,2021-06-02 17:40:00,2021-06-07 10:11:00,112.51666666666668,56.34667,-60.43,55.64167,-59.88,85.5286866270854,112.51666666666668,112.51666666666668,112.51666666666668,112.51666666666668
20925,2,2021-06-02 17:40:00,2021-06-07 10:11:00,112.51666666666668,56.39167,-60.37333,55.875,-59.74333,69.45851241751942,112.51666666666668,112.51666666666668,112.51666666666668,112.51666666666668
20928,2,2021-06-02 17:42:00,2021-06-07 10:11:00,112.48333333333332,56.39,-60.17,55.73333,-59.63833,80.1310990950748,112.48333333333332,112.48333333333332,112.48333333333332,112.48333333333332
20929,2,2021-06-02 17:42:00,2021-06-07 10:11:00,112.48333333333332,56.35167,-60.43,55.75833,-59.69167,80.33899930868444,112.48333333333332,112.48333333333332,112.48333333333332,112.48333333333332
20930,2,2021-06-02 17:43:00,2021-06-07 10:11:00,112.46666666666668,56.33833,-60.47667,55.86333,-59.76833,68.69766893502373,112.46666666666668,112.46666666666668,112.46666666666668,112.46666666666668
20931,2,2021-06-02 17:48:00,2021-06-07 10:11:00,112.38333333333334,56.175,-59.72333,55.5,-59.08333,85.03117230038325,112.38333333333334,112.38333333333334,112.38333333333334,112.38333333333334
20932,3,2021-06-02 17:50:00,2021-06-07 21:24:00,123.56666666666666,55.945,-59.95167,55.36,-59.26,78.19360754592881,11.216666666666669,112.35,61.78333333333333,61.78333333333333
20934,3,2021-06-02 17:52:00,2021-06-07 21:24:00,123.53333333333332,55.84667,-60.23167,55.25333,-59.03,100.3281537378358,11.216666666666669,112.31666666666666,61.766666666666666,61.766666666666666
20935,2,2021-06-02 17:53:00,2021-06-09 21:26:00,171.55,56.035,-58.855,55.45333,-57.04333,130.53657022227853,171.55,171.55,171.55,171.55
20936,3,2021-06-02 17:54:00,2021-06-07 10:11:00,112.28333333333332,55.755,-59.7,55.24667,-58.845,78.06641850341774,12.65,99.63333333333334,56.14166666666667,56.14166666666667
20937,2,2021-06-02 17:55:00,2021-06-07 10:11:00,112.26666666666668,55.74333,-59.6,55.23,-59.18833,62.69570685286599,112.26666666666668,112.26666666666668,112.26666666666668,112.26666666666668
20938,3,2021-06-02 17:56:00,2021-06-09 21:26:00,171.5,55.78333,-59.275,55.04833,-57.775,125.0657666481578,71.9,99.6,85.75,85.75
20939,3,2021-06-02 17:57:00,2021-06-07 10:11:00,112.23333333333332,55.73833,-59.65333,55.185,-58.62833,89.22396828969406,12.65,99.58333333333331,56.11666666666667,56.11666666666667
20944,2,2021-06-02 18:02:00,2021-06-07 10:11:00,112.15,55.53333,-58.92667,55.225,-58.73,36.46655356479759,112.15,112.15,112.15,112.15
20945,2,2021-06-02 18:02:00,2021-06-06 21:32:00,99.5,55.31333,-59.15667,55.07333,-58.575,45.554266884615735,99.5,99.5,99.5,99.5
20946,2,2021-06-02 18:02:00,2021-06-07 10:11:00,112.15,55.21333,-59.06667,55.21667,-59.05667,0.735085615216471,112.15,112.15,112.15,112.15
20947,3,2021-06-02 18:05:00,2021-06-09 21:26:00,171.35,55.35167,-58.74667,55.16,-57.34333,91.4481064189536,71.9,99.45,85.67500000000001,85.67500000000001
20948,2,2021-06-02 18:05:00,2021-06-07 10:11:00,112.1,55.28,-58.94167,55.23167,-58.80667,10.103012991943755,112.1,112.1,112.1,112.1
20960,2,2021-06-02 17:31:00,2021-06-07 10:11:00,112.66666666666669,56.98648,-60.71296,56.42167,-60.33333,66.94259877421148,112.66666666666669,112.66666666666669,112.66666666666669,112.66666666666669
20961,2,2021-06-02 17:31:00,2021-06-07 10:11:00,112.66666666666669,56.9606,-60.6889,56.38833,-60.465,65.08687506391932,112.66666666666669,112.66666666666669,112.66666666666669,112.66666666666669
20962,2,2021-06-02 17:31:00,2021-06-07 10:11:00,112.66666666666669,56.94472,-60.6646,56.38,-60.40333,64.79186745122232,112.66666666666669,112.66666666666669,112.66666666666669,112.66666666666669
20963,2,2021-06-02 17:31:00,2021-06-07 10:11:00,112.66666666666669,56.96682,-60.68768,56.39667,-60.35667,66.54320723505096,112.66666666666669,112.66666666666669,112.66666666666669,112.66666666666669
20964,2,2021-06-02 17:45:00,2021-06-07 10:11:00,112.43333333333334,56.25481,-60.082,55.67667,-59.57333,71.65756269342198,112.43333333333334,112.43333333333334,112.43333333333334,112.43333333333334
20970,2,2021-06-02 17:46:00,2021-06-07 10:11:00,112.41666666666669,55.97379,-59.96835,55.32667,-59.48667,78.04467114387583,112.41666666666669,112.41666666666669,112.41666666666669,112.41666666666669
20971,2,2021-06-02 17:46:00,2021-06-07 10:11:00,112.41666666666669,55.99759,-59.90517,55.51667,-59.38,62.76443539654876,112.41666666666669,112.41666666666669,112.41666666666669,112.41666666666669
20972,2,2021-06-02 17:46:00,2021-06-07 10:11:00,112.41666666666669,55.98131,-59.90988,55.485,-59.33833,65.77251800076067,112.41666666666669,112.41666666666669,112.41666666666669,112.41666666666669
20973,2,2021-06-02 17:46:00,2021-06-07 10:11:00,112.41666666666669,55.99776,-59.95556,55.45333,-59.50333,66.83364810957029,112.41666666666669,112.41666666666669,112.41666666666669,112.41666666666669
20974,2,2021-06-02 17:48:00,2021-06-07 10:11:00,112.38333333333334,55.99662,-59.94991,55.45667,-59.43833,68.05075879114987,112.38333333333334,112.38333333333334,112.38333333333334,112.38333333333334
20975,2,2021-06-02 17:48:00,2021-06-07 10:11:00,112.38333333333334,56.00316,-59.94322,55.56167,-59.395,59.87500764092025,112.38333333333334,112.38333333333334,112.38333333333334,112.38333333333334
20976,2,2021-06-02 17:48:00,2021-06-07 10:11:00,112.38333333333334,55.99204,-59.96532,55.26167,-59.41667,88.21476687519598,112.38333333333334,112.38333333333334,112.38333333333334,112.38333333333334
20977,2,2021-06-02 17:48:00,2021-06-07 10:11:00,112.38333333333334,55.99122,-59.9533,55.495,-59.34667,66.97895773020956,112.38333333333334,112.38333333333334,112.38333333333334,112.38333333333334
20978,2,2021-06-02 17:48:00,2021-06-07 10:11:00,112.38333333333334,55.99245,-59.95634,55.55333,-59.35333,61.696958065474725,112.38333333333334,112.38333333333334,112.38333333333334,112.38333333333334
20980,2,2021-06-02 17:53:00,2021-06-07 10:11:00,112.3,55.90825,-59.64545,55.30667,-59.11833,74.63709412622455,112.3,112.3,112.3,112.3
20981,2,2021-06-02 17:53:00,2021-06-07 10:11:00,112.3,55.89686,-59.62995,55.30167,-58.91833,79.86572396241732,112.3,112.3,112.3,112.3
20982,3,2021-06-02 17:53:00,2021-06-07 21:24:00,123.51666666666668,55.92627,-59.64429,55.31833,-59.14167,74.60250087632183,11.216666666666669,112.3,61.75833333333333,61.75833333333333
20983,2,2021-06-02 17:53:00,2021-06-07 10:11:00,112.3,55.93448,-59.65285,55.36333,-59.085,72.8197020429728,112.3,112.3,112.3,112.3
20984,3,2021-06-02 17:53:00,2021-06-07 21:24:00,123.51666666666668,55.9182,-59.65714,55.29167,-59.00333,80.86989429496502,11.216666666666669,112.3,61.75833333333333,61.75833333333333
20985,4,2021-06-02 17:59:00,2021-06-09 21:26:00,171.45,55.69106,-59.58078,54.98667,-58.145,119.90760989076102,12.65,99.55,59.25,57.15
20987,3,2021-06-02 18:03:00,2021-06-07 21:24:00,123.35,55.22728,-59.0188,55.24333,-59.00333,2.036459938418622,11.216666666666669,112.13333333333334,61.675,61.675
20988,3,2021-06-02 18:03:00,2021-06-07 10:11:00,112.13333333333334,55.22751,-59.02016,55.215,-58.855,10.56748604489948,12.65,99.48333333333332,56.06666666666667,56.06666666666667
20990,2,2021-06-02 18:05:00,2021-06-06 21:32:00,99.45,55.31519,-58.98733,55.07167,-58.33,49.73798243735275,99.45,99.45,99.45,99.45
20991,2,2021-06-02 18:05:00,2021-06-06 21:32:00,99.45,55.29912,-59.02886,55.09,-58.55333,38.100082585722205,99.45,99.45,99.45,99.45
20992,3,2021-06-02 18:05:00,2021-06-07 10:11:00,112.1,55.31217,-59.02167,55.18833,-58.65,27.286126222380258,12.65,99.45,56.05,56.05
20993,2,2021-06-02 18:05:00,2021-06-07 10:11:00,112.1,55.31401,-59.0293,55.315,-59.04333,0.8945871643666552,112.1,112.1,112.1,112.1
21012,3,2021-06-07 10:11:00,2021-06-19 10:11:00,288.0,56.04833,-60.55333,55.30667,-59.20167,118.24518803688304,115.06666666666666,172.93333333333334,144.0,144.0
21015,3,2021-06-07 10:11:00,2021-06-19 10:11:00,288.0,56.02667,-60.55833,55.26,-59.13333,123.54189953149309,115.06666666666666,172.93333333333334,144.0,144.0
21025,3,2021-06-07 10:11:00,2021-06-19 10:11:00,288.0,55.89,-60.46333,55.56833,-59.64667,62.4021999641387,90.75,197.25,144.0,144.0
21036,3,2021-06-07 10:11:00,2021-06-24 10:20:00,408.15,55.34167,-60.09833,55.42667,-59.36333,47.37952560119537,120.15,288.0,204.075,204.075
21037,2,2021-06-09 21:26:00,2021-06-15 15:26:00,138.0,56.75833,-58.695,56.595,-58.63667,18.507701246957733,138.0,138.0,138.0,138.0
21040,5,2021-06-14 10:03:00,2021-07-16 14:57:00,772.9,55.21167,-58.51333,53.93,-56.525,191.65421104445136,5.066666666666666,527.8333333333334,120.0,193.225
21041,2,2021-06-14 10:03:00,2021-06-14 15:07:00,5.066666666666666,55.22333,-58.56833,55.225,-58.56833,0.1856955274964524,5.066666666666666,5.066666666666666,5.066666666666666,5.066666666666666
21042,3,2021-06-14 10:03:00,2021-06-19 10:11:00,120.13333333333334,55.23833,-58.89333,55.175,-58.625,18.424338746628912,5.066666666666666,115.06666666666666,60.06666666666666,60.06666666666666
21043,3,2021-06-14 10:03:00,2021-07-06 14:57:00,532.9,55.16333,-58.50833,54.77667,-56.65667,125.7577972109938,5.066666666666666,527.8333333333334,266.45000000000005,266.45000000000005
21045,3,2021-06-14 10:03:00,2021-06-19 10:11:00,120.13333333333334,55.17333,-58.645,55.21167,-58.515,9.287667184167727,5.066666666666666,115.06666666666666,60.06666666666666,60.06666666666666
21050,2,2021-06-14 10:03:00,2021-06-14 15:07:00,5.066666666666666,55.13667,-58.45833,55.13667,-58.46,0.1061474350925437,5.066666666666666,5.066666666666666,5.066666666666666,5.066666666666666
21051,2,2021-06-14 10:03:00,2021-06-14 15:07:00,5.066666666666666,55.15333,-58.49167,55.15833,-58.455,2.3950980812002816,5.066666666666666,5.066666666666666,5.066666666666666,5.066666666666666
21052,2,2021-06-14 10:03:00,2021-06-14 15:07:00,5.066666666666666,55.165,-58.63,55.165,-58.63667,0.4236531745969958,5.066666666666666,5.066666666666666,5.066666666666666,5.066666666666666
21053,3,2021-06-14 10:03:00,2021-06-19 10:11:00,120.13333333333334,55.16,-58.72833,55.16333,-58.50833,13.979635561685347,5.066666666666666,115.06666666666666,60.06666666666666,60.06666666666666
21054,2,2021-06-14 10:03:00,2021-06-14 15:07:00,5.066666666666666,55.16333,-58.76333,55.13333,-58.65833,7.459445448700954,5.066666666666666,5.066666666666666,5.066666666666666,5.066666666666666
21055,2,2021-06-14 10:03:00,2021-06-14 15:07:00,5.066666666666666,55.16333,-58.73333,55.165,-58.74667,0.8674335392624981,5.066666666666666,5.066666666666666,5.066666666666666,5.066666666666666
21056,3,2021-06-14 10:03:00,2021-06-21 09:55:00,167.86666666666667,55.1,-58.34833,55.11833,-56.615,110.2646870451076,47.73333333333333,120.13333333333334,83.93333333333334,83.93333333333334
21057,2,2021-06-14 10:03:00,2021-06-14 15:07:00,5.066666666666666,55.12,-58.51667,55.13167,-58.51333,1.3149051644718326,5.066666666666666,5.066666666666666,5.066666666666666,5.066666666666666
21058,2,2021-06-14 10:03:00,2021-06-14 15:07:00,5.066666666666666,55.14667,-58.71833,55.11333,-58.655,5.472877632361388,5.066666666666666,5.066666666666666,5.066666666666666,5.066666666666666
21059,2,2021-06-14 10:03:00,2021-06-14 15:07:00,5.066666666666666,55.14167,-58.79,55.11667,-58.61167,11.6728618827112,5.066666666666666,5.066666666666666,5.066666666666666,5.066666666666666
21061,2,2021-06-14 10:03:00,2021-06-14 15:07:00,5.066666666666666,55.11,-58.52,55.11167,-58.52333,0.2816744075108155,5.066666666666666,5.066666666666666,5.066666666666666,5.066666666666666
21062,2,2021-06-14 10:03:00,2021-06-14 15:07:00,5.066666666666666,55.10333,-58.61833,55.065,-58.56667,5.382914645747734,5.066666666666666,5.066666666666666,5.066666666666666,5.066666666666666
21064,2,2021-06-14 10:03:00,2021-06-14 15:07:00,5.066666666666666,55.11333,-58.655,55.115,-58.56,6.044583757967677,5.066666666666666,5.066666666666666,5.066666666666666,5.066666666666666
21065,2,2021-06-14 10:03:00,2021-06-14 15:07:00,5.066666666666666,55.11,-58.705,55.11333,-58.585,7.641113979815503,5.066666666666666,5.066666666666666,5.066666666666666,5.066666666666666
21067,2,2021-06-14 10:03:00,2021-06-14 15:07:00,5.066666666666666,55.06667,-58.45,55.08167,-58.49833,3.499746073810045,5.066666666666666,5.066666666666666,5.066666666666666,5.066666666666666
21068,2,2021-06-14 10:03:00,2021-06-14 15:07:00,5.066666666666666,55.07333,-58.49333,55.065,-58.455,2.610290855544829,5.066666666666666,5.066666666666666,5.066666666666666,5.066666666666666
21069,2,2021-06-14 10:03:00,2021-06-14 15:07:00,5.066666666666666,55.06667,-58.51,55.04167,-58.49833,2.8775301017537287,5.066666666666666,5.066666666666666,5.066666666666666,5.066666666666666
21072,3,2021-06-14 10:03:00,2021-06-19 10:11:00,120.13333333333334,55.10167,-58.85667,55.21667,-58.695,16.401038935831615,5.066666666666666,115.06666666666666,60.06666666666666,60.06666666666666
21073,3,2021-06-14 10:03:00,2021-06-19 10:11:00,120.13333333333334,55.10667,-58.85,55.21667,-58.68833,15.970943174350335,5.066666666666666,115.06666666666666,60.06666666666666,60.06666666666666
21080,2,2021-06-14 10:03:00,2021-06-19 10:11:00,120.13333333333334,55.07333,-58.85667,55.35667,-59.24833,40.123773826611,120.13333333333334,120.13333333333334,120.13333333333334,120.13333333333334
21081,3,2021-06-14 10:03:00,2021-06-19 10:11:00,120.13333333333334,55.085,-58.85667,55.205,-58.695,16.84034083567669,5.066666666666666,115.06666666666666,60.06666666666666,60.06666666666666
21082,2,2021-06-14 10:03:00,2021-06-20 10:00:00,143.95,54.96,-57.69,54.75167,-55.885,117.82995597249356,143.95,143.95,143.95,143.95
21085,2,2021-06-14 10:03:00,2021-06-21 09:55:00,167.86666666666667,54.98333,-57.97667,54.43333,-56.91333,91.68542628179488,167.86666666666667,167.86666666666667,167.86666666666667,167.86666666666667
21087,2,2021-06-14 10:03:00,2021-06-14 15:07:00,5.066666666666666,55.04333,-58.54333,55.02167,-58.48667,4.340334500560721,5.066666666666666,5.066666666666666,5.066666666666666,5.066666666666666
21088,2,2021-06-14 10:03:00,2021-06-14 15:07:00,5.066666666666666,55.04833,-58.565,55.045,-58.54333,1.4292749867461765,5.066666666666666,5.066666666666666,5.066666666666666,5.066666666666666
21090,2,2021-06-14 10:03:00,2021-06-19 10:11:00,120.13333333333334,55.04333,-58.79833,55.39,-59.44167,56.13658207636931,120.13333333333334,120.13333333333334,120.13333333333334,120.13333333333334
21091,2,2021-06-14 10:03:00,2021-06-19 10:11:00,120.13333333333334,55.065,-58.83,55.315,-59.46667,49.050906771984586,120.13333333333334,120.13333333333334,120.13333333333334,120.13333333333334
21093,2,2021-06-14 10:03:00,2021-06-21 09:55:00,167.86666666666667,54.935,-57.83333,54.32667,-56.625,103.07160364212228,167.86666666666667,167.86666666666667,167.86666666666667,167.86666666666667
21101,2,2021-06-14 10:03:00,2021-06-19 10:11:00,120.13333333333334,55.02667,-58.71667,55.415,-59.29,56.4525560083917,120.13333333333334,120.13333333333334,120.13333333333334,120.13333333333334
21103,2,2021-06-14 10:03:00,2021-06-19 10:11:00,120.13333333333334,55.03833,-58.80333,55.45833,-59.29833,56.26194028339668,120.13333333333334,120.13333333333334,120.13333333333334,120.13333333333334
21107,2,2021-06-14 10:03:00,2021-06-14 15:07:00,5.066666666666666,54.99,-58.50333,54.98167,-58.51667,1.2579082787666005,5.066666666666666,5.066666666666666,5.066666666666666,5.066666666666666
21109,2,2021-06-14 10:03:00,2021-06-14 15:07:00,5.066666666666666,54.99833,-58.63,54.99833,-58.63,0.0,5.066666666666666,5.066666666666666,5.066666666666666,5.066666666666666
21121,2,2021-06-14 10:03:00,2021-06-14 15:07:00,5.066666666666666,55.20667,-58.69667,55.175,-58.625,5.752999629623752,5.066666666666666,5.066666666666666,5.066666666666666,5.066666666666666
21126,2,2021-06-14 10:03:00,2021-06-14 15:07:00,5.066666666666666,55.10833,-58.54333,55.08667,-58.52167,2.774872247894258,5.066666666666666,5.066666666666666,5.066666666666666,5.066666666666666
21127,2,2021-06-14 10:03:00,2021-06-14 15:07:00,5.066666666666666,55.10167,-58.59667,55.1,-58.57667,1.285847037264816,5.066666666666666,5.066666666666666,5.066666666666666,5.066666666666666
21129,2,2021-06-14 10:03:00,2021-06-14 15:07:00,5.066666666666666,55.095,-58.56167,55.10667,-58.59333,2.395978949284427,5.066666666666666,5.066666666666666,5.066666666666666,5.066666666666666
21131,2,2021-06-14 10:03:00,2021-06-14 15:07:00,5.066666666666666,55.04167,-58.49667,55.04667,-58.41667,5.126918584353135,5.066666666666666,5.066666666666666,5.066666666666666,5.066666666666666
21135,2,2021-06-14 10:03:00,2021-06-14 15:07:00,5.066666666666666,55.02,-58.485,55.04167,-58.415,5.070246937424145,5.066666666666666,5.066666666666666,5.066666666666666,5.066666666666666
21137,2,2021-06-14 10:03:00,2021-06-14 15:07:00,5.066666666666666,55.00667,-58.53333,55.00667,-58.53667,0.2129857403803094,5.066666666666666,5.066666666666666,5.066666666666666,5.066666666666666
21144,5,2021-06-14 10:03:00,2021-07-20 10:04:00,864.0166666666667,55.21,-58.75167,53.545,-55.85,263.7625339603104,5.066666666666666,652.7666666666667,103.09166666666668,216.00416666666663
21146,2,2021-06-14 10:03:00,2021-06-15 09:56:00,23.883333333333333,54.72667,-57.05,54.60833,-56.94667,14.74133887595602,23.883333333333333,23.883333333333333,23.883333333333333,23.883333333333333
21155,2,2021-06-14 10:03:00,2021-06-19 10:11:00,120.13333333333334,54.79833,-58.60833,55.24667,-58.885,52.88046834468123,120.13333333333334,120.13333333333334,120.13333333333334,120.13333333333334
21157,2,2021-06-14 10:03:00,2021-06-15 09:56:00,23.883333333333333,54.55833,-57.05667,54.35833,-56.97333,22.882098410058912,23.883333333333333,23.883333333333333,23.883333333333333,23.883333333333333
21159,2,2021-06-14 10:03:00,2021-06-15 09:56:00,23.883333333333333,54.54333,-56.82333,54.54333,-56.82333,0.0,23.883333333333333,23.883333333333333,23.883333333333333,23.883333333333333
21185,2,2021-06-14 10:03:00,2021-06-19 10:11:00,120.13333333333334,54.86833,-58.64,55.20167,-58.75,37.72267339929172,120.13333333333334,120.13333333333334,120.13333333333334,120.13333333333334
21187,4,2021-06-14 15:07:00,2021-07-25 15:26:00,984.3166666666668,55.37833,-59.23,55.545,-59.36667,20.43778147142747,115.06666666666666,461.1,408.15,328.10555555555555
21189,2,2021-06-14 15:07:00,2021-06-19 10:11:00,115.06666666666666,55.33833,-59.19167,55.25667,-59.08667,11.253109932865437,115.06666666666666,115.06666666666666,115.06666666666666,115.06666666666666
21191,2,2021-06-14 15:07:00,2021-06-19 10:11:00,115.06666666666666,55.32167,-59.14167,55.215,-58.9,19.367173957146544,115.06666666666666,115.06666666666666,115.06666666666666,115.06666666666666
21192,2,2021-06-14 15:07:00,2021-06-19 10:11:00,115.06666666666666,55.31833,-59.14333,55.31833,-59.14167,0.1050310970109668,115.06666666666666,115.06666666666666,115.06666666666666,115.06666666666666
21193,2,2021-06-14 15:07:00,2021-06-19 10:11:00,115.06666666666666,55.32,-59.14167,55.22,-58.935,17.17705413896054,115.06666666666666,115.06666666666666,115.06666666666666,115.06666666666666
21196,2,2021-06-14 15:07:00,2021-06-19 10:11:00,115.06666666666666,55.24333,-59.00333,55.20167,-58.94333,5.995047026965692,115.06666666666666,115.06666666666666,115.06666666666666,115.06666666666666
21197,2,2021-06-14 15:07:00,2021-06-19 10:11:00,115.06666666666666,55.24167,-58.97,55.205,-58.82333,10.156706790619136,115.06666666666666,115.06666666666666,115.06666666666666,115.06666666666666
21198,2,2021-06-14 15:07:00,2021-06-19 10:11:00,115.06666666666666,55.235,-58.96833,55.26333,-59.035,5.270659758546633,115.06666666666666,115.06666666666666,115.06666666666666,115.06666666666666
21199,2,2021-06-14 15:07:00,2021-06-19 10:11:00,115.06666666666666,55.22333,-59.035,55.21667,-59.035,0.7405582114526132,115.06666666666666,115.06666666666666,115.06666666666666,115.06666666666666
21200,2,2021-06-14 15:07:00,2021-06-19 10:11:00,115.06666666666666,55.21,-59.11333,55.47333,-59.44333,35.95575029358943,115.06666666666666,115.06666666666666,115.06666666666666,115.06666666666666
21202,2,2021-06-14 15:07:00,2021-06-19 10:11:00,115.06666666666666,55.19167,-58.83833,55.24167,-59.0,11.665462464880813,115.06666666666666,115.06666666666666,115.06666666666666,115.06666666666666
21203,2,2021-06-14 15:07:00,2021-06-19 10:11:00,115.06666666666666,55.16,-58.975,55.225,-59.18167,14.977207175999425,115.06666666666666,115.06666666666666,115.06666666666666,115.06666666666666
21206,3,2021-06-15 15:26:00,2021-06-24 10:20:00,210.9,56.55,-60.435,55.715,-59.56167,107.46581625680012,90.75,120.15,105.45,105.45
21207,3,2021-06-15 15:26:00,2021-06-23 21:41:00,198.25,56.52833,-60.44,55.52167,-59.43333,128.22510448124012,90.75,107.5,99.125,99.125
21210,3,2021-06-15 15:26:00,2021-06-24 10:20:00,210.9,56.365,-60.36167,55.44,-59.32167,121.57848795376172,90.75,120.15,105.45,105.45
21211,3,2021-06-15 15:26:00,2021-06-24 10:20:00,210.9,56.36667,-60.47333,56.255,-60.27167,17.575273909725464,90.75,120.15,105.45,105.45
21212,3,2021-06-15 15:26:00,2021-06-24 10:20:00,210.9,56.35333,-60.48,55.52333,-59.43333,112.98776064352022,90.75,120.15,105.45,105.45
21214,2,2021-06-15 15:26:00,2021-06-19 10:11:00,90.75,56.31,-60.60667,56.01167,-60.49667,33.864815415856626,90.75,90.75,90.75,90.75
21217,4,2021-06-15 15:26:00,2021-06-24 10:20:00,210.9,56.26167,-60.46333,55.96167,-60.24167,36.07838921234128,12.65,107.5,90.75,70.3
21218,3,2021-06-15 15:26:00,2021-06-23 21:41:00,198.25,56.235,-60.36167,55.31833,-59.14167,127.317073331204,90.75,107.5,99.125,99.125
21219,2,2021-06-15 15:26:00,2021-06-19 10:11:00,90.75,56.23333,-60.40833,55.96333,-59.94333,41.63026045346177,90.75,90.75,90.75,90.75
21220,2,2021-06-15 15:26:00,2021-06-19 10:11:00,90.75,56.225,-60.29833,55.95333,-59.95167,37.08120496324175,90.75,90.75,90.75,90.75
21221,3,2021-06-15 15:26:00,2021-06-23 21:41:00,198.25,56.22167,-60.34667,55.46333,-58.84333,126.16799174442686,90.75,107.5,99.125,99.125
21223,3,2021-06-15 15:26:00,2021-07-06 10:20:00,498.9,56.07667,-60.24833,55.515,-59.27167,87.33414330686621,90.75,408.15,249.45,249.45
21224,2,2021-06-15 15:26:00,2021-06-19 10:11:00,90.75,55.93,-59.94167,55.475,-59.69667,52.87122105707363,90.75,90.75,90.75,90.75
21225,2,2021-06-15 15:26:00,2021-06-19 10:11:00,90.75,55.82167,-59.7,55.50833,-59.51167,36.789434614770094,90.75,90.75,90.75,90.75
21226,4,2021-06-15 15:26:00,2021-07-12 15:16:00,647.8333333333334,55.99333,-60.23,55.52,-59.43167,72.56145383692551,90.75,408.15,148.93333333333334,215.94444444444443
21227,3,2021-06-15 15:26:00,2021-06-24 10:20:00,210.9,56.38833,-60.725,56.17167,-60.45833,29.178132614793974,90.75,120.15,105.45,105.45
21228,2,2021-06-15 15:26:00,2021-06-19 10:11:00,90.75,56.13,-60.415,55.85833,-60.125,35.182241784483075,90.75,90.75,90.75,90.75
21230,3,2021-06-15 15:26:00,2021-06-28 15:30:00,312.06666666666666,56.62333,-59.87333,55.69,-57.11833,199.67300569724551,90.75,221.31666666666663,156.03333333333333,156.03333333333333
21231,2,2021-06-15 15:26:00,2021-06-19 10:11:00,90.75,56.61,-60.04333,56.01333,-59.13333,86.90083926242178,90.75,90.75,90.75,90.75
21232,3,2021-06-15 15:26:00,2021-06-24 10:20:00,210.9,56.175,-60.17,55.35833,-59.35667,104.08899417241358,90.75,120.15,105.45,105.45
21233,3,2021-06-15 15:26:00,2021-06-23 21:41:00,198.25,56.16333,-60.14667,55.47167,-58.83667,112.30255377822438,90.75,107.5,99.125,99.125
21234,2,2021-06-15 15:26:00,2021-06-19 10:11:00,90.75,56.145,-60.12333,55.86167,-59.76,38.76649898665066,90.75,90.75,90.75,90.75
21235,2,2021-06-15 15:26:00,2021-06-19 10:11:00,90.75,56.09,-60.19167,55.75167,-59.73,47.35736885522267,90.75,90.75,90.75,90.75
21236,2,2021-06-15 15:26:00,2021-06-19 10:11:00,90.75,56.02167,-60.04333,55.69,-59.63,45.00638491641676,90.75,90.75,90.75,90.75
21237,2,2021-06-15 15:26:00,2021-06-19 10:11:00,90.75,55.98333,-60.01833,55.65833,-59.60667,44.35361268224521,90.75,90.75,90.75,90.75
21238,2,2021-06-15 15:26:00,2021-06-19 10:11:00,90.75,55.98333,-59.92333,55.58167,-59.63,48.281957078907325,90.75,90.75,90.75,90.75
21244,2,2021-06-15 15:26:00,2021-06-19 10:11:00,90.75,55.87,-59.785,55.52833,-59.50167,41.93558891835536,90.75,90.75,90.75,90.75
21246,2,2021-06-15 15:26:00,2021-06-19 10:11:00,90.75,55.845,-59.62833,55.475,-59.36833,44.25649385689476,90.75,90.75,90.75,90.75
21247,2,2021-06-15 15:26:00,2021-06-19 10:11:00,90.75,55.835,-59.66833,55.52833,-59.39167,38.2573958623678,90.75,90.75,90.75,90.75
21248,3,2021-06-15 15:26:00,2021-06-23 21:41:00,198.25,55.865,-59.87,55.21167,-58.515,112.0067008255047,90.75,107.5,99.125,99.125
21249,2,2021-06-15 15:26:00,2021-06-19 10:11:00,90.75,55.87333,-59.87667,55.57667,-59.52167,39.7785633809629,90.75,90.75,90.75,90.75
21250,2,2021-06-15 15:26:00,2021-06-19 10:11:00,90.75,55.90167,-59.99167,55.525,-59.43167,54.632416450307474,90.75,90.75,90.75,90.75
21251,2,2021-06-15 15:26:00,2021-06-19 10:11:00,90.75,55.98833,-60.09833,55.69167,-59.60833,44.99018857873808,90.75,90.75,90.75,90.75
21252,2,2021-06-15 15:26:00,2021-06-19 10:11:00,90.75,56.045,-60.19667,55.73833,-59.58333,51.23850819272165,90.75,90.75,90.75,90.75
21253,2,2021-06-15 15:26:00,2021-06-19 10:11:00,90.75,56.13667,-60.12333,55.84333,-59.62667,44.92329003826524,90.75,90.75,90.75,90.75
21255,3,2021-06-19 10:11:00,2021-06-24 10:20:00,120.15,56.36,-60.35167,55.66,-59.59667,90.89014331294436,12.65,107.5,60.075,60.075
21257,3,2021-06-19 10:11:00,2021-06-24 10:20:00,120.15,56.19667,-60.385,55.445,-59.27333,108.66303195611911,12.65,107.5,60.075,60.075
21258,2,2021-06-19 10:11:00,2021-06-24 10:20:00,120.15,56.21333,-60.60167,55.665,-59.62,86.3413154945952,120.15,120.15,120.15,120.15
21262,4,2021-06-19 10:11:00,2021-07-25 15:26:00,869.25,55.695,-60.09333,55.65,-59.765,21.187356206358235,148.93333333333334,408.15,312.1666666666667,289.75
21265,2,2021-06-19 10:11:00,2021-06-23 21:41:00,107.5,56.18333,-60.31,55.495,-59.34333,97.47180879142908,107.5,107.5,107.5,107.5
21266,4,2021-06-19 10:11:00,2021-07-13 10:11:00,576.0,55.59333,-60.10333,55.54667,-59.38667,45.35358927394676,18.916666666666668,408.15,148.93333333333334,192.0
21267,3,2021-06-19 10:11:00,2021-07-12 15:16:00,557.0833333333334,55.70333,-60.21,55.595,-59.77333,29.92889283021396,148.93333333333334,408.15,278.54166666666663,278.54166666666663
21270,2,2021-06-21 09:48:00,2021-06-24 10:19:00,72.51666666666667,59.15333,-60.175,58.765,-59.67667,51.77764871329073,72.51666666666667,72.51666666666667,72.51666666666667,72.51666666666667
21272,5,2021-06-21 11:40:00,2021-07-13 15:35:00,531.9166666666666,59.40833,-60.80167,57.84,-60.52667,175.11515207936398,70.65,175.6,142.83333333333334,132.97916666666669
21273,4,2021-06-21 12:06:00,2021-07-06 15:15:00,363.15,59.50333,-60.83333,58.80833,-60.94333,77.53447017040389,70.21666666666667,175.68333333333334,117.25,121.05
21282,9,2021-06-21 13:30:00,2021-08-14 10:10:00,1292.6666666666667,59.62595,-60.89778,56.19833,-59.445,390.6506137336178,36.2,461.26666666666665,99.06666666666666,161.58333333333331
21283,2,2021-06-21 13:30:00,2021-06-24 10:19:00,68.81666666666666,59.66957,-60.89562,59.735,-60.68333,13.955396817316071,68.81666666666666,68.81666666666666,68.81666666666666,68.81666666666666
21285,4,2021-06-21 14:50:00,2021-07-25 15:26:00,816.6,59.84583,-60.87707,58.17667,-60.175,189.90165353034195,120.0,528.75,167.85,272.2
21286,2,2021-06-21 14:50:00,2021-07-13 15:35:00,528.75,59.91212,-60.95243,58.94667,-59.87333,123.48310811720224,528.75,528.75,528.75,528.75
21287,2,2021-06-21 14:50:00,2021-07-13 15:35:00,528.75,59.95541,-60.96465,59.23167,-60.39,86.73067444084126,528.75,528.75,528.75,528.75
21292,5,2021-06-28 13:10:00,2021-07-20 10:04:00,524.9,55.15167,-56.925,53.165,-55.63,236.44149445020625,90.98333333333332,193.78333333333333,120.06666666666666,131.225
21294,2,2021-06-28 13:38:00,2021-07-06 14:57:00,193.31666666666663,55.095,-56.93667,54.54833,-55.91,89.55726644988091,193.31666666666663,193.31666666666663,193.31666666666663,193.31666666666663
21296,3,2021-06-29 05:27:00,2021-07-20 15:26:00,513.9833333333333,58.52,-61.05167,57.65333,-59.55667,130.41502591327182,173.61666666666667,340.3666666666667,256.9916666666667,256.9916666666667
21302,5,2021-06-29 07:54:00,2021-07-25 15:26:00,631.5333333333333,59.29167,-62.02667,58.17667,-60.175,163.6677024196386,120.0,178.03333333333333,166.75,157.88333333333333
21310,3,2021-07-06 10:20:00,2021-07-13 10:11:00,167.85,56.64167,-60.71167,55.85833,-60.07167,95.65555296284208,18.916666666666668,148.93333333333334,83.925,83.925
21311,3,2021-07-06 10:20:00,2021-07-13 10:11:00,167.85,56.62,-60.52,55.92167,-59.87833,87.17288645360023,18.916666666666668,148.93333333333334,83.925,83.925
21312,3,2021-07-06 10:20:00,2021-07-13 10:11:00,167.85,56.43,-60.9,56.13,-60.09833,59.67867459745474,18.916666666666668,148.93333333333334,83.925,83.925
21314,3,2021-07-06 10:20:00,2021-07-13 10:11:00,167.85,56.17167,-60.28833,55.525,-59.5,87.13178185415128,18.916666666666668,148.93333333333334,83.925,83.925
21318,2,2021-07-06 10:20:00,2021-07-13 10:11:00,167.85,55.93,-59.74,55.18167,-58.70333,105.70854729481051,167.85,167.85,167.85,167.85
21322,3,2021-07-06 10:20:00,2021-07-13 10:11:00,167.85,55.39,-59.20333,55.54833,-59.41333,22.026269639255304,18.916666666666668,148.93333333333334,83.925,83.925
21323,2,2021-07-09 09:56:00,2021-07-11 14:57:00,53.016666666666666,52.58833,-54.88833,52.52833,-54.775,10.159053929984754,53.016666666666666,53.016666666666666,53.016666666666666,53.016666666666666
21324,2,2021-07-09 09:56:00,2021-07-11 14:57:00,53.016666666666666,52.58167,-55.045,52.53167,-54.78333,18.543011687004395,53.016666666666666,53.016666666666666,53.016666666666666,53.016666666666666
21326,2,2021-07-10 12:00:00,2021-07-25 15:26:00,363.4333333333333,58.935,-62.81,58.39333,-61.38833,101.91055829989476,363.4333333333333,363.4333333333333,363.4333333333333,363.4333333333333
21327,3,2021-07-10 12:00:00,2021-07-25 15:26:00,363.4333333333333,58.035,-59.825,58.14333,-59.77333,12.422703327949844,120.0,243.4333333333333,181.71666666666667,181.71666666666667
21330,2,2021-07-12 15:16:00,2021-07-13 10:11:00,18.916666666666668,56.78167,-59.72833,56.74167,-59.67667,5.449455813482733,18.916666666666668,18.916666666666668,18.916666666666668,18.916666666666668
21332,2,2021-07-12 15:16:00,2021-07-13 10:11:00,18.916666666666668,56.72667,-59.745,56.61,-59.66333,13.899710725344136,18.916666666666668,18.916666666666668,18.916666666666668,18.916666666666668
21338,4,2021-07-12 15:16:00,2021-07-24 21:32:00,294.26666666666665,56.12167,-60.04333,55.01167,-57.2,217.2149311479917,18.916666666666668,167.86666666666667,107.48333333333332,98.08888888888887
21340,2,2021-07-12 15:16:00,2021-07-13 10:11:00,18.916666666666668,55.955,-59.94167,55.95667,-59.94333,0.2125114274642924,18.916666666666668,18.916666666666668,18.916666666666668,18.916666666666668
21343,2,2021-07-13 10:11:00,2021-07-17 21:41:00,107.5,56.59333,-59.065,56.53,-58.38167,42.45738991664359,107.5,107.5,107.5,107.5
21344,2,2021-07-13 10:11:00,2021-07-17 21:41:00,107.5,56.48333,-60.445,55.955,-59.37667,88.39503724834877,107.5,107.5,107.5,107.5
21348,2,2021-07-13 10:11:00,2021-07-20 10:03:00,167.86666666666667,56.11333,-58.42667,55.33167,-56.45667,150.9048004881337,167.86666666666667,167.86666666666667,167.86666666666667,167.86666666666667
21349,2,2021-07-13 10:11:00,2021-07-20 10:03:00,167.86666666666667,56.01333,-60.22,55.03333,-58.485,154.2671249998567,167.86666666666667,167.86666666666667,167.86666666666667,167.86666666666667
21357,4,2021-07-13 15:35:00,2021-07-31 10:26:00,426.85,58.875,-60.85833,58.01667,-60.505,97.63093605761428,120.0,167.85,139.0,142.28333333333333
21359,10,2021-07-20 15:26:00,2021-08-21 10:02:00,762.6,57.615,-60.24167,56.56,-58.80333,145.98565758193922,11.5,324.21666666666664,47.71666666666667,84.73333333333333
21362,2,2021-07-20 15:26:00,2021-07-25 15:26:00,120.0,57.135,-60.47833,56.84,-59.93333,46.54131128801767,120.0,120.0,120.0,120.0
21364,2,2021-07-20 15:26:00,2021-07-25 15:26:00,120.0,56.91333,-60.68,56.39333,-60.235,63.89931513676888,120.0,120.0,120.0,120.0
21365,10,2021-07-20 15:26:00,2021-08-22 21:41:00,798.25,56.87667,-60.01667,54.71667,-56.83833,311.629744455472,11.5,132.21666666666667,120.0,88.69444444444443
21366,2,2021-07-20 15:26:00,2021-07-25 15:26:00,120.0,56.84167,-60.70667,56.37667,-60.24,59.06782769493685,120.0,120.0,120.0,120.0
21367,2,2021-07-20 15:26:00,2021-07-25 15:26:00,120.0,56.775,-60.80167,56.295,-60.14,67.04213836288253,120.0,120.0,120.0,120.0
21368,3,2021-07-20 15:26:00,2021-07-28 19:32:00,196.1,56.72667,-59.625,56.52167,-58.42667,76.76491623950622,76.1,120.0,98.05,98.05
21374,7,2021-07-25 15:26:00,2021-08-06 10:10:00,282.7333333333333,55.72833,-59.425,55.04167,-58.07833,114.30058111258326,11.533333333333331,108.6,35.93333333333334,47.12222222222224
21375,2,2021-07-25 15:26:00,2021-08-07 21:50:00,318.4,57.555,-61.59833,57.535,-61.58333,2.3972639558604985,318.4,318.4,318.4,318.4
21380,9,2021-07-25 15:26:00,2021-08-20 21:58:00,630.5333333333333,58.15,-61.58667,56.45333,-60.35833,202.56817190675048,11.55,167.85,72.13333333333333,78.81666666666666
21381,7,2021-07-25 15:26:00,2021-08-15 21:49:00,510.3833333333333,58.01333,-61.26167,55.88667,-59.72833,254.08221673641728,11.5,167.86666666666667,75.80833333333334,85.0638888888889
21386,6,2021-07-25 15:26:00,2021-08-24 10:27:00,715.0166666666667,58.24833,-60.865,57.59167,-59.74667,98.45213418666027,47.73333333333333,276.4833333333333,78.13333333333334,143.00333333333333
21394,3,2021-07-25 15:26:00,2021-07-30 21:49:00,126.38333333333334,56.24667,-59.62333,55.815,-58.405,89.62850995160458,50.0,76.38333333333334,63.19166666666667,63.19166666666667
