iceberg_number,obs_index,t_ref,t_next,lat,lon,next_lat,next_lon,dt_hours,delta_lat,delta_lon,displacement_km,speed_mps,bearing_deg,SIZE,SHAPE
8,1,2020-10-02 21:42:00,2020-10-07 21:51:00,59.13333,-63.31833,59.42833,-63.35667,120.15,0.295,-0.03834,32.8747,0.076004,356.22,GEN,GEN
8,2,2020-10-07 21:51:00,2020-10-22 21:43:00,59.42833,-63.35667,59.10667,-62.97333,359.8667,-0.32166,0.38334,41.8779,0.032325,148.49,GEN,GEN
10,1,2020-10-03 21:50:00,2020-10-06 10:08:00,56.52167,-60.265,56.36833,-59.95667,60.3,-0.15334,0.30833,25.492,0.117431,131.85,GEN,GEN
10,2,2020-10-06 10:08:00,2020-10-11 10:16:00,56.36833,-59.95667,55.72167,-58.235,120.1333,-0.64666,1.72167,128.8503,0.297934,123.2,GEN,GEN
10,3,2020-10-11 10:16:00,2020-10-15 21:49:00,55.72167,-58.235,54.93167,-57.48667,107.55,-0.79,0.74833,99.7857,0.257724,151.37,GEN,GEN
22,1,2020-10-01 21:33:00,2020-10-23 21:13:00,55.19833,-58.195,53.22667,-55.44,527.6667,-1.97166,2.755,283.0764,0.149019,139.62,GEN,GEN
24,1,2020-10-06 21:42:00,2020-10-07 10:17:00,56.52,-60.265,56.52,-60.265,12.5833,0.0,0.0,0.0,0.0,0.0,GEN,GEN
24,2,2020-10-07 10:17:00,2020-10-07 21:49:00,56.52,-60.265,56.52,-60.265,11.5333,0.0,0.0,0.0,0.0,0.0,GEN,GEN
24,3,2020-10-07 21:49:00,2020-10-08 10:25:00,56.52,-60.265,56.465,-60.18833,12.6,-0.055,0.07667,7.717,0.170128,142.39,GEN,GEN
24,4,2020-10-08 10:25:00,2020-10-08 21:58:00,56.465,-60.18833,56.46667,-60.18833,11.55,0.00167,0.0,0.1857,0.004466,0.0,GEN,GEN
24,5,2020-10-08 21:58:00,2020-10-09 21:34:00,56.46667,-60.18833,56.46667,-60.18833,23.6,0.0,0.0,0.0,0.0,0.0,GEN,GEN
24,6,2020-10-09 21:34:00,2020-10-10 10:09:00,56.46667,-60.18833,56.415,-60.13833,12.5833,-0.05167,0.05,6.5158,0.143837,151.84,GEN,GEN
24,7,2020-10-10 10:09:00,2020-10-11 10:16:00,56.415,-60.13833,56.16667,-59.62,24.1167,-0.24833,0.51833,42.2563,0.486712,130.59,GEN,GEN
24,8,2020-10-11 10:16:00,2020-10-15 21:49:00,56.16667,-59.62,55.33167,-57.545,107.55,-0.835,2.075,159.6259,0.412278,124.7,GEN,GEN
26,1,2020-10-04 21:21:00,2020-10-13 09:33:00,54.21,-52.99167,53.48333,-51.45,204.2,-0.72667,1.54167,129.4427,0.176084,128.0,GEN,GEN
26,2,2020-10-13 09:33:00,2020-10-18 09:38:00,53.48333,-51.45,53.24833,-51.94167,120.0833,-0.235,-0.49167,41.7975,0.096686,231.5,GEN,GEN
29,1,2020-10-03 21:50:00,2020-10-06 10:08:00,58.005,-59.94667,57.94,-60.08167,60.3,-0.065,-0.135,10.7524,0.049532,227.82,GEN,GEN
35,1,2020-10-03 21:13:00,2020-10-04 17:18:00,52.78667,-54.565,52.545,-54.48667,20.0833,-0.24167,0.07833,27.3867,0.378793,168.85,GEN,GEN
35,2,2020-10-04 17:18:00,2020-10-04 21:21:00,52.545,-54.48667,52.5,-54.54,4.05,-0.045,-0.05333,6.169,0.423112,215.82,DD,MED
35,3,2020-10-04 21:21:00,2020-10-05 14:17:00,52.5,-54.54,52.35667,-54.66333,16.9333,-0.14333,-0.12333,17.998,0.295243,207.73,GEN,GEN
35,4,2020-10-05 14:17:00,2020-10-07 09:48:00,52.35667,-54.66333,52.32667,-54.48,43.5167,-0.03,0.18333,12.8935,0.082302,104.92,DD,MED
35,5,2020-10-07 09:48:00,2020-10-07 21:13:00,52.32667,-54.48,52.43,-54.37167,11.4167,0.10333,0.10833,13.6413,0.331905,32.58,GEN,GEN
36,1,2020-10-03 21:50:00,2020-10-06 21:42:00,57.30167,-60.95333,57.3,-60.955,71.8667,-0.00167,-0.00167,0.2111,0.000816,208.38,GEN,GEN
36,2,2020-10-06 21:42:00,2020-10-07 10:17:00,57.3,-60.955,57.31667,-61.035,12.5833,0.01667,-0.08,5.1498,0.113683,291.13,GEN,GEN
36,3,2020-10-07 10:17:00,2020-10-08 10:25:00,57.31667,-61.035,57.27833,-61.075,24.1333,-0.03834,-0.04,4.8938,0.056329,209.43,GEN,GEN
36,4,2020-10-08 10:25:00,2020-10-08 21:58:00,57.27833,-61.075,57.27833,-61.07667,11.55,0.0,-0.00167,0.1004,0.002414,270.0,GEN,GEN
36,5,2020-10-08 21:58:00,2020-10-09 21:34:00,57.27833,-61.07667,57.26667,-61.07833,23.6,-0.01166,-0.00166,1.3004,0.015306,184.4,GEN,GEN
36,6,2020-10-09 21:34:00,2020-10-10 10:09:00,57.26667,-61.07833,57.26667,-61.07667,12.5833,0.0,0.00166,0.0998,0.002203,90.0,GEN,GEN
36,7,2020-10-10 10:09:00,2020-10-11 10:16:00,57.26667,-61.07667,57.26667,-61.07833,24.1167,0.0,-0.00166,0.0998,0.00115,270.0,GEN,GEN
36,8,2020-10-11 10:16:00,2020-10-12 10:25:00,57.26667,-61.07833,57.265,-61.07833,24.15,-0.00167,0.0,0.1857,0.002136,180.0,GEN,GEN
36,9,2020-10-12 10:25:00,2020-10-14 10:09:00,57.265,-61.07833,57.26667,-61.07833,47.7333,0.00167,0.0,0.1857,0.001081,0.0,GEN,GEN
36,10,2020-10-14 10:09:00,2020-10-16 10:28:00,57.26667,-61.07833,57.265,-61.07667,48.3167,-0.00167,0.00166,0.2108,0.001212,151.74,GEN,GEN
36,11,2020-10-16 10:28:00,2020-10-19 10:17:00,57.265,-61.07667,57.265,-61.075,71.8167,0.0,0.00167,0.1004,0.000388,90.0,GEN,GEN
36,12,2020-10-19 10:17:00,2020-10-22 21:43:00,57.265,-61.075,57.26667,-61.07667,83.4333,0.00167,-0.00167,0.2111,0.000703,331.6,GEN,GEN
36,13,2020-10-22 21:43:00,2020-10-23 10:16:00,57.26667,-61.07667,57.265,-61.075,12.55,-0.00167,0.00167,0.2111,0.004673,151.6,GEN,GEN
36,14,2020-10-23 10:16:00,2020-10-24 10:24:00,57.265,-61.075,57.26667,-61.07833,24.1333,0.00167,-0.00333,0.2731,0.003143,312.85,GEN,GEN
36,15,2020-10-24 10:24:00,2020-10-24 21:58:00,57.26667,-61.07833,57.27,-61.1,11.5667,0.00333,-0.02167,1.3545,0.032528,285.87,GEN,GEN
36,16,2020-10-24 21:58:00,2020-11-15 10:09:00,57.27,-61.1,54.93333,-57.73667,516.1833,-2.33667,3.36333,333.1068,0.179257,139.84,GEN,GEN
42,1,2020-10-02 21:42:00,2020-10-16 10:28:00,58.11333,-62.22667,57.925,-61.86167,324.7667,-0.18833,0.365,30.0101,0.025668,134.1,GEN,GEN
42,2,2020-10-16 10:28:00,2020-11-10 10:34:00,57.925,-61.86167,57.82667,-61.48833,600.1,-0.09833,0.37334,24.6344,0.011403,116.19,GEN,GEN
43,1,2020-10-02 21:42:00,2020-10-05 21:34:00,56.22333,-59.1,55.99667,-58.95167,71.8667,-0.22666,0.14833,26.829,0.103699,159.89,GEN,GEN
43,2,2020-10-05 21:34:00,2020-10-19 09:48:00,55.99667,-58.95167,55.63167,-54.82667,324.2333,-0.365,4.125,260.8574,0.223482,97.24,GEN,GEN
45,1,2020-10-10 21:43:00,2020-10-16 10:28:00,59.035,-62.83833,58.78333,-62.55333,132.75,-0.25167,0.285,32.4181,0.067834,149.56,GEN,GEN
45,2,2020-10-16 10:28:00,2020-11-05 21:58:00,58.78333,-62.55333,56.98833,-61.05167,491.5,-1.795,1.50166,218.4301,0.123449,155.39,GEN,GEN
45,3,2020-11-05 21:58:00,2020-11-07 10:09:00,56.98833,-61.05167,56.965,-61.01333,36.1833,-0.02333,0.03834,3.4825,0.026735,138.14,GEN,GEN
45,4,2020-11-07 10:09:00,2020-11-08 21:49:00,56.965,-61.01333,56.96,-61.01333,35.6667,-0.005,0.0,0.556,0.00433,180.0,GEN,GEN
45,5,2020-11-08 21:49:00,2020-11-09 10:25:00,56.96,-61.01333,56.87167,-61.015,12.6,-0.08833,-0.00167,9.8224,0.216543,180.59,GEN,GEN
46,1,2020-10-10 21:43:00,2020-10-14 10:09:00,58.09333,-60.86667,57.28333,-60.75333,84.4333,-0.81,0.11334,90.3194,0.297142,175.67,GEN,GEN
46,2,2020-10-14 10:09:00,2020-10-16 10:28:00,57.28333,-60.75333,57.24333,-60.62833,48.3167,-0.04,0.125,8.7339,0.050212,120.56,GEN,GEN
46,3,2020-10-16 10:28:00,2020-10-22 10:09:00,57.24333,-60.62833,56.61833,-59.95833,143.6833,-0.625,0.67,80.5121,0.155651,149.39,GEN,GEN
46,4,2020-10-22 10:09:00,2020-10-25 10:02:00,56.61833,-59.95833,56.12,-59.11667,71.8833,-0.49833,0.84166,75.8746,0.293201,136.56,GEN,GEN
47,1,2020-10-11 10:16:00,2020-10-11 21:50:00,55.0,-58.63,55.0,-58.63,11.5667,0.0,0.0,0.0,0.0,0.0,GEN,GEN
47,2,2020-10-11 21:50:00,2020-10-14 21:41:00,55.0,-58.63,55.0,-58.63,71.85,0.0,0.0,0.0,0.0,0.0,GEN,GEN
47,3,2020-10-14 21:41:00,2020-10-15 21:49:00,55.0,-58.63,55.0,-58.63,24.1333,0.0,0.0,0.0,0.0,0.0,GEN,GEN
47,4,2020-10-15 21:49:00,2020-10-22 21:41:00,55.0,-58.63,55.0,-58.63,167.8667,0.0,0.0,0.0,0.0,0.0,GEN,GEN
47,5,2020-10-22 21:41:00,2020-10-25 10:02:00,55.0,-58.63,54.99833,-58.63,60.35,-0.00167,0.0,0.1857,0.000855,180.0,GEN,GEN
47,6,2020-10-25 10:02:00,2020-11-07 10:09:00,54.99833,-58.63,54.99833,-58.63,312.1167,0.0,0.0,0.0,0.0,0.0,GEN,GEN
47,7,2020-11-07 10:09:00,2020-11-08 21:49:00,54.99833,-58.63,54.99833,-58.63333,35.6667,0.0,-0.00333,0.2124,0.001654,270.0,GEN,GEN
47,8,2020-11-08 21:49:00,2020-11-18 10:02:00,54.99833,-58.63333,55.0,-58.63,228.2167,0.00167,0.00333,0.2821,0.000343,48.83,GEN,GEN
47,9,2020-11-18 10:02:00,2020-11-22 21:32:00,55.0,-58.63,54.99833,-58.63,107.5,-0.00167,0.0,0.1857,0.00048,180.0,GEN,GEN
47,10,2020-11-22 21:32:00,2020-11-23 10:10:00,54.99833,-58.63,54.99833,-58.63,12.6333,0.0,0.0,0.0,0.0,0.0,GEN,GEN
47,11,2020-11-23 10:10:00,2020-11-27 10:09:00,54.99833,-58.63,55.0,-58.63,95.9833,0.00167,0.0,0.1857,0.000537,0.0,GEN,GEN
47,12,2020-11-27 10:09:00,2020-11-28 21:50:00,55.0,-58.63,55.0,-58.63,35.6833,0.0,0.0,0.0,0.0,0.0,GEN,GEN
49,1,2020-10-11 14:40:00,2020-11-01 10:24:00,60.24333,-63.815,59.93667,-62.47833,499.7333,-0.30666,1.33667,81.5793,0.045346,114.13,RAD,RAD
49,2,2020-11-01 10:24:00,2020-11-02 10:34:00,59.93667,-62.47833,59.88833,-62.33667,24.1667,-0.04834,0.14166,9.5525,0.109799,124.18,GEN,GEN
49,3,2020-11-02 10:34:00,2020-11-07 21:42:00,59.88833,-62.33667,59.82333,-61.81,131.1333,-0.065,0.52667,30.2841,0.06415,103.58,GEN,GEN
51,1,2020-10-11 21:51:00,2020-10-12 10:25:00,60.26167,-64.215,60.26167,-64.21333,12.5667,0.0,0.00167,0.0921,0.002036,90.0,GEN,GEN
51,2,2020-10-12 10:25:00,2020-10-21 10:32:00,60.26167,-64.21333,60.29667,-64.3,216.1167,0.035,-0.08667,6.1624,0.007921,309.2,GEN,GEN
51,3,2020-10-21 10:32:00,2020-10-22 21:43:00,60.29667,-64.3,60.29667,-64.3,35.1833,0.0,0.0,0.0,0.0,0.0,GEN,GEN
51,4,2020-10-22 21:43:00,2020-10-24 10:24:00,60.29667,-64.3,60.29667,-64.3,36.6833,0.0,0.0,0.0,0.0,0.0,GEN,GEN
51,5,2020-10-24 10:24:00,2020-10-25 10:31:00,60.29667,-64.3,60.29667,-64.3,24.1167,0.0,0.0,0.0,0.0,0.0,GEN,GEN
51,6,2020-10-25 10:31:00,2020-11-02 10:34:00,60.29667,-64.3,60.29667,-64.3,192.05,0.0,0.0,0.0,0.0,0.0,GEN,GEN
51,7,2020-11-02 10:34:00,2020-11-07 21:42:00,60.29667,-64.3,60.295,-64.3,131.1333,-0.00167,0.0,0.1857,0.000393,180.0,GEN,GEN
51,8,2020-11-07 21:42:00,2020-11-10 10:34:00,60.295,-64.3,60.29667,-64.3,60.8667,0.00167,0.0,0.1857,0.000847,0.0,GEN,GEN
51,9,2020-11-10 10:34:00,2020-11-14 10:34:00,60.29667,-64.3,60.09,-64.02,96.0,-0.20667,0.28,27.706,0.080168,145.92,GEN,GEN
51,10,2020-11-14 10:34:00,2020-11-17 10:26:00,60.09,-64.02,60.09167,-64.02,71.8667,0.00167,0.0,0.1857,0.000718,0.0,GEN,GEN
51,11,2020-11-17 10:26:00,2020-11-27 21:42:00,60.09167,-64.02,60.09,-64.02,251.2667,-0.00167,0.0,0.1857,0.000205,180.0,GEN,GEN
51,12,2020-11-27 21:42:00,2020-11-29 10:26:00,60.09,-64.02,60.09,-64.02,36.7333,0.0,0.0,0.0,0.0,0.0,GEN,GEN
51,13,2020-11-29 10:26:00,2020-12-06 21:51:00,60.09,-64.02,60.09,-64.02,179.4167,0.0,0.0,0.0,0.0,0.0,GEN,GEN
51,14,2020-12-06 21:51:00,2020-12-07 10:23:00,60.09,-64.02,60.09,-64.01833,12.5333,0.0,0.00167,0.0926,0.002052,90.0,GEN,GEN
52,1,2020-10-12 09:54:00,2020-10-14 21:41:00,54.02,-57.03667,54.02,-57.03667,59.7833,0.0,0.0,0.0,0.0,0.0,GEN,GEN
52,2,2020-10-14 21:41:00,2020-10-15 21:49:00,54.02,-57.03667,54.02,-57.03667,24.1333,0.0,0.0,0.0,0.0,0.0,GEN,GEN
52,3,2020-10-15 21:49:00,2020-10-16 09:55:00,54.02,-57.03667,54.02,-57.03667,12.1,0.0,0.0,0.0,0.0,0.0,GEN,GEN
52,4,2020-10-16 09:55:00,2020-10-19 21:49:00,54.02,-57.03667,54.02167,-57.03667,83.9,0.00167,0.0,0.1857,0.000615,0.0,GEN,GEN
52,5,2020-10-19 21:49:00,2020-10-20 09:54:00,54.02167,-57.03667,54.02,-57.03667,12.0833,-0.00167,0.0,0.1857,0.004269,180.0,GEN,GEN
52,6,2020-10-20 09:54:00,2020-10-21 10:00:00,54.02,-57.03667,54.02,-57.03667,24.1,0.0,0.0,0.0,0.0,0.0,GEN,GEN
52,7,2020-10-21 10:00:00,2020-10-22 10:09:00,54.02,-57.03667,54.02,-57.03667,24.15,0.0,0.0,0.0,0.0,0.0,GEN,GEN
52,8,2020-10-22 10:09:00,2020-10-22 21:41:00,54.02,-57.03667,54.02,-57.03667,11.5333,0.0,0.0,0.0,0.0,0.0,GEN,GEN
52,9,2020-10-22 21:41:00,2020-10-23 09:46:00,54.02,-57.03667,54.02,-57.03667,12.0833,0.0,0.0,0.0,0.0,0.0,GEN,GEN
52,10,2020-10-23 09:46:00,2020-10-24 09:54:00,54.02,-57.03667,54.02,-57.03667,24.1333,0.0,0.0,0.0,0.0,0.0,GEN,GEN
52,11,2020-10-24 09:54:00,2020-10-25 10:02:00,54.02,-57.03667,54.02,-57.03667,24.1333,0.0,0.0,0.0,0.0,0.0,GEN,GEN
52,12,2020-10-25 10:02:00,2020-10-26 10:09:00,54.02,-57.03667,53.89333,-56.835,24.1167,-0.12667,0.20167,19.2999,0.222298,136.79,GEN,GEN
53,1,2020-10-14 17:00:00,2020-10-20 10:28:00,57.26667,-61.06667,56.92833,-60.97667,137.4667,-0.33834,0.09,38.0124,0.076811,171.74,PIN,LG
53,2,2020-10-20 10:28:00,2020-10-22 21:41:00,56.92833,-60.97667,56.59167,-60.48667,59.2167,-0.33666,0.49,47.8887,0.22464,141.21,GEN,GEN
54,1,2020-10-16 10:28:00,2020-11-10 10:02:00,57.36667,-60.815,54.655,-56.855,599.5667,-2.71167,3.96,389.1139,0.180276,139.12,GEN,GEN
56,1,2020-10-15 19:45:00,2020-10-19 10:17:00,55.28333,-58.73333,55.36833,-58.59333,86.5333,0.085,0.14,12.9525,0.041578,43.08,GEN,GEN
56,2,2020-10-19 10:17:00,2020-10-19 21:49:00,55.36833,-58.59333,55.40667,-58.61,11.5333,0.03834,-0.01667,4.3913,0.105764,346.13,GEN,GEN
56,3,2020-10-19 21:49:00,2020-10-22 21:41:00,55.40667,-58.61,55.11167,-58.27,71.8667,-0.295,0.34,39.2449,0.151689,146.56,GEN,GEN
56,4,2020-10-22 21:41:00,2020-10-24 09:54:00,55.11167,-58.27,55.00167,-58.005,36.2167,-0.11,0.265,20.8436,0.159868,125.82,GEN,GEN
59,1,2020-10-19 21:14:00,2020-10-31 09:49:00,53.13333,-55.41667,51.28667,-55.585,276.5833,-1.84666,-0.16833,205.6591,0.206547,183.26,GEN,GEN
59,2,2020-10-31 09:49:00,2020-11-09 21:23:00,51.28667,-55.585,51.3,-55.55333,227.5667,0.01333,0.03167,2.6545,0.00324,56.04,GEN,GEN
61,1,2020-10-21 10:32:00,2020-10-22 21:43:00,59.72833,-63.725,59.72833,-63.72333,35.1833,0.0,0.00167,0.0936,0.000739,90.0,GEN,GEN
61,2,2020-10-22 21:43:00,2020-11-02 10:34:00,59.72833,-63.72333,59.73,-63.72333,252.85,0.00167,0.0,0.1857,0.000204,0.0,GEN,GEN
61,3,2020-11-02 10:34:00,2020-11-07 21:42:00,59.73,-63.72333,59.72833,-63.72333,131.1333,-0.00167,0.0,0.1857,0.000393,180.0,GEN,GEN
61,4,2020-11-07 21:42:00,2020-11-09 10:25:00,59.72833,-63.72333,59.72833,-63.725,36.7167,0.0,-0.00167,0.0936,0.000708,270.0,GEN,GEN
61,5,2020-11-09 10:25:00,2020-11-10 10:34:00,59.72833,-63.725,59.72833,-63.72333,24.15,0.0,0.00167,0.0936,0.001077,90.0,GEN,GEN
61,6,2020-11-10 10:34:00,2020-11-13 10:25:00,59.72833,-63.72333,59.72833,-63.725,71.85,0.0,-0.00167,0.0936,0.000362,270.0,GEN,GEN
61,7,2020-11-13 10:25:00,2020-11-17 10:26:00,59.72833,-63.725,59.73,-63.72333,96.0167,0.00167,0.00167,0.208,0.000602,26.75,GEN,GEN
61,8,2020-11-17 10:26:00,2020-11-22 10:34:00,59.73,-63.72333,59.72833,-63.72333,120.1333,-0.00167,0.0,0.1857,0.000429,180.0,GEN,GEN
61,9,2020-11-22 10:34:00,2020-11-23 10:40:00,59.72833,-63.72333,59.72833,-63.725,24.1,0.0,-0.00167,0.0936,0.001079,270.0,GEN,GEN
61,10,2020-11-23 10:40:00,2020-11-27 21:42:00,59.72833,-63.725,59.72833,-63.725,107.0333,0.0,0.0,0.0,0.0,0.0,GEN,GEN
61,11,2020-11-27 21:42:00,2020-11-29 10:26:00,59.72833,-63.725,59.72833,-63.725,36.7333,0.0,0.0,0.0,0.0,0.0,GEN,GEN
61,12,2020-11-29 10:26:00,2020-12-06 21:51:00,59.72833,-63.725,59.72833,-63.72333,179.4167,0.0,0.00167,0.0936,0.000145,90.0,GEN,GEN
61,13,2020-12-06 21:51:00,2020-12-07 10:23:00,59.72833,-63.72333,59.72833,-63.725,12.5333,0.0,-0.00167,0.0936,0.002075,270.0,GEN,GEN
61,14,2020-12-07 10:23:00,2020-12-08 10:34:00,59.72833,-63.725,59.72833,-63.725,24.1833,0.0,0.0,0.0,0.0,0.0,GEN,GEN
61,15,2020-12-08 10:34:00,2020-12-31 10:26:00,59.72833,-63.725,59.655,-62.59833,551.8667,-0.07333,1.12667,63.7458,0.032086,96.86,GEN,GEN
61,16,2020-12-31 10:26:00,2021-01-29 21:49:00,59.655,-62.59833,58.20333,-62.32333,707.3833,-1.45167,0.275,162.1876,0.063688,174.3,GEN,GEN
61,17,2021-01-29 21:49:00,2021-01-31 15:26:00,58.20333,-62.32333,58.025,-61.94,41.6167,-0.17833,0.38333,30.0024,0.200256,131.21,GEN,SM
61,18,2021-01-31 15:26:00,2021-02-10 21:49:00,58.025,-61.94,57.17167,-61.12667,246.3833,-0.85333,0.81333,106.5432,0.120119,152.6,NTB,SM
63,1,2020-10-22 21:43:00,2020-11-04 21:51:00,60.475,-64.13,60.195,-63.15667,312.1333,-0.28,0.97333,61.9559,0.055137,119.74,GEN,GEN
64,1,2020-10-22 21:43:00,2020-10-24 10:24:00,60.26167,-64.21333,60.26167,-64.215,36.6833,0.0,-0.00167,0.0921,0.000698,270.0,GEN,GEN
64,2,2020-10-24 10:24:00,2020-10-25 10:31:00,60.26167,-64.215,60.26167,-64.215,24.1167,0.0,0.0,0.0,0.0,0.0,GEN,GEN
64,3,2020-10-25 10:31:00,2020-10-26 10:42:00,60.26167,-64.215,60.26167,-64.21333,24.1833,0.0,0.00167,0.0921,0.001058,90.0,GEN,GEN
64,4,2020-10-26 10:42:00,2020-11-02 10:34:00,60.26167,-64.21333,60.26333,-64.21333,167.8667,0.00166,0.0,0.1846,0.000305,0.0,GEN,GEN
64,5,2020-11-02 10:34:00,2020-11-07 21:42:00,60.26333,-64.21333,60.26167,-64.21333,131.1333,-0.00166,0.0,0.1846,0.000391,180.0,GEN,GEN
64,6,2020-11-07 21:42:00,2020-11-09 10:25:00,60.26167,-64.21333,60.26167,-64.21333,36.7167,0.0,0.0,0.0,0.0,0.0,GEN,GEN
64,7,2020-11-09 10:25:00,2020-11-10 10:34:00,60.26167,-64.21333,60.26167,-64.21333,24.15,0.0,0.0,0.0,0.0,0.0,GEN,GEN
64,8,2020-11-10 10:34:00,2020-11-13 10:25:00,60.26167,-64.21333,60.26167,-64.21333,71.85,0.0,0.0,0.0,0.0,0.0,GEN,GEN
64,9,2020-11-13 10:25:00,2020-11-14 10:34:00,60.26167,-64.21333,60.26167,-64.21333,24.15,0.0,0.0,0.0,0.0,0.0,GEN,GEN
64,10,2020-11-14 10:34:00,2020-11-17 10:26:00,60.26167,-64.21333,60.26167,-64.21333,71.8667,0.0,0.0,0.0,0.0,0.0,GEN,GEN
64,11,2020-11-17 10:26:00,2020-11-21 10:25:00,60.26167,-64.21333,60.26167,-64.21333,95.9833,0.0,0.0,0.0,0.0,0.0,GEN,GEN
64,12,2020-11-21 10:25:00,2020-11-22 10:34:00,60.26167,-64.21333,60.26167,-64.21333,24.15,0.0,0.0,0.0,0.0,0.0,GEN,GEN
64,13,2020-11-22 10:34:00,2020-11-23 10:40:00,60.26167,-64.21333,60.26167,-64.21333,24.1,0.0,0.0,0.0,0.0,0.0,GEN,GEN
64,14,2020-11-23 10:40:00,2020-11-25 10:25:00,60.26167,-64.21333,60.26167,-64.21333,47.75,0.0,0.0,0.0,0.0,0.0,GEN,GEN
64,15,2020-11-25 10:25:00,2020-11-27 21:42:00,60.26167,-64.21333,60.26167,-64.21333,59.2833,0.0,0.0,0.0,0.0,0.0,GEN,GEN
64,16,2020-11-27 21:42:00,2020-11-29 10:26:00,60.26167,-64.21333,60.26167,-64.21333,36.7333,0.0,0.0,0.0,0.0,0.0,GEN,GEN
64,17,2020-11-29 10:26:00,2020-11-30 10:33:00,60.26167,-64.21333,60.26167,-64.21333,24.1167,0.0,0.0,0.0,0.0,0.0,GEN,GEN
65,1,2020-10-23 09:46:00,2020-10-24 09:54:00,53.89333,-56.835,53.89333,-56.835,24.1333,0.0,0.0,0.0,0.0,0.0,GEN,GEN
65,2,2020-10-24 09:54:00,2020-10-25 10:02:00,53.89333,-56.835,53.89333,-56.835,24.1333,0.0,0.0,0.0,0.0,0.0,GEN,GEN
65,3,2020-10-25 10:02:00,2020-11-03 10:09:00,53.89333,-56.835,53.89333,-56.83333,216.1167,0.0,0.00167,0.1094,0.000141,90.0,GEN,GEN
65,4,2020-11-03 10:09:00,2020-11-05 21:23:00,53.89333,-56.83333,53.89333,-56.835,59.2333,0.0,-0.00167,0.1094,0.000513,270.0,GEN,GEN
65,5,2020-11-05 21:23:00,2020-11-13 21:23:00,53.89333,-56.835,53.89333,-56.835,192.0,0.0,0.0,0.0,0.0,0.0,GEN,GEN
65,6,2020-11-13 21:23:00,2020-11-14 21:32:00,53.89333,-56.835,53.895,-56.835,24.15,0.00167,0.0,0.1857,0.002136,0.0,GEN,GEN
65,7,2020-11-14 21:32:00,2020-11-18 10:02:00,53.895,-56.835,53.89333,-56.835,84.5,-0.00167,0.0,0.1857,0.00061,180.0,GEN,GEN
65,8,2020-11-18 10:02:00,2020-11-22 21:32:00,53.89333,-56.835,53.89333,-56.835,107.5,0.0,0.0,0.0,0.0,0.0,GEN,GEN
65,9,2020-11-22 21:32:00,2020-11-25 21:24:00,53.89333,-56.835,54.02,-57.03667,71.8667,0.12667,-0.20167,19.2999,0.074598,316.95,GEN,GEN
65,10,2020-11-25 21:24:00,2020-11-28 21:50:00,54.02,-57.03667,54.02167,-57.03667,72.4333,0.00167,0.0,0.1857,0.000712,0.0,GEN,GEN
65,11,2020-11-28 21:50:00,2020-11-30 21:32:00,54.02167,-57.03667,54.02,-57.03667,47.7,-0.00167,0.0,0.1857,0.001081,180.0,GEN,GEN
65,12,2020-11-30 21:32:00,2020-12-01 21:41:00,54.02,-57.03667,54.02,-57.03667,24.15,0.0,0.0,0.0,0.0,0.0,GEN,GEN
65,13,2020-12-01 21:41:00,2020-12-03 09:53:00,54.02,-57.03667,54.02,-57.03667,36.2,0.0,0.0,0.0,0.0,0.0,GEN,GEN
65,14,2020-12-03 09:53:00,2020-12-03 21:21:00,54.02,-57.03667,54.02,-57.03667,11.4667,0.0,0.0,0.0,0.0,0.0,GEN,GEN
65,15,2020-12-03 21:21:00,2020-12-06 21:49:00,54.02,-57.03667,54.02,-57.03667,72.4667,0.0,0.0,0.0,0.0,0.0,GEN,GEN
65,16,2020-12-06 21:49:00,2020-12-07 21:21:00,54.02,-57.03667,54.02,-57.03667,23.5333,0.0,0.0,0.0,0.0,0.0,GEN,GEN
65,17,2020-12-07 21:21:00,2020-12-08 10:01:00,54.02,-57.03667,54.02,-57.03667,12.6667,0.0,0.0,0.0,0.0,0.0,GEN,GEN
65,18,2020-12-08 10:01:00,2020-12-20 21:32:00,54.02,-57.03667,54.02,-57.03667,299.5167,0.0,0.0,0.0,0.0,0.0,GEN,GEN
65,19,2020-12-20 21:32:00,2020-12-23 21:21:00,54.02,-57.03667,53.89333,-56.835,71.8167,-0.12667,0.20167,19.2999,0.07465,136.79,GEN,GEN
65,20,2020-12-23 21:21:00,2020-12-25 10:08:00,53.89333,-56.835,53.89333,-56.83333,36.7833,0.0,0.00167,0.1094,0.000826,90.0,GEN,GEN
65,21,2020-12-25 10:08:00,2020-12-27 21:21:00,53.89333,-56.83333,53.89333,-56.835,59.2167,0.0,-0.00167,0.1094,0.000513,270.0,GEN,GEN
65,22,2020-12-27 21:21:00,2020-12-28 21:32:00,53.89333,-56.835,53.89333,-56.835,24.1833,0.0,0.0,0.0,0.0,0.0,GEN,GEN
66,1,2020-10-24 21:26:00,2020-10-25 10:02:00,55.11833,-58.18333,55.105,-58.04667,12.6,-0.01333,0.13666,8.8172,0.194383,99.62,GEN,GEN
66,2,2020-10-25 10:02:00,2020-10-26 10:09:00,55.105,-58.04667,55.105,-58.04667,24.1167,0.0,0.0,0.0,0.0,0.0,GEN,GEN
66,3,2020-10-26 10:09:00,2020-10-26 21:42:00,55.105,-58.04667,55.10333,-58.04333,11.55,-0.00167,0.00334,0.2822,0.006786,131.15,GEN,GEN
73,1,2020-11-04 10:17:00,2020-11-28 10:17:00,59.29167,-62.045,57.40833,-60.49,576.0,-1.88334,1.555,228.2122,0.110056,155.91,GEN,GEN
73,2,2020-11-28 10:17:00,2020-11-29 10:26:00,57.40833,-60.49,57.22167,-60.21167,24.15,-0.18666,0.27833,26.6481,0.306511,141.04,GEN,GEN
74,1,2020-11-04 21:51:00,2020-11-05 10:26:00,59.10333,-62.025,58.98333,-61.935,12.5833,-0.12,0.09,14.3019,0.315716,158.87,GEN,GEN
74,2,2020-11-05 10:26:00,2020-11-07 21:42:00,58.98333,-61.935,58.64,-61.44833,59.2667,-0.34333,0.48667,47.3577,0.221962,143.51,GEN,GEN
75,1,2020-11-07 10:09:00,2020-11-08 21:49:00,54.02,-57.03667,54.02,-57.03667,35.6667,0.0,0.0,0.0,0.0,0.0,GEN,GEN
75,2,2020-11-08 21:49:00,2020-11-10 10:02:00,54.02,-57.03667,54.02,-57.03667,36.2167,0.0,0.0,0.0,0.0,0.0,GEN,GEN
75,3,2020-11-10 10:02:00,2020-11-11 10:09:00,54.02,-57.03667,54.02,-57.03667,24.1167,0.0,0.0,0.0,0.0,0.0,GEN,GEN
75,4,2020-11-11 10:09:00,2020-11-13 21:23:00,54.02,-57.03667,54.02,-57.03667,59.2333,0.0,0.0,0.0,0.0,0.0,GEN,GEN
75,5,2020-11-13 21:23:00,2020-11-14 21:32:00,54.02,-57.03667,54.02,-57.03667,24.15,0.0,0.0,0.0,0.0,0.0,GEN,GEN
75,6,2020-11-14 21:32:00,2020-11-18 10:02:00,54.02,-57.03667,54.02,-57.03667,84.5,0.0,0.0,0.0,0.0,0.0,GEN,GEN
75,7,2020-11-18 10:02:00,2020-11-23 10:10:00,54.02,-57.03667,54.02,-57.03667,120.1333,0.0,0.0,0.0,0.0,0.0,GEN,GEN
75,8,2020-11-23 10:10:00,2020-11-25 21:24:00,54.02,-57.03667,53.89333,-56.835,59.2333,-0.12667,0.20167,19.2999,0.090508,136.79,GEN,GEN
75,9,2020-11-25 21:24:00,2020-11-29 21:23:00,53.89333,-56.835,53.89333,-56.835,95.9833,0.0,0.0,0.0,0.0,0.0,GEN,GEN
75,10,2020-11-29 21:23:00,2020-11-30 21:32:00,53.89333,-56.835,53.89333,-56.835,24.15,0.0,0.0,0.0,0.0,0.0,GEN,GEN
75,11,2020-11-30 21:32:00,2020-12-01 21:41:00,53.89333,-56.835,53.89333,-56.835,24.15,0.0,0.0,0.0,0.0,0.0,GEN,GEN
76,1,2020-11-09 10:25:00,2020-11-11 10:09:00,56.92833,-61.185,56.93,-61.185,47.7333,0.00167,0.0,0.1857,0.001081,0.0,GEN,GEN
79,1,2020-11-16 10:17:00,2020-12-03 09:53:00,55.69833,-59.23833,54.65667,-56.855,407.6,-1.04166,2.38333,190.5538,0.129862,126.45,GEN,GEN
80,1,2020-11-24 10:17:00,2020-12-13 09:41:00,56.05333,-58.68667,54.44667,-54.18667,455.4,-1.60666,4.5,336.447,0.205221,120.2,GEN,GEN
81,1,2020-11-27 10:09:00,2020-11-27 21:42:00,57.45,-60.93167,57.42833,-60.82,11.55,-0.02167,0.11167,7.104,0.170851,109.78,GEN,GEN
85,1,2020-11-30 21:34:00,2020-12-19 09:56:00,56.75333,-60.39333,55.01,-58.11,444.3667,-1.74333,2.28333,240.5093,0.150345,142.75,GEN,GEN
89,1,2020-12-16 21:32:00,2020-12-21 10:08:00,54.82167,-57.465,54.82,-57.43167,108.6,-0.00167,0.03333,2.1433,0.005482,94.96,GEN,GEN
92,1,2020-12-31 09:56:00,2021-01-13 14:58:00,54.92333,-57.01667,53.01667,-55.41333,317.0333,-1.90666,1.60334,236.5135,0.207228,153.03,GEN,GEN
94,1,2021-01-17 21:32:00,2021-02-03 09:56:00,55.945,-56.205,54.445,-53.89,396.4,-1.5,2.315,222.2545,0.155745,137.67,GEN,GEN
95,1,2021-07-28 19:49:00,2021-07-30 21:49:00,56.29667,-58.96333,56.305,-58.95667,50.0,0.00833,0.00666,1.0133,0.005629,23.92,GEN,SM
95,2,2021-07-30 21:49:00,2021-08-01 10:02:00,56.305,-58.95667,56.30667,-58.95667,36.2167,0.00167,0.0,0.1857,0.001424,0.0,GEN,GEN
95,3,2021-08-01 10:02:00,2021-08-01 21:34:00,56.30667,-58.95667,56.305,-58.95667,11.5333,-0.00167,0.0,0.1857,0.004472,180.0,GEN,GEN
95,4,2021-08-01 21:34:00,2021-08-02 10:10:00,56.305,-58.95667,56.27167,-58.96,12.6,-0.03333,-0.00333,3.7118,0.08183,183.18,GEN,GEN
96,1,2021-07-28 19:49:00,2021-07-30 21:49:00,55.97833,-57.98167,55.71167,-57.415,50.0,-0.26666,0.56667,46.1591,0.256439,129.73,GEN,MED
96,2,2021-07-30 21:49:00,2021-08-08 09:55:00,55.71167,-57.415,54.875,-54.245,204.1,-0.83667,3.17,221.1848,0.30103,113.56,GEN,GEN
96,3,2021-08-08 09:55:00,2021-08-16 21:25:00,54.875,-54.245,54.07333,-52.88667,203.5,-0.80167,1.35833,125.0909,0.170749,134.89,GEN,GEN
97,1,2021-07-28 19:49:00,2021-07-30 21:49:00,55.68167,-58.075,55.68333,-57.6,50.0,0.00166,0.475,29.7779,0.165433,89.45,GEN,MED
97,2,2021-07-30 21:49:00,2021-08-07 09:48:00,55.68333,-57.6,55.21667,-55.18833,179.9833,-0.46666,2.41167,160.682,0.247989,107.84,GEN,GEN
99,1,2021-07-28 21:34:00,2021-07-30 21:51:00,59.66167,-61.23,59.45667,-61.325,48.2833,-0.205,-0.095,23.4148,0.134707,193.25,GEN,GEN
99,2,2021-07-30 21:51:00,2021-07-31 10:26:00,59.45667,-61.325,59.44667,-61.335,12.5833,-0.01,-0.01,1.2473,0.027535,206.95,GEN,GEN
99,3,2021-07-31 10:26:00,2021-08-15 10:19:00,59.44667,-61.335,58.9,-61.00833,359.8833,-0.54667,0.32667,63.5728,0.049069,162.83,GEN,GEN
99,4,2021-08-15 10:19:00,2021-08-17 21:35:00,58.9,-61.00833,58.68833,-60.99333,59.2667,-0.21167,0.015,23.5525,0.110388,177.89,GEN,GEN
99,5,2021-08-17 21:35:00,2021-08-19 10:19:00,58.68833,-60.99333,58.42167,-60.99167,36.7333,-0.26666,0.00166,29.6514,0.224224,179.81,GEN,GEN
99,6,2021-08-19 10:19:00,2021-08-28 10:25:00,58.42167,-60.99167,57.58,-60.47,216.1,-0.84167,0.52167,98.5072,0.126622,161.6,GEN,GEN
99,7,2021-08-28 10:25:00,2021-08-31 10:18:00,57.58,-60.47,57.335,-60.43333,71.8833,-0.245,0.03667,27.3309,0.105614,175.38,GEN,GEN
99,8,2021-08-31 10:18:00,2021-09-01 10:25:00,57.335,-60.43333,57.17833,-60.685,24.1167,-0.15667,-0.25167,23.0779,0.265813,221.09,GEN,GEN
100,1,2021-07-28 21:34:00,2021-07-31 10:26:00,59.685,-61.09833,59.63,-60.73833,60.8667,-0.055,0.36,21.1265,0.096415,106.67,GEN,GEN
100,2,2021-07-31 10:26:00,2021-08-14 21:42:00,59.63,-60.73833,58.18333,-60.03333,347.2667,-1.44667,0.705,165.8761,0.132684,165.57,GEN,GEN
100,3,2021-08-14 21:42:00,2021-08-22 10:09:00,58.18333,-60.03333,57.6,-60.025,180.45,-0.58333,0.00833,64.8652,0.099851,179.56,GEN,GEN
100,4,2021-08-22 10:09:00,2021-08-24 10:27:00,57.6,-60.025,57.65667,-59.77167,48.3,0.05667,0.25333,16.3454,0.094004,67.22,GEN,GEN
101,1,2021-07-28 21:34:00,2021-07-30 21:51:00,59.43833,-61.50667,59.315,-62.005,48.2833,-0.12333,-0.49833,31.3812,0.180539,244.3,GEN,GEN
101,2,2021-07-30 21:51:00,2021-07-31 10:26:00,59.315,-62.005,59.31167,-62.07,12.5833,-0.00333,-0.065,3.7071,0.081835,264.3,GEN,GEN
101,3,2021-07-31 10:26:00,2021-08-02 21:43:00,59.31167,-62.07,59.04333,-62.08667,59.2833,-0.26834,-0.01667,29.8532,0.13988,181.83,GEN,GEN
101,4,2021-08-02 21:43:00,2021-08-14 21:42:00,59.04333,-62.08667,58.18167,-61.83833,287.9833,-0.86166,0.24834,96.8855,0.093452,171.36,GEN,GEN
101,5,2021-08-14 21:42:00,2021-08-15 10:19:00,58.18167,-61.83833,58.10833,-61.75333,12.6167,-0.07334,0.085,9.5597,0.210473,148.51,GEN,GEN
101,6,2021-08-15 10:19:00,2021-08-16 10:27:00,58.10833,-61.75333,57.98,-61.66833,24.1333,-0.12833,0.085,15.1211,0.174045,160.65,GEN,GEN
101,7,2021-08-16 10:27:00,2021-08-17 10:34:00,57.98,-61.66833,57.915,-61.54833,24.1167,-0.065,0.12,10.1185,0.116546,135.54,GEN,GEN
101,8,2021-08-17 10:34:00,2021-08-20 10:27:00,57.915,-61.54833,57.42,-61.14167,71.8833,-0.495,0.40666,60.12,0.232321,156.11,GEN,GEN
101,9,2021-08-20 10:27:00,2021-08-22 21:42:00,57.42,-61.14167,57.41833,-61.12833,59.25,-0.00167,0.01334,0.8201,0.003845,103.08,GEN,GEN
101,10,2021-08-22 21:42:00,2021-08-24 10:27:00,57.41833,-61.12833,57.33333,-61.01,36.75,-0.085,0.11833,11.8174,0.089323,143.06,GEN,GEN
101,11,2021-08-24 10:27:00,2021-08-24 21:58:00,57.33333,-61.01,57.28833,-60.975,11.5167,-0.045,0.035,5.4273,0.130905,157.2,GEN,GEN
101,12,2021-08-24 21:58:00,2021-08-26 10:10:00,57.28833,-60.975,57.00167,-60.82167,36.2,-0.28666,0.15333,33.19,0.254681,163.75,GEN,GEN
101,13,2021-08-26 10:10:00,2021-08-27 21:49:00,57.00167,-60.82167,57.00333,-60.82167,35.65,0.00166,0.0,0.1846,0.001438,0.0,GEN,GEN
102,1,2021-07-28 21:34:00,2021-08-07 10:17:00,58.855,-61.355,58.01667,-61.06167,228.7167,-0.83833,0.29333,94.7684,0.115097,169.5,GEN,GEN
102,2,2021-08-07 10:17:00,2021-08-07 21:50:00,58.01667,-61.06167,57.92333,-61.11167,11.55,-0.09334,-0.05,10.7897,0.259492,195.88,GEN,GEN
103,1,2021-07-28 21:34:00,2021-08-13 21:34:00,59.10667,-60.50667,58.07167,-59.95,384.0,-1.035,0.55667,119.5215,0.086459,164.1,GEN,GEN
103,2,2021-08-13 21:34:00,2021-08-22 10:09:00,58.07167,-59.95,57.57,-60.01333,204.5833,-0.50167,-0.06333,55.9091,0.075912,183.87,GEN,GEN
103,3,2021-08-22 10:09:00,2021-08-22 21:42:00,57.57,-60.01333,57.52667,-60.19833,11.55,-0.04333,-0.185,12.0439,0.289656,246.5,GEN,GEN
103,4,2021-08-22 21:42:00,2021-08-25 21:34:00,57.52667,-60.19833,57.72333,-60.29,71.8667,0.19666,-0.09167,22.5385,0.087115,346.02,GEN,GEN
103,5,2021-08-25 21:34:00,2021-08-31 10:18:00,57.72333,-60.29,57.31833,-60.19,132.7333,-0.405,0.1,45.4281,0.09507,172.4,GEN,GEN
105,1,2021-07-28 21:34:00,2021-07-30 21:49:00,57.33667,-60.185,56.75667,-60.43,48.25,-0.58,-0.245,66.1735,0.380965,193.04,GEN,GEN
105,2,2021-07-30 21:49:00,2021-07-31 10:26:00,56.75667,-60.43,56.67667,-60.42333,12.6167,-0.08,0.00667,8.9049,0.196057,177.38,GEN,GEN
105,3,2021-07-31 10:26:00,2021-08-04 21:58:00,56.67667,-60.42333,56.08167,-59.86,107.5333,-0.595,0.56333,74.7001,0.192964,152.1,GEN,GEN
105,4,2021-08-04 21:58:00,2021-08-05 10:02:00,56.08167,-59.86,56.00167,-59.74,12.0667,-0.08,0.12,11.6054,0.26716,139.99,GEN,GEN
105,5,2021-08-05 10:02:00,2021-08-06 10:10:00,56.00167,-59.74,56.045,-59.67167,24.1333,0.04333,0.06833,6.4221,0.073919,41.36,GEN,GEN
106,1,2021-07-29 10:42:00,2021-07-30 21:51:00,58.98333,-62.94167,58.98333,-62.94167,35.15,0.0,0.0,0.0,0.0,0.0,GEN,GEN
106,2,2021-07-30 21:51:00,2021-07-31 10:26:00,58.98333,-62.94167,58.98333,-62.94167,12.5833,0.0,0.0,0.0,0.0,0.0,GEN,GEN
106,3,2021-07-31 10:26:00,2021-08-08 21:58:00,58.98333,-62.94167,58.655,-62.55,203.5333,-0.32833,0.39167,42.9104,0.058563,148.13,GEN,GEN
106,4,2021-08-08 21:58:00,2021-08-14 21:42:00,58.655,-62.55,58.39,-62.455,143.7333,-0.265,0.095,29.9785,0.057936,169.36,GEN,GEN
107,1,2021-07-29 21:41:00,2021-07-30 21:49:00,53.83,-57.03833,53.83,-57.03833,24.1333,0.0,0.0,0.0,0.0,0.0,GEN,GEN
107,2,2021-07-30 21:49:00,2021-08-13 21:32:00,53.83,-57.03833,54.02,-57.03667,335.7167,0.19,0.00166,21.1273,0.017481,0.29,GEN,GEN
107,3,2021-08-13 21:32:00,2021-08-14 21:41:00,54.02,-57.03667,54.02,-57.03667,24.15,0.0,0.0,0.0,0.0,0.0,GEN,GEN
107,4,2021-08-14 21:41:00,2021-08-15 21:49:00,54.02,-57.03667,54.02,-57.03667,24.1333,0.0,0.0,0.0,0.0,0.0,GEN,GEN
107,5,2021-08-15 21:49:00,2021-08-16 09:56:00,54.02,-57.03667,54.02,-57.03667,12.1167,0.0,0.0,0.0,0.0,0.0,GEN,GEN
107,6,2021-08-16 09:56:00,2021-08-17 10:02:00,54.02,-57.03667,54.02,-57.03667,24.1,0.0,0.0,0.0,0.0,0.0,GEN,GEN
108,1,2021-07-30 21:51:00,2021-08-09 00:22:00,59.79333,-61.67833,59.44167,-61.24333,218.5167,-0.35166,0.435,46.1248,0.058634,147.78,GEN,GEN
108,2,2021-08-09 00:22:00,2021-08-13 21:34:00,59.44167,-61.24333,59.21667,-61.18667,117.2,-0.225,0.05666,25.2244,0.059785,172.66,GEN,GEN
108,3,2021-08-13 21:34:00,2021-08-15 10:19:00,59.21667,-61.18667,59.31167,-61.10833,36.75,0.095,0.07834,11.4634,0.086647,22.82,GEN,GEN
108,4,2021-08-15 10:19:00,2021-08-16 10:27:00,59.31167,-61.10833,59.00333,-61.15333,24.1333,-0.30834,-0.045,34.3817,0.395738,184.3,GEN,GEN
108,5,2021-08-16 10:27:00,2021-08-17 21:35:00,59.00333,-61.15333,58.83333,-61.045,35.1333,-0.17,0.10833,19.8998,0.157335,161.74,GEN,GEN
108,6,2021-08-17 21:35:00,2021-08-19 10:19:00,58.83333,-61.045,58.64833,-60.84167,36.7333,-0.185,0.20333,23.6815,0.179079,150.22,GEN,GEN
109,1,2021-07-30 21:51:00,2021-07-31 10:26:00,58.98333,-62.15333,58.96,-62.33833,12.5833,-0.02333,-0.185,10.9163,0.240978,256.33,GEN,GEN
110,1,2021-07-30 21:51:00,2021-08-09 00:22:00,59.85667,-60.56667,59.76833,-60.65833,218.5167,-0.08834,-0.09166,11.0795,0.014084,207.59,GEN,GEN
110,2,2021-08-09 00:22:00,2021-08-13 21:34:00,59.76833,-60.65833,59.48,-60.285,117.2,-0.28833,0.37333,38.3214,0.090826,146.62,GEN,GEN
110,3,2021-08-13 21:34:00,2021-08-14 21:42:00,59.48,-60.285,59.395,-60.265,24.1333,-0.085,0.02,9.519,0.109565,173.17,GEN,GEN
110,4,2021-08-14 21:42:00,2021-08-15 10:19:00,59.395,-60.265,59.31333,-60.28667,12.6167,-0.08167,-0.02167,9.164,0.201761,187.71,GEN,GEN
110,5,2021-08-15 10:19:00,2021-08-15 21:51:00,59.31333,-60.28667,59.18833,-60.29667,11.5333,-0.125,-0.01,13.911,0.335043,182.35,GEN,GEN
110,6,2021-08-15 21:51:00,2021-08-16 10:27:00,59.18833,-60.29667,59.025,-60.31167,12.6,-0.16333,-0.015,18.1816,0.40083,182.71,GEN,GEN
110,7,2021-08-16 10:27:00,2021-08-17 21:35:00,59.025,-60.31167,58.69833,-60.595,35.1333,-0.32667,-0.28333,39.81,0.314753,204.28,GEN,GEN
110,8,2021-08-17 21:35:00,2021-08-19 10:19:00,58.69833,-60.595,58.26833,-60.58167,36.7333,-0.43,0.01333,47.8201,0.361616,179.07,GEN,GEN
110,9,2021-08-19 10:19:00,2021-08-22 10:09:00,58.26833,-60.58167,57.55667,-60.04,71.8333,-0.71166,0.54167,85.3559,0.330069,157.76,GEN,GEN
110,10,2021-08-22 10:09:00,2021-08-22 21:42:00,57.55667,-60.04,57.50333,-60.26667,11.55,-0.05334,-0.22667,14.7741,0.355317,246.43,GEN,GEN
110,11,2021-08-22 21:42:00,2021-08-24 10:27:00,57.50333,-60.26667,57.5,-60.29833,36.75,-0.00333,-0.03166,1.9273,0.014568,258.94,GEN,GEN
110,12,2021-08-24 10:27:00,2021-08-25 21:34:00,57.5,-60.29833,57.545,-60.36833,35.1167,0.045,-0.07,6.5197,0.051572,320.16,GEN,GEN
110,13,2021-08-25 21:34:00,2021-08-26 10:10:00,57.545,-60.36833,57.52833,-60.34167,12.6,-0.01667,0.02666,2.4429,0.053856,139.34,GEN,GEN
110,14,2021-08-26 10:10:00,2021-08-26 21:42:00,57.52833,-60.34167,57.52833,-60.33333,11.5333,0.0,0.00834,0.4979,0.011991,90.0,GEN,GEN
110,15,2021-08-26 21:42:00,2021-08-27 10:17:00,57.52833,-60.33333,57.5,-60.28,12.5833,-0.02833,0.05333,4.4797,0.098889,134.66,GEN,GEN
110,16,2021-08-27 10:17:00,2021-08-31 10:18:00,57.5,-60.28,57.335,-60.485,96.0167,-0.165,-0.205,22.0749,0.063863,213.87,GEN,GEN
110,17,2021-08-31 10:18:00,2021-09-01 10:25:00,57.335,-60.485,57.175,-60.72167,24.1167,-0.16,-0.23667,22.7849,0.262438,218.76,GEN,GEN
110,18,2021-09-01 10:25:00,2021-09-03 10:09:00,57.175,-60.72167,56.82667,-60.815,47.7333,-0.34833,-0.09333,39.1427,0.227786,188.34,GEN,GEN
114,1,2021-07-30 21:49:00,2021-08-01 21:34:00,56.19,-58.97333,55.90667,-58.39333,47.75,-0.28333,0.58,47.8528,0.278376,130.93,GEN,GEN
114,2,2021-08-01 21:34:00,2021-08-03 21:49:00,55.90667,-58.39333,55.88167,-58.26333,48.25,-0.025,0.13,8.5689,0.049332,108.88,GEN,GEN
114,3,2021-08-03 21:49:00,2021-08-08 09:55:00,55.88167,-58.26333,55.785,-57.215,108.1,-0.09667,1.04833,66.3413,0.170473,98.89,GEN,GEN
115,1,2021-07-30 21:49:00,2021-08-05 10:02:00,56.19667,-58.995,55.97833,-58.03833,132.2167,-0.21834,0.95667,64.1235,0.134719,111.85,GEN,GEN
115,2,2021-08-05 10:02:00,2021-08-05 21:34:00,55.97833,-58.03833,55.99333,-58.00833,11.5333,0.015,0.03,2.5028,0.06028,48.2,GEN,GEN
115,3,2021-08-05 21:34:00,2021-08-06 10:10:00,55.99333,-58.00833,55.965,-57.96,12.6,-0.02833,0.04833,4.3548,0.096005,136.31,GEN,GEN
115,4,2021-08-06 10:10:00,2021-08-13 10:02:00,55.965,-57.96,55.115,-56.33167,167.8667,-0.85,1.62833,139.3823,0.230643,132.02,GEN,GEN
115,5,2021-08-13 10:02:00,2021-08-13 21:34:00,55.115,-56.33167,55.11667,-56.29,11.5333,0.00167,0.04167,2.6565,0.063981,85.97,GEN,GEN
116,1,2021-07-30 21:49:00,2021-08-03 21:49:00,56.105,-59.62833,55.88,-59.29,96.0,-0.225,0.33833,32.6905,0.094591,139.8,GEN,GEN
116,2,2021-08-03 21:49:00,2021-08-16 09:56:00,55.88,-59.29,55.395,-56.245,300.1167,-0.485,3.045,198.5532,0.183774,104.5,GEN,GEN
117,1,2021-07-30 21:49:00,2021-07-31 21:58:00,56.01333,-60.02667,56.01333,-60.02667,24.15,0.0,0.0,0.0,0.0,0.0,GEN,GEN
117,2,2021-07-31 21:58:00,2021-08-02 10:10:00,56.01333,-60.02667,56.01333,-60.025,36.2,0.0,0.00167,0.1038,0.000797,90.0,GEN,GEN
117,3,2021-08-02 10:10:00,2021-08-11 21:49:00,56.01333,-60.025,55.03,-58.03833,227.65,-0.98333,1.98667,166.1032,0.202679,130.34,GEN,GEN
117,4,2021-08-11 21:49:00,2021-08-15 21:49:00,55.03,-58.03833,54.885,-57.25,96.0,-0.145,0.78833,52.851,0.152925,107.44,GEN,GEN
117,5,2021-08-15 21:49:00,2021-08-16 09:56:00,54.885,-57.25,54.81333,-57.17667,12.1167,-0.07167,0.07333,9.2492,0.212041,149.47,GEN,GEN
118,1,2021-07-30 21:49:00,2021-07-31 21:58:00,55.97167,-59.85,55.97,-59.845,24.15,-0.00167,0.005,0.3623,0.004168,120.83,GEN,GEN
118,2,2021-07-31 21:58:00,2021-08-02 10:10:00,55.97,-59.845,55.96833,-59.845,36.2,-0.00167,0.0,0.1857,0.001425,180.0,GEN,GEN
118,3,2021-08-02 10:10:00,2021-08-02 21:42:00,55.96833,-59.845,55.96833,-59.84333,11.5333,0.0,0.00167,0.1039,0.002503,90.0,GEN,GEN
118,4,2021-08-02 21:42:00,2021-08-03 10:18:00,55.96833,-59.84333,55.96833,-59.84333,12.6,0.0,0.0,0.0,0.0,0.0,GEN,GEN
118,5,2021-08-03 10:18:00,2021-08-03 21:49:00,55.96833,-59.84333,55.96833,-59.84333,11.5167,0.0,0.0,0.0,0.0,0.0,GEN,GEN
118,6,2021-08-03 21:49:00,2021-08-04 21:58:00,55.96833,-59.84333,55.97,-59.84333,24.15,0.00167,0.0,0.1857,0.002136,0.0,GEN,GEN
118,7,2021-08-04 21:58:00,2021-08-07 21:50:00,55.97,-59.84333,55.6,-58.95167,71.8667,-0.37,0.89166,69.2872,0.267808,126.06,GEN,GEN
120,1,2021-07-30 21:49:00,2021-08-05 10:02:00,55.01167,-57.225,54.755,-56.68,132.2167,-0.25667,0.545,45.0531,0.094653,129.08,GEN,GEN
120,2,2021-08-05 10:02:00,2021-08-05 21:32:00,54.755,-56.68,54.68,-56.515,11.5,-0.075,0.165,13.4854,0.325734,128.13,GEN,GEN
121,1,2021-07-31 10:26:00,2021-07-31 21:58:00,56.56833,-60.29833,56.49,-60.28667,11.5333,-0.07833,0.01166,8.7392,0.210482,175.3,GEN,GEN
121,2,2021-07-31 21:58:00,2021-08-02 10:10:00,56.49,-60.28667,56.32667,-60.05167,36.2,-0.16333,0.235,23.2132,0.178125,141.38,GEN,GEN
121,3,2021-08-02 10:10:00,2021-08-04 21:58:00,56.32667,-60.05167,55.86167,-59.45333,59.8,-0.465,0.59834,63.6462,0.295644,144.08,GEN,GEN
123,1,2021-07-31 10:26:00,2021-08-08 21:58:00,59.675,-61.91333,59.14333,-61.91333,203.5333,-0.53167,0.0,59.119,0.080684,180.0,GEN,GEN
123,2,2021-08-08 21:58:00,2021-08-20 10:27:00,59.14333,-61.91333,58.945,-61.925,276.4833,-0.19833,-0.01167,22.0634,0.022167,181.74,GEN,GEN
123,3,2021-08-20 10:27:00,2021-08-22 21:42:00,58.945,-61.925,58.64667,-61.33167,59.25,-0.29833,0.59333,47.6314,0.223307,133.89,GEN,GEN
123,4,2021-08-22 21:42:00,2021-08-24 10:27:00,58.64667,-61.33167,58.54,-61.33333,36.75,-0.10667,-0.00166,11.8616,0.089656,180.47,GEN,GEN
123,5,2021-08-24 10:27:00,2021-08-25 10:32:00,58.54,-61.33333,58.58333,-61.40667,24.0833,0.04333,-0.07334,6.427,0.074129,318.59,GEN,GEN
123,6,2021-08-25 10:32:00,2021-08-25 21:34:00,58.58333,-61.40667,58.485,-61.41333,11.0333,-0.09833,-0.00666,10.9406,0.275444,182.03,GEN,GEN
123,7,2021-08-25 21:34:00,2021-08-26 21:42:00,58.485,-61.41333,58.49167,-61.49,24.1333,0.00667,-0.07667,4.5172,0.051994,279.48,GEN,GEN
123,8,2021-08-26 21:42:00,2021-08-27 10:17:00,58.49167,-61.49,58.5,-61.43,12.5833,0.00833,0.06,3.6073,0.079632,75.1,GEN,GEN
123,9,2021-08-27 10:17:00,2021-08-31 10:18:00,58.5,-61.43,58.18167,-61.18333,96.0167,-0.31833,0.24667,38.2122,0.110548,157.76,GEN,GEN
123,10,2021-08-31 10:18:00,2021-09-01 10:25:00,58.18167,-61.18333,58.23667,-61.22,24.1167,0.055,-0.03667,6.482,0.07466,340.66,GEN,GEN
123,11,2021-09-01 10:25:00,2021-09-02 21:34:00,58.23667,-61.22,58.05667,-61.27167,35.15,-0.18,-0.05167,20.2435,0.159977,188.64,GEN,GEN
123,12,2021-09-02 21:34:00,2021-09-03 10:09:00,58.05667,-61.27167,57.97333,-61.35333,12.5833,-0.08334,-0.08166,10.4408,0.230482,207.46,GEN,GEN
125,1,2021-07-31 10:26:00,2021-08-03 10:18:00,58.715,-62.58833,58.715,-62.58833,71.8667,0.0,0.0,0.0,0.0,0.0,GEN,GEN
125,2,2021-08-03 10:18:00,2021-08-04 10:25:00,58.715,-62.58833,58.71333,-62.58833,24.1167,-0.00167,0.0,0.1857,0.002139,180.0,GEN,GEN
125,3,2021-08-04 10:25:00,2021-08-07 10:17:00,58.71333,-62.58833,58.71333,-62.58833,71.8667,0.0,0.0,0.0,0.0,0.0,GEN,GEN
125,4,2021-08-07 10:17:00,2021-08-07 21:50:00,58.71333,-62.58833,58.715,-62.58833,11.55,0.00167,0.0,0.1857,0.004466,0.0,GEN,GEN
125,5,2021-08-07 21:50:00,2021-08-08 21:58:00,58.715,-62.58833,58.71167,-62.585,24.1333,-0.00333,0.00333,0.4172,0.004802,152.55,GEN,GEN
125,6,2021-08-08 21:58:00,2021-08-14 21:42:00,58.71167,-62.585,58.42833,-62.50667,143.7333,-0.28334,0.07833,31.8317,0.061518,171.76,GEN,GEN
126,1,2021-07-31 21:58:00,2021-08-09 21:32:00,55.83833,-59.72,55.03667,-58.06167,215.5667,-0.80166,1.65833,137.4315,0.177093,129.75,GEN,GEN
126,2,2021-08-09 21:32:00,2021-08-16 21:25:00,55.03667,-58.06167,54.03833,-56.40167,167.8833,-0.99834,1.66,154.2368,0.255198,135.35,GEN,GEN
127,1,2021-07-31 21:58:00,2021-08-02 10:10:00,55.77333,-59.395,55.45167,-59.15167,36.2,-0.32166,0.24333,38.8947,0.298455,156.76,GEN,GEN
129,1,2021-08-01 21:34:00,2021-08-02 10:10:00,55.20833,-57.01,55.17833,-57.095,12.6,-0.03,-0.085,6.3431,0.139838,238.31,GEN,GEN
129,2,2021-08-02 10:10:00,2021-08-08 09:55:00,55.17833,-57.095,54.39333,-55.79667,143.75,-0.785,1.29833,120.6166,0.233076,135.83,GEN,GEN
129,3,2021-08-08 09:55:00,2021-08-08 21:24:00,54.39333,-55.79667,54.36333,-55.75167,11.4833,-0.03,0.045,4.4296,0.10715,138.84,GEN,GEN
129,4,2021-08-08 21:24:00,2021-08-09 21:32:00,54.36333,-55.75167,54.30833,-55.74667,24.1333,-0.055,0.005,6.1243,0.070492,176.96,GEN,GEN
130,1,2021-08-02 10:10:00,2021-08-03 10:18:00,56.03667,-60.04333,56.03667,-60.04333,24.1333,0.0,0.0,0.0,0.0,0.0,GEN,GEN
130,2,2021-08-03 10:18:00,2021-08-03 21:49:00,56.03667,-60.04333,56.03667,-60.045,11.5167,0.0,-0.00167,0.1037,0.002502,270.0,GEN,GEN
130,3,2021-08-03 21:49:00,2021-08-04 21:58:00,56.03667,-60.045,56.03667,-60.045,24.15,0.0,0.0,0.0,0.0,0.0,GEN,GEN
130,4,2021-08-04 21:58:00,2021-08-06 10:10:00,56.03667,-60.045,56.03667,-60.045,36.2,0.0,0.0,0.0,0.0,0.0,GEN,GEN
131,1,2021-08-02 10:10:00,2021-08-05 21:34:00,55.18,-57.75667,55.06,-57.39333,83.4,-0.12,0.36334,26.6803,0.088863,119.86,GEN,GEN
131,2,2021-08-05 21:34:00,2021-08-13 21:32:00,55.06,-57.39333,54.25167,-56.23833,191.9667,-0.80833,1.155,116.6096,0.168735,139.95,GEN,GEN
132,1,2021-08-02 10:10:00,2021-08-05 15:25:00,55.32,-56.615,55.14333,-56.135,77.25,-0.17667,0.48,36.2258,0.130262,122.64,GEN,GEN
132,2,2021-08-05 15:25:00,2021-08-20 09:56:00,55.14333,-56.135,54.85167,-54.39333,354.5167,-0.29166,1.74167,115.7221,0.090673,105.56,DD,LG
134,1,2021-08-02 21:42:00,2021-08-03 10:18:00,58.08,-62.005,58.03333,-61.96333,12.6,-0.04667,0.04167,5.7394,0.126529,154.7,GEN,GEN
134,2,2021-08-03 10:18:00,2021-08-15 10:19:00,58.03333,-61.96333,58.07833,-62.10667,288.0167,0.045,-0.14334,9.8058,0.009457,300.74,GEN,GEN
134,3,2021-08-15 10:19:00,2021-08-16 10:27:00,58.07833,-62.10667,58.01167,-61.95,24.1333,-0.06666,0.15667,11.8301,0.136166,128.73,GEN,GEN
135,1,2021-08-02 21:42:00,2021-08-13 21:34:00,55.98,-60.025,55.09667,-57.84833,263.8667,-0.88333,2.17667,168.524,0.177409,124.75,GEN,GEN
135,2,2021-08-13 21:34:00,2021-08-14 10:10:00,55.09667,-57.84833,55.04333,-57.68667,12.6,-0.05334,0.16166,11.8791,0.261885,119.89,GEN,GEN
136,1,2021-08-02 21:42:00,2021-08-03 10:18:00,55.33167,-59.045,55.245,-58.88,12.6,-0.08667,0.165,14.2138,0.313355,132.62,GEN,GEN
138,1,2021-08-03 10:18:00,2021-08-08 21:58:00,59.12833,-62.29167,58.9,-62.41167,131.6667,-0.22833,-0.12,26.3021,0.05549,195.19,GEN,GEN
138,2,2021-08-08 21:58:00,2021-08-20 10:27:00,58.9,-62.41167,58.41667,-62.39,276.4833,-0.48333,0.02167,53.7585,0.05401,178.65,GEN,GEN
138,3,2021-08-20 10:27:00,2021-08-26 21:42:00,58.41667,-62.39,58.41667,-62.39,155.25,0.0,0.0,0.0,0.0,0.0,GEN,GEN
138,4,2021-08-26 21:42:00,2021-08-27 10:17:00,58.41667,-62.39,58.41667,-62.39,12.5833,0.0,0.0,0.0,0.0,0.0,GEN,GEN
138,5,2021-08-27 10:17:00,2021-08-28 21:58:00,58.41667,-62.39,58.41667,-62.39,35.6833,0.0,0.0,0.0,0.0,0.0,GEN,GEN
139,1,2021-08-03 10:18:00,2021-08-14 21:42:00,59.00833,-62.32833,58.42833,-62.39333,275.4,-0.58,-0.065,64.6022,0.06516,183.36,GEN,GEN
139,2,2021-08-14 21:42:00,2021-08-17 10:34:00,58.42833,-62.39333,58.41667,-62.38833,60.8667,-0.01166,0.005,1.3288,0.006064,167.34,GEN,GEN
139,3,2021-08-17 10:34:00,2021-08-24 10:27:00,58.41667,-62.38833,58.30333,-61.61333,167.8833,-0.11334,0.775,46.9298,0.07765,105.25,GEN,GEN
139,4,2021-08-24 10:27:00,2021-08-25 10:32:00,58.30333,-61.61333,58.25,-61.57167,24.0833,-0.05333,0.04166,6.4108,0.073942,157.65,GEN,GEN
139,5,2021-08-25 10:32:00,2021-08-26 21:42:00,58.25,-61.57167,58.20167,-61.56167,35.1667,-0.04833,0.01,5.4059,0.0427,173.78,GEN,GEN
139,6,2021-08-26 21:42:00,2021-08-27 10:17:00,58.20167,-61.56167,58.175,-61.54333,12.5833,-0.02667,0.01834,3.1544,0.069633,160.07,GEN,GEN
139,7,2021-08-27 10:17:00,2021-08-28 10:25:00,58.175,-61.54333,58.145,-61.495,24.1333,-0.03,0.04833,4.3778,0.05039,139.62,GEN,GEN
139,8,2021-08-28 10:25:00,2021-08-28 21:58:00,58.145,-61.495,58.145,-61.52167,11.55,0.0,-0.02667,1.5651,0.037642,270.01,GEN,GEN
139,9,2021-08-28 21:58:00,2021-08-31 10:18:00,58.145,-61.52167,57.875,-61.26333,60.3333,-0.27,0.25834,33.6593,0.154969,153.01,GEN,GEN
139,10,2021-08-31 10:18:00,2021-09-01 10:25:00,57.875,-61.26333,57.72167,-61.34833,24.1167,-0.15333,-0.085,17.7779,0.204768,196.49,GEN,GEN
140,1,2021-08-03 10:18:00,2021-08-04 10:25:00,59.03,-62.18167,58.98,-62.11667,24.1167,-0.05,0.065,6.6906,0.077063,146.17,GEN,GEN
140,2,2021-08-04 10:25:00,2021-08-20 10:27:00,58.98,-62.11667,58.515,-61.19,384.0333,-0.465,0.92667,74.3715,0.053794,133.65,GEN,GEN
140,3,2021-08-20 10:27:00,2021-08-22 10:09:00,58.515,-61.19,58.20833,-61.35167,47.7,-0.30667,-0.16167,35.3799,0.206033,195.53,GEN,GEN
140,4,2021-08-22 10:09:00,2021-08-22 21:42:00,58.20833,-61.35167,58.22333,-61.40667,11.55,0.015,-0.055,3.6275,0.087241,297.4,GEN,GEN
140,5,2021-08-22 21:42:00,2021-08-25 21:34:00,58.22333,-61.40667,57.88833,-60.915,71.8667,-0.335,0.49167,47.1623,0.182291,141.96,GEN,GEN
140,6,2021-08-25 21:34:00,2021-08-26 21:42:00,57.88833,-60.915,57.96333,-60.94167,24.1333,0.075,-0.02667,8.487,0.097686,349.32,GEN,GEN
140,7,2021-08-26 21:42:00,2021-08-28 10:25:00,57.96333,-60.94167,57.68667,-60.71833,36.7167,-0.27666,0.22334,33.4852,0.25333,156.64,GEN,GEN
140,8,2021-08-28 10:25:00,2021-08-31 10:18:00,57.68667,-60.71833,57.32,-60.53833,71.8833,-0.36667,0.18,42.166,0.162941,165.15,GEN,GEN
140,9,2021-08-31 10:18:00,2021-09-01 10:25:00,57.32,-60.53833,57.17,-60.77167,24.1167,-0.15,-0.23334,21.8006,0.251101,220.18,GEN,GEN
140,10,2021-09-01 10:25:00,2021-09-03 10:09:00,57.17,-60.77167,56.86167,-60.825,47.7333,-0.30833,-0.05333,34.4364,0.200398,185.4,GEN,GEN
141,1,2021-08-03 10:18:00,2021-08-03 21:49:00,55.89667,-59.14,55.87,-59.05,11.5167,-0.02667,0.09,6.3483,0.153118,117.81,GEN,GEN
141,2,2021-08-03 21:49:00,2021-08-05 10:02:00,55.87,-59.05,55.87333,-58.97333,36.2167,0.00333,0.07667,4.7974,0.036796,85.54,GEN,GEN
141,3,2021-08-05 10:02:00,2021-08-05 21:34:00,55.87333,-58.97333,55.835,-58.96833,11.5333,-0.03833,0.005,4.2735,0.102927,175.81,GEN,GEN
141,4,2021-08-05 21:34:00,2021-08-15 09:48:00,55.835,-58.96833,55.63167,-56.87667,228.2333,-0.20333,2.09166,132.8862,0.161733,98.93,GEN,GEN
141,5,2021-08-15 09:48:00,2021-08-16 09:56:00,55.63167,-56.87667,55.50333,-56.58667,24.1333,-0.12834,0.29,23.154,0.266505,127.93,GEN,GEN
142,1,2021-08-03 10:18:00,2021-08-05 10:02:00,56.30833,-59.97333,56.02667,-59.31833,47.7333,-0.28166,0.655,51.2369,0.298166,127.41,GEN,GEN
142,2,2021-08-05 10:02:00,2021-08-09 21:32:00,56.02667,-59.31833,55.67,-58.23667,107.5,-0.35667,1.08166,78.3055,0.20234,119.98,GEN,GEN
142,3,2021-08-09 21:32:00,2021-08-10 21:42:00,55.67,-58.23667,55.67,-58.23667,24.1667,0.0,0.0,0.0,0.0,0.0,GEN,GEN
142,4,2021-08-10 21:42:00,2021-08-11 21:49:00,55.67,-58.23667,55.67,-58.235,24.1167,0.0,0.00167,0.1047,0.001206,90.0,GEN,GEN
142,5,2021-08-11 21:49:00,2021-08-13 10:02:00,55.67,-58.235,55.67,-58.23667,36.2167,0.0,-0.00167,0.1047,0.000803,270.0,GEN,GEN
143,1,2021-08-03 21:51:00,2021-08-04 10:25:00,59.135,-62.32667,59.12167,-62.32833,12.5667,-0.01333,-0.00166,1.4853,0.03283,183.66,GEN,GEN
143,2,2021-08-04 10:25:00,2021-08-07 10:17:00,59.12167,-62.32833,59.115,-62.32833,71.8667,-0.00667,0.0,0.7417,0.002867,180.0,GEN,GEN
143,3,2021-08-07 10:17:00,2021-08-07 21:50:00,59.115,-62.32833,59.11667,-62.32833,11.55,0.00167,0.0,0.1857,0.004466,0.0,GEN,GEN
143,4,2021-08-07 21:50:00,2021-08-08 21:58:00,59.11667,-62.32833,59.08333,-62.36333,24.1333,-0.03334,-0.035,4.2117,0.048477,208.34,GEN,GEN
143,5,2021-08-08 21:58:00,2021-08-20 10:27:00,59.08333,-62.36333,59.13333,-62.145,276.4833,0.05,0.21833,13.6481,0.013712,65.87,GEN,GEN
143,6,2021-08-20 10:27:00,2021-08-22 21:42:00,59.13333,-62.145,58.66,-61.395,59.25,-0.47333,0.75,68.0145,0.318868,140.38,GEN,GEN
143,7,2021-08-22 21:42:00,2021-08-24 10:27:00,58.66,-61.395,58.67667,-61.60667,36.75,0.01667,-0.21167,12.3784,0.093563,278.7,GEN,GEN
143,8,2021-08-24 10:27:00,2021-08-25 10:32:00,58.67667,-61.60667,58.53833,-61.85667,24.0833,-0.13834,-0.25,21.1259,0.243667,223.38,GEN,GEN
143,9,2021-08-25 10:32:00,2021-08-26 21:42:00,58.53833,-61.85667,58.30333,-61.70333,35.1667,-0.235,0.15334,27.6142,0.218122,161.07,GEN,GEN
143,10,2021-08-26 21:42:00,2021-08-27 10:17:00,58.30333,-61.70333,58.30667,-61.605,12.5833,0.00334,0.09833,5.7566,0.127077,86.26,GEN,GEN
143,11,2021-08-27 10:17:00,2021-08-31 10:18:00,58.30667,-61.605,58.05667,-61.34333,96.0167,-0.25,0.26167,31.7505,0.091855,151.0,GEN,GEN
143,12,2021-08-31 10:18:00,2021-09-01 10:25:00,58.05667,-61.34333,58.03833,-61.53667,24.1167,-0.01834,-0.19334,11.5586,0.133133,259.92,GEN,GEN
144,1,2021-08-03 21:49:00,2021-08-05 10:02:00,56.175,-59.18,55.935,-58.99167,36.2167,-0.24,0.18833,29.1363,0.223472,156.26,GEN,GEN
145,1,2021-08-04 10:25:00,2021-08-14 21:42:00,59.96833,-63.20167,60.10333,-62.90667,251.2833,0.135,0.295,22.2206,0.024563,47.37,GEN,GEN
145,2,2021-08-14 21:42:00,2021-08-15 21:51:00,60.10333,-62.90667,60.13167,-62.63833,24.15,0.02834,0.26834,15.1963,0.174791,77.92,GEN,GEN
145,3,2021-08-15 21:51:00,2021-08-16 10:27:00,60.13167,-62.63833,60.15833,-62.77833,12.6,0.02666,-0.14,8.2972,0.182918,290.99,GEN,GEN
145,4,2021-08-16 10:27:00,2021-08-19 10:19:00,60.15833,-62.77833,60.19333,-62.69333,71.8667,0.035,0.085,6.1026,0.023588,50.34,GEN,GEN
145,5,2021-08-19 10:19:00,2021-08-20 10:27:00,60.19333,-62.69333,60.13,-62.62333,24.1333,-0.06333,0.07,8.0367,0.092503,151.16,GEN,GEN
145,6,2021-08-20 10:27:00,2021-08-23 21:51:00,60.13,-62.62333,59.98167,-62.68833,83.4,-0.14833,-0.065,16.8835,0.056233,192.37,GEN,GEN
145,7,2021-08-23 21:51:00,2021-08-24 10:27:00,59.98167,-62.68833,60.03167,-62.64667,12.6,0.05,0.04166,6.0227,0.132776,22.59,GEN,GEN
145,8,2021-08-24 10:27:00,2021-08-24 21:59:00,60.03167,-62.64667,60.06,-62.49333,11.5333,0.02833,0.15334,9.0776,0.218632,69.63,GEN,GEN
145,9,2021-08-24 21:59:00,2021-08-25 10:32:00,60.06,-62.49333,60.035,-62.43333,12.55,-0.025,0.06,4.3386,0.09603,129.82,GEN,GEN
145,10,2021-08-25 10:32:00,2021-08-26 21:43:00,60.035,-62.43333,60.07667,-62.49667,35.1833,0.04167,-0.06334,5.8162,0.04592,322.84,GEN,GEN
145,11,2021-08-26 21:43:00,2021-08-27 10:17:00,60.07667,-62.49667,60.11,-62.57167,12.5667,0.03333,-0.075,5.57,0.123121,311.74,GEN,GEN
145,12,2021-08-27 10:17:00,2021-09-02 10:33:00,60.11,-62.57167,60.03167,-62.875,144.2667,-0.07833,-0.30333,18.9487,0.036485,242.77,GEN,GEN
147,1,2021-08-04 10:25:00,2021-08-05 21:35:00,58.06333,-60.435,58.11833,-60.49,35.1667,0.055,-0.055,6.9175,0.054641,332.16,GEN,GEN
147,2,2021-08-05 21:35:00,2021-08-20 10:27:00,58.11833,-60.49,58.08167,-60.73333,348.8667,-0.03666,-0.24333,14.8677,0.011838,254.19,GEN,GEN
147,3,2021-08-20 10:27:00,2021-08-22 10:09:00,58.08167,-60.73333,57.52167,-60.02667,47.7,-0.56,0.70666,75.036,0.436967,145.78,GEN,GEN
147,4,2021-08-22 10:09:00,2021-08-22 21:42:00,57.52167,-60.02667,57.48333,-60.23667,11.55,-0.03834,-0.21,13.2502,0.318667,251.32,GEN,GEN
147,5,2021-08-22 21:42:00,2021-08-25 21:34:00,57.48333,-60.23667,57.42333,-60.455,71.8667,-0.06,-0.21833,14.6661,0.056687,243.03,GEN,GEN
147,6,2021-08-25 21:34:00,2021-08-26 10:10:00,57.42333,-60.455,57.30833,-60.61667,12.6,-0.115,-0.16167,16.0468,0.353766,217.23,GEN,GEN
147,7,2021-08-26 10:10:00,2021-08-31 10:18:00,57.30833,-60.61667,56.985,-60.81167,120.1333,-0.32333,-0.195,37.828,0.087468,198.2,GEN,GEN
148,1,2021-08-04 10:17:00,2021-08-06 10:44:00,60.87667,-63.5,60.33333,-63.5,48.45,-0.54334,0.0,60.4167,0.346386,180.0,ISL,VLG
148,2,2021-08-06 10:44:00,2021-08-07 21:50:00,60.33333,-63.5,60.18667,-63.17,35.1,-0.14666,0.33,24.4394,0.193411,131.71,ISL,VLG
148,3,2021-08-07 21:50:00,2021-08-08 10:27:00,60.18667,-63.17,60.185,-62.955,12.6167,-0.00167,0.215,11.8877,0.261728,90.8,GEN,GEN
148,4,2021-08-08 10:27:00,2021-08-08 21:58:00,60.185,-62.955,60.10333,-62.65333,11.5167,-0.08167,0.30167,19.0085,0.458478,118.41,ISL,VLG
148,5,2021-08-08 21:58:00,2021-08-10 10:42:00,60.10333,-62.65333,60.00333,-62.4,36.7333,-0.1,0.25333,17.927,0.135564,128.23,ISL,VLG
148,6,2021-08-10 10:42:00,2021-08-11 21:51:00,60.00333,-62.4,60.03333,-62.07333,35.15,0.03,0.32667,18.4559,0.14585,79.45,ISL,VLG
148,7,2021-08-11 21:51:00,2021-08-13 21:34:00,60.03333,-62.07333,60.065,-62.09333,47.7167,0.03167,-0.02,3.6924,0.021495,342.51,ISL,VLG
148,8,2021-08-13 21:34:00,2021-08-14 21:42:00,60.065,-62.09333,60.23667,-62.175,24.1333,0.17167,-0.08167,19.6167,0.22579,346.71,ISL,VLG
148,9,2021-08-14 21:42:00,2021-08-15 10:19:00,60.23667,-62.175,60.24,-62.24,12.6167,0.00333,-0.065,3.6068,0.07941,275.92,ISL,VLG
148,10,2021-08-15 10:19:00,2021-08-15 21:51:00,60.24,-62.24,60.22333,-62.28667,11.5333,-0.01667,-0.04667,3.174,0.076446,234.29,ISL,VLG
148,11,2021-08-15 21:51:00,2021-08-16 10:27:00,60.22333,-62.28667,60.20833,-62.24,12.6,-0.015,0.04667,3.0703,0.067688,122.88,GEN,GEN
148,12,2021-08-16 10:27:00,2021-08-17 10:34:00,60.20833,-62.24,60.19167,-62.17833,24.1167,-0.01666,0.06167,3.8789,0.044678,118.5,ISL,VLG
150,1,2021-08-04 09:56:00,2021-08-05 21:34:00,55.21667,-56.35167,55.15833,-56.07,35.6333,-0.05834,0.28167,19.0209,0.148276,109.83,GEN,GEN
151,1,2021-08-04 21:58:00,2021-08-06 10:10:00,55.975,-59.84667,55.96833,-59.84,36.2,-0.00667,0.00667,0.8499,0.006522,150.77,GEN,GEN
151,2,2021-08-06 10:10:00,2021-08-07 21:50:00,55.96833,-59.84,55.78167,-59.47667,35.6667,-0.18666,0.36333,30.7324,0.239349,132.33,GEN,GEN
151,3,2021-08-07 21:50:00,2021-08-09 21:32:00,55.78167,-59.47667,55.44667,-58.88667,47.7,-0.335,0.59,52.539,0.305957,134.91,GEN,GEN
152,1,2021-08-05 10:02:00,2021-08-05 21:32:00,53.22167,-55.35,53.125,-55.32,11.5,-0.09667,0.03,10.9336,0.264097,169.45,GEN,GEN
152,2,2021-08-05 21:32:00,2021-08-07 09:48:00,53.125,-55.32,52.89333,-55.38333,36.2667,-0.23167,-0.06333,26.1067,0.199959,189.37,GEN,GEN
152,3,2021-08-07 09:48:00,2021-08-09 21:32:00,52.89333,-55.38333,52.37833,-55.435,59.7333,-0.515,-0.05167,57.3714,0.266794,183.5,GEN,GEN
152,4,2021-08-09 21:32:00,2021-08-16 21:25:00,52.37833,-55.435,51.84833,-55.12167,167.8833,-0.53,0.31333,62.6968,0.103737,159.92,GEN,GEN
153,1,2021-08-05 10:02:00,2021-08-05 21:32:00,54.435,-56.09667,54.425,-55.97167,11.5,-0.01,0.125,8.1613,0.197133,97.78,GEN,GEN
153,2,2021-08-05 21:32:00,2021-08-08 21:24:00,54.425,-55.97167,54.29667,-55.32667,71.8667,-0.12833,0.645,44.159,0.170683,108.59,GEN,GEN
153,3,2021-08-08 21:24:00,2021-08-09 21:32:00,54.29667,-55.32667,54.16833,-55.285,24.1333,-0.12834,0.04167,14.5255,0.16719,169.24,GEN,GEN
162,1,2021-08-06 21:43:00,2021-08-08 10:27:00,59.74,-61.53667,59.66,-61.54,36.7333,-0.08,-0.00333,8.8976,0.067283,181.2,GEN,GEN
162,2,2021-08-08 10:27:00,2021-08-11 21:51:00,59.66,-61.54,59.385,-60.77333,83.4,-0.275,0.76667,52.9583,0.176387,124.94,GEN,GEN
162,3,2021-08-11 21:51:00,2021-08-13 21:34:00,59.385,-60.77333,59.24333,-60.96167,47.7167,-0.14167,-0.18834,19.0363,0.110818,214.24,GEN,GEN
162,4,2021-08-13 21:34:00,2021-08-14 21:42:00,59.24333,-60.96167,59.015,-60.725,24.1333,-0.22833,0.23667,28.7566,0.330992,151.89,GEN,GEN
162,5,2021-08-14 21:42:00,2021-08-17 21:35:00,59.015,-60.725,58.69833,-60.90833,71.8833,-0.31667,-0.18333,36.7565,0.142038,196.75,GEN,GEN
162,6,2021-08-17 21:35:00,2021-08-20 10:27:00,58.69833,-60.90833,58.41833,-60.67667,60.8667,-0.28,0.23166,33.9103,0.154757,156.56,GEN,GEN
162,7,2021-08-20 10:27:00,2021-08-22 10:09:00,58.41833,-60.67667,57.92833,-60.31667,47.7,-0.49,0.36,58.4318,0.340274,158.67,GEN,GEN
162,8,2021-08-22 10:09:00,2021-08-22 21:42:00,57.92833,-60.31667,57.885,-60.375,11.55,-0.04333,-0.05833,5.9236,0.142462,215.6,GEN,GEN
163,1,2021-08-06 21:43:00,2021-08-08 21:58:00,59.05667,-61.90667,58.99667,-62.01833,48.25,-0.06,-0.11166,9.238,0.053184,223.81,GEN,GEN
163,2,2021-08-08 21:58:00,2021-08-14 21:42:00,58.99667,-62.01833,58.695,-61.91833,143.7333,-0.30167,0.1,34.0339,0.065774,170.23,GEN,GEN
163,3,2021-08-14 21:42:00,2021-08-20 10:27:00,58.695,-61.91833,58.535,-61.22167,132.75,-0.16,0.69666,44.0912,0.09226,113.5,GEN,GEN
163,4,2021-08-20 10:27:00,2021-08-22 10:09:00,58.535,-61.22167,58.33833,-61.04167,47.7,-0.19667,0.18,24.2487,0.141211,154.33,GEN,GEN
163,5,2021-08-22 10:09:00,2021-08-22 21:42:00,58.33833,-61.04167,58.445,-61.04167,11.55,0.10667,0.0,11.8612,0.285261,0.0,GEN,GEN
163,6,2021-08-22 21:42:00,2021-08-24 10:27:00,58.445,-61.04167,58.47,-60.92,36.75,0.025,0.12167,7.6038,0.057474,68.5,GEN,GEN
163,7,2021-08-24 10:27:00,2021-08-25 21:34:00,58.47,-60.92,58.27667,-60.84667,35.1167,-0.19333,0.07333,21.9184,0.173378,168.72,GEN,GEN
163,8,2021-08-25 21:34:00,2021-08-26 10:10:00,58.27667,-60.84667,58.165,-60.92333,12.6,-0.11167,-0.07666,13.2037,0.291088,199.91,GEN,GEN
163,9,2021-08-26 10:10:00,2021-08-28 10:25:00,58.165,-60.92333,58.05833,-60.86833,48.25,-0.10667,0.055,12.2933,0.070773,164.74,GEN,GEN
165,1,2021-08-06 21:43:00,2021-08-07 10:17:00,57.735,-61.52333,57.755,-61.48667,12.5667,0.02,0.03666,3.1111,0.068768,44.35,GEN,GEN
165,2,2021-08-07 10:17:00,2021-08-07 21:50:00,57.755,-61.48667,57.69333,-61.42,11.55,-0.06167,0.06667,7.918,0.190429,149.97,GEN,GEN
166,1,2021-08-06 21:43:00,2021-08-07 10:17:00,57.55667,-61.64667,57.55333,-61.63,12.5667,-0.00334,0.01667,1.0615,0.023465,110.47,GEN,GEN
167,1,2021-08-06 21:42:00,2021-08-10 21:41:00,54.02,-57.03667,54.02,-57.03667,95.9833,0.0,0.0,0.0,0.0,0.0,GEN,GEN
170,1,2021-08-07 21:50:00,2021-08-10 21:42:00,56.39667,-60.20333,55.865,-59.15333,71.8667,-0.53167,1.05,87.9118,0.339795,131.82,GEN,GEN
170,2,2021-08-10 21:42:00,2021-08-13 21:34:00,55.865,-59.15333,55.67,-58.23333,71.8667,-0.195,0.92,61.4975,0.237699,110.26,GEN,GEN
170,3,2021-08-13 21:34:00,2021-08-14 10:10:00,55.67,-58.23333,55.66667,-58.23,12.6,-0.00333,0.00333,0.4251,0.009372,150.58,GEN,GEN
170,4,2021-08-14 10:10:00,2021-08-14 21:42:00,55.66667,-58.23,55.67,-58.235,11.5333,0.00333,-0.005,0.4852,0.011686,319.74,GEN,GEN
170,5,2021-08-14 21:42:00,2021-08-15 10:19:00,55.67,-58.235,55.67,-58.23667,12.6167,0.0,-0.00167,0.1047,0.002306,270.0,GEN,GEN
170,6,2021-08-15 10:19:00,2021-08-15 21:49:00,55.67,-58.23667,55.67,-58.235,11.5,0.0,0.00167,0.1047,0.00253,90.0,GEN,GEN
172,1,2021-08-07 21:50:00,2021-08-08 10:27:00,60.19,-63.06,60.13667,-62.78,12.6167,-0.05333,0.28,16.5866,0.365183,110.83,GEN,GEN
172,2,2021-08-08 10:27:00,2021-08-14 21:42:00,60.13667,-62.78,60.29167,-62.32833,155.25,0.155,0.45167,30.3232,0.054255,55.17,GEN,GEN
172,3,2021-08-14 21:42:00,2021-08-15 10:19:00,60.29167,-62.32833,60.23333,-62.30667,12.6167,-0.05834,0.02166,6.5962,0.145227,169.56,GEN,GEN
172,4,2021-08-15 10:19:00,2021-08-15 21:51:00,60.23333,-62.30667,60.19833,-62.32,11.5333,-0.035,-0.01333,3.9609,0.095396,190.72,GEN,GEN
172,5,2021-08-15 21:51:00,2021-08-16 10:27:00,60.19833,-62.32,60.17667,-62.24667,12.6,-0.02166,0.07333,4.7153,0.103953,120.68,GEN,GEN
174,1,2021-08-07 21:50:00,2021-08-14 21:42:00,56.02667,-60.05,55.28167,-58.47333,167.8667,-0.745,1.57667,129.014,0.213486,129.29,GEN,GEN
174,2,2021-08-14 21:42:00,2021-08-15 10:19:00,55.28167,-58.47333,55.22333,-58.45667,12.6167,-0.05834,0.01666,6.5725,0.144704,170.75,GEN,GEN
174,3,2021-08-15 10:19:00,2021-08-15 21:49:00,55.22333,-58.45667,55.14333,-58.39333,11.5,-0.08,0.06334,9.7623,0.235804,155.65,GEN,GEN
174,4,2021-08-15 21:49:00,2021-08-17 10:02:00,55.14333,-58.39333,55.10833,-58.33667,36.2167,-0.035,0.05666,5.3031,0.040674,137.19,GEN,GEN
174,5,2021-08-17 10:02:00,2021-08-17 21:34:00,55.10833,-58.33667,55.10833,-58.33667,11.5333,0.0,0.0,0.0,0.0,0.0,GEN,GEN
175,1,2021-08-08 10:27:00,2021-08-08 21:58:00,60.29667,-64.085,60.185,-63.805,11.5167,-0.11167,0.28,19.8243,0.478156,128.66,GEN,GEN
175,2,2021-08-08 21:58:00,2021-08-10 10:42:00,60.185,-63.805,60.12,-63.75833,36.7333,-0.065,0.04667,7.6753,0.058041,160.32,GEN,GEN
175,3,2021-08-10 10:42:00,2021-08-11 21:51:00,60.12,-63.75833,60.125,-63.55833,35.15,0.005,0.2,11.0922,0.087658,87.04,GEN,GEN
175,4,2021-08-11 21:51:00,2021-08-14 21:42:00,60.125,-63.55833,60.05333,-63.52667,71.85,-0.07167,0.03166,8.1604,0.031549,167.56,GEN,GEN
175,5,2021-08-14 21:42:00,2021-08-16 10:27:00,60.05333,-63.52667,60.02833,-63.28,36.75,-0.025,0.24667,13.9765,0.105643,101.37,GEN,GEN
175,6,2021-08-16 10:27:00,2021-08-17 10:34:00,60.02833,-63.28,60.08833,-63.30333,24.1167,0.06,-0.02333,6.7962,0.078279,349.03,GEN,GEN
175,7,2021-08-17 10:34:00,2021-08-20 10:27:00,60.08833,-63.30333,60.095,-63.39333,71.8833,0.00667,-0.09,5.0447,0.019494,278.49,GEN,GEN
175,8,2021-08-20 10:27:00,2021-08-28 21:58:00,60.095,-63.39333,60.14833,-63.505,203.5167,0.05333,-0.11167,8.569,0.011696,313.84,GEN,GEN
176,1,2021-08-08 10:27:00,2021-08-10 10:42:00,60.27833,-63.68667,60.17167,-63.66833,48.25,-0.10666,0.01834,11.9032,0.068527,175.11,GEN,GEN
176,2,2021-08-10 10:42:00,2021-08-14 21:42:00,60.17167,-63.66833,60.08333,-63.76833,107.0,-0.08834,-0.1,11.2767,0.029275,209.46,GEN,GEN
176,3,2021-08-14 21:42:00,2021-08-21 10:34:00,60.08333,-63.76833,60.115,-63.33167,156.8667,0.03167,0.43666,24.4592,0.043312,81.53,GEN,GEN
176,4,2021-08-21 10:34:00,2021-08-24 10:27:00,60.115,-63.33167,60.37,-63.86667,71.8833,0.255,-0.535,40.9362,0.158189,314.07,GEN,GEN
176,5,2021-08-24 10:27:00,2021-08-25 10:32:00,60.37,-63.86667,60.42833,-63.82167,24.0833,0.05833,0.045,6.941,0.080057,20.84,GEN,GEN
177,1,2021-08-08 09:55:00,2021-08-12 09:57:00,55.09667,-57.22833,55.00167,-56.39167,96.0333,-0.095,0.83666,54.3322,0.157157,100.87,GEN,GEN
178,1,2021-08-08 21:58:00,2021-08-11 21:51:00,59.915,-63.645,59.955,-63.37167,71.8833,0.04,0.27333,15.8626,0.061298,73.6,GEN,GEN
178,2,2021-08-11 21:51:00,2021-08-14 21:42:00,59.955,-63.37167,59.97833,-63.415,71.85,0.02333,-0.04333,3.5419,0.013693,317.11,GEN,GEN
178,3,2021-08-14 21:42:00,2021-08-16 10:27:00,59.97833,-63.415,59.98,-63.235,36.75,0.00167,0.18,10.0156,0.075703,88.86,GEN,GEN
178,4,2021-08-16 10:27:00,2021-08-17 10:34:00,59.98,-63.235,60.04667,-63.22333,24.1167,0.06667,0.01167,7.4417,0.085714,4.99,GEN,GEN
178,5,2021-08-17 10:34:00,2021-08-21 10:34:00,60.04667,-63.22333,59.865,-62.86833,96.0,-0.18167,0.355,28.2606,0.081773,135.47,GEN,GEN
178,6,2021-08-21 10:34:00,2021-08-23 21:51:00,59.865,-62.86833,59.87667,-63.0,59.2833,0.01167,-0.13167,7.4628,0.034968,280.07,GEN,GEN
178,7,2021-08-23 21:51:00,2021-08-24 10:27:00,59.87667,-63.0,59.845,-62.86667,12.6,-0.03167,0.13333,8.2349,0.181546,115.26,GEN,GEN
178,8,2021-08-24 10:27:00,2021-08-24 21:59:00,59.845,-62.86667,59.84667,-62.72833,11.5333,0.00167,0.13834,7.7294,0.186161,88.56,GEN,GEN
178,9,2021-08-24 21:59:00,2021-08-25 10:32:00,59.84667,-62.72833,59.84,-62.64667,12.55,-0.00667,0.08166,4.6215,0.10229,99.2,GEN,GEN
178,10,2021-08-25 10:32:00,2021-08-26 21:43:00,59.84,-62.64667,59.79167,-62.575,35.1833,-0.04833,0.07167,6.7034,0.052924,143.26,GEN,GEN
178,11,2021-08-26 21:43:00,2021-08-27 21:51:00,59.79167,-62.575,59.77833,-62.58667,24.1333,-0.01334,-0.01167,1.6207,0.018655,203.77,GEN,GEN
178,12,2021-08-27 21:51:00,2021-08-28 21:58:00,59.77833,-62.58667,59.77667,-62.62167,24.1167,-0.00166,-0.035,1.9677,0.022664,264.63,GEN,GEN
178,13,2021-08-28 21:58:00,2021-08-31 10:18:00,59.77667,-62.62167,59.83833,-62.89833,60.3333,0.06166,-0.27666,16.9222,0.077911,294.02,GEN,GEN
178,14,2021-08-31 10:18:00,2021-09-01 10:25:00,59.83833,-62.89833,59.805,-63.06667,24.1167,-0.03333,-0.16834,10.1132,0.116485,248.58,GEN,GEN
180,1,2021-08-09 00:22:00,2021-08-14 21:42:00,59.85833,-60.90667,59.74167,-60.59667,141.3333,-0.11666,0.31,21.6546,0.04256,126.67,GEN,GEN
180,2,2021-08-14 21:42:00,2021-08-15 10:19:00,59.74167,-60.59667,59.695,-60.54833,12.6167,-0.04667,0.04834,5.8547,0.1289,152.4,GEN,GEN
180,3,2021-08-15 10:19:00,2021-08-15 21:51:00,59.695,-60.54833,59.72167,-60.58833,11.5333,0.02667,-0.04,3.7186,0.089561,322.91,GEN,GEN
180,4,2021-08-15 21:51:00,2021-08-22 10:09:00,59.72167,-60.58833,59.025,-60.51667,156.3,-0.69667,0.07166,77.5724,0.137862,176.97,GEN,GEN
180,5,2021-08-22 10:09:00,2021-08-24 10:27:00,59.025,-60.51667,58.835,-60.46167,48.3,-0.19,0.055,21.3615,0.122852,171.48,GEN,GEN
180,6,2021-08-24 10:27:00,2021-08-26 10:10:00,58.835,-60.46167,58.67,-60.01333,47.7167,-0.165,0.44834,31.7078,0.184584,125.16,GEN,GEN
180,7,2021-08-26 10:10:00,2021-08-26 21:42:00,58.67,-60.01333,58.75333,-60.02833,11.5333,0.08333,-0.015,9.3063,0.22414,354.67,GEN,GEN
181,1,2021-08-09 00:22:00,2021-08-13 21:34:00,59.835,-60.83833,59.485,-60.56333,117.2,-0.35,0.275,41.8713,0.09924,158.23,GEN,GEN
181,2,2021-08-13 21:34:00,2021-08-15 10:19:00,59.485,-60.56333,59.44667,-60.55333,36.75,-0.03833,0.01,4.2994,0.032497,172.45,GEN,GEN
181,3,2021-08-15 10:19:00,2021-08-15 21:51:00,59.44667,-60.55333,59.4,-60.48667,11.5333,-0.04667,0.06666,6.4146,0.154495,143.97,GEN,GEN
181,4,2021-08-15 21:51:00,2021-08-16 10:27:00,59.4,-60.48667,59.19833,-60.49,12.6,-0.20167,-0.00333,22.4255,0.494389,180.48,GEN,GEN
181,5,2021-08-16 10:27:00,2021-08-17 21:35:00,59.19833,-60.49,58.89667,-60.41667,35.1333,-0.30166,0.07333,33.8042,0.267269,172.84,GEN,GEN
181,6,2021-08-17 21:35:00,2021-08-27 10:17:00,58.89667,-60.41667,58.455,-60.11167,228.7,-0.44167,0.305,52.1803,0.063378,160.12,GEN,GEN
182,1,2021-08-09 00:22:00,2021-08-14 21:42:00,59.84667,-60.865,59.80833,-60.74,141.3333,-0.03834,0.125,8.184,0.016085,121.34,GEN,GEN
182,2,2021-08-14 21:42:00,2021-08-15 10:19:00,59.80833,-60.74,59.82333,-60.70333,12.6167,0.015,0.03667,2.6429,0.058188,50.85,GEN,GEN
182,3,2021-08-15 10:19:00,2021-08-23 21:51:00,59.82333,-60.70333,59.49833,-61.08167,203.5333,-0.325,-0.37834,41.9229,0.057215,210.62,GEN,GEN
182,4,2021-08-23 21:51:00,2021-08-24 10:27:00,59.49833,-61.08167,59.45,-61.1,12.6,-0.04833,-0.01833,5.4729,0.120654,190.91,GEN,GEN
182,5,2021-08-24 10:27:00,2021-08-25 21:34:00,59.45,-61.1,59.43667,-61.40833,35.1167,-0.01333,-0.30833,17.4929,0.138371,265.27,GEN,GEN
182,6,2021-08-25 21:34:00,2021-08-27 21:51:00,59.43667,-61.40833,59.25833,-61.41333,48.2833,-0.17834,-0.005,19.8325,0.114098,180.82,GEN,GEN
182,7,2021-08-27 21:51:00,2021-08-29 21:35:00,59.25833,-61.41333,59.15333,-61.47333,47.7333,-0.105,-0.06,12.1648,0.070792,196.33,GEN,GEN
182,8,2021-08-29 21:35:00,2021-08-31 10:18:00,59.15333,-61.47333,59.155,-61.61667,36.7167,0.00167,-0.14334,8.1743,0.061843,271.36,GEN,GEN
182,9,2021-08-31 10:18:00,2021-09-01 10:25:00,59.155,-61.61667,59.08667,-61.73667,24.1167,-0.06833,-0.12,10.2287,0.117815,222.08,GEN,GEN
182,10,2021-09-01 10:25:00,2021-09-02 21:34:00,59.08667,-61.73667,58.94167,-61.695,35.15,-0.145,0.04167,16.2988,0.128803,171.57,GEN,GEN
183,1,2021-08-09 00:22:00,2021-08-11 21:51:00,59.82667,-60.95333,59.76,-60.84833,69.4833,-0.06667,0.105,9.4585,0.037813,141.56,GEN,GEN
183,2,2021-08-11 21:51:00,2021-08-14 21:42:00,59.76,-60.84833,60.06,-60.49333,71.85,0.3,0.355,38.7873,0.149955,30.53,GEN,GEN
183,3,2021-08-14 21:42:00,2021-08-15 10:19:00,60.06,-60.49333,59.92167,-60.345,12.6167,-0.13833,0.14833,17.4539,0.384279,151.73,GEN,GEN
183,4,2021-08-15 10:19:00,2021-08-15 21:51:00,59.92167,-60.345,59.99,-60.30167,11.5333,0.06833,0.04333,7.9717,0.191996,17.6,GEN,GEN
183,5,2021-08-15 21:51:00,2021-08-23 21:51:00,59.99,-60.30167,59.665,-60.38667,192.0,-0.325,-0.085,36.4492,0.052733,187.53,GEN,GEN
183,6,2021-08-23 21:51:00,2021-08-24 10:27:00,59.665,-60.38667,59.59833,-60.20667,12.6,-0.06667,0.18,12.5438,0.276539,126.15,GEN,GEN
183,7,2021-08-24 10:27:00,2021-08-25 21:34:00,59.59833,-60.20667,59.32167,-60.24167,35.1167,-0.27666,-0.035,30.8267,0.243843,183.69,GEN,GEN
183,8,2021-08-25 21:34:00,2021-08-27 21:51:00,59.32167,-60.24167,59.02667,-60.18833,48.2833,-0.295,0.05334,32.943,0.189524,174.68,GEN,GEN
183,9,2021-08-27 21:51:00,2021-08-28 10:25:00,59.02667,-60.18833,58.89333,-60.095,12.5667,-0.13334,0.09333,15.7628,0.348427,160.11,GEN,GEN
192,1,2021-08-10 21:42:00,2021-08-11 21:49:00,55.955,-58.82167,55.97167,-58.63667,24.1167,0.01667,0.185,11.6623,0.134328,80.78,GEN,GEN
192,2,2021-08-11 21:49:00,2021-08-17 21:34:00,55.97167,-58.63667,55.80833,-57.94167,143.75,-0.16334,0.695,46.9894,0.090801,112.45,GEN,GEN
193,1,2021-08-11 21:49:00,2021-08-13 10:02:00,55.92833,-58.35833,56.02333,-57.83333,36.2167,0.095,0.525,34.3301,0.263308,71.86,GEN,GEN
193,2,2021-08-13 10:02:00,2021-08-13 21:34:00,56.02333,-57.83333,56.00667,-57.53667,11.5333,-0.01666,0.29666,18.5318,0.446334,95.61,GEN,GEN
195,1,2021-08-13 10:02:00,2021-08-13 21:34:00,56.13,-57.96167,56.14,-57.87333,11.5333,0.01,0.08834,5.5855,0.134526,78.48,GEN,GEN
195,2,2021-08-13 21:34:00,2021-08-14 10:10:00,56.14,-57.87333,56.11333,-57.74833,12.6,-0.02667,0.125,8.2952,0.182874,110.9,GEN,GEN
195,3,2021-08-14 10:10:00,2021-08-14 21:42:00,56.11333,-57.74833,56.06333,-57.58667,11.5333,-0.05,0.16166,11.4669,0.276178,118.94,GEN,GEN
196,1,2021-08-13 21:34:00,2021-08-14 21:42:00,60.08,-62.10333,60.28667,-62.23667,24.1333,0.20667,-0.13334,24.1342,0.277788,342.27,GEN,GEN
196,2,2021-08-14 21:42:00,2021-08-15 10:19:00,60.28667,-62.23667,60.22333,-62.23167,12.6167,-0.06334,0.005,7.0485,0.155185,177.75,GEN,GEN
196,3,2021-08-15 10:19:00,2021-08-15 21:51:00,60.22333,-62.23167,60.3,-62.16333,11.5333,0.07667,0.06834,9.3215,0.224505,23.82,GEN,GEN
196,4,2021-08-15 21:51:00,2021-08-17 10:34:00,60.3,-62.16333,60.19167,-62.08833,36.7167,-0.10833,0.075,12.7369,0.096361,161.01,GEN,GEN
196,5,2021-08-17 10:34:00,2021-08-23 21:51:00,60.19167,-62.08833,59.825,-61.35667,155.2833,-0.36667,0.73166,57.5862,0.103013,134.76,GEN,GEN
196,6,2021-08-23 21:51:00,2021-08-24 10:27:00,59.825,-61.35667,59.82833,-61.48833,12.6,0.00333,-0.13166,7.3676,0.162425,272.94,GEN,GEN
196,7,2021-08-24 10:27:00,2021-08-29 21:35:00,59.82833,-61.48833,59.79,-61.42167,131.1333,-0.03833,0.06666,5.6621,0.011994,138.8,GEN,GEN
197,1,2021-08-13 21:34:00,2021-08-14 21:42:00,60.08333,-62.095,60.30667,-62.15,24.1333,0.22334,-0.055,25.0196,0.287979,353.05,GEN,GEN
197,2,2021-08-14 21:42:00,2021-08-15 10:19:00,60.30667,-62.15,60.23833,-62.11333,12.6167,-0.06834,0.03667,7.8635,0.173128,165.08,GEN,GEN
197,3,2021-08-15 10:19:00,2021-08-15 21:51:00,60.23833,-62.11333,60.24167,-62.04333,11.5333,0.00334,0.07,3.8814,0.093482,84.48,GEN,GEN
197,4,2021-08-15 21:51:00,2021-08-16 10:27:00,60.24167,-62.04333,60.25167,-62.05667,12.6,0.01,-0.01334,1.3335,0.029399,326.5,GEN,GEN
197,5,2021-08-16 10:27:00,2021-08-17 10:34:00,60.25167,-62.05667,60.18,-62.01167,24.1167,-0.07167,0.045,8.348,0.096152,162.66,GEN,GEN
197,6,2021-08-17 10:34:00,2021-08-19 10:19:00,60.18,-62.01167,60.17333,-61.76,47.75,-0.00667,0.25167,13.9372,0.081077,92.94,GEN,GEN
197,7,2021-08-19 10:19:00,2021-08-23 21:51:00,60.17333,-61.76,59.83,-61.18167,107.5333,-0.34333,0.57833,49.9116,0.128931,139.65,GEN,GEN
197,8,2021-08-23 21:51:00,2021-08-24 10:27:00,59.83,-61.18167,59.675,-60.98833,12.6,-0.155,0.19334,20.3551,0.448746,147.77,GEN,GEN
197,9,2021-08-24 10:27:00,2021-08-25 21:34:00,59.675,-60.98833,59.61333,-61.035,35.1167,-0.06167,-0.04667,7.3418,0.058075,200.95,GEN,GEN
197,10,2021-08-25 21:34:00,2021-08-29 21:35:00,59.61333,-61.035,59.61333,-61.32167,96.0167,0.0,-0.28667,16.124,0.046647,270.12,GEN,GEN
197,11,2021-08-29 21:35:00,2021-08-31 10:18:00,59.61333,-61.32167,59.67667,-61.40333,36.7167,0.06334,-0.08166,8.406,0.063595,326.95,GEN,GEN
197,12,2021-08-31 10:18:00,2021-09-01 10:25:00,59.67667,-61.40333,59.56833,-61.12833,24.1167,-0.10834,0.275,19.6021,0.225779,127.8,GEN,GEN
199,1,2021-08-13 21:34:00,2021-08-14 21:42:00,60.00833,-62.045,60.14333,-62.16667,24.1333,0.135,-0.12167,16.4587,0.189442,335.84,GEN,GEN
199,2,2021-08-14 21:42:00,2021-08-15 10:19:00,60.14333,-62.16667,60.10167,-62.13833,12.6167,-0.04166,0.02834,4.8911,0.107687,161.27,GEN,GEN
199,3,2021-08-15 10:19:00,2021-08-15 21:51:00,60.10167,-62.13833,60.165,-62.195,11.5333,0.06333,-0.05667,7.7095,0.185682,336.01,GEN,GEN
199,4,2021-08-15 21:51:00,2021-08-16 10:27:00,60.165,-62.195,60.17833,-62.18667,12.6,0.01333,0.00833,1.5522,0.034219,17.26,GEN,GEN
200,1,2021-08-13 21:34:00,2021-08-14 21:42:00,59.99833,-62.03667,60.13667,-62.13333,24.1333,0.13834,-0.09666,16.2908,0.187509,340.82,GEN,GEN
200,2,2021-08-14 21:42:00,2021-08-15 10:19:00,60.13667,-62.13333,60.085,-62.13833,12.6167,-0.05167,-0.005,5.7521,0.126643,182.76,GEN,GEN
200,3,2021-08-15 10:19:00,2021-08-17 10:34:00,60.085,-62.13833,60.1,-61.81333,48.25,0.015,0.325,18.0956,0.104178,84.57,GEN,GEN
200,4,2021-08-17 10:34:00,2021-08-21 10:34:00,60.1,-61.81333,59.775,-61.095,96.0,-0.325,0.71833,53.9161,0.156007,131.78,GEN,GEN
200,5,2021-08-21 10:34:00,2021-08-23 21:51:00,59.775,-61.095,59.74833,-60.705,59.2833,-0.02667,0.39,22.0394,0.103268,97.56,GEN,GEN
200,6,2021-08-23 21:51:00,2021-08-24 10:27:00,59.74833,-60.705,59.63167,-60.55667,12.6,-0.11666,0.14833,15.413,0.339793,147.25,GEN,GEN
201,1,2021-08-13 21:34:00,2021-08-14 21:42:00,60.03167,-61.97167,60.15833,-62.11333,24.1333,0.12666,-0.14166,16.1255,0.185607,330.92,GEN,GEN
201,2,2021-08-14 21:42:00,2021-08-15 10:19:00,60.15833,-62.11333,60.17167,-62.07667,12.6167,0.01334,0.03666,2.5126,0.055319,53.8,GEN,GEN
201,3,2021-08-15 10:19:00,2021-08-15 21:51:00,60.17167,-62.07667,60.18667,-62.07833,11.5333,0.015,-0.00166,1.6704,0.040232,356.85,GEN,GEN
201,4,2021-08-15 21:51:00,2021-08-16 10:27:00,60.18667,-62.07833,60.19333,-62.08167,12.6,0.00666,-0.00334,0.7632,0.016826,346.0,GEN,GEN
201,5,2021-08-16 10:27:00,2021-08-17 10:34:00,60.19333,-62.08167,60.11,-61.865,24.1167,-0.08333,0.21667,15.1539,0.174544,127.6,GEN,GEN
201,6,2021-08-17 10:34:00,2021-08-23 21:51:00,60.11,-61.865,59.865,-61.16167,155.2833,-0.245,0.70333,47.6693,0.085273,124.55,GEN,GEN
201,7,2021-08-23 21:51:00,2021-08-24 10:27:00,59.865,-61.16167,59.77333,-61.125,12.6,-0.09167,0.03667,10.3973,0.229218,168.61,GEN,GEN
201,8,2021-08-24 10:27:00,2021-08-29 21:35:00,59.77333,-61.125,59.77833,-61.055,131.1333,0.005,0.07,3.9574,0.008383,81.89,GEN,GEN
202,1,2021-08-13 21:34:00,2021-08-14 21:42:00,60.025,-62.05167,60.17333,-62.11333,24.1333,0.14833,-0.06166,16.844,0.193876,348.32,GEN,GEN
202,2,2021-08-14 21:42:00,2021-08-15 10:19:00,60.17333,-62.11333,60.18,-62.14833,12.6167,0.00667,-0.035,2.0727,0.045635,290.98,GEN,GEN
202,3,2021-08-15 10:19:00,2021-08-15 21:51:00,60.18,-62.14833,60.20833,-62.15167,11.5333,0.02833,-0.00334,3.1556,0.076001,356.65,GEN,GEN
202,4,2021-08-15 21:51:00,2021-08-16 10:27:00,60.20833,-62.15167,60.2,-62.12,12.6,-0.00833,0.03167,1.9799,0.043649,117.88,GEN,GEN
203,1,2021-08-13 21:34:00,2021-08-15 10:19:00,60.05,-61.525,59.91167,-61.22833,36.75,-0.13833,0.29667,22.5602,0.170523,132.86,GEN,GEN
203,2,2021-08-15 10:19:00,2021-08-17 10:34:00,59.91167,-61.22833,60.05167,-60.99333,48.25,0.14,0.235,20.3281,0.11703,39.92,GEN,GEN
203,3,2021-08-17 10:34:00,2021-08-23 21:51:00,60.05167,-60.99333,59.91333,-60.63833,155.2833,-0.13834,0.355,25.0318,0.044778,127.76,GEN,GEN
204,1,2021-08-13 21:34:00,2021-08-14 21:42:00,59.96667,-61.915,60.06,-62.14667,24.1333,0.09333,-0.23167,16.5368,0.190341,308.97,GEN,GEN
204,2,2021-08-14 21:42:00,2021-08-15 21:51:00,60.06,-62.14667,60.06,-62.155,24.15,0.0,-0.00833,0.4623,0.005317,270.0,GEN,GEN
204,3,2021-08-15 21:51:00,2021-08-16 10:27:00,60.06,-62.155,60.06833,-62.13667,12.6,0.00833,0.01833,1.3757,0.030328,47.67,GEN,GEN
204,4,2021-08-16 10:27:00,2021-08-17 10:34:00,60.06833,-62.13667,60.08333,-61.82667,24.1167,0.015,0.31,17.2764,0.198991,84.33,GEN,GEN
204,5,2021-08-17 10:34:00,2021-08-17 21:35:00,60.08333,-61.82667,60.09667,-61.94,11.0167,0.01334,-0.11333,6.4564,0.162794,283.33,GEN,GEN
204,6,2021-08-17 21:35:00,2021-08-19 10:19:00,60.09667,-61.94,60.07833,-61.94833,36.7333,-0.01834,-0.00833,2.091,0.015812,192.77,GEN,GEN
204,7,2021-08-19 10:19:00,2021-08-23 21:51:00,60.07833,-61.94833,59.57667,-61.94333,107.5333,-0.50166,0.005,55.7827,0.144097,179.71,GEN,GEN
204,8,2021-08-23 21:51:00,2021-08-24 10:27:00,59.57667,-61.94333,59.64667,-61.87333,12.6,0.07,0.07,8.7229,0.192303,26.8,GEN,GEN
204,9,2021-08-24 10:27:00,2021-08-24 21:59:00,59.64667,-61.87333,59.62,-61.745,11.5333,-0.02667,0.12833,7.7995,0.18785,112.29,GEN,GEN
204,10,2021-08-24 21:59:00,2021-08-25 21:34:00,59.62,-61.745,59.56167,-61.655,23.5833,-0.05833,0.09,8.2297,0.096934,141.97,GEN,GEN
204,11,2021-08-25 21:34:00,2021-08-26 21:43:00,59.56167,-61.655,59.50167,-61.67167,24.15,-0.06,-0.01667,6.7376,0.077497,188.03,GEN,GEN
204,12,2021-08-26 21:43:00,2021-08-27 10:17:00,59.50167,-61.67167,59.41167,-61.67667,12.5667,-0.09,-0.005,10.0115,0.221298,181.62,GEN,GEN
204,13,2021-08-27 10:17:00,2021-08-27 21:51:00,59.41167,-61.67667,59.375,-61.76667,11.5667,-0.03667,-0.09,6.5259,0.156723,231.37,GEN,GEN
204,14,2021-08-27 21:51:00,2021-08-28 10:25:00,59.375,-61.76667,59.38,-61.82667,12.5667,0.005,-0.06,3.4436,0.076119,279.32,GEN,GEN
205,1,2021-08-13 21:34:00,2021-08-14 21:42:00,59.985,-61.88667,60.065,-62.135,24.1333,0.08,-0.24833,16.4153,0.188943,302.92,GEN,GEN
205,2,2021-08-14 21:42:00,2021-08-17 10:34:00,60.065,-62.135,60.08,-61.81667,60.8667,0.015,0.31833,17.7381,0.080952,84.47,GEN,GEN
205,3,2021-08-17 10:34:00,2021-08-17 21:35:00,60.08,-61.81667,60.07667,-61.97333,11.0167,-0.00333,-0.15666,8.6971,0.219293,267.63,GEN,GEN
205,4,2021-08-17 21:35:00,2021-08-19 10:19:00,60.07667,-61.97333,60.03667,-62.01,36.7333,-0.04,-0.03667,4.8913,0.036988,204.6,GEN,GEN
205,5,2021-08-19 10:19:00,2021-08-21 10:34:00,60.03667,-62.01,59.765,-61.69333,48.25,-0.27167,0.31667,34.991,0.201445,149.55,GEN,GEN
205,6,2021-08-21 10:34:00,2021-08-23 21:51:00,59.765,-61.69333,59.73833,-61.585,59.2833,-0.02667,0.10833,6.7539,0.031646,116.0,GEN,GEN
205,7,2021-08-23 21:51:00,2021-08-24 10:27:00,59.73833,-61.585,59.68667,-61.54833,12.6,-0.05166,0.03667,6.1013,0.134509,160.29,GEN,GEN
205,8,2021-08-24 10:27:00,2021-08-25 21:34:00,59.68667,-61.54833,59.55667,-61.35,35.1167,-0.13,0.19833,18.2575,0.144419,142.26,GEN,GEN
205,9,2021-08-25 21:34:00,2021-08-29 21:35:00,59.55667,-61.35,59.54,-61.67167,96.0167,-0.01667,-0.32167,18.2222,0.052717,264.3,GEN,GEN
205,10,2021-08-29 21:35:00,2021-08-31 10:18:00,59.54,-61.67167,59.54167,-61.43667,36.7167,0.00167,0.235,13.2476,0.100224,89.1,GEN,GEN
205,11,2021-08-31 10:18:00,2021-09-01 10:25:00,59.54167,-61.43667,59.455,-61.61667,24.1167,-0.08667,-0.18,14.0029,0.161286,226.59,GEN,GEN
205,12,2021-09-01 10:25:00,2021-09-02 10:33:00,59.455,-61.61667,59.31,-61.63667,24.1333,-0.145,-0.02,16.163,0.186038,184.03,GEN,GEN
205,13,2021-09-02 10:33:00,2021-09-02 21:34:00,59.31,-61.63667,59.19667,-61.69833,11.0167,-0.11333,-0.06166,13.0801,0.329807,195.57,GEN,GEN
206,1,2021-08-13 21:34:00,2021-08-14 21:42:00,59.93,-61.40333,59.795,-60.74,24.1333,-0.135,0.66333,39.9592,0.459936,111.78,GEN,GEN
206,2,2021-08-14 21:42:00,2021-08-15 10:19:00,59.795,-60.74,59.73,-60.69667,12.6167,-0.065,0.04333,7.6241,0.167857,161.42,GEN,GEN
206,3,2021-08-15 10:19:00,2021-08-16 10:27:00,59.73,-60.69667,59.61333,-60.45167,24.1333,-0.11667,0.245,18.9087,0.217641,133.22,GEN,GEN
206,4,2021-08-16 10:27:00,2021-08-19 10:19:00,59.61333,-60.45167,59.41167,-60.385,71.8667,-0.20166,0.06667,22.7368,0.087882,170.45,GEN,GEN
206,5,2021-08-19 10:19:00,2021-08-25 21:34:00,59.41167,-60.385,58.85167,-60.20333,155.25,-0.56,0.18167,63.1257,0.112946,170.47,GEN,GEN
206,6,2021-08-25 21:34:00,2021-08-26 10:10:00,58.85167,-60.20333,58.73167,-60.1,12.6,-0.12,0.10333,14.6113,0.322118,155.91,GEN,GEN
206,7,2021-08-26 10:10:00,2021-08-26 21:42:00,58.73167,-60.1,58.76833,-60.05833,11.5333,0.03666,0.04167,4.7323,0.113977,30.51,GEN,GEN
207,1,2021-08-13 21:34:00,2021-08-14 21:42:00,59.93167,-61.40667,59.76833,-60.80833,24.1333,-0.16334,0.59834,38.0336,0.437772,118.27,GEN,GEN
207,2,2021-08-14 21:42:00,2021-08-15 10:19:00,59.76833,-60.80833,59.67667,-60.755,12.6167,-0.09166,0.05333,10.6216,0.233853,163.63,GEN,GEN
207,3,2021-08-15 10:19:00,2021-08-15 21:51:00,59.67667,-60.755,59.46333,-60.48333,11.5333,-0.21334,0.27167,28.2283,0.679873,147.06,GEN,GEN
207,4,2021-08-15 21:51:00,2021-08-16 10:27:00,59.46333,-60.48333,59.27667,-60.415,12.6,-0.18666,0.06833,21.1136,0.465466,169.41,GEN,GEN
207,5,2021-08-16 10:27:00,2021-08-17 21:35:00,59.27667,-60.415,58.93,-60.265,35.1333,-0.34667,0.15,39.4879,0.312207,167.41,GEN,GEN
207,6,2021-08-17 21:35:00,2021-08-24 10:27:00,58.93,-60.265,58.045,-59.62,156.8667,-0.885,0.645,105.3047,0.186472,158.87,GEN,GEN
208,1,2021-08-13 21:34:00,2021-08-14 21:42:00,59.93833,-61.36333,59.77167,-60.85833,24.1333,-0.16666,0.505,33.7437,0.388395,123.09,GEN,GEN
208,2,2021-08-14 21:42:00,2021-08-23 21:51:00,59.77167,-60.85833,59.035,-60.69667,216.15,-0.73667,0.16166,82.4233,0.105923,173.56,GEN,GEN
208,3,2021-08-23 21:51:00,2021-08-25 21:34:00,59.035,-60.69667,58.83,-60.79333,47.7167,-0.205,-0.09666,23.46,0.13657,193.72,GEN,GEN
208,4,2021-08-25 21:34:00,2021-08-26 10:10:00,58.83,-60.79333,58.80833,-60.74167,12.6,-0.02167,0.05166,3.8277,0.084385,128.99,GEN,GEN
208,5,2021-08-26 10:10:00,2021-08-26 21:42:00,58.80833,-60.74167,58.845,-60.645,11.5333,0.03667,0.09667,6.8982,0.166142,53.72,GEN,GEN
208,6,2021-08-26 21:42:00,2021-08-28 10:25:00,58.845,-60.645,58.60833,-60.45833,36.7167,-0.23667,0.18667,28.437,0.215138,157.65,GEN,GEN
208,7,2021-08-28 10:25:00,2021-08-31 10:18:00,58.60833,-60.45833,58.235,-60.24667,71.8833,-0.37333,0.21166,43.3033,0.167336,163.37,GEN,GEN
208,8,2021-08-31 10:18:00,2021-09-01 10:25:00,58.235,-60.24667,58.18333,-60.48333,24.1167,-0.05167,-0.23666,15.0069,0.17285,247.59,GEN,GEN
208,9,2021-09-01 10:25:00,2021-09-02 21:34:00,58.18333,-60.48333,58.07,-60.46333,35.15,-0.11333,0.02,12.6563,0.100018,174.67,GEN,GEN
208,10,2021-09-02 21:34:00,2021-09-03 10:09:00,58.07,-60.46333,58.00833,-60.51167,12.5833,-0.06167,-0.04834,7.4242,0.163891,202.56,GEN,GEN
210,1,2021-08-13 21:34:00,2021-08-14 21:42:00,59.965,-61.265,59.75833,-60.93833,24.1333,-0.20667,0.32667,29.3382,0.337686,141.42,GEN,GEN
210,2,2021-08-14 21:42:00,2021-08-23 21:51:00,59.75833,-60.93833,59.31,-61.10167,216.15,-0.44833,-0.16334,50.6954,0.065149,190.54,GEN,GEN
210,3,2021-08-23 21:51:00,2021-08-24 10:27:00,59.31,-61.10167,59.26333,-61.115,12.6,-0.04667,-0.01333,5.2444,0.115617,188.31,GEN,GEN
210,4,2021-08-24 10:27:00,2021-08-25 10:32:00,59.26333,-61.115,59.17667,-61.13667,24.0833,-0.08666,-0.02167,9.7147,0.11205,187.3,GEN,GEN
210,5,2021-08-25 10:32:00,2021-08-25 21:34:00,59.17667,-61.13667,59.14833,-61.12833,11.0333,-0.02834,0.00834,3.1869,0.080235,171.42,GEN,GEN
210,6,2021-08-25 21:34:00,2021-08-26 10:10:00,59.14833,-61.12833,59.115,-61.09667,12.6,-0.03333,0.03166,4.1228,0.090891,154.0,GEN,GEN
210,7,2021-08-26 10:10:00,2021-08-26 21:42:00,59.115,-61.09667,59.125,-61.08667,11.5333,0.01,0.01,1.2499,0.030102,27.16,GEN,GEN
210,8,2021-08-26 21:42:00,2021-08-31 10:18:00,59.125,-61.08667,58.81667,-61.03667,108.6,-0.30833,0.05,34.4043,0.088,175.2,GEN,GEN
210,9,2021-08-31 10:18:00,2021-09-01 10:25:00,58.81667,-61.03667,58.65,-61.26333,24.1167,-0.16667,-0.22666,22.6844,0.261281,215.31,GEN,GEN
210,10,2021-09-01 10:25:00,2021-09-02 10:33:00,58.65,-61.26333,58.41667,-61.445,24.1333,-0.23333,-0.18167,28.0061,0.322354,202.2,GEN,GEN
210,11,2021-09-02 10:33:00,2021-09-02 21:34:00,58.41667,-61.445,58.325,-61.38667,11.0167,-0.09167,0.05833,10.7458,0.270947,161.52,GEN,GEN
211,1,2021-08-13 21:34:00,2021-08-14 21:42:00,59.92667,-61.34,59.755,-60.97167,24.1333,-0.17167,0.36833,28.0674,0.323059,132.69,GEN,GEN
211,2,2021-08-14 21:42:00,2021-08-16 10:27:00,59.755,-60.97167,59.58,-60.91667,36.75,-0.175,0.055,19.7027,0.148924,170.96,GEN,GEN
211,3,2021-08-16 10:27:00,2021-08-17 21:35:00,59.58,-60.91667,59.75333,-60.86667,35.1333,0.17333,0.05,19.4769,0.153992,8.27,GEN,GEN
211,4,2021-08-17 21:35:00,2021-08-19 10:19:00,59.75333,-60.86667,59.61167,-60.72333,36.7333,-0.14166,0.14334,17.6877,0.133755,152.88,GEN,GEN
211,5,2021-08-19 10:19:00,2021-08-22 10:09:00,59.61167,-60.72333,58.98833,-60.59,71.8333,-0.62334,0.13333,69.7243,0.269622,173.71,GEN,GEN
211,6,2021-08-22 10:09:00,2021-08-25 21:34:00,58.98833,-60.59,58.53833,-60.65667,83.4167,-0.45,-0.06667,50.1852,0.167117,184.42,GEN,GEN
211,7,2021-08-25 21:34:00,2021-08-26 10:10:00,58.53833,-60.65667,58.51667,-60.71667,12.6,-0.02166,-0.06,4.2348,0.09336,235.36,GEN,GEN
211,8,2021-08-26 10:10:00,2021-08-31 10:18:00,58.51667,-60.71667,58.33333,-60.75833,120.1333,-0.18334,-0.04166,20.5303,0.047471,186.8,GEN,GEN
211,9,2021-08-31 10:18:00,2021-09-01 10:25:00,58.33333,-60.75833,58.28,-60.80833,24.1167,-0.05333,-0.05,6.6104,0.076139,206.24,GEN,GEN
212,1,2021-08-13 21:34:00,2021-08-14 21:42:00,59.91667,-61.31833,59.755,-60.99167,24.1333,-0.16167,0.32666,25.618,0.294867,134.42,GEN,GEN
212,2,2021-08-14 21:42:00,2021-08-15 21:51:00,59.755,-60.99167,59.67167,-61.12167,24.15,-0.08333,-0.13,11.79,0.13561,218.25,GEN,GEN
212,3,2021-08-15 21:51:00,2021-08-17 21:35:00,59.67167,-61.12167,59.80167,-60.94833,47.7333,0.13,0.17334,17.416,0.10135,33.83,GEN,GEN
212,4,2021-08-17 21:35:00,2021-08-23 21:51:00,59.80167,-60.94833,59.60667,-60.685,144.2667,-0.195,0.26333,26.2362,0.050516,145.62,GEN,GEN
212,5,2021-08-23 21:51:00,2021-08-24 10:27:00,59.60667,-60.685,59.625,-60.5,12.6,0.01833,0.185,10.6025,0.233741,78.84,GEN,GEN
213,1,2021-08-13 21:34:00,2021-08-14 21:42:00,59.90833,-61.13833,59.84167,-60.89167,24.1333,-0.06666,0.24666,15.6342,0.179952,118.19,GEN,GEN
213,2,2021-08-14 21:42:00,2021-08-15 21:51:00,59.84167,-60.89167,59.82,-61.08167,24.15,-0.02167,-0.19,10.8875,0.12523,257.3,GEN,GEN
213,3,2021-08-15 21:51:00,2021-08-16 10:27:00,59.82,-61.08167,59.77333,-60.92667,12.6,-0.04667,0.155,10.1049,0.222771,120.83,GEN,GEN
213,4,2021-08-16 10:27:00,2021-08-17 10:34:00,59.77333,-60.92667,59.855,-60.88833,24.1167,0.08167,0.03834,9.3308,0.107473,13.26,GEN,GEN
213,5,2021-08-17 10:34:00,2021-08-22 10:09:00,59.855,-60.88833,59.51167,-60.42167,119.5833,-0.34333,0.46666,46.298,0.107545,145.34,GEN,GEN
213,6,2021-08-22 10:09:00,2021-08-24 10:27:00,59.51167,-60.42167,59.52,-60.45,48.3,0.00833,-0.02833,1.8471,0.010623,300.11,GEN,GEN
213,7,2021-08-24 10:27:00,2021-08-25 21:34:00,59.52,-60.45,59.305,-60.265,35.1167,-0.215,0.185,26.0981,0.20644,156.27,GEN,GEN
213,8,2021-08-25 21:34:00,2021-08-26 10:10:00,59.305,-60.265,59.26667,-60.35833,12.6,-0.03833,-0.09333,6.8016,0.149946,231.24,GEN,GEN
213,9,2021-08-26 10:10:00,2021-08-26 21:42:00,59.26667,-60.35833,59.29167,-60.53333,11.5333,0.025,-0.175,10.3222,0.248607,285.7,GEN,GEN
213,10,2021-08-26 21:42:00,2021-09-02 21:34:00,59.29167,-60.53333,58.21333,-60.02333,167.8667,-1.07834,0.51,123.4608,0.204297,166.0,GEN,GEN
214,1,2021-08-13 21:34:00,2021-08-14 21:42:00,59.94,-61.04,59.91333,-60.91,24.1333,-0.02667,0.13,7.8272,0.090092,112.21,GEN,GEN
214,2,2021-08-14 21:42:00,2021-08-23 21:51:00,59.91333,-60.91,59.74167,-60.56,216.15,-0.17166,0.35,27.3304,0.035123,134.15,GEN,GEN
214,3,2021-08-23 21:51:00,2021-08-24 10:27:00,59.74167,-60.56,59.64333,-60.46333,12.6,-0.09834,0.09667,12.2064,0.269101,153.57,GEN,GEN
214,4,2021-08-24 10:27:00,2021-09-03 10:09:00,59.64333,-60.46333,58.33167,-60.04667,239.7,-1.31166,0.41666,147.7896,0.171267,170.53,GEN,GEN
215,1,2021-08-13 21:34:00,2021-08-14 21:42:00,59.95833,-60.985,59.79,-60.86167,24.1333,-0.16833,0.12333,19.9428,0.229545,159.76,GEN,GEN
215,2,2021-08-14 21:42:00,2021-08-23 21:51:00,59.79,-60.86167,59.49333,-60.67,216.15,-0.29667,0.19167,34.7022,0.044596,161.83,GEN,GEN
215,3,2021-08-23 21:51:00,2021-08-24 10:27:00,59.49333,-60.67,59.41167,-60.51667,12.6,-0.08166,0.15333,12.5515,0.276708,136.27,GEN,GEN
215,4,2021-08-24 10:27:00,2021-08-25 21:34:00,59.41167,-60.51667,59.185,-60.47167,35.1167,-0.22667,0.045,25.3337,0.200393,174.19,GEN,GEN
215,5,2021-08-25 21:34:00,2021-08-26 10:10:00,59.185,-60.47167,59.115,-60.58167,12.6,-0.07,-0.11,9.9963,0.220376,218.91,GEN,GEN
215,6,2021-08-26 10:10:00,2021-08-26 21:42:00,59.115,-60.58167,59.09333,-60.51833,11.5333,-0.02167,0.06334,4.3457,0.104665,123.65,GEN,GEN
215,7,2021-08-26 21:42:00,2021-08-28 10:25:00,59.09333,-60.51833,58.79667,-60.35667,36.7167,-0.29666,0.16166,34.2656,0.259235,164.23,GEN,GEN
216,1,2021-08-13 21:34:00,2021-08-14 21:42:00,59.68333,-61.57833,59.63833,-61.72667,24.1333,-0.045,-0.14834,9.7188,0.111865,239.08,GEN,GEN
216,2,2021-08-14 21:42:00,2021-08-15 10:19:00,59.63833,-61.72667,59.60833,-61.79167,12.6167,-0.03,-0.065,4.9484,0.108947,227.64,GEN,GEN
216,3,2021-08-15 10:19:00,2021-08-15 21:51:00,59.60833,-61.79167,59.59833,-61.80333,11.5333,-0.01,-0.01166,1.291,0.031095,210.54,GEN,GEN
216,4,2021-08-15 21:51:00,2021-08-16 10:27:00,59.59833,-61.80333,59.64,-61.855,12.6,0.04167,-0.05167,5.4692,0.120574,327.93,GEN,GEN
216,5,2021-08-16 10:27:00,2021-08-19 10:19:00,59.64,-61.855,59.71333,-61.60333,71.8667,0.07333,0.25167,16.3128,0.063052,59.9,GEN,GEN
216,6,2021-08-19 10:19:00,2021-08-21 10:34:00,59.71333,-61.60333,59.435,-61.20333,48.25,-0.27833,0.4,38.2777,0.220367,143.78,GEN,GEN
216,7,2021-08-21 10:34:00,2021-08-22 21:42:00,59.435,-61.20333,59.095,-61.32667,35.1333,-0.34,-0.12334,38.4505,0.304005,190.56,GEN,GEN
216,8,2021-08-22 21:42:00,2021-08-23 21:51:00,59.095,-61.32667,59.12167,-61.08,24.15,0.02667,0.24667,14.3911,0.165529,78.0,GEN,GEN
216,9,2021-08-23 21:51:00,2021-08-24 10:27:00,59.12167,-61.08,59.15667,-61.12833,12.6,0.035,-0.04833,4.7692,0.105141,324.71,GEN,GEN
216,10,2021-08-24 10:27:00,2021-08-26 10:10:00,59.15667,-61.12833,58.925,-60.92167,47.7167,-0.23167,0.20666,28.3434,0.164998,155.26,GEN,GEN
216,11,2021-08-26 10:10:00,2021-08-26 21:42:00,58.925,-60.92167,58.90667,-60.92333,11.5333,-0.01833,-0.00166,2.0404,0.049143,182.68,GEN,GEN
216,12,2021-08-26 21:42:00,2021-08-28 10:25:00,58.90667,-60.92333,58.82667,-60.89,36.7167,-0.08,0.03333,9.0996,0.068843,167.83,GEN,GEN
216,13,2021-08-28 10:25:00,2021-08-31 10:18:00,58.82667,-60.89,58.41167,-60.69667,71.8833,-0.415,0.19333,47.4842,0.183492,166.28,GEN,GEN
216,14,2021-08-31 10:18:00,2021-09-01 10:25:00,58.41167,-60.69667,58.345,-60.70333,24.1167,-0.06667,-0.00666,7.4235,0.085505,183.0,GEN,GEN
217,1,2021-08-13 21:34:00,2021-08-14 21:42:00,59.99667,-61.86667,60.16833,-61.73667,24.1333,0.17166,0.13,20.4039,0.234852,20.64,GEN,GEN
217,2,2021-08-14 21:42:00,2021-08-15 10:19:00,60.16833,-61.73667,60.13667,-61.79833,12.6167,-0.03166,-0.06166,4.9028,0.107943,224.13,GEN,GEN
217,3,2021-08-15 10:19:00,2021-08-15 21:51:00,60.13667,-61.79833,60.17667,-61.79833,11.5333,0.04,0.0,4.4478,0.107124,0.0,GEN,GEN
217,4,2021-08-15 21:51:00,2021-08-16 10:27:00,60.17667,-61.79833,60.19667,-61.68,12.6,0.02,0.11833,6.9094,0.152323,71.17,GEN,GEN
217,5,2021-08-16 10:27:00,2021-08-17 10:34:00,60.19667,-61.68,60.10167,-61.77667,24.1167,-0.095,-0.09667,11.8412,0.136388,206.9,GEN,GEN
217,6,2021-08-17 10:34:00,2021-08-19 10:19:00,60.10167,-61.77667,60.09333,-61.50833,47.75,-0.00834,0.26834,14.9039,0.086701,93.45,GEN,GEN
217,7,2021-08-19 10:19:00,2021-08-21 10:34:00,60.09333,-61.50833,59.845,-60.95333,48.25,-0.24833,0.555,41.429,0.238509,131.56,GEN,GEN
217,8,2021-08-21 10:34:00,2021-08-23 21:51:00,59.845,-60.95333,59.75167,-60.68833,59.2833,-0.09333,0.265,18.0948,0.084785,124.88,GEN,GEN
217,9,2021-08-23 21:51:00,2021-08-24 10:27:00,59.75167,-60.68833,59.64,-60.48833,12.6,-0.11167,0.2,16.7364,0.368969,137.81,GEN,GEN
218,1,2021-08-13 21:34:00,2021-08-14 21:42:00,59.95167,-61.46333,59.86833,-61.58667,24.1333,-0.08334,-0.12334,11.5394,0.13282,216.63,GEN,GEN
218,2,2021-08-14 21:42:00,2021-08-15 10:19:00,59.86833,-61.58667,59.78833,-61.61667,12.6167,-0.08,-0.03,9.0522,0.1993,190.69,GEN,GEN
218,3,2021-08-15 10:19:00,2021-08-15 21:51:00,59.78833,-61.61667,59.76333,-61.69833,11.5333,-0.025,-0.08166,5.3498,0.128848,238.73,GEN,GEN
218,4,2021-08-15 21:51:00,2021-08-16 10:27:00,59.76333,-61.69833,59.805,-61.75167,12.6,0.04167,-0.05334,5.5117,0.12151,327.23,GEN,GEN
218,5,2021-08-16 10:27:00,2021-08-20 10:27:00,59.805,-61.75167,59.88333,-61.35,96.0,0.07833,0.40167,24.0682,0.069642,68.61,GEN,GEN
218,6,2021-08-20 10:27:00,2021-08-21 10:34:00,59.88333,-61.35,59.67333,-61.14333,24.1167,-0.21,0.20667,26.0589,0.300148,153.56,GEN,GEN
218,7,2021-08-21 10:34:00,2021-08-23 21:51:00,59.67333,-61.14333,59.49167,-61.53667,59.2833,-0.18166,-0.39334,29.973,0.140442,227.8,ISL,VLG
218,8,2021-08-23 21:51:00,2021-08-24 10:27:00,59.49167,-61.53667,59.42333,-61.78833,12.6,-0.06834,-0.25166,16.1235,0.355457,241.99,ISL,VLG
218,9,2021-08-24 10:27:00,2021-08-24 21:59:00,59.42333,-61.78833,59.44167,-61.96333,11.5333,0.01834,-0.175,10.1039,0.243351,281.72,ISL,VLG
218,10,2021-08-24 21:59:00,2021-08-25 10:32:00,59.44167,-61.96333,59.49167,-61.98333,12.55,0.05,-0.02,5.6734,0.125573,348.52,ISL,VLG
218,11,2021-08-25 10:32:00,2021-08-25 21:34:00,59.49167,-61.98333,59.55167,-61.9,11.0333,0.06,0.08333,8.1608,0.205459,35.13,ISL,VLG
218,12,2021-08-25 21:34:00,2021-08-26 21:43:00,59.55167,-61.9,59.53167,-61.72833,24.15,-0.02,0.17167,9.9286,0.114201,102.87,ISL,VLG
218,13,2021-08-26 21:43:00,2021-08-27 10:17:00,59.53167,-61.72833,59.47333,-61.71667,12.5667,-0.05834,0.01166,6.5204,0.144129,174.2,ISL,VLG
218,14,2021-08-27 10:17:00,2021-08-28 21:58:00,59.47333,-61.71667,59.42333,-61.76,35.6833,-0.05,-0.04333,6.0753,0.047293,203.79,ISL,VLG
218,15,2021-08-28 21:58:00,2021-08-29 21:35:00,59.42333,-61.76,59.5,-61.69333,23.6167,0.07667,0.06667,9.3204,0.109626,23.81,ISL,VLG
218,16,2021-08-29 21:35:00,2021-08-31 10:18:00,59.5,-61.69333,59.56833,-61.50333,36.7167,0.06833,0.19,13.1329,0.099356,54.57,ISL,VLG
218,17,2021-08-31 10:18:00,2021-09-01 10:25:00,59.56833,-61.50333,59.55167,-61.49,24.1167,-0.01666,0.01333,1.9989,0.023024,157.93,ISL,VLG
218,18,2021-09-01 10:25:00,2021-09-02 10:33:00,59.55167,-61.49,59.39167,-61.64,24.1333,-0.16,-0.15,19.7055,0.226813,205.53,ISL,VLG
221,1,2021-08-14 21:42:00,2021-08-16 10:27:00,60.05667,-63.58667,60.01333,-63.66833,36.75,-0.04334,-0.08166,6.6177,0.05002,223.3,GEN,GEN
221,2,2021-08-16 10:27:00,2021-08-17 10:34:00,60.01333,-63.66833,60.06167,-63.68167,24.1167,0.04834,-0.01334,5.426,0.062497,352.16,GEN,GEN
221,3,2021-08-17 10:34:00,2021-08-23 21:51:00,60.06167,-63.68167,60.09333,-63.55167,155.2833,0.03166,0.13,8.0242,0.014354,63.92,GEN,GEN
221,4,2021-08-23 21:51:00,2021-08-24 10:27:00,60.09333,-63.55167,60.11167,-63.51,12.6,0.01834,0.04167,3.0811,0.067924,48.54,GEN,GEN
221,5,2021-08-24 10:27:00,2021-08-24 21:59:00,60.11167,-63.51,60.12333,-63.42167,11.5333,0.01166,0.08833,5.0623,0.121925,75.12,GEN,GEN
221,6,2021-08-24 21:59:00,2021-08-25 10:32:00,60.12333,-63.42167,60.16667,-63.39833,12.55,0.04334,0.02334,4.9894,0.110433,15.0,GEN,GEN
221,7,2021-08-25 10:32:00,2021-08-28 21:58:00,60.16667,-63.39833,60.15833,-63.225,83.4333,-0.00834,0.17333,9.6341,0.032075,95.45,GEN,GEN
221,8,2021-08-28 21:58:00,2021-09-01 10:25:00,60.15833,-63.225,60.00333,-63.19167,84.45,-0.155,0.03333,17.3341,0.057016,173.86,GEN,GEN
222,1,2021-08-14 21:42:00,2021-08-15 21:51:00,60.10667,-63.24833,60.08167,-63.22167,24.15,-0.025,0.02666,3.1484,0.036213,151.99,GEN,GEN
222,2,2021-08-15 21:51:00,2021-08-16 10:27:00,60.08167,-63.22167,60.13667,-63.195,12.6,0.055,0.02667,6.2918,0.138707,13.57,GEN,GEN
222,3,2021-08-16 10:27:00,2021-08-17 10:34:00,60.13667,-63.195,60.16,-63.41667,24.1167,0.02333,-0.22167,12.5402,0.14444,282.03,GEN,GEN
222,4,2021-08-17 10:34:00,2021-08-24 10:27:00,60.16,-63.41667,60.33833,-63.685,167.8833,0.17833,-0.26833,24.7471,0.040946,323.37,GEN,GEN
224,1,2021-08-14 21:42:00,2021-08-15 10:19:00,60.21,-62.14833,60.20167,-62.06333,12.6167,-0.00833,0.085,4.7868,0.10539,101.12,GEN,GEN
224,2,2021-08-15 10:19:00,2021-08-15 21:51:00,60.20167,-62.06333,60.21833,-62.06167,11.5333,0.01666,0.00166,1.8548,0.044672,2.83,GEN,GEN
224,3,2021-08-15 21:51:00,2021-08-16 10:27:00,60.21833,-62.06167,60.21167,-62.01,12.6,-0.00666,0.05167,2.9485,0.065003,104.52,GEN,GEN
224,4,2021-08-16 10:27:00,2021-08-17 10:34:00,60.21167,-62.01,60.11333,-61.87667,24.1167,-0.09834,0.13333,13.1903,0.151926,145.94,GEN,GEN
224,5,2021-08-17 10:34:00,2021-08-23 21:51:00,60.11333,-61.87667,59.89167,-61.24333,155.2833,-0.22166,0.63334,42.9788,0.076882,124.72,GEN,GEN
226,1,2021-08-14 21:42:00,2021-08-15 10:19:00,59.73833,-60.815,59.66833,-60.63167,12.6167,-0.07,0.18333,12.8975,0.28396,127.04,GEN,GEN
226,2,2021-08-15 10:19:00,2021-08-15 21:51:00,59.66833,-60.63167,59.52833,-60.52,11.5333,-0.14,0.11167,16.7877,0.404328,157.97,GEN,GEN
226,3,2021-08-15 21:51:00,2021-08-16 10:27:00,59.52833,-60.52,59.36333,-60.41333,12.6,-0.165,0.10667,19.3126,0.425762,161.76,GEN,GEN
227,1,2021-08-14 21:42:00,2021-08-15 10:19:00,59.685,-60.62167,59.64667,-60.59833,12.6167,-0.03833,0.02334,4.4591,0.098175,162.9,GEN,GEN
227,2,2021-08-15 10:19:00,2021-08-15 21:51:00,59.64667,-60.59833,59.44,-60.57833,11.5333,-0.20667,0.02,23.0083,0.554149,177.18,GEN,GEN
227,3,2021-08-15 21:51:00,2021-08-16 10:27:00,59.44,-60.57833,59.24667,-60.40667,12.6,-0.19333,0.17166,23.5979,0.520235,155.57,GEN,GEN
227,4,2021-08-16 10:27:00,2021-08-17 21:35:00,59.24667,-60.40667,58.90333,-60.29833,35.1333,-0.34334,0.10834,38.6764,0.30579,170.74,GEN,GEN
228,1,2021-08-14 21:42:00,2021-08-15 10:19:00,59.65667,-60.72667,59.58,-60.595,12.6167,-0.07667,0.13167,11.2921,0.248616,138.97,GEN,GEN
228,2,2021-08-15 10:19:00,2021-08-15 21:51:00,59.58,-60.595,59.47167,-60.505,11.5333,-0.10833,0.09,13.0713,0.314819,157.11,GEN,GEN
228,3,2021-08-15 21:51:00,2021-08-16 10:27:00,59.47167,-60.505,59.32167,-60.43333,12.6,-0.15,0.07167,17.1656,0.37843,166.3,GEN,GEN
228,4,2021-08-16 10:27:00,2021-08-17 21:35:00,59.32167,-60.43333,58.95333,-60.28333,35.1333,-0.36834,0.15,41.8417,0.330816,168.14,GEN,GEN
229,1,2021-08-14 21:42:00,2021-08-15 10:19:00,59.67667,-60.61333,59.62,-60.57833,12.6167,-0.05667,0.035,6.6012,0.145336,162.65,GEN,GEN
229,2,2021-08-15 10:19:00,2021-08-15 21:51:00,59.62,-60.57833,59.605,-60.58833,11.5333,-0.015,-0.01,1.7602,0.042394,198.64,GEN,GEN
229,3,2021-08-15 21:51:00,2021-08-17 10:34:00,59.605,-60.58833,59.595,-60.59333,36.7167,-0.01,-0.005,1.147,0.008677,194.2,GEN,GEN
229,4,2021-08-17 10:34:00,2021-08-24 10:27:00,59.595,-60.59333,58.71,-60.91333,167.8833,-0.885,-0.32,100.0842,0.165598,190.64,GEN,GEN
229,5,2021-08-24 10:27:00,2021-08-25 10:32:00,58.71,-60.91333,58.69,-61.03,24.0833,-0.02,-0.11667,7.0972,0.081859,251.79,GEN,GEN
229,6,2021-08-25 10:32:00,2021-08-25 21:34:00,58.69,-61.03,58.65333,-61.03333,11.0333,-0.03667,-0.00333,4.0821,0.102771,182.7,GEN,GEN
229,7,2021-08-25 21:34:00,2021-08-26 10:10:00,58.65333,-61.03333,58.62833,-61.08833,12.6,-0.025,-0.055,4.2257,0.09316,228.89,GEN,GEN
229,8,2021-08-26 10:10:00,2021-08-28 10:25:00,58.62833,-61.08833,58.50667,-61.03,48.25,-0.12166,0.05833,13.9444,0.080279,165.94,GEN,GEN
229,9,2021-08-28 10:25:00,2021-08-31 10:18:00,58.50667,-61.03,58.30333,-60.89833,71.8833,-0.20334,0.13167,23.8761,0.092264,161.2,GEN,GEN
229,10,2021-08-31 10:18:00,2021-09-01 10:25:00,58.30333,-60.89833,58.27833,-60.93167,24.1167,-0.025,-0.03334,3.3948,0.039101,215.04,GEN,GEN
230,1,2021-08-14 21:42:00,2021-08-15 10:19:00,59.67833,-60.64,59.62667,-60.655,12.6167,-0.05166,-0.015,5.8058,0.127825,188.35,GEN,GEN
230,2,2021-08-15 10:19:00,2021-08-15 21:51:00,59.62667,-60.655,59.49833,-60.48833,11.5333,-0.12834,0.16667,17.0822,0.411421,146.59,GEN,GEN
230,3,2021-08-15 21:51:00,2021-08-16 10:27:00,59.49833,-60.48833,59.33,-60.40667,12.6,-0.16833,0.08166,19.2792,0.425027,166.1,GEN,GEN
231,1,2021-08-14 21:42:00,2021-08-15 10:19:00,59.68167,-60.62833,59.63667,-60.6,12.6167,-0.045,0.02833,5.2507,0.115603,162.35,GEN,GEN
231,2,2021-08-15 10:19:00,2021-08-15 21:51:00,59.63667,-60.6,59.545,-60.44833,11.5333,-0.09167,0.15167,13.2957,0.320223,139.99,GEN,GEN
231,3,2021-08-15 21:51:00,2021-08-16 10:27:00,59.545,-60.44833,59.38167,-60.36667,12.6,-0.16333,0.08166,18.7383,0.413102,165.71,GEN,GEN
232,1,2021-08-15 10:19:00,2021-08-16 10:27:00,60.26,-62.46,60.185,-62.50667,24.1333,-0.075,-0.04667,8.7288,0.100469,197.19,GEN,GEN
232,2,2021-08-16 10:27:00,2021-08-17 10:34:00,60.185,-62.50667,60.20167,-62.46167,24.1167,0.01667,0.045,3.102,0.035729,53.29,GEN,GEN
232,3,2021-08-17 10:34:00,2021-08-26 21:43:00,60.20167,-62.46167,60.10167,-61.955,227.15,-0.1,0.50667,30.1645,0.036888,111.41,GEN,GEN
233,1,2021-08-15 10:19:00,2021-08-15 21:51:00,60.21333,-62.45667,60.21,-62.48667,11.5333,-0.00333,-0.03,1.6981,0.040898,257.42,GEN,GEN
233,2,2021-08-15 21:51:00,2021-08-16 10:27:00,60.21,-62.48667,60.18333,-62.385,12.6,-0.02667,0.10167,6.3535,0.140069,117.78,GEN,GEN
233,3,2021-08-16 10:27:00,2021-08-17 10:34:00,60.18333,-62.385,60.14333,-62.32167,24.1167,-0.04,0.06333,5.662,0.065215,141.74,GEN,GEN
233,4,2021-08-17 10:34:00,2021-08-23 21:51:00,60.14333,-62.32167,59.82,-61.76833,155.2833,-0.32333,0.55334,47.3292,0.084665,139.19,GEN,GEN
233,5,2021-08-23 21:51:00,2021-08-29 21:35:00,59.82,-61.76833,59.69833,-61.27167,143.7333,-0.12167,0.49666,30.9296,0.059774,115.72,GEN,GEN
233,6,2021-08-29 21:35:00,2021-08-31 10:18:00,59.69833,-61.27167,59.68167,-61.19167,36.7167,-0.01666,0.08,4.8566,0.036742,112.39,GEN,GEN
234,1,2021-08-15 10:19:00,2021-08-15 21:51:00,59.82333,-59.97667,59.77833,-59.89333,11.5333,-0.045,0.08334,6.8386,0.164705,136.99,GEN,GEN
234,2,2021-08-15 21:51:00,2021-08-16 10:27:00,59.77833,-59.89333,59.68167,-60.105,12.6,-0.09666,-0.21167,16.0088,0.352927,227.92,GEN,GEN
234,3,2021-08-16 10:27:00,2021-08-17 21:35:00,59.68167,-60.105,59.47333,-60.27333,35.1333,-0.20834,-0.16833,25.0302,0.197899,202.32,GEN,GEN
234,4,2021-08-17 21:35:00,2021-08-25 21:34:00,59.47333,-60.27333,58.55667,-60.18,191.9833,-0.91666,0.09333,102.0678,0.14768,176.96,GEN,GEN
234,5,2021-08-25 21:34:00,2021-08-26 10:10:00,58.55667,-60.18,58.52167,-60.015,12.6,-0.035,0.165,10.3363,0.227873,112.05,GEN,GEN
234,6,2021-08-26 10:10:00,2021-08-26 21:42:00,58.52167,-60.015,58.435,-60.01,11.5333,-0.08667,0.005,9.6416,0.232217,178.27,GEN,GEN
235,1,2021-08-15 10:19:00,2021-08-16 10:27:00,59.89,-61.83333,59.875,-62.005,24.1333,-0.015,-0.17167,9.7224,0.111906,260.2,GEN,GEN
235,2,2021-08-16 10:27:00,2021-08-17 10:34:00,59.875,-62.005,59.955,-61.955,24.1167,0.08,0.05,9.322,0.107371,17.37,GEN,GEN
235,3,2021-08-17 10:34:00,2021-08-21 10:34:00,59.955,-61.955,59.66333,-61.34167,96.0,-0.29167,0.61333,47.2021,0.13658,133.13,GEN,GEN
235,4,2021-08-21 10:34:00,2021-08-22 10:09:00,59.66333,-61.34167,59.32833,-61.05333,23.5833,-0.335,0.28834,40.6502,0.478801,156.28,GEN,GEN
235,5,2021-08-22 10:09:00,2021-08-22 21:42:00,59.32833,-61.05333,59.09167,-61.12667,11.55,-0.23666,-0.07334,26.6444,0.640799,189.05,GEN,GEN
235,6,2021-08-22 21:42:00,2021-08-23 21:51:00,59.09167,-61.12667,59.05,-61.08167,24.15,-0.04167,0.045,5.2994,0.060955,150.95,GEN,GEN
235,7,2021-08-23 21:51:00,2021-08-25 10:32:00,59.05,-61.08167,58.76333,-60.98,36.6833,-0.28667,0.10167,32.4065,0.245392,169.58,GEN,GEN
235,8,2021-08-25 10:32:00,2021-08-25 21:34:00,58.76333,-60.98,58.75667,-60.89333,11.0333,-0.00666,0.08667,5.0527,0.127208,98.39,GEN,GEN
235,9,2021-08-25 21:34:00,2021-08-26 10:10:00,58.75667,-60.89333,58.65833,-60.975,12.6,-0.09834,-0.08167,11.9089,0.262541,203.37,GEN,GEN
235,10,2021-08-26 10:10:00,2021-08-26 21:42:00,58.65833,-60.975,58.55,-60.90333,11.5333,-0.10833,0.07167,12.7411,0.306867,160.95,GEN,GEN
235,11,2021-08-26 21:42:00,2021-08-27 10:17:00,58.55,-60.90333,58.58667,-60.89167,12.5833,0.03667,0.01166,4.1332,0.09124,9.41,GEN,GEN
235,12,2021-08-27 10:17:00,2021-08-28 10:25:00,58.58667,-60.89167,58.50333,-60.99,24.1333,-0.08334,-0.09833,10.8826,0.12526,211.66,GEN,GEN
235,13,2021-08-28 10:25:00,2021-08-31 10:18:00,58.50333,-60.99,58.28,-60.82167,71.8833,-0.22333,0.16833,26.7006,0.103179,158.37,GEN,GEN
236,1,2021-08-15 10:19:00,2021-08-17 21:35:00,59.79167,-61.27833,59.87333,-60.965,59.2667,0.08166,0.31333,19.723,0.09244,62.45,GEN,GEN
236,2,2021-08-17 21:35:00,2021-08-22 10:09:00,59.87333,-60.965,59.435,-60.44333,108.5667,-0.43833,0.52167,56.8718,0.145512,148.76,GEN,GEN
236,3,2021-08-22 10:09:00,2021-08-24 10:27:00,59.435,-60.44333,59.39667,-60.15833,48.3,-0.03833,0.285,16.678,0.095917,104.68,GEN,GEN
236,4,2021-08-24 10:27:00,2021-08-24 21:26:00,59.39667,-60.15833,59.35,-59.91833,10.9833,-0.04667,0.24,14.5521,0.368035,110.79,GEN,GEN
236,5,2021-08-24 21:26:00,2021-08-25 21:34:00,59.35,-59.91833,59.33833,-59.94333,24.1333,-0.01167,-0.025,1.9217,0.022119,227.54,GEN,GEN
237,1,2021-08-15 10:19:00,2021-08-15 21:51:00,59.66667,-60.565,59.52167,-60.48333,11.5333,-0.145,0.08167,16.7656,0.403795,164.05,GEN,GEN
237,2,2021-08-15 21:51:00,2021-08-16 10:27:00,59.52167,-60.48333,59.36333,-60.44167,12.6,-0.15834,0.04166,17.7634,0.39161,172.36,GEN,GEN
238,1,2021-08-15 10:19:00,2021-08-15 21:51:00,59.615,-60.72667,59.505,-60.51833,11.5333,-0.11,0.20834,16.9518,0.40828,136.09,GEN,GEN
238,2,2021-08-15 21:51:00,2021-08-16 10:27:00,59.505,-60.51833,59.365,-60.455,12.6,-0.14,0.06333,15.9738,0.352157,167.02,GEN,GEN
239,1,2021-08-15 10:19:00,2021-08-15 21:51:00,59.56833,-60.47167,59.445,-60.47,11.5333,-0.12333,0.00167,13.714,0.330299,179.61,GEN,GEN
239,2,2021-08-15 21:51:00,2021-08-16 10:27:00,59.445,-60.47,59.235,-60.41333,12.6,-0.21,0.05667,23.571,0.519643,172.14,GEN,GEN
239,3,2021-08-16 10:27:00,2021-08-17 21:35:00,59.235,-60.41333,58.89333,-60.39,35.1333,-0.34167,0.02333,38.0154,0.300564,177.98,GEN,GEN
239,4,2021-08-17 21:35:00,2021-08-27 10:17:00,58.89333,-60.39,58.50167,-60.09833,228.7,-0.39166,0.29167,46.6967,0.056718,158.72,GEN,GEN
240,1,2021-08-15 10:19:00,2021-08-15 21:51:00,59.575,-62.67333,59.55833,-62.71167,11.5333,-0.01667,-0.03834,2.8459,0.068543,229.37,GEN,GEN
240,2,2021-08-15 21:51:00,2021-08-23 21:51:00,59.55833,-62.71167,59.44333,-62.005,192.0,-0.115,0.70667,41.8801,0.06059,107.47,GEN,GEN
240,3,2021-08-23 21:51:00,2021-08-24 10:27:00,59.44333,-62.005,59.45333,-62.10333,12.6,0.01,-0.09833,5.668,0.124955,281.36,GEN,GEN
240,4,2021-08-24 10:27:00,2021-08-24 21:59:00,59.45333,-62.10333,59.51167,-62.11,11.5333,0.05834,-0.00667,6.498,0.156504,356.68,GEN,GEN
240,5,2021-08-24 21:59:00,2021-08-25 10:32:00,59.51167,-62.11,59.55167,-62.06167,12.55,0.04,0.04833,5.2162,0.115453,31.47,GEN,GEN
240,6,2021-08-25 10:32:00,2021-08-27 10:17:00,59.55167,-62.06167,59.375,-62.02833,47.75,-0.17667,0.03334,19.7349,0.114805,174.51,GEN,GEN
241,1,2021-08-15 10:19:00,2021-08-17 10:34:00,58.89333,-60.98,58.81167,-60.99167,48.25,-0.08166,-0.01167,9.105,0.052418,184.23,GEN,GEN
241,2,2021-08-17 10:34:00,2021-08-17 21:35:00,58.81167,-60.99167,58.845,-60.95167,11.0167,0.03333,0.04,4.363,0.110009,31.83,GEN,GEN
241,3,2021-08-17 21:35:00,2021-08-19 10:19:00,58.845,-60.95167,58.665,-60.82667,36.7333,-0.18,0.125,21.274,0.160874,160.14,GEN,GEN
243,1,2021-08-15 21:51:00,2021-08-22 10:09:00,59.79333,-60.22833,59.09333,-60.09833,156.3,-0.7,0.13,78.1826,0.138947,174.55,GEN,GEN
243,2,2021-08-22 10:09:00,2021-08-25 21:34:00,59.09333,-60.09833,58.97833,-60.02167,83.4167,-0.115,0.07666,13.5186,0.045017,161.04,GEN,GEN
243,3,2021-08-25 21:34:00,2021-08-26 10:10:00,58.97833,-60.02167,58.89,-60.09833,12.6,-0.08833,-0.07666,10.7618,0.237254,204.16,GEN,GEN
243,4,2021-08-26 10:10:00,2021-08-26 21:42:00,58.89,-60.09833,58.80333,-60.06,11.5333,-0.08667,0.03833,9.8863,0.238109,167.1,GEN,GEN
243,5,2021-08-26 21:42:00,2021-08-27 10:17:00,58.80333,-60.06,58.73667,-60.00333,12.5833,-0.06666,0.05667,8.1003,0.178816,156.19,GEN,GEN
244,1,2021-08-15 21:51:00,2021-08-16 10:27:00,59.37833,-60.42167,59.15333,-60.43667,12.6,-0.225,-0.015,25.0334,0.551882,181.96,GEN,GEN
244,2,2021-08-16 10:27:00,2021-08-17 21:35:00,59.15333,-60.43667,58.70833,-60.30667,35.1333,-0.445,0.13,50.0409,0.395643,171.37,GEN,GEN
244,3,2021-08-17 21:35:00,2021-08-22 10:09:00,58.70833,-60.30667,57.83333,-59.88833,108.5667,-0.875,0.41834,100.3234,0.256687,165.71,GEN,GEN
244,4,2021-08-22 10:09:00,2021-08-25 10:02:00,57.83333,-59.88833,57.88333,-59.38667,71.8833,0.05,0.50166,30.1931,0.116675,79.18,GEN,GEN
244,5,2021-08-25 10:02:00,2021-08-25 21:34:00,57.88333,-59.38667,57.80667,-59.215,11.5333,-0.07666,0.17167,13.2617,0.319406,129.93,GEN,GEN
244,6,2021-08-25 21:34:00,2021-08-26 10:10:00,57.80667,-59.215,57.70667,-59.055,12.6,-0.1,0.16,14.6198,0.322306,139.45,GEN,GEN
244,7,2021-08-26 10:10:00,2021-08-26 21:42:00,57.70667,-59.055,57.60667,-58.94833,11.5333,-0.1,0.10667,12.8027,0.308351,150.24,GEN,GEN
244,8,2021-08-26 21:42:00,2021-08-27 10:17:00,57.60667,-58.94833,57.50167,-58.86833,12.5833,-0.105,0.08,12.6132,0.278437,157.73,GEN,GEN
244,9,2021-08-27 10:17:00,2021-08-28 21:26:00,57.50167,-58.86833,57.26833,-58.87,35.15,-0.23334,-0.00167,25.9464,0.205045,180.22,GEN,GEN
245,1,2021-08-15 21:51:00,2021-08-16 10:27:00,59.23167,-60.47667,58.955,-60.52833,12.6,-0.27667,-0.05166,30.9055,0.681337,185.5,GEN,GEN
245,2,2021-08-16 10:27:00,2021-08-17 21:35:00,58.955,-60.52833,58.69333,-60.68167,35.1333,-0.26167,-0.15334,30.4057,0.240399,196.94,GEN,GEN
245,3,2021-08-17 21:35:00,2021-08-19 10:19:00,58.69333,-60.68167,58.675,-60.66333,36.7333,-0.01833,0.01834,2.2973,0.017372,152.52,GEN,GEN
245,4,2021-08-19 10:19:00,2021-08-22 10:09:00,58.675,-60.66333,58.09,-60.355,71.8333,-0.585,0.30833,67.4863,0.260968,164.42,GEN,GEN
245,5,2021-08-22 10:09:00,2021-08-22 21:42:00,58.09,-60.355,58.06333,-60.42833,11.55,-0.02667,-0.07333,5.2331,0.125856,235.51,GEN,GEN
245,6,2021-08-22 21:42:00,2021-08-28 10:25:00,58.06333,-60.42833,58.00333,-60.415,132.7167,-0.06,0.01333,6.7177,0.01406,173.29,GEN,GEN
246,1,2021-08-15 21:51:00,2021-08-16 10:27:00,59.2,-60.52667,58.92333,-60.62333,12.6,-0.27667,-0.09666,31.2566,0.689079,190.22,GEN,GEN
246,2,2021-08-16 10:27:00,2021-08-17 21:35:00,58.92333,-60.62333,58.67,-60.90167,35.1333,-0.25333,-0.27834,32.4129,0.256269,209.77,GEN,GEN
246,3,2021-08-17 21:35:00,2021-08-19 10:19:00,58.67,-60.90167,58.36833,-60.785,36.7333,-0.30167,0.11667,34.2214,0.258783,168.53,GEN,GEN
246,4,2021-08-19 10:19:00,2021-08-31 10:18:00,58.36833,-60.785,57.335,-60.21333,287.9833,-1.03333,0.57167,119.7752,0.115531,163.35,GEN,GEN
247,1,2021-08-15 21:51:00,2021-08-16 10:27:00,60.2,-63.10167,60.23333,-63.25333,12.6,0.03333,-0.15166,9.1599,0.201937,293.93,GEN,GEN
248,1,2021-08-15 21:51:00,2021-08-23 21:51:00,60.21833,-62.07167,59.93,-61.51833,192.0,-0.28833,0.55334,44.3855,0.064215,136.01,GEN,GEN
248,2,2021-08-23 21:51:00,2021-08-27 21:51:00,59.93,-61.51833,59.98,-61.60833,96.0,0.05,-0.09,7.4844,0.021656,318.01,GEN,GEN
249,1,2021-08-16 10:27:00,2021-08-17 21:35:00,59.135,-60.40333,58.68333,-60.43167,35.1333,-0.45167,-0.02834,50.2498,0.397294,181.87,GEN,GEN
249,2,2021-08-17 21:35:00,2021-08-19 10:19:00,58.68333,-60.43167,58.32167,-60.39667,36.7333,-0.36166,0.035,40.2661,0.304493,177.09,GEN,GEN
249,3,2021-08-19 10:19:00,2021-08-22 21:42:00,58.32167,-60.39667,57.89833,-60.30167,83.3833,-0.42334,0.095,47.4029,0.157915,173.2,GEN,GEN
249,4,2021-08-22 21:42:00,2021-08-28 10:25:00,57.89833,-60.30167,57.955,-60.135,132.7167,0.05667,0.16667,11.6856,0.024458,57.3,GEN,GEN
249,5,2021-08-28 10:25:00,2021-08-31 10:18:00,57.955,-60.135,57.8,-60.06167,71.8833,-0.155,0.07333,17.7722,0.068677,165.85,GEN,GEN
249,6,2021-08-31 10:18:00,2021-09-01 10:25:00,57.8,-60.06167,57.64333,-60.02,24.1167,-0.15667,0.04167,17.5958,0.202669,171.9,GEN,GEN
250,1,2021-08-16 10:27:00,2021-09-02 10:33:00,60.34333,-62.76833,60.22667,-62.42167,408.1,-0.11666,0.34666,23.0944,0.015719,124.02,GEN,GEN
251,1,2021-08-16 10:27:00,2021-08-23 21:51:00,60.31167,-62.64,60.03667,-62.09833,179.4,-0.275,0.54167,42.807,0.066281,135.35,GEN,GEN
251,2,2021-08-23 21:51:00,2021-08-27 21:51:00,60.03667,-62.09833,59.985,-61.91333,96.0,-0.05167,0.185,11.7785,0.034081,119.12,GEN,GEN
251,3,2021-08-27 21:51:00,2021-08-29 21:35:00,59.985,-61.91333,59.83833,-61.58,47.7333,-0.14667,0.33333,24.7237,0.143876,131.13,GEN,GEN
251,4,2021-08-29 21:35:00,2021-08-31 10:18:00,59.83833,-61.58,59.90667,-62.0,36.7167,0.06834,-0.42,24.6418,0.186426,288.14,GEN,GEN
252,1,2021-08-16 10:27:00,2021-08-25 10:32:00,60.31333,-63.325,60.34333,-63.07667,216.0833,0.03,0.24833,14.0704,0.018088,76.18,GEN,GEN
254,1,2021-08-16 10:27:00,2021-08-17 10:34:00,60.215,-63.315,60.37667,-63.44,24.1167,0.16167,-0.125,19.2511,0.221736,339.09,GEN,GEN
258,1,2021-08-17 21:35:00,2021-08-20 10:27:00,60.155,-61.42,59.97167,-61.225,60.8667,-0.18333,0.195,23.0792,0.105327,151.96,GEN,GEN
258,2,2021-08-20 10:27:00,2021-08-21 10:34:00,59.97167,-61.225,59.73167,-61.115,24.1167,-0.24,0.11,27.3847,0.315419,166.99,GEN,GEN
258,3,2021-08-21 10:34:00,2021-08-22 10:09:00,59.73167,-61.115,59.45333,-60.86167,23.5833,-0.27834,0.25333,34.0761,0.401367,155.16,GEN,GEN
258,4,2021-08-22 10:09:00,2021-08-23 21:51:00,59.45333,-60.86167,59.42,-61.19167,35.7,-0.03333,-0.33,19.0232,0.148017,258.91,GEN,GEN
258,5,2021-08-23 21:51:00,2021-08-24 10:27:00,59.42,-61.19167,59.33833,-61.205,12.6,-0.08167,-0.01333,9.1126,0.200895,184.76,GEN,GEN
258,6,2021-08-24 10:27:00,2021-08-25 10:32:00,59.33833,-61.205,59.22833,-61.20833,24.0833,-0.11,-0.00333,12.2329,0.141095,180.89,GEN,GEN
258,7,2021-08-25 10:32:00,2021-08-25 21:34:00,59.22833,-61.20833,59.17167,-61.19,11.0333,-0.05666,0.01833,6.3862,0.160779,170.59,GEN,GEN
258,8,2021-08-25 21:34:00,2021-08-26 21:42:00,59.17167,-61.19,59.055,-61.16833,24.1333,-0.11667,0.02167,13.0319,0.149999,174.54,GEN,GEN
258,9,2021-08-26 21:42:00,2021-08-27 21:51:00,59.055,-61.16833,58.98667,-61.21,24.15,-0.06833,-0.04167,7.9635,0.091597,197.44,GEN,GEN
258,10,2021-08-27 21:51:00,2021-08-31 10:18:00,58.98667,-61.21,58.79167,-61.07667,84.45,-0.195,0.13333,22.9964,0.075641,160.49,GEN,GEN
258,11,2021-08-31 10:18:00,2021-09-01 10:25:00,58.79167,-61.07667,58.72167,-61.32333,24.1167,-0.07,-0.24666,16.216,0.186777,241.42,GEN,GEN
258,12,2021-09-01 10:25:00,2021-09-02 10:33:00,58.72167,-61.32333,58.45,-61.47833,24.1333,-0.27167,-0.155,31.5157,0.36275,196.63,GEN,GEN
258,13,2021-09-02 10:33:00,2021-09-02 21:34:00,58.45,-61.47833,58.40333,-61.52167,11.0167,-0.04667,-0.04334,5.7704,0.145497,205.95,GEN,GEN
259,1,2021-08-17 21:35:00,2021-08-19 10:19:00,59.16833,-60.985,59.10667,-61.03667,36.7333,-0.06166,-0.05167,7.4629,0.056435,203.28,GEN,GEN
259,2,2021-08-19 10:19:00,2021-08-22 21:42:00,59.10667,-61.03667,58.65667,-60.93667,83.3833,-0.45,0.1,50.3666,0.167788,173.41,GEN,GEN
259,3,2021-08-22 21:42:00,2021-08-24 10:27:00,58.65667,-60.93667,58.54667,-61.01167,36.75,-0.11,-0.075,12.9802,0.098112,199.59,GEN,GEN
259,4,2021-08-24 10:27:00,2021-08-25 10:32:00,58.54667,-61.01167,58.49667,-61.19333,24.0833,-0.05,-0.18166,11.9234,0.137524,242.28,GEN,GEN
259,5,2021-08-25 10:32:00,2021-08-25 21:34:00,58.49667,-61.19333,58.54833,-61.20667,11.0333,0.05166,-0.01334,5.7963,0.145929,352.33,GEN,GEN
259,6,2021-08-25 21:34:00,2021-08-26 10:10:00,58.54833,-61.20667,58.50667,-61.19167,12.6,-0.04166,0.015,4.7135,0.103914,169.35,GEN,GEN
259,7,2021-08-26 10:10:00,2021-08-27 10:17:00,58.50667,-61.19167,58.34167,-61.02167,24.1167,-0.165,0.17,20.8469,0.240116,151.58,GEN,GEN
259,8,2021-08-27 10:17:00,2021-08-28 10:25:00,58.34167,-61.02167,58.28167,-60.885,24.1333,-0.06,0.13667,10.4038,0.119749,129.83,GEN,GEN
259,9,2021-08-28 10:25:00,2021-09-02 21:34:00,58.28167,-60.885,57.74333,-60.83833,131.15,-0.53834,0.04667,59.9238,0.126919,177.35,GEN,GEN
261,1,2021-08-19 10:19:00,2021-08-22 21:42:00,59.51167,-60.905,59.08833,-61.10667,83.3833,-0.42334,-0.20167,48.4454,0.161388,193.76,GEN,GEN
261,2,2021-08-22 21:42:00,2021-08-23 21:51:00,59.08833,-61.10667,59.06667,-61.01,24.15,-0.02166,0.09667,6.026,0.069312,113.52,GEN,GEN
261,3,2021-08-23 21:51:00,2021-08-24 10:27:00,59.06667,-61.01,59.13167,-61.035,12.6,0.065,-0.025,7.3673,0.162419,348.84,GEN,GEN
261,4,2021-08-24 10:27:00,2021-08-26 10:10:00,59.13167,-61.035,58.86667,-60.695,47.7167,-0.265,0.34,35.3191,0.205607,146.4,GEN,GEN
261,5,2021-08-26 10:10:00,2021-08-26 21:42:00,58.86667,-60.695,58.81667,-60.575,11.5333,-0.05,0.12,8.8643,0.213494,128.79,GEN,GEN
261,6,2021-08-26 21:42:00,2021-08-27 10:17:00,58.81667,-60.575,58.80667,-60.48,12.5833,-0.01,0.095,5.5822,0.123228,101.45,GEN,GEN
261,7,2021-08-27 10:17:00,2021-08-31 10:18:00,58.80667,-60.48,58.49,-60.24,96.0167,-0.31667,0.24,37.8507,0.109503,158.38,GEN,GEN
261,8,2021-08-31 10:18:00,2021-09-01 10:25:00,58.49,-60.24,58.52333,-60.42333,24.1167,0.03333,-0.18333,11.2758,0.129875,289.27,GEN,GEN
262,1,2021-08-19 10:19:00,2021-08-22 10:09:00,59.40667,-60.79333,58.64667,-60.81333,71.8333,-0.76,-0.02,84.5159,0.326821,180.78,GEN,GEN
262,2,2021-08-22 10:09:00,2021-08-24 10:27:00,58.64667,-60.81333,58.40833,-60.74167,48.3,-0.23834,0.07166,26.8267,0.154283,171.05,GEN,GEN
262,3,2021-08-24 10:27:00,2021-08-25 21:34:00,58.40833,-60.74167,58.16667,-60.775,35.1167,-0.24166,-0.03333,26.9419,0.213114,184.16,GEN,GEN
262,4,2021-08-25 21:34:00,2021-08-26 10:10:00,58.16667,-60.775,58.085,-60.89667,12.6,-0.08167,-0.12167,11.5546,0.25473,218.24,GEN,GEN
263,1,2021-08-19 10:19:00,2021-08-22 10:09:00,59.43333,-60.745,58.61833,-60.70333,71.8333,-0.815,0.04167,90.6552,0.350562,178.47,GEN,GEN
263,2,2021-08-22 10:09:00,2021-08-24 10:27:00,58.61833,-60.70333,58.42833,-60.38167,48.3,-0.19,0.32166,28.1981,0.16217,138.39,GEN,GEN
263,3,2021-08-24 10:27:00,2021-08-26 10:10:00,58.42833,-60.38167,58.30833,-60.33167,47.7167,-0.12,0.05,13.6583,0.07951,167.65,GEN,GEN
263,4,2021-08-26 10:10:00,2021-08-26 21:42:00,58.30833,-60.33167,58.27167,-60.15167,11.5333,-0.03666,0.18,11.2825,0.271736,111.1,GEN,GEN
263,5,2021-08-26 21:42:00,2021-08-27 10:17:00,58.27167,-60.15167,58.2,-60.08333,12.5833,-0.07167,0.06834,8.917,0.196843,153.32,GEN,GEN
263,6,2021-08-27 10:17:00,2021-08-28 10:25:00,58.2,-60.08333,58.175,-60.095,24.1333,-0.025,-0.01167,2.8628,0.032951,193.83,GEN,GEN
264,1,2021-08-19 10:19:00,2021-08-25 21:34:00,59.425,-59.37,58.98833,-59.985,155.25,-0.43667,-0.615,59.8599,0.107103,216.06,GEN,GEN
264,2,2021-08-25 21:34:00,2021-08-28 10:25:00,58.98833,-59.985,58.88,-59.975,60.85,-0.10833,0.01,12.0594,0.055051,177.27,GEN,GEN
265,1,2021-08-19 10:19:00,2021-08-25 21:34:00,59.37333,-59.37333,58.94667,-60.01833,155.25,-0.42666,-0.645,60.0211,0.107391,218.05,GEN,GEN
265,2,2021-08-25 21:34:00,2021-08-26 10:10:00,58.94667,-60.01833,58.725,-59.905,12.6,-0.22167,0.11333,25.4967,0.562095,165.13,GEN,GEN
265,3,2021-08-26 10:10:00,2021-08-28 10:25:00,58.725,-59.905,58.545,-59.74333,48.25,-0.18,0.16167,22.0942,0.127197,154.88,GEN,GEN
267,1,2021-08-19 10:19:00,2021-08-20 10:27:00,58.695,-61.15333,58.63333,-61.20667,24.1333,-0.06167,-0.05334,7.5192,0.086547,204.24,GEN,GEN
267,2,2021-08-20 10:27:00,2021-08-22 10:09:00,58.63333,-61.20667,58.44167,-61.15167,47.7,-0.19166,0.055,21.5493,0.125491,171.46,GEN,GEN
267,3,2021-08-22 10:09:00,2021-08-22 21:42:00,58.44167,-61.15167,58.39333,-61.115,11.55,-0.04834,0.03667,5.7838,0.139101,158.32,GEN,GEN
267,4,2021-08-22 21:42:00,2021-08-24 10:27:00,58.39333,-61.115,58.39167,-60.90167,36.75,-0.00166,0.21333,12.4336,0.09398,90.76,GEN,GEN
267,5,2021-08-24 10:27:00,2021-08-25 21:34:00,58.39167,-60.90167,58.20667,-60.815,35.1167,-0.185,0.08667,21.1852,0.167578,166.13,GEN,GEN
268,1,2021-08-19 10:19:00,2021-08-20 10:27:00,58.72,-61.15,58.71333,-61.215,24.1333,-0.00667,-0.065,3.8257,0.044034,258.85,GEN,GEN
268,2,2021-08-20 10:27:00,2021-08-21 10:34:00,58.71333,-61.215,58.46,-61.205,24.1167,-0.25333,0.01,28.175,0.324522,178.82,GEN,GEN
268,3,2021-08-21 10:34:00,2021-08-22 10:09:00,58.46,-61.205,58.415,-61.10167,23.5833,-0.045,0.10333,7.8235,0.092149,129.72,GEN,GEN
268,4,2021-08-22 10:09:00,2021-08-22 21:42:00,58.415,-61.10167,58.465,-61.08667,11.55,0.05,0.015,5.6279,0.13535,8.92,GEN,GEN
268,5,2021-08-22 21:42:00,2021-08-24 10:27:00,58.465,-61.08667,58.49667,-60.96667,36.75,0.03167,0.12,7.8142,0.059064,63.16,GEN,GEN
268,6,2021-08-24 10:27:00,2021-08-25 10:32:00,58.49667,-60.96667,58.475,-61.17333,24.0833,-0.02167,-0.20666,12.2509,0.141302,258.74,GEN,GEN
268,7,2021-08-25 10:32:00,2021-08-25 21:34:00,58.475,-61.17333,58.455,-61.26667,11.0333,-0.02,-0.09334,5.8663,0.14769,247.76,GEN,GEN
268,8,2021-08-25 21:34:00,2021-08-26 10:10:00,58.455,-61.26667,58.41333,-61.19667,12.6,-0.04167,0.07,6.1702,0.136027,138.64,GEN,GEN
268,9,2021-08-26 10:10:00,2021-08-26 21:42:00,58.41333,-61.19667,58.39167,-61.15667,11.5333,-0.02166,0.04,3.3514,0.080717,135.93,GEN,GEN
268,10,2021-08-26 21:42:00,2021-08-27 10:17:00,58.39167,-61.15667,58.34,-61.02667,12.5833,-0.05167,0.13,9.5128,0.209995,127.1,GEN,GEN
268,11,2021-08-27 10:17:00,2021-09-01 10:25:00,58.34,-61.02667,58.00833,-60.88333,120.1333,-0.33167,0.14334,37.8256,0.087462,167.1,GEN,GEN
270,1,2021-08-20 10:27:00,2021-08-21 10:34:00,59.25,-61.26833,59.175,-61.49167,24.1167,-0.075,-0.22334,15.203,0.17511,236.83,GEN,GEN
270,2,2021-08-21 10:34:00,2021-08-23 21:51:00,59.175,-61.49167,59.16,-61.30167,59.2833,-0.015,0.19,10.9559,0.051335,98.68,GEN,GEN
270,3,2021-08-23 21:51:00,2021-08-24 10:27:00,59.16,-61.30167,59.10167,-61.255,12.6,-0.05833,0.04667,7.0113,0.154569,157.66,GEN,GEN
270,4,2021-08-24 10:27:00,2021-08-25 10:32:00,59.10167,-61.255,59.06167,-61.25167,24.0833,-0.04,0.00333,4.4519,0.051348,177.55,GEN,GEN
270,5,2021-08-25 10:32:00,2021-08-25 21:34:00,59.06167,-61.25167,58.99833,-61.35,11.0333,-0.06334,-0.09833,9.0145,0.226952,218.66,GEN,GEN
270,6,2021-08-25 21:34:00,2021-08-26 21:42:00,58.99833,-61.35,58.85833,-61.46667,24.1333,-0.14,-0.11667,16.9461,0.195052,203.32,GEN,GEN
270,7,2021-08-26 21:42:00,2021-09-01 10:25:00,58.85833,-61.46667,58.67667,-61.47667,132.7167,-0.18166,-0.01,20.2079,0.042295,181.64,GEN,GEN
270,8,2021-09-01 10:25:00,2021-09-02 10:33:00,58.67667,-61.47667,58.41333,-61.52333,24.1333,-0.26334,-0.04666,29.407,0.338478,185.3,GEN,GEN
270,9,2021-09-02 10:33:00,2021-09-02 21:34:00,58.41333,-61.52333,58.325,-61.47,11.0167,-0.08833,0.05333,10.3025,0.259769,162.41,GEN,GEN
271,1,2021-08-20 10:27:00,2021-08-22 10:09:00,58.75167,-61.09,58.43833,-60.98833,47.7,-0.31334,0.10167,35.3363,0.205779,170.36,GEN,GEN
271,2,2021-08-22 10:09:00,2021-08-22 21:42:00,58.43833,-60.98833,58.47667,-61.01333,11.55,0.03834,-0.025,4.5044,0.108331,341.18,GEN,GEN
271,3,2021-08-22 21:42:00,2021-08-24 10:27:00,58.47667,-61.01333,58.455,-60.89167,36.75,-0.02167,0.12166,7.4743,0.056495,108.76,GEN,GEN
271,4,2021-08-24 10:27:00,2021-08-25 10:32:00,58.455,-60.89167,58.48833,-61.185,24.0833,0.03333,-0.29333,17.454,0.201315,282.38,ISL,VLG
271,5,2021-08-25 10:32:00,2021-08-25 21:34:00,58.48833,-61.185,58.52333,-61.20667,11.0333,0.035,-0.02167,4.0903,0.102979,342.09,ISL,VLG
271,6,2021-08-25 21:34:00,2021-08-26 10:10:00,58.52333,-61.20667,58.53667,-61.185,12.6,0.01334,0.02167,1.9449,0.042877,40.29,ISL,VLG
271,7,2021-08-26 10:10:00,2021-08-26 21:42:00,58.53667,-61.185,58.52,-61.17833,11.5333,-0.01667,0.00667,1.8936,0.045608,168.2,ISL,VLG
271,8,2021-08-26 21:42:00,2021-08-27 10:17:00,58.52,-61.17833,58.48333,-61.12833,12.5833,-0.03667,0.05,5.0064,0.110517,144.51,ISL,VLG
271,9,2021-08-27 10:17:00,2021-08-28 10:25:00,58.48333,-61.12833,58.38,-60.995,24.1333,-0.10333,0.13333,13.8656,0.159595,145.9,ISL,VLG
271,10,2021-08-28 10:25:00,2021-08-31 10:18:00,58.38,-60.995,58.17667,-61.015,71.8833,-0.20333,-0.02,22.6395,0.087485,182.97,ISL,VLG
271,11,2021-08-31 10:18:00,2021-09-01 10:25:00,58.17667,-61.015,58.145,-61.25333,24.1167,-0.03167,-0.23833,14.417,0.166056,255.96,ISL,VLG
271,12,2021-09-01 10:25:00,2021-09-02 10:33:00,58.145,-61.25333,57.95333,-61.46333,24.1333,-0.19167,-0.21,24.6359,0.283563,210.19,ISL,VLG
272,1,2021-08-20 10:27:00,2021-08-22 10:09:00,58.74333,-61.11833,58.43167,-61.00833,47.7,-0.31166,0.11,35.2365,0.205197,169.53,GEN,GEN
272,2,2021-08-22 10:09:00,2021-08-22 21:42:00,58.43167,-61.00833,58.45667,-61.01333,11.55,0.025,-0.005,2.7951,0.067221,354.03,GEN,GEN
272,3,2021-08-22 21:42:00,2021-08-25 21:34:00,58.45667,-61.01333,58.14667,-60.95,71.8667,-0.31,0.06333,34.6684,0.134,173.85,GEN,GEN
272,4,2021-08-25 21:34:00,2021-08-26 10:10:00,58.14667,-60.95,58.01333,-60.83833,12.6,-0.13334,0.11167,16.2153,0.35748,156.07,GEN,GEN
274,1,2021-08-20 10:27:00,2021-08-22 10:09:00,58.43833,-60.78,57.90333,-60.46667,47.7,-0.535,0.31333,62.2622,0.36258,162.7,GEN,GEN
274,2,2021-08-22 10:09:00,2021-08-31 10:18:00,57.90333,-60.46667,57.32333,-60.22667,216.15,-0.58,0.24,66.058,0.084892,167.4,GEN,GEN
275,1,2021-08-20 10:27:00,2021-08-22 10:09:00,58.44,-60.79,57.88667,-60.46,47.7,-0.55333,0.33,64.5002,0.375612,162.4,GEN,GEN
275,2,2021-08-22 10:09:00,2021-08-22 21:42:00,57.88667,-60.46,57.84333,-60.32167,11.55,-0.04334,0.13833,9.4955,0.228368,120.44,GEN,GEN
277,1,2021-08-20 10:27:00,2021-08-22 21:42:00,58.47333,-60.61667,58.14167,-60.40833,59.25,-0.33166,0.20834,38.8352,0.182069,161.65,GEN,GEN
277,2,2021-08-22 21:42:00,2021-08-28 10:25:00,58.14167,-60.40833,58.14333,-60.335,132.7167,0.00166,0.07333,4.3077,0.009016,87.51,GEN,GEN
285,1,2021-08-22 10:09:00,2021-08-23 21:49:00,56.48167,-58.875,56.475,-58.84833,35.6667,-0.00667,0.02667,1.7979,0.014002,114.35,GEN,GEN
285,2,2021-08-23 21:49:00,2021-08-25 10:02:00,56.475,-58.84833,56.47,-58.84667,36.2167,-0.005,0.00166,0.5652,0.004335,169.61,GEN,GEN
285,3,2021-08-25 10:02:00,2021-08-25 21:34:00,56.47,-58.84667,56.47167,-58.84667,11.5333,0.00167,0.0,0.1857,0.004472,0.0,GEN,GEN
285,4,2021-08-25 21:34:00,2021-08-27 10:17:00,56.47167,-58.84667,56.42,-58.855,36.7167,-0.05167,-0.00833,5.7682,0.043639,185.1,GEN,GEN
285,5,2021-08-27 10:17:00,2021-08-27 21:49:00,56.42,-58.855,56.42,-58.855,11.5333,0.0,0.0,0.0,0.0,0.0,GEN,GEN
286,1,2021-08-22 10:09:00,2021-08-22 21:42:00,58.46667,-61.28,58.47833,-61.32167,11.55,0.01166,-0.04167,2.748,0.066089,298.17,GEN,GEN
286,2,2021-08-22 21:42:00,2021-08-24 10:27:00,58.47833,-61.32167,58.34833,-61.35167,36.75,-0.13,-0.03,14.5606,0.110057,186.9,GEN,GEN
286,3,2021-08-24 10:27:00,2021-09-01 10:25:00,58.34833,-61.35167,57.675,-60.95833,191.9667,-0.67333,0.39334,78.3737,0.113408,162.64,GEN,GEN
287,1,2021-08-22 21:42:00,2021-08-27 10:17:00,58.255,-61.53,57.89,-61.075,108.5833,-0.365,0.455,48.6118,0.124359,146.41,GEN,GEN
287,2,2021-08-27 10:17:00,2021-08-31 10:18:00,57.89,-61.075,57.32333,-60.65667,96.0167,-0.56667,0.41833,67.7593,0.196029,158.24,GEN,GEN
287,3,2021-08-31 10:18:00,2021-09-03 10:09:00,57.32333,-60.65667,56.875,-60.91,71.85,-0.44833,-0.25333,52.1472,0.201605,197.17,GEN,GEN
288,1,2021-08-22 21:42:00,2021-08-26 21:42:00,58.26833,-61.46833,58.00333,-61.08833,96.0,-0.265,0.38,36.9573,0.106937,142.71,GEN,GEN
288,2,2021-08-26 21:42:00,2021-08-27 10:17:00,58.00333,-61.08833,57.95833,-61.08167,12.5833,-0.045,0.00666,5.0192,0.110798,175.51,GEN,GEN
289,1,2021-08-22 21:42:00,2021-08-26 10:10:00,58.25833,-61.44,58.06667,-61.03333,84.4667,-0.19166,0.40667,31.9873,0.105194,131.61,GEN,GEN
289,2,2021-08-26 10:10:00,2021-08-26 21:42:00,58.06667,-61.03333,58.07667,-61.03,11.5333,0.01,0.00333,1.1291,0.027193,9.99,GEN,GEN
290,1,2021-08-22 21:42:00,2021-08-24 10:27:00,58.48167,-60.89333,58.44667,-60.89167,36.75,-0.035,0.00166,3.893,0.029426,178.58,GEN,GEN
290,2,2021-08-24 10:27:00,2021-08-26 10:10:00,58.44667,-60.89167,58.45333,-60.84667,47.7167,0.00666,0.045,2.7209,0.015839,74.19,GEN,GEN
290,3,2021-08-26 10:10:00,2021-08-28 10:25:00,58.45333,-60.84667,58.16333,-60.73333,48.25,-0.29,0.11334,32.9192,0.189518,168.35,GEN,GEN
291,1,2021-08-22 21:42:00,2021-08-24 10:27:00,58.54333,-61.38833,58.51833,-61.27333,36.75,-0.025,0.115,7.2312,0.054658,112.56,GEN,GEN
291,2,2021-08-24 10:27:00,2021-08-25 10:32:00,58.51833,-61.27333,58.555,-61.34,24.0833,0.03667,-0.06667,5.6213,0.064836,316.53,GEN,GEN
291,3,2021-08-25 10:32:00,2021-08-25 21:34:00,58.555,-61.34,58.575,-61.31667,11.0333,0.02,0.02333,2.6031,0.065537,31.3,GEN,GEN
291,4,2021-08-25 21:34:00,2021-08-26 21:42:00,58.575,-61.31667,58.50833,-61.28667,24.1333,-0.06667,0.03,7.615,0.08765,166.77,GEN,GEN
291,5,2021-08-26 21:42:00,2021-08-27 10:17:00,58.50833,-61.28667,58.485,-61.205,12.5833,-0.02333,0.08167,5.4082,0.119386,118.63,GEN,GEN
291,6,2021-08-27 10:17:00,2021-08-31 10:18:00,58.485,-61.205,58.15667,-61.01,96.0167,-0.32833,0.195,38.2432,0.110638,162.59,GEN,GEN
291,7,2021-08-31 10:18:00,2021-09-02 21:34:00,58.15667,-61.01,57.86333,-61.15667,59.2667,-0.29334,-0.14667,33.7428,0.15815,194.9,GEN,GEN
291,8,2021-09-02 21:34:00,2021-09-03 10:09:00,57.86333,-61.15667,57.79333,-61.16833,12.5833,-0.07,-0.01166,7.8142,0.172499,185.07,GEN,GEN
292,1,2021-08-22 21:42:00,2021-08-24 10:27:00,58.48167,-61.33833,58.385,-61.47333,36.75,-0.09667,-0.135,13.3153,0.100645,216.23,GEN,GEN
292,2,2021-08-24 10:27:00,2021-08-25 10:32:00,58.385,-61.47333,58.43167,-61.31833,24.0833,0.04667,0.155,10.414,0.120115,60.05,GEN,GEN
292,3,2021-08-25 10:32:00,2021-08-31 10:18:00,58.43167,-61.31833,57.86,-60.96333,143.7667,-0.57167,0.355,66.8933,0.129247,161.7,GEN,GEN
292,4,2021-08-31 10:18:00,2021-09-02 21:34:00,57.86,-60.96333,57.67833,-61.10667,59.2667,-0.18167,-0.14334,21.9165,0.102721,202.88,GEN,GEN
293,1,2021-08-22 21:42:00,2021-08-24 10:27:00,58.48667,-61.39667,58.315,-61.515,36.75,-0.17167,-0.11833,20.2957,0.153406,199.91,GEN,GEN
293,2,2021-08-24 10:27:00,2021-08-25 10:32:00,58.315,-61.515,58.345,-61.54333,24.0833,0.03,-0.02833,3.7233,0.042945,333.64,GEN,GEN
293,3,2021-08-25 10:32:00,2021-08-25 21:34:00,58.345,-61.54333,58.38167,-61.54833,11.0333,0.03667,-0.005,4.0879,0.102919,355.91,GEN,GEN
293,4,2021-08-25 21:34:00,2021-09-02 21:34:00,58.38167,-61.54833,57.67667,-61.22,192.0,-0.705,0.32833,80.7404,0.116812,166.01,GEN,GEN
296,1,2021-08-23 21:51:00,2021-08-24 10:27:00,59.54,-61.77667,59.59833,-61.9,12.6,0.05833,-0.12333,9.5034,0.20951,313.09,GEN,GEN
296,2,2021-08-24 10:27:00,2021-08-25 21:34:00,59.59833,-61.9,59.58833,-61.82,35.1167,-0.01,0.08,4.6376,0.036684,103.84,GEN,GEN
296,3,2021-08-25 21:34:00,2021-08-28 10:25:00,59.58833,-61.82,59.57,-61.82833,60.85,-0.01833,-0.00833,2.0915,0.009547,192.96,GEN,GEN
296,4,2021-08-28 10:25:00,2021-08-28 21:58:00,59.57,-61.82833,59.63167,-61.77667,11.55,0.06167,0.05166,7.448,0.179125,22.95,GEN,GEN
296,5,2021-08-28 21:58:00,2021-08-29 21:35:00,59.63167,-61.77667,59.55333,-61.69833,23.6167,-0.07834,0.07834,9.7633,0.114835,153.12,GEN,GEN
296,6,2021-08-29 21:35:00,2021-08-31 10:18:00,59.55333,-61.69833,59.61,-61.49833,36.7167,0.05667,0.2,12.9031,0.097618,60.68,GEN,GEN
296,7,2021-08-31 10:18:00,2021-09-01 10:25:00,59.61,-61.49833,59.51667,-61.74667,24.1167,-0.09333,-0.24834,17.4181,0.200623,233.54,GEN,GEN
296,8,2021-09-01 10:25:00,2021-09-02 10:33:00,59.51667,-61.74667,59.39333,-62.165,24.1333,-0.12334,-0.41833,27.3304,0.314576,240.06,GEN,GEN
297,1,2021-08-23 21:51:00,2021-08-24 10:27:00,59.465,-61.58333,59.43167,-61.845,12.6,-0.03333,-0.26167,15.2474,0.336142,256.05,GEN,GEN
297,2,2021-08-24 10:27:00,2021-08-24 21:59:00,59.43167,-61.845,59.465,-62.00167,11.5333,0.03333,-0.15667,9.5996,0.231204,292.78,GEN,GEN
297,3,2021-08-24 21:59:00,2021-08-25 10:32:00,59.465,-62.00167,59.52333,-61.98,12.55,0.05833,0.02167,6.6003,0.14609,10.67,GEN,GEN
297,4,2021-08-25 10:32:00,2021-08-27 10:17:00,59.52333,-61.98,59.435,-61.92,47.75,-0.08833,0.06,10.3898,0.060441,160.94,GEN,GEN
297,5,2021-08-27 10:17:00,2021-08-27 21:51:00,59.435,-61.92,59.47167,-61.99167,11.5667,0.03667,-0.07167,5.7473,0.138023,315.22,GEN,GEN
297,6,2021-08-27 21:51:00,2021-08-28 21:58:00,59.47167,-61.99167,59.42167,-61.87833,24.1167,-0.05,0.11334,8.4826,0.097703,130.9,GEN,GEN
299,1,2021-08-23 21:51:00,2021-08-24 10:27:00,59.49667,-61.53833,59.455,-61.83333,12.6,-0.04167,-0.295,17.2927,0.381233,254.59,GEN,GEN
299,2,2021-08-24 10:27:00,2021-08-24 21:59:00,59.455,-61.83333,59.47833,-61.99833,11.5333,0.02333,-0.165,9.6753,0.233029,285.62,GEN,GEN
299,3,2021-08-24 21:59:00,2021-08-25 10:32:00,59.47833,-61.99833,59.54167,-61.95333,12.55,0.06334,0.045,7.4867,0.165709,19.8,GEN,GEN
299,4,2021-08-25 10:32:00,2021-08-25 21:34:00,59.54167,-61.95333,59.55167,-61.9,11.0333,0.01,0.05333,3.2046,0.080681,69.67,GEN,GEN
299,5,2021-08-25 21:34:00,2021-08-28 21:58:00,59.55167,-61.9,59.62667,-62.05,72.4,0.075,-0.15,11.8673,0.045531,314.71,GEN,GEN
299,6,2021-08-28 21:58:00,2021-08-29 21:35:00,59.62667,-62.05,59.68333,-61.93167,23.6167,0.05666,0.11833,9.1587,0.107724,46.48,GEN,GEN
299,7,2021-08-29 21:35:00,2021-08-31 10:18:00,59.68333,-61.93167,59.67833,-62.21167,36.7167,-0.005,-0.28,15.7271,0.118982,268.09,GEN,GEN
299,8,2021-08-31 10:18:00,2021-09-01 10:25:00,59.67833,-62.21167,59.69333,-62.35667,24.1167,0.015,-0.145,8.3072,0.095683,281.65,GEN,GEN
299,9,2021-09-01 10:25:00,2021-09-02 10:33:00,59.69333,-62.35667,59.56667,-62.54167,24.1333,-0.12666,-0.185,17.5078,0.201518,216.52,GEN,GEN
300,1,2021-08-24 10:27:00,2021-08-25 10:32:00,59.45167,-60.82667,59.445,-60.74,24.0833,-0.00667,0.08667,4.9546,0.057146,98.57,GEN,GEN
300,2,2021-08-25 10:32:00,2021-08-26 10:10:00,59.445,-60.74,59.47,-60.75167,23.6333,0.025,-0.01167,2.857,0.03358,346.66,GEN,GEN
303,1,2021-08-24 10:27:00,2021-08-25 10:32:00,58.63,-61.11,58.61333,-61.09167,24.0833,-0.01667,0.01833,2.1359,0.024636,150.2,GEN,GEN
303,2,2021-08-25 10:32:00,2021-08-25 21:34:00,58.61333,-61.09167,58.63833,-61.04833,11.0333,0.025,0.04334,3.7447,0.094277,42.05,GEN,GEN
303,3,2021-08-25 21:34:00,2021-08-26 10:10:00,58.63833,-61.04833,58.59333,-61.12167,12.6,-0.045,-0.07334,6.5631,0.144689,220.35,GEN,GEN
303,4,2021-08-26 10:10:00,2021-08-26 21:42:00,58.59333,-61.12167,58.59333,-61.14167,11.5333,0.0,-0.02,1.1589,0.027912,270.01,GEN,GEN
303,5,2021-08-26 21:42:00,2021-08-28 10:25:00,58.59333,-61.14167,58.54833,-61.10333,36.7167,-0.045,0.03834,5.4754,0.041424,156.03,GEN,GEN
303,6,2021-08-28 10:25:00,2021-08-31 10:18:00,58.54833,-61.10333,58.305,-60.98833,71.8833,-0.24333,0.115,27.8731,0.10771,166.05,GEN,GEN
303,7,2021-08-31 10:18:00,2021-09-01 10:25:00,58.305,-60.98833,58.315,-61.17167,24.1167,0.01,-0.18334,10.7671,0.124016,276.01,GEN,GEN
303,8,2021-09-01 10:25:00,2021-09-02 10:33:00,58.315,-61.17167,58.105,-61.285,24.1333,-0.21,-0.11333,24.2763,0.279423,195.92,GEN,GEN
303,9,2021-09-02 10:33:00,2021-09-02 21:34:00,58.105,-61.285,58.03167,-61.28833,11.0167,-0.07333,-0.00333,8.1563,0.205655,181.38,GEN,GEN
306,1,2021-08-24 21:59:00,2021-08-25 21:34:00,59.32,-62.05333,59.195,-61.81167,23.5833,-0.125,0.24166,19.5416,0.230171,135.23,GEN,GEN
306,2,2021-08-25 21:34:00,2021-08-31 10:18:00,59.195,-61.81167,58.86667,-61.58667,132.7333,-0.32833,0.225,38.712,0.081015,160.48,GEN,GEN
306,3,2021-08-31 10:18:00,2021-09-01 10:25:00,58.86667,-61.58667,58.81667,-61.86,24.1167,-0.05,-0.27333,16.6793,0.192114,250.65,GEN,GEN
307,1,2021-08-25 10:32:00,2021-08-25 21:34:00,58.86667,-61.58333,58.83333,-61.65833,11.0333,-0.03334,-0.075,5.688,0.143203,229.36,GEN,GEN
307,2,2021-08-25 21:34:00,2021-08-31 10:18:00,58.83333,-61.65833,58.645,-61.62333,132.7333,-0.18833,0.035,21.0385,0.044028,174.48,GEN,GEN
307,3,2021-08-31 10:18:00,2021-09-01 10:25:00,58.645,-61.62333,58.59167,-61.79,24.1167,-0.05333,-0.16667,11.327,0.130466,238.5,GEN,GEN
307,4,2021-09-01 10:25:00,2021-09-02 10:33:00,58.59167,-61.79,58.38333,-61.98833,24.1333,-0.20834,-0.19833,25.8756,0.297832,206.54,GEN,GEN
308,1,2021-08-25 21:34:00,2021-08-26 10:10:00,59.19167,-60.15333,59.07,-60.07833,12.6,-0.12167,0.075,14.1896,0.312822,162.42,GEN,GEN
308,2,2021-08-26 10:10:00,2021-08-26 21:42:00,59.07,-60.07833,58.98167,-60.04833,11.5333,-0.08833,0.03,9.9708,0.240144,170.07,GEN,GEN
308,3,2021-08-26 21:42:00,2021-08-27 10:17:00,58.98167,-60.04833,58.68667,-60.05667,12.5833,-0.295,-0.00834,32.806,0.724195,180.84,ISL,VLG
308,4,2021-08-27 10:17:00,2021-08-28 10:25:00,58.68667,-60.05667,58.185,-60.16333,24.1333,-0.50167,-0.10666,56.1275,0.646035,186.4,ISL,VLG
309,1,2021-08-25 21:34:00,2021-08-26 10:10:00,59.03667,-60.03167,59.05,-60.05,12.6,0.01333,-0.01833,1.8155,0.040025,324.73,GEN,GEN
309,2,2021-08-26 10:10:00,2021-08-28 10:25:00,59.05,-60.05,58.88,-59.97,48.25,-0.17,0.08,19.4515,0.111983,166.33,GEN,GEN
310,1,2021-08-25 21:34:00,2021-08-26 21:42:00,58.8,-60.875,58.71333,-60.90167,24.1333,-0.08667,-0.02667,9.7592,0.11233,189.08,GEN,GEN
310,2,2021-08-26 21:42:00,2021-08-27 10:17:00,58.71333,-60.90167,58.71167,-60.89167,12.5833,-0.00166,0.01,0.6063,0.013383,107.72,GEN,GEN
310,3,2021-08-27 10:17:00,2021-09-02 21:34:00,58.71167,-60.89167,58.03167,-60.76333,155.2833,-0.68,0.12834,75.982,0.13592,174.29,GEN,GEN
312,1,2021-08-25 21:34:00,2021-08-26 10:10:00,57.155,-59.53833,57.105,-59.585,12.6,-0.05,-0.04667,6.2325,0.1374,206.89,GEN,GEN
312,2,2021-08-26 10:10:00,2021-08-27 10:17:00,57.105,-59.585,57.11833,-59.67167,24.1167,0.01333,-0.08667,5.4389,0.062646,285.85,GEN,GEN
312,3,2021-08-27 10:17:00,2021-08-27 21:49:00,57.11833,-59.67167,57.15667,-59.67667,11.5333,0.03834,-0.005,4.2739,0.102935,355.95,GEN,GEN
312,4,2021-08-27 21:49:00,2021-08-28 10:25:00,57.15667,-59.67667,57.22,-59.69167,12.6,0.06333,-0.015,7.0997,0.15652,352.69,GEN,GEN
312,5,2021-08-28 10:25:00,2021-08-31 10:18:00,57.22,-59.69167,57.31333,-59.48333,71.8833,0.09333,0.20834,16.2671,0.062861,50.27,GEN,GEN
312,6,2021-08-31 10:18:00,2021-09-02 21:34:00,57.31333,-59.48333,57.29333,-60.06,59.2667,-0.02,-0.57667,34.7098,0.162682,266.57,GEN,GEN
313,1,2021-08-26 10:10:00,2021-08-26 21:42:00,59.13667,-59.79667,58.94667,-59.70667,11.5333,-0.19,0.09,21.7452,0.523728,166.27,GEN,GEN
314,1,2021-08-26 10:10:00,2021-08-27 10:17:00,56.93833,-59.32,56.94167,-59.58167,24.1167,0.00334,-0.26167,15.8769,0.182871,271.45,GEN,GEN
314,2,2021-08-27 10:17:00,2021-08-27 21:49:00,56.94167,-59.58167,57.01667,-59.72167,11.5333,0.075,-0.14,11.896,0.286513,314.57,GEN,GEN
314,3,2021-08-27 21:49:00,2021-09-03 10:09:00,57.01667,-59.72167,56.42167,-59.92833,156.3333,-0.595,-0.20666,67.3519,0.119673,190.88,GEN,GEN
315,1,2021-08-26 21:42:00,2021-08-27 10:17:00,58.59,-61.26,58.58333,-61.195,12.5833,-0.00667,0.065,3.8394,0.084756,101.11,GEN,GEN
315,2,2021-08-27 10:17:00,2021-08-28 10:25:00,58.58333,-61.195,58.49833,-61.21833,24.1333,-0.085,-0.02333,9.548,0.109899,188.16,GEN,GEN
315,3,2021-08-28 10:25:00,2021-08-31 10:18:00,58.49833,-61.21833,58.3,-61.04667,71.8833,-0.19833,0.17166,24.2154,0.093575,155.53,GEN,GEN
315,4,2021-08-31 10:18:00,2021-09-01 10:25:00,58.3,-61.04667,58.23833,-60.935,24.1167,-0.06167,0.11167,9.4695,0.109071,136.35,GEN,GEN
315,5,2021-09-01 10:25:00,2021-09-02 21:34:00,58.23833,-60.935,57.97333,-61.2,35.15,-0.265,-0.265,33.3267,0.263369,207.96,GEN,GEN
315,6,2021-09-02 21:34:00,2021-09-03 10:09:00,57.97333,-61.2,57.885,-61.26167,12.5833,-0.08833,-0.06167,10.475,0.231237,200.37,GEN,GEN
317,1,2021-08-26 21:42:00,2021-08-28 10:25:00,58.7,-60.93833,58.53833,-61.03,36.7167,-0.16167,-0.09167,18.7441,0.141807,196.49,GEN,GEN
317,2,2021-08-28 10:25:00,2021-08-31 10:18:00,58.53833,-61.03,58.31333,-60.895,71.8833,-0.225,0.135,26.2244,0.101339,162.5,GEN,GEN
317,3,2021-08-31 10:18:00,2021-09-01 10:25:00,58.31333,-60.895,58.3,-60.92167,24.1167,-0.01333,-0.02667,2.1505,0.024769,226.44,GEN,GEN
318,1,2021-08-26 21:42:00,2021-08-31 10:18:00,58.96833,-61.09,58.475,-60.935,108.6,-0.49333,0.155,55.5808,0.142165,170.67,GEN,GEN
318,2,2021-08-31 10:18:00,2021-09-02 21:34:00,58.475,-60.935,58.09333,-61.10667,59.2667,-0.38167,-0.17167,43.61,0.204396,193.38,GEN,GEN
318,3,2021-09-02 21:34:00,2021-09-03 10:09:00,58.09333,-61.10667,57.99667,-61.25667,12.5833,-0.09666,-0.15,13.9085,0.307031,219.46,GEN,GEN
320,1,2021-08-26 21:42:00,2021-08-27 10:17:00,58.94667,-59.71,58.785,-59.66,12.5833,-0.16167,0.05,18.2053,0.401882,170.89,GEN,GEN
320,2,2021-08-27 10:17:00,2021-08-28 21:26:00,58.785,-59.66,58.625,-59.48333,35.15,-0.16,0.17667,20.5099,0.162082,150.09,GEN,GEN
323,1,2021-08-28 10:25:00,2021-08-31 10:18:00,57.73167,-60.94667,57.32667,-60.61833,71.8833,-0.405,0.32834,49.1146,0.189793,156.34,GEN,GEN
323,2,2021-08-31 10:18:00,2021-09-03 10:09:00,57.32667,-60.61833,56.895,-60.90167,71.85,-0.43167,-0.28334,50.9572,0.197004,199.74,GEN,GEN
324,1,2021-08-28 10:25:00,2021-08-31 10:18:00,57.72667,-60.935,57.31833,-60.57,71.8833,-0.40834,0.365,50.3645,0.194623,154.21,GEN,GEN
324,2,2021-08-31 10:18:00,2021-09-01 10:25:00,57.31833,-60.57,57.18833,-60.81833,24.1167,-0.13,-0.24833,20.786,0.239415,226.04,GEN,GEN
324,3,2021-09-01 10:25:00,2021-09-03 10:09:00,57.18833,-60.81833,56.85833,-60.91833,47.7333,-0.33,-0.1,37.1901,0.216423,189.41,GEN,GEN
325,1,2021-08-28 10:25:00,2021-08-31 10:18:00,57.72833,-60.915,57.38833,-60.65333,71.8833,-0.34,0.26167,40.9015,0.158055,157.46,GEN,GEN
325,2,2021-08-31 10:18:00,2021-09-01 10:25:00,57.38833,-60.65333,57.31667,-60.905,24.1167,-0.07166,-0.25167,17.0705,0.19662,242.28,GEN,GEN
326,1,2021-08-28 10:25:00,2021-08-31 10:18:00,57.73,-60.92833,57.38333,-60.76667,71.8833,-0.34667,0.16166,39.7358,0.153551,165.89,ISL,VLG
326,2,2021-08-31 10:18:00,2021-09-01 10:25:00,57.38333,-60.76667,57.36333,-60.91,24.1167,-0.02,-0.14333,8.8761,0.102235,255.55,GEN,GEN
330,1,2021-08-31 10:18:00,2021-09-01 10:25:00,58.96,-61.53167,58.92,-61.84667,24.1167,-0.04,-0.315,18.6106,0.214359,256.31,GEN,GEN
332,1,2021-08-31 10:18:00,2021-09-01 10:25:00,58.77,-61.83833,58.73833,-61.98333,24.1167,-0.03167,-0.145,9.0745,0.104521,247.23,GEN,GEN
333,1,2021-08-31 10:18:00,2021-09-01 10:25:00,58.685,-61.95833,58.655,-62.19167,24.1167,-0.03,-0.23334,13.8975,0.160072,256.21,GEN,GEN
333,2,2021-09-01 10:25:00,2021-09-02 10:33:00,58.655,-62.19167,58.50833,-62.18167,24.1333,-0.14667,0.01,16.3193,0.187837,177.96,GEN,GEN
334,1,2021-08-31 10:18:00,2021-09-01 10:25:00,58.55333,-62.05333,58.48667,-62.125,24.1167,-0.06666,-0.07167,8.5006,0.097911,209.34,GEN,GEN
334,2,2021-09-01 10:25:00,2021-09-02 10:33:00,58.48667,-62.125,58.37333,-62.05167,24.1333,-0.11334,0.07333,13.3062,0.153156,161.26,GEN,GEN
335,1,2021-08-31 10:18:00,2021-09-01 10:25:00,58.71167,-61.79667,58.65,-62.21,24.1167,-0.06167,-0.41333,24.855,0.286282,254.16,GEN,GEN
336,1,2021-08-31 10:18:00,2021-09-01 10:25:00,58.93333,-60.80833,58.86833,-61.185,24.1167,-0.065,-0.37667,22.8092,0.262719,251.69,GEN,GEN
336,2,2021-09-01 10:25:00,2021-09-02 10:33:00,58.86833,-61.185,58.70833,-61.52667,24.1333,-0.16,-0.34167,26.5353,0.305424,228.04,GEN,GEN
336,3,2021-09-02 10:33:00,2021-09-02 21:34:00,58.70833,-61.52667,58.655,-61.48833,11.0167,-0.05333,0.03834,6.3305,0.15962,159.49,GEN,GEN
339,1,2021-08-31 10:18:00,2021-09-01 10:25:00,58.645,-60.95833,58.54833,-61.06167,24.1167,-0.09667,-0.10334,12.3043,0.141722,209.16,GEN,GEN
339,2,2021-09-01 10:25:00,2021-09-03 10:09:00,58.54833,-61.06167,58.15833,-61.275,47.7333,-0.39,-0.21333,45.1166,0.26255,196.1,GEN,GEN
340,1,2021-08-31 10:18:00,2021-09-01 10:25:00,58.545,-61.17167,58.58333,-61.22167,24.1167,0.03833,-0.05,5.1549,0.059375,325.79,GEN,GEN
340,2,2021-09-01 10:25:00,2021-09-02 10:33:00,58.58333,-61.22167,58.33167,-61.33833,24.1333,-0.25166,-0.11666,28.7944,0.331427,193.68,GEN,GEN
340,3,2021-09-02 10:33:00,2021-09-02 21:34:00,58.33167,-61.33833,58.27333,-61.47833,11.0167,-0.05834,-0.14,10.4397,0.263231,231.64,GEN,GEN
343,1,2021-08-31 10:18:00,2021-09-01 10:25:00,58.48167,-61.01167,58.40333,-61.06667,24.1167,-0.07834,-0.055,9.2804,0.106893,200.2,GEN,GEN
343,2,2021-09-01 10:25:00,2021-09-02 21:34:00,58.40333,-61.06667,58.11167,-61.08,35.15,-0.29166,-0.01333,32.4405,0.256365,181.38,GEN,GEN
343,3,2021-09-02 21:34:00,2021-09-03 10:09:00,58.11167,-61.08,58.02833,-61.24667,12.5833,-0.08334,-0.16667,13.4889,0.297768,226.68,GEN,GEN
344,1,2021-08-31 10:18:00,2021-09-02 21:34:00,58.5,-61.03667,58.19667,-61.26167,59.2667,-0.30333,-0.225,36.1938,0.169637,201.36,GEN,GEN
344,2,2021-09-02 21:34:00,2021-09-03 10:09:00,58.19667,-61.26167,58.07167,-61.36167,12.5833,-0.125,-0.1,15.0882,0.333072,202.94,GEN,GEN
345,1,2021-08-31 10:18:00,2021-09-01 10:25:00,58.445,-60.87,58.36833,-60.96167,24.1167,-0.07667,-0.09167,10.0597,0.115869,212.1,GEN,GEN
345,2,2021-09-01 10:25:00,2021-09-02 21:34:00,58.36833,-60.96167,58.05333,-61.16667,35.15,-0.315,-0.205,37.0276,0.292616,199.01,GEN,GEN
346,1,2021-08-31 10:18:00,2021-09-01 10:25:00,58.45667,-60.86167,58.31333,-60.72667,24.1167,-0.14334,0.135,17.7754,0.204738,153.67,GEN,GEN
348,1,2021-08-31 10:18:00,2021-09-02 21:34:00,58.41,-60.92333,58.07833,-61.26333,59.2667,-0.33167,-0.34,41.9051,0.196405,208.49,GEN,GEN
348,2,2021-09-02 21:34:00,2021-09-03 10:09:00,58.07833,-61.26333,57.99167,-61.365,12.5833,-0.08666,-0.10167,11.3435,0.250409,211.89,GEN,GEN
350,1,2021-08-31 10:18:00,2021-09-01 10:25:00,58.285,-60.79167,58.21167,-60.81667,24.1167,-0.07333,-0.025,8.2841,0.095417,190.18,GEN,GEN
350,2,2021-09-01 10:25:00,2021-09-03 10:09:00,58.21167,-60.81667,57.85,-60.66333,47.7333,-0.36167,0.15334,41.2167,0.239855,167.28,GEN,GEN
352,1,2021-08-31 10:18:00,2021-09-01 10:25:00,58.41333,-60.77833,58.325,-60.83167,24.1167,-0.08833,-0.05334,10.3026,0.118667,197.6,GEN,GEN
354,1,2021-08-31 10:18:00,2021-09-02 21:34:00,58.18,-61.09,57.90833,-61.19667,59.2667,-0.27167,-0.10667,30.8537,0.144609,191.79,GEN,GEN
354,2,2021-09-02 21:34:00,2021-09-03 10:09:00,57.90833,-61.19667,57.82333,-61.28667,12.5833,-0.085,-0.09,10.8474,0.239458,209.43,GEN,GEN
355,1,2021-08-31 10:18:00,2021-09-02 21:34:00,58.14667,-61.10833,57.89667,-61.19,59.2667,-0.25,-0.08167,28.2117,0.132226,189.85,GEN,GEN
355,2,2021-09-02 21:34:00,2021-09-03 10:09:00,57.89667,-61.19,57.80833,-61.26167,12.5833,-0.08834,-0.07167,10.6992,0.236185,203.38,GEN,GEN
356,1,2021-08-31 10:18:00,2021-09-01 10:25:00,58.05833,-61.45,57.97833,-61.49333,24.1167,-0.08,-0.04333,9.2544,0.106593,196.03,GEN,GEN
359,1,2021-08-31 10:18:00,2021-09-01 10:25:00,57.965,-61.36333,57.95167,-61.51833,24.1167,-0.01333,-0.155,9.2633,0.106695,260.86,GEN,GEN
360,1,2021-08-31 10:18:00,2021-09-01 10:25:00,57.91833,-61.42667,57.80667,-61.535,24.1167,-0.11166,-0.10833,13.972,0.160931,207.34,GEN,GEN
361,1,2021-08-31 10:18:00,2021-09-01 10:25:00,57.90167,-61.395,57.86833,-61.52333,24.1167,-0.03334,-0.12833,8.4434,0.097252,244.01,GEN,GEN
362,1,2021-08-31 10:18:00,2021-09-01 10:25:00,57.93,-61.38167,57.84,-61.39,24.1167,-0.09,-0.00833,10.0197,0.115407,182.82,GEN,GEN
363,1,2021-08-31 10:18:00,2021-09-01 10:25:00,57.87833,-61.34833,57.755,-61.46833,24.1167,-0.12333,-0.12,15.4459,0.177907,207.45,GEN,GEN
365,1,2021-08-31 10:18:00,2021-09-01 10:25:00,57.18333,-60.55667,57.12667,-60.585,24.1167,-0.05666,-0.02833,6.5279,0.075188,195.18,GEN,GEN
367,1,2021-08-31 10:18:00,2021-09-01 10:25:00,59.44333,-62.96,59.45833,-63.22667,24.1167,0.015,-0.26667,15.1636,0.174656,276.43,GEN,GEN
368,1,2021-08-31 10:18:00,2021-09-03 10:09:00,56.72,-58.31167,56.06167,-58.32,71.85,-0.65833,-0.00833,73.2048,0.283015,180.4,GEN,GEN
376,1,2021-09-01 10:25:00,2021-09-03 10:09:00,57.00333,-60.80167,56.65167,-60.84833,47.7333,-0.35166,-0.04666,39.2057,0.228152,184.17,GEN,GEN
388,1,2021-09-02 21:34:00,2021-09-03 10:09:00,58.50833,-60.81167,58.41667,-60.74,12.5833,-0.09166,0.07167,11.0116,0.243081,157.73,GEN,GEN
391,1,2021-09-02 21:34:00,2021-09-03 10:09:00,57.96667,-61.3,57.83833,-61.35167,12.5833,-0.12834,-0.05167,14.5937,0.322156,192.1,GEN,GEN
10001,1,2021-08-03 10:18:00,2021-08-03 21:51:00,59.41167,-62.39667,59.37667,-62.40167,11.55,-0.035,-0.005,3.9021,0.093846,184.16,GEN,GEN
10001,2,2021-08-03 21:51:00,2021-08-04 10:25:00,59.37667,-62.40167,59.34667,-62.42333,12.5667,-0.03,-0.02166,3.5545,0.07857,200.21,GEN,GEN
10001,3,2021-08-04 10:25:00,2021-08-04 21:59:00,59.34667,-62.42333,59.34167,-62.43167,11.5667,-0.005,-0.00834,0.7299,0.017528,220.38,GEN,GEN
10001,4,2021-08-04 21:59:00,2021-08-11 21:51:00,59.34167,-62.43167,59.16667,-62.45167,167.8667,-0.175,-0.02,19.4923,0.032255,183.35,GEN,GEN
10001,5,2021-08-11 21:51:00,2021-08-14 21:42:00,59.16667,-62.45167,59.19833,-62.50333,71.85,0.03166,-0.05166,4.5884,0.017739,320.13,GEN,GEN
10001,6,2021-08-14 21:42:00,2021-08-15 10:19:00,59.19833,-62.50333,59.19833,-62.50333,12.6167,0.0,0.0,0.0,0.0,0.0,GEN,GEN
10001,7,2021-08-15 10:19:00,2021-08-15 21:51:00,59.19833,-62.50333,59.2,-62.505,11.5333,0.00167,-0.00167,0.2086,0.005025,332.89,GEN,GEN
10001,8,2021-08-15 21:51:00,2021-08-17 10:34:00,59.2,-62.505,59.2,-62.505,36.7167,0.0,0.0,0.0,0.0,0.0,GEN,GEN
10001,9,2021-08-17 10:34:00,2021-08-20 10:27:00,59.2,-62.505,59.20167,-62.77667,71.8833,0.00167,-0.27167,15.4687,0.059775,270.8,GEN,GEN
10001,10,2021-08-20 10:27:00,2021-08-21 10:34:00,59.20167,-62.77667,59.12833,-62.845,24.1167,-0.07334,-0.06833,9.0372,0.104092,205.56,GEN,GEN
10001,11,2021-08-21 10:34:00,2021-08-23 21:51:00,59.12833,-62.845,59.04833,-62.91167,59.2833,-0.08,-0.06667,9.6765,0.04534,203.21,GEN,GEN
10001,12,2021-08-23 21:51:00,2021-08-24 10:27:00,59.04833,-62.91167,58.98833,-62.87167,12.6,-0.06,0.04,7.0536,0.155503,161.04,GEN,GEN
10001,13,2021-08-24 10:27:00,2021-08-24 21:59:00,58.98833,-62.87167,59.00167,-62.90667,11.5333,0.01334,-0.035,2.4938,0.060064,306.51,GEN,GEN
10001,14,2021-08-24 21:59:00,2021-08-26 21:42:00,59.00167,-62.90667,58.86,-62.79667,47.7167,-0.14167,0.11,16.9706,0.098793,158.12,GEN,GEN
10001,15,2021-08-26 21:42:00,2021-08-31 10:18:00,58.86,-62.79667,58.85333,-62.79,108.6,-0.00667,0.00667,0.835,0.002136,152.65,GEN,GEN
10001,16,2021-08-31 10:18:00,2021-09-03 21:42:00,58.85333,-62.79,58.85333,-62.79,83.4,0.0,0.0,0.0,0.0,0.0,GEN,GEN
10001,17,2021-09-03 21:42:00,2021-09-04 10:18:00,58.85333,-62.79,58.85333,-62.78833,12.6,0.0,0.00167,0.096,0.002117,90.0,GEN,GEN
10002,1,2021-08-04 10:25:00,2021-08-09 00:22:00,59.7,-61.515,59.69833,-60.945,109.95,-0.00167,0.57,31.9788,0.080791,90.09,GEN,GEN
10002,2,2021-08-09 00:22:00,2021-08-13 21:34:00,59.69833,-60.945,59.50667,-60.69,117.2,-0.19166,0.255,25.6911,0.060891,145.94,GEN,GEN
10002,3,2021-08-13 21:34:00,2021-08-15 10:19:00,59.50667,-60.69,59.56333,-60.58167,36.75,0.05666,0.10833,8.7746,0.066323,44.06,GEN,GEN
10002,4,2021-08-15 10:19:00,2021-08-15 21:51:00,59.56333,-60.58167,59.54,-60.57833,11.5333,-0.02333,0.00334,2.601,0.062644,175.85,GEN,GEN
10002,5,2021-08-15 21:51:00,2021-08-16 10:27:00,59.54,-60.57833,59.49167,-60.44667,12.6,-0.04833,0.13166,9.1672,0.2021,125.83,GEN,GEN
10002,6,2021-08-16 10:27:00,2021-08-17 21:35:00,59.49167,-60.44667,59.34167,-60.205,35.1333,-0.15,0.24167,21.5669,0.170516,140.55,GEN,GEN
10002,7,2021-08-17 21:35:00,2021-08-22 10:09:00,59.34167,-60.205,58.51667,-59.55333,108.5667,-0.825,0.65167,99.0647,0.253466,157.54,GEN,GEN
10002,8,2021-08-22 10:09:00,2021-08-22 21:42:00,58.51667,-59.55333,58.36167,-59.57167,11.55,-0.155,-0.01834,17.2682,0.415301,183.55,GEN,GEN
10002,9,2021-08-22 21:42:00,2021-09-12 21:51:00,58.36167,-59.57167,59.865,-63.865,504.15,1.50333,-4.29333,296.5609,0.1634,306.13,GEN,GEN
10002,10,2021-09-12 21:51:00,2021-09-16 21:51:00,59.865,-63.865,59.815,-63.69667,96.0,-0.05,0.16833,10.9245,0.03161,120.52,GEN,GEN
10003,1,2021-08-07 21:50:00,2021-08-13 10:02:00,56.42333,-60.22333,55.77167,-59.06167,132.2,-0.65166,1.16166,102.1819,0.214704,134.68,GEN,GEN
10003,2,2021-08-13 10:02:00,2021-08-14 10:10:00,55.77167,-59.06167,55.695,-58.85167,24.1333,-0.07667,0.21,15.6697,0.180361,122.87,GEN,GEN
10003,3,2021-08-14 10:10:00,2021-08-14 21:42:00,55.695,-58.85167,55.695,-58.565,11.5333,0.0,0.28667,17.9654,0.432692,89.88,GEN,GEN
10003,4,2021-08-14 21:42:00,2021-08-15 21:49:00,55.695,-58.565,55.65833,-58.24167,24.1167,-0.03667,0.32333,20.6783,0.238175,101.24,GEN,GEN
10003,5,2021-08-15 21:49:00,2021-08-20 09:56:00,55.65833,-58.24167,55.28833,-57.19667,108.1167,-0.37,1.045,77.6534,0.19951,121.56,GEN,GEN
10003,6,2021-08-20 09:56:00,2021-08-25 10:02:00,55.28833,-57.19667,54.61333,-56.80333,120.1,-0.675,0.39334,79.1475,0.183059,161.34,GEN,GEN
10003,7,2021-08-25 10:02:00,2021-08-25 21:32:00,54.61333,-56.80333,54.60667,-56.8,11.5,-0.00666,0.00333,0.771,0.018623,163.85,GEN,GEN
10003,8,2021-08-25 21:32:00,2021-09-06 21:32:00,54.60667,-56.8,54.545,-56.85,288.0,-0.06167,-0.05,7.5769,0.007308,205.19,GEN,GEN
10003,9,2021-09-06 21:32:00,2021-09-07 21:41:00,54.545,-56.85,54.54667,-56.825,24.15,0.00167,0.025,1.6231,0.01867,83.42,GEN,GEN
10003,10,2021-09-07 21:41:00,2021-09-09 09:56:00,54.54667,-56.825,54.54667,-56.82667,36.25,0.0,-0.00167,0.1077,0.000825,270.0,GEN,GEN
10003,11,2021-09-09 09:56:00,2021-09-20 09:49:00,54.54667,-56.82667,53.32333,-55.59667,263.8833,-1.22334,1.23,158.0667,0.16639,148.88,GEN,GEN
10003,12,2021-09-20 09:49:00,2021-09-22 21:32:00,53.32333,-55.59667,53.38,-55.56667,59.7167,0.05667,0.03,6.6085,0.03074,17.52,GEN,GEN
10004,1,2021-08-07 21:50:00,2021-08-14 21:42:00,59.25833,-61.61167,59.38333,-61.4,167.8667,0.125,0.21167,18.3687,0.030396,40.74,GEN,GEN
10004,2,2021-08-14 21:42:00,2021-08-15 10:19:00,59.38333,-61.4,59.38833,-61.54333,12.6167,0.005,-0.14333,8.1353,0.179113,273.98,GEN,GEN
10004,3,2021-08-15 10:19:00,2021-08-15 21:51:00,59.38833,-61.54333,59.36,-61.63167,11.5333,-0.02833,-0.08834,5.9131,0.142415,237.85,GEN,GEN
10004,4,2021-08-15 21:51:00,2021-08-16 10:27:00,59.36,-61.63167,59.36,-61.68,12.6,0.0,-0.04833,2.7388,0.06038,270.02,GEN,GEN
10004,5,2021-08-16 10:27:00,2021-08-17 10:34:00,59.36,-61.68,59.475,-61.66167,24.1167,0.115,0.01833,12.8294,0.14777,4.63,GEN,GEN
10004,6,2021-08-17 10:34:00,2021-08-17 21:35:00,59.475,-61.66167,59.51333,-61.775,11.0167,0.03833,-0.11333,7.6868,0.193817,303.72,GEN,GEN
10004,7,2021-08-17 21:35:00,2021-08-21 10:34:00,59.51333,-61.775,59.05833,-61.98667,84.9833,-0.455,-0.21167,52.0022,0.169975,193.46,GEN,GEN
10004,8,2021-08-21 10:34:00,2021-08-22 21:42:00,59.05833,-61.98667,58.72,-61.465,35.1333,-0.33833,0.52167,48.0999,0.380296,141.23,GEN,GEN
10004,9,2021-08-22 21:42:00,2021-08-24 10:27:00,58.72,-61.465,58.66,-61.625,36.75,-0.06,-0.16,11.4014,0.086178,234.25,GEN,GEN
10004,10,2021-08-24 10:27:00,2021-08-25 10:32:00,58.66,-61.625,58.505,-61.87167,24.0833,-0.155,-0.24667,22.3936,0.258288,219.78,GEN,GEN
10004,11,2021-08-25 10:32:00,2021-08-26 21:42:00,58.505,-61.87167,58.33,-61.765,35.1667,-0.175,0.10667,20.4266,0.161347,162.25,GEN,GEN
10004,12,2021-08-26 21:42:00,2021-08-27 10:17:00,58.33,-61.765,58.335,-61.625,12.5833,0.005,0.14,8.1915,0.180829,86.05,GEN,GEN
10004,13,2021-08-27 10:17:00,2021-08-31 10:18:00,58.335,-61.625,58.035,-61.25167,96.0167,-0.3,0.37333,39.8962,0.11542,146.57,GEN,GEN
10004,14,2021-08-31 10:18:00,2021-09-02 21:34:00,58.035,-61.25167,57.72167,-61.24333,59.2667,-0.31333,0.00834,34.8442,0.163312,179.19,GEN,GEN
10004,15,2021-09-02 21:34:00,2021-09-03 21:42:00,57.72167,-61.24333,57.52667,-61.23333,24.1333,-0.195,0.01,21.6912,0.249668,178.42,GEN,GEN
10004,16,2021-09-03 21:42:00,2021-09-04 10:18:00,57.52667,-61.23333,57.43667,-61.24,12.6,-0.09,-0.00667,10.0155,0.2208,182.28,GEN,GEN
10005,1,2021-08-13 21:34:00,2021-08-23 21:51:00,60.275,-60.715,59.78333,-60.715,240.2833,-0.49167,0.0,54.6712,0.063202,180.0,GEN,GEN
10005,2,2021-08-23 21:51:00,2021-08-24 10:27:00,59.78333,-60.715,59.76333,-60.82833,12.6,-0.02,-0.11333,6.7225,0.148203,250.73,GEN,GEN
10005,3,2021-08-24 10:27:00,2021-09-02 10:33:00,59.76333,-60.82833,59.26167,-60.91167,216.1,-0.50166,-0.08334,55.9798,0.071957,184.85,GEN,GEN
10005,4,2021-09-02 10:33:00,2021-09-02 21:34:00,59.26167,-60.91167,59.14167,-61.0,11.0167,-0.12,-0.08833,14.2596,0.359546,200.69,GEN,GEN
10005,5,2021-09-02 21:34:00,2021-09-03 10:09:00,59.14167,-61.0,59.06,-61.08167,12.5833,-0.08167,-0.08167,10.2087,0.225358,207.22,GEN,GEN
10005,6,2021-09-03 10:09:00,2021-09-04 10:18:00,59.06,-61.08167,58.92667,-61.095,24.15,-0.13333,-0.01333,14.8453,0.170753,182.95,GEN,GEN
10005,7,2021-09-04 10:18:00,2021-09-07 21:42:00,58.92667,-61.095,58.47833,-61.445,83.4,-0.44834,-0.35,53.7964,0.179178,202.22,GEN,GEN
10005,8,2021-09-07 21:42:00,2021-09-09 10:26:00,58.47833,-61.445,58.315,-61.66333,36.7333,-0.16333,-0.21833,22.1741,0.167681,215.1,GEN,GEN
10005,9,2021-09-09 10:26:00,2021-09-19 10:10:00,58.315,-61.66333,57.40333,-61.4,239.7333,-0.91167,0.26333,102.5627,0.118839,171.15,GEN,GEN
10006,1,2021-08-13 21:34:00,2021-08-14 21:42:00,59.95167,-61.40167,59.77333,-60.835,24.1333,-0.17834,0.56667,37.3375,0.429759,121.84,GEN,GEN
10006,2,2021-08-14 21:42:00,2021-08-23 21:51:00,59.77333,-60.835,59.38167,-60.95333,216.15,-0.39166,-0.11833,44.0573,0.056619,188.75,GEN,GEN
10006,3,2021-08-23 21:51:00,2021-08-27 21:51:00,59.38167,-60.95333,59.17333,-61.05333,96.0,-0.20834,-0.1,23.8527,0.069018,193.82,GEN,GEN
10006,4,2021-08-27 21:51:00,2021-08-31 10:18:00,59.17333,-61.05333,58.99,-60.93833,84.45,-0.18333,0.115,21.418,0.070449,162.09,GEN,GEN
10006,5,2021-08-31 10:18:00,2021-09-01 10:25:00,58.99,-60.93833,58.91833,-61.22833,24.1167,-0.07167,-0.29,18.4412,0.212407,244.52,GEN,GEN
10006,6,2021-09-01 10:25:00,2021-09-02 10:33:00,58.91833,-61.22833,58.77167,-61.42167,24.1333,-0.14666,-0.19334,19.7396,0.227205,214.38,GEN,GEN
10006,7,2021-09-02 10:33:00,2021-09-02 21:34:00,58.77167,-61.42167,58.72333,-61.55333,11.0167,-0.04834,-0.13166,9.3049,0.234617,234.77,GEN,GEN
10006,8,2021-09-02 21:34:00,2021-09-03 21:42:00,58.72333,-61.55333,58.65,-61.71333,24.1333,-0.07333,-0.16,12.3281,0.141898,228.66,GEN,GEN
10006,9,2021-09-03 21:42:00,2021-09-04 10:18:00,58.65,-61.71333,58.61833,-61.85333,12.6,-0.03167,-0.14,8.8349,0.194774,246.57,GEN,GEN
10006,10,2021-09-04 10:18:00,2021-09-07 21:42:00,58.61833,-61.85333,58.47,-61.59,83.4,-0.14833,0.26333,22.4836,0.074886,137.07,GEN,GEN
10006,11,2021-09-07 21:42:00,2021-09-09 10:26:00,58.47,-61.59,58.29167,-61.675,36.7333,-0.17833,-0.085,20.4391,0.154561,194.07,GEN,GEN
10006,12,2021-09-09 10:26:00,2021-09-17 21:58:00,58.29167,-61.675,57.27333,-61.41833,203.5333,-1.01834,0.25667,114.2518,0.155928,172.24,GEN,GEN
10006,13,2021-09-17 21:58:00,2021-09-19 10:10:00,57.27333,-61.41833,57.25667,-61.35833,36.2,-0.01666,0.06,4.0556,0.03112,117.15,GEN,GEN
10006,14,2021-09-19 10:10:00,2021-09-23 10:12:00,57.25667,-61.35833,57.14667,-61.07,96.0333,-0.11,0.28833,21.2418,0.061442,125.04,GEN,GEN
10006,15,2021-09-23 10:12:00,2021-09-27 21:42:00,57.14667,-61.07,56.59333,-60.52833,107.5,-0.55334,0.54167,69.7806,0.180312,151.63,GEN,GEN
10006,16,2021-09-27 21:42:00,2021-09-29 10:26:00,56.59333,-60.52833,56.59,-60.60167,36.7333,-0.00333,-0.07334,4.5054,0.03407,265.32,GEN,GEN
10007,1,2021-08-13 21:34:00,2021-08-14 10:11:00,59.92167,-61.08833,59.81,-60.84,12.6167,-0.11167,0.24833,18.6106,0.409744,131.74,ISL,VLG
10007,2,2021-08-14 10:11:00,2021-08-14 21:42:00,59.81,-60.84,59.675,-60.65667,11.5167,-0.135,0.18333,18.1893,0.43872,145.54,ISL,VLG
10007,3,2021-08-14 21:42:00,2021-08-15 10:19:00,59.675,-60.65667,59.48833,-60.485,12.6167,-0.18667,0.17167,22.8965,0.504107,154.96,ISL,VLG
10007,4,2021-08-15 10:19:00,2021-08-15 21:51:00,59.48833,-60.485,59.27167,-60.43833,11.5333,-0.21666,0.04667,24.2361,0.58372,173.72,ISL,VLG
10007,5,2021-08-15 21:51:00,2021-08-16 10:27:00,59.27167,-60.43833,59.015,-60.43667,12.6,-0.25667,0.00166,28.5406,0.629201,179.81,GEN,GEN
10007,6,2021-08-16 10:27:00,2021-08-17 21:35:00,59.015,-60.43667,58.68667,-61.06,35.1333,-0.32833,-0.62333,51.1687,0.40456,224.75,ISL,VLG
10007,7,2021-08-17 21:35:00,2021-08-19 10:19:00,58.68667,-61.06,58.49667,-61.07667,36.7333,-0.19,-0.01667,21.1491,0.15993,182.63,ISL,VLG
10007,8,2021-08-19 10:19:00,2021-08-31 10:18:00,58.49667,-61.07667,57.30167,-60.48167,287.9833,-1.195,0.595,137.4492,0.132578,164.93,GEN,GEN
10007,9,2021-08-31 10:18:00,2021-09-01 10:25:00,57.30167,-60.48167,57.13167,-60.71667,24.1167,-0.17,-0.235,23.6118,0.271963,216.91,GEN,GEN
10007,10,2021-09-01 10:25:00,2021-09-04 10:18:00,57.13167,-60.71667,56.82667,-60.815,71.8833,-0.305,-0.09833,34.4339,0.133062,190.01,GEN,GEN
10007,11,2021-09-04 10:18:00,2021-09-16 21:49:00,56.82667,-60.815,55.19333,-59.11,299.5167,-1.63334,1.705,210.2682,0.195007,149.02,GEN,GEN
10008,1,2021-08-14 21:42:00,2021-08-15 10:19:00,60.22,-62.65667,60.185,-62.80667,12.6167,-0.035,-0.15,9.1567,0.201601,244.91,ISL,VLG
10008,2,2021-08-15 10:19:00,2021-08-16 10:27:00,60.185,-62.80667,60.305,-63.31167,24.1333,0.12,-0.505,30.8981,0.355641,295.8,ISL,VLG
10008,3,2021-08-16 10:27:00,2021-08-21 10:34:00,60.305,-63.31167,59.995,-62.29333,120.1167,-0.31,1.01834,66.0647,0.152779,121.01,ISL,VLG
10008,4,2021-08-21 10:34:00,2021-08-23 21:51:00,59.995,-62.29333,59.87,-61.30833,59.2833,-0.125,0.985,56.6075,0.26524,103.79,ISL,VLG
10008,5,2021-08-23 21:51:00,2021-08-24 10:27:00,59.87,-61.30833,59.72,-61.02167,12.6,-0.15,0.28666,23.1378,0.510092,136.0,ISL,VLG
10008,6,2021-08-24 10:27:00,2021-08-25 10:32:00,59.72,-61.02167,59.485,-60.72167,24.0833,-0.235,0.3,31.1083,0.358804,147.01,ISL,VLG
10008,7,2021-08-25 10:32:00,2021-08-25 21:34:00,59.485,-60.72167,59.39833,-60.56,11.0333,-0.08667,0.16167,13.282,0.33439,136.45,ISL,VLG
10008,8,2021-08-25 21:34:00,2021-08-26 10:10:00,59.39833,-60.56,59.23,-60.24333,12.6,-0.16833,0.31667,25.9471,0.572027,136.03,ISL,VLG
10008,9,2021-08-26 10:10:00,2021-08-27 10:17:00,59.23,-60.24333,58.86167,-60.57833,24.1167,-0.36833,-0.335,45.2163,0.520805,205.21,ISL,VLG
10008,10,2021-08-27 10:17:00,2021-08-28 10:25:00,58.86167,-60.57833,58.81667,-60.50333,24.1333,-0.045,0.075,6.6075,0.076053,139.19,ISL,VLG
10008,11,2021-08-28 10:25:00,2021-08-31 10:18:00,58.81667,-60.50333,58.38833,-60.70333,71.8833,-0.42834,-0.2,49.0181,0.18942,193.76,ISL,VLG
10008,12,2021-08-31 10:18:00,2021-09-01 10:25:00,58.38833,-60.70333,58.30167,-60.87167,24.1167,-0.08666,-0.16834,13.7607,0.158497,225.62,ISL,VLG
10008,13,2021-09-01 10:25:00,2021-09-02 21:34:00,58.30167,-60.87167,58.15167,-61.09167,35.15,-0.15,-0.22,21.0742,0.166542,217.77,ISL,VLG
10008,14,2021-09-02 21:34:00,2021-09-03 10:09:00,58.15167,-61.09167,58.055,-61.20333,12.5833,-0.09667,-0.11166,12.5931,0.277993,211.44,ISL,VLG
10008,15,2021-09-03 10:09:00,2021-09-03 21:42:00,58.055,-61.20333,57.975,-61.29167,11.55,-0.08,-0.08834,10.3056,0.247849,210.36,ISL,VLG
10008,16,2021-09-03 21:42:00,2021-09-04 10:18:00,57.975,-61.29167,57.87333,-61.32833,12.6,-0.10167,-0.03666,11.5106,0.253761,190.86,ISL,VLG
10008,17,2021-09-04 10:18:00,2021-09-06 10:34:00,57.87333,-61.32833,57.89833,-61.45,48.2667,0.025,-0.12167,7.7107,0.044376,291.18,ISL,VLG
10008,18,2021-09-06 10:34:00,2021-09-09 10:26:00,57.89833,-61.45,57.53,-61.325,71.8667,-0.36833,0.125,41.6239,0.160884,169.67,GEN,GEN
10009,1,2021-08-14 21:42:00,2021-08-15 21:51:00,60.125,-63.185,60.09667,-63.20167,24.15,-0.02833,-0.01667,3.2828,0.037759,196.35,GEN,GEN
10009,2,2021-08-15 21:51:00,2021-08-16 10:27:00,60.09667,-63.20167,60.15333,-63.16333,12.6,0.05666,0.03834,6.6486,0.146573,18.61,GEN,GEN
10009,3,2021-08-16 10:27:00,2021-08-17 10:34:00,60.15333,-63.16333,60.15833,-63.33667,24.1167,0.005,-0.17334,9.6079,0.110665,273.39,GEN,GEN
10009,4,2021-08-17 10:34:00,2021-08-28 21:58:00,60.15833,-63.33667,60.15667,-62.82333,275.4,-0.00166,0.51334,28.4049,0.02865,90.15,GEN,GEN
10009,5,2021-08-28 21:58:00,2021-09-12 21:51:00,60.15667,-62.82333,59.97833,-63.95667,359.8833,-0.17834,-1.13334,65.934,0.050891,252.99,GEN,GEN
10010,1,2021-08-14 21:42:00,2021-08-15 10:19:00,60.06333,-62.15333,60.06167,-62.13167,12.6167,-0.00166,0.02166,1.2161,0.026774,98.72,GEN,GEN
10010,2,2021-08-15 10:19:00,2021-08-15 21:51:00,60.06167,-62.13167,60.035,-62.13833,11.5333,-0.02667,-0.00666,2.9885,0.071978,187.11,GEN,GEN
10010,3,2021-08-15 21:51:00,2021-08-16 10:27:00,60.035,-62.13833,60.02167,-62.11167,12.6,-0.01333,0.02666,2.0953,0.046192,135.01,GEN,GEN
10010,4,2021-08-16 10:27:00,2021-08-17 10:34:00,60.02167,-62.11167,60.07333,-61.80333,24.1167,0.05166,0.30834,18.0564,0.207975,71.32,GEN,GEN
10010,5,2021-08-17 10:34:00,2021-08-17 21:35:00,60.07333,-61.80333,60.06167,-61.93167,11.0167,-0.01166,-0.12834,7.2379,0.182498,259.74,GEN,GEN
10010,6,2021-08-17 21:35:00,2021-08-19 10:19:00,60.06167,-61.93167,60.04167,-61.865,36.7333,-0.02,0.06667,4.3177,0.03265,120.97,GEN,GEN
10010,7,2021-08-19 10:19:00,2021-08-21 10:34:00,60.04167,-61.865,59.66333,-61.32833,48.25,-0.37834,0.53667,51.653,0.297369,144.3,GEN,GEN
10010,8,2021-08-21 10:34:00,2021-08-22 10:09:00,59.66333,-61.32833,59.37,-61.03167,23.5833,-0.29333,0.29666,36.6589,0.431789,152.71,GEN,GEN
10010,9,2021-08-22 10:09:00,2021-08-23 21:51:00,59.37,-61.03167,59.365,-61.31,35.7,-0.005,-0.27833,15.7792,0.122776,268.1,GEN,GEN
10010,10,2021-08-23 21:51:00,2021-08-24 10:27:00,59.365,-61.31,59.295,-61.31167,12.6,-0.07,-0.00167,7.7842,0.17161,180.7,GEN,GEN
10010,11,2021-08-24 10:27:00,2021-08-31 10:18:00,59.295,-61.31167,58.98833,-61.40833,167.85,-0.30667,-0.09666,34.5429,0.057166,189.22,GEN,GEN
10010,12,2021-08-31 10:18:00,2021-09-01 10:25:00,58.98833,-61.40833,58.905,-61.75,24.1167,-0.08333,-0.34167,21.6777,0.249685,244.84,GEN,GEN
10010,13,2021-09-01 10:25:00,2021-09-07 21:42:00,58.905,-61.75,58.385,-61.45333,155.2833,-0.52,0.29667,60.3153,0.107895,163.34,GEN,GEN
10010,14,2021-09-07 21:42:00,2021-09-17 21:58:00,58.385,-61.45333,57.24667,-61.10667,240.2667,-1.13833,0.34666,128.2304,0.14825,170.64,GEN,GEN
10010,15,2021-09-17 21:58:00,2021-09-19 10:10:00,57.24667,-61.10667,57.16167,-60.94667,36.2,-0.085,0.16,13.498,0.103576,134.38,GEN,GEN
10010,16,2021-09-19 10:10:00,2021-09-21 21:58:00,57.16167,-60.94667,56.915,-60.885,59.8,-0.24667,0.06167,27.681,0.128582,172.23,GEN,GEN
10010,17,2021-09-21 21:58:00,2021-09-23 10:12:00,56.915,-60.885,56.71667,-60.52833,36.2333,-0.19833,0.35667,30.9442,0.237229,135.3,GEN,GEN
10010,18,2021-09-23 10:12:00,2021-09-23 21:42:00,56.71667,-60.52833,56.645,-60.44,11.5,-0.07167,0.08833,9.6238,0.23246,145.87,GEN,GEN
10010,19,2021-09-23 21:42:00,2021-09-28 10:18:00,56.645,-60.44,56.345,-60.00333,108.6,-0.3,0.43667,42.7923,0.109454,141.04,GEN,GEN
10011,1,2021-08-17 10:34:00,2021-08-24 21:59:00,59.66333,-63.47833,59.68667,-63.545,179.4167,0.02334,-0.06667,4.5548,0.007052,304.76,GEN,GEN
10011,2,2021-08-24 21:59:00,2021-09-03 21:42:00,59.68667,-63.545,59.655,-63.66833,239.7167,-0.03167,-0.12333,7.7689,0.009002,243.1,GEN,GEN
10011,3,2021-09-03 21:42:00,2021-09-12 21:51:00,59.655,-63.66833,59.57167,-63.75333,216.15,-0.08333,-0.085,10.4266,0.013399,207.33,GEN,GEN
10011,4,2021-09-12 21:51:00,2021-09-14 10:32:00,59.57167,-63.75333,59.565,-63.75833,36.6833,-0.00667,-0.005,0.7933,0.006007,200.79,GEN,GEN
10012,1,2021-08-19 10:19:00,2021-08-21 10:34:00,59.095,-61.64667,59.02167,-61.50833,48.25,-0.07333,0.13834,11.3597,0.065398,135.81,GEN,GEN
10012,2,2021-08-21 10:34:00,2021-08-22 21:42:00,59.02167,-61.50833,58.90167,-61.28833,35.1333,-0.12,0.22,18.3614,0.145173,136.52,GEN,GEN
10012,3,2021-08-22 21:42:00,2021-08-23 21:51:00,58.90167,-61.28833,58.94167,-61.29667,24.15,0.04,-0.00834,4.4735,0.051455,353.86,GEN,GEN
10012,4,2021-08-23 21:51:00,2021-08-25 10:32:00,58.94167,-61.29667,58.84,-61.28167,36.6833,-0.10167,0.015,11.338,0.085855,175.63,GEN,GEN
10012,5,2021-08-25 10:32:00,2021-08-25 21:34:00,58.84,-61.28167,58.81,-61.33167,11.0333,-0.03,-0.05,4.4058,0.110921,220.81,GEN,GEN
10012,6,2021-08-25 21:34:00,2021-08-31 10:18:00,58.81,-61.33167,58.45667,-61.17167,132.7333,-0.35333,0.16,40.3651,0.084474,166.67,GEN,GEN
10012,7,2021-08-31 10:18:00,2021-09-01 10:25:00,58.45667,-61.17167,58.42333,-61.19167,24.1167,-0.03334,-0.02,3.8857,0.044755,197.44,GEN,GEN
10012,8,2021-09-01 10:25:00,2021-09-02 10:33:00,58.42333,-61.19167,58.22833,-61.31,24.1333,-0.195,-0.11833,22.7571,0.261937,197.72,GEN,GEN
10012,9,2021-09-02 10:33:00,2021-09-02 21:34:00,58.22833,-61.31,58.22667,-61.38,11.0167,-0.00166,-0.07,4.1026,0.103445,267.45,GEN,GEN
10012,10,2021-09-02 21:34:00,2021-09-03 21:42:00,58.22667,-61.38,58.13167,-61.39667,24.1333,-0.095,-0.01667,10.6086,0.122107,185.29,GEN,GEN
10012,11,2021-09-03 21:42:00,2021-09-04 10:18:00,58.13167,-61.39667,58.11333,-61.28333,12.6,-0.01834,0.11334,6.961,0.153462,106.99,GEN,GEN
10012,12,2021-09-04 10:18:00,2021-09-16 21:49:00,58.11333,-61.28333,56.70167,-60.78833,299.5167,-1.41166,0.495,159.7438,0.14815,169.1,GEN,GEN
10012,13,2021-09-16 21:49:00,2021-09-23 21:42:00,56.70167,-60.78833,56.11167,-58.78,167.8833,-0.59,2.00833,139.8887,0.231458,117.13,GEN,GEN
10013,1,2021-08-19 10:19:00,2021-08-20 10:27:00,58.755,-61.135,58.685,-61.165,24.1333,-0.07,-0.03,7.974,0.091782,192.56,GEN,GEN
10013,2,2021-08-20 10:27:00,2021-08-21 10:34:00,58.685,-61.165,58.45167,-61.18833,24.1167,-0.23333,-0.02333,25.9804,0.299244,182.99,GEN,GEN
10013,3,2021-08-21 10:34:00,2021-08-22 10:09:00,58.45167,-61.18833,58.39833,-61.005,23.5833,-0.05334,0.18333,12.2112,0.143831,118.98,GEN,GEN
10013,4,2021-08-22 10:09:00,2021-08-22 21:42:00,58.39833,-61.005,58.46333,-61.025,11.55,0.065,-0.02,7.3208,0.176066,350.86,GEN,GEN
10013,5,2021-08-22 21:42:00,2021-08-24 10:27:00,58.46333,-61.025,58.48167,-60.93167,36.75,0.01834,0.09333,5.7972,0.043818,69.36,GEN,GEN
10013,6,2021-08-24 10:27:00,2021-08-25 21:34:00,58.48167,-60.93167,58.39667,-60.79167,35.1167,-0.085,0.14,12.4788,0.098709,139.18,GEN,GEN
10013,7,2021-08-25 21:34:00,2021-08-28 10:25:00,58.39667,-60.79167,58.11,-60.58333,60.85,-0.28667,0.20834,34.1273,0.15579,158.98,GEN,GEN
10013,8,2021-08-28 10:25:00,2021-08-31 10:18:00,58.11,-60.58333,57.97,-60.44667,71.8833,-0.14,0.13666,17.5225,0.067712,152.62,GEN,GEN
10013,9,2021-08-31 10:18:00,2021-09-01 10:25:00,57.97,-60.44667,57.895,-60.55167,24.1167,-0.075,-0.105,10.391,0.119685,216.67,GEN,GEN
10013,10,2021-09-01 10:25:00,2021-09-12 21:50:00,57.895,-60.55167,56.53,-60.63667,275.4167,-1.365,-0.085,151.8673,0.153169,181.97,GEN,GEN
10013,11,2021-09-12 21:50:00,2021-09-23 21:42:00,56.53,-60.63667,55.28833,-58.05,263.8667,-1.24167,2.58667,212.2318,0.223421,129.5,GEN,GEN
10014,1,2021-08-21 10:34:00,2021-08-23 21:51:00,60.025,-63.86333,60.155,-63.92833,59.2833,0.13,-0.065,14.8978,0.069805,346.03,GEN,GEN
10014,2,2021-08-23 21:51:00,2021-08-24 10:27:00,60.155,-63.92833,60.15333,-63.92833,12.6,-0.00167,0.0,0.1857,0.004094,180.0,GEN,GEN
10014,3,2021-08-24 10:27:00,2021-08-24 21:59:00,60.15333,-63.92833,60.15333,-63.92667,11.5333,0.0,0.00166,0.0919,0.002213,90.0,GEN,GEN
10014,4,2021-08-24 21:59:00,2021-08-28 21:58:00,60.15333,-63.92667,60.05,-63.66,95.9833,-0.10333,0.26667,18.7211,0.054179,127.74,GEN,GEN
10014,5,2021-08-28 21:58:00,2021-09-03 21:42:00,60.05,-63.66,59.575,-63.755,143.7333,-0.475,-0.095,53.084,0.10259,185.78,GEN,GEN
10014,6,2021-09-03 21:42:00,2021-09-12 21:51:00,59.575,-63.755,59.52667,-63.685,216.15,-0.04833,0.07,6.6663,0.008567,143.69,GEN,GEN
10014,7,2021-09-12 21:51:00,2021-09-16 21:51:00,59.52667,-63.685,59.525,-63.685,96.0,-0.00167,0.0,0.1857,0.000537,180.0,GEN,GEN
10015,1,2021-08-21 10:34:00,2021-08-28 21:58:00,59.97333,-63.77833,59.98667,-63.65667,179.4,0.01334,0.12166,6.9287,0.010728,77.59,GEN,GEN
10015,2,2021-08-28 21:58:00,2021-09-03 21:42:00,59.98667,-63.65667,59.52,-63.67667,143.7333,-0.46667,-0.02,51.9034,0.100308,181.25,GEN,GEN
10015,3,2021-09-03 21:42:00,2021-09-12 21:51:00,59.52,-63.67667,59.40167,-63.74333,216.15,-0.11833,-0.06666,13.6861,0.017588,196.0,GEN,GEN
10015,4,2021-09-12 21:51:00,2021-09-29 10:26:00,59.40167,-63.74333,59.4,-63.74333,396.5833,-0.00167,0.0,0.1857,0.00013,180.0,GEN,GEN
10016,1,2021-08-21 10:34:00,2021-08-22 21:42:00,59.11,-61.54333,58.93833,-61.41833,35.1333,-0.17167,0.125,20.3852,0.161174,159.4,GEN,GEN
10016,2,2021-08-22 21:42:00,2021-08-24 10:27:00,58.93833,-61.41833,58.745,-61.56333,36.75,-0.19333,-0.145,23.0592,0.174295,201.27,GEN,GEN
10016,3,2021-08-24 10:27:00,2021-08-25 10:32:00,58.745,-61.56333,58.69833,-61.57167,24.0833,-0.04667,-0.00834,5.2118,0.060113,185.3,GEN,GEN
10016,4,2021-08-25 10:32:00,2021-08-25 21:34:00,58.69833,-61.57167,58.69333,-61.58333,11.0333,-0.005,-0.01166,0.8735,0.02199,230.47,GEN,GEN
10016,5,2021-08-25 21:34:00,2021-08-26 21:42:00,58.69333,-61.58333,58.67333,-61.66333,24.1333,-0.02,-0.08,5.1307,0.059055,244.35,GEN,GEN
10016,6,2021-08-26 21:42:00,2021-08-28 21:58:00,58.67333,-61.66333,58.53333,-61.67167,48.2667,-0.14,-0.00834,15.5748,0.089634,181.78,GEN,GEN
10016,7,2021-08-28 21:58:00,2021-08-31 10:18:00,58.53333,-61.67167,58.18833,-61.685,60.3333,-0.345,-0.01333,38.3701,0.176658,181.17,GEN,GEN
10016,8,2021-08-31 10:18:00,2021-09-01 10:25:00,58.18833,-61.685,58.08833,-61.59667,24.1167,-0.1,0.08833,12.2688,0.141313,154.96,GEN,GEN
10016,9,2021-09-01 10:25:00,2021-09-03 21:42:00,58.08833,-61.59667,57.755,-61.52333,59.2833,-0.33333,0.07334,37.3168,0.174851,173.3,GEN,GEN
10016,10,2021-09-03 21:42:00,2021-09-04 10:18:00,57.755,-61.52333,57.65333,-61.54,12.6,-0.10167,-0.01667,11.3485,0.250187,185.01,GEN,GEN
10016,11,2021-09-04 10:18:00,2021-09-07 21:42:00,57.65333,-61.54,57.53167,-61.39833,83.4,-0.12166,0.14167,15.9463,0.053112,147.97,GEN,GEN
10016,12,2021-09-07 21:42:00,2021-09-09 10:26:00,57.53167,-61.39833,57.45,-61.345,36.7333,-0.08167,0.05333,9.6243,0.072779,160.64,GEN,GEN
10017,1,2021-08-21 10:34:00,2021-08-22 21:42:00,59.10333,-61.54,58.93,-61.36333,35.1333,-0.17333,0.17667,21.7655,0.172086,152.24,GEN,GEN
10017,2,2021-08-22 21:42:00,2021-08-25 10:32:00,58.93,-61.36333,58.89167,-61.41667,60.8333,-0.03833,-0.05334,5.2484,0.023965,215.72,GEN,GEN
10017,3,2021-08-25 10:32:00,2021-08-25 21:34:00,58.89167,-61.41667,58.81667,-61.575,11.0333,-0.075,-0.15833,12.3477,0.310869,227.58,GEN,GEN
10017,4,2021-08-25 21:34:00,2021-08-26 21:42:00,58.81667,-61.575,58.725,-61.56333,24.1333,-0.09167,0.01167,10.2154,0.117581,176.22,GEN,GEN
10017,5,2021-08-26 21:42:00,2021-08-31 10:18:00,58.725,-61.56333,58.16333,-61.31667,108.6,-0.56167,0.24666,64.0829,0.163912,166.95,GEN,GEN
10017,6,2021-08-31 10:18:00,2021-09-01 10:25:00,58.16333,-61.31667,58.12167,-61.35167,24.1167,-0.04166,-0.035,5.0674,0.058367,203.93,GEN,GEN
10017,7,2021-09-01 10:25:00,2021-09-02 10:33:00,58.12167,-61.35167,57.94167,-61.40333,24.1333,-0.18,-0.05166,20.2448,0.233021,188.66,GEN,GEN
10017,8,2021-09-02 10:33:00,2021-09-03 10:09:00,57.94167,-61.40333,57.70667,-61.28833,23.6,-0.235,0.115,27.0035,0.317838,165.35,GEN,GEN
10017,9,2021-09-03 10:09:00,2021-09-03 21:42:00,57.70667,-61.28833,57.63,-61.27,11.55,-0.07667,0.01833,8.5947,0.206703,172.71,GEN,GEN
10017,10,2021-09-03 21:42:00,2021-09-04 10:18:00,57.63,-61.27,57.5,-61.2,12.6,-0.13,0.07,15.0461,0.331704,163.86,GEN,GEN
10018,1,2021-08-24 10:27:00,2021-08-25 10:32:00,58.335,-61.55667,58.35833,-61.53333,24.0833,0.02333,0.02334,2.93,0.033794,27.69,GEN,GEN
10018,2,2021-08-25 10:32:00,2021-08-25 21:34:00,58.35833,-61.53333,58.41167,-61.53,11.0333,0.05334,0.00333,5.9343,0.149404,1.87,GEN,GEN
10018,3,2021-08-25 21:34:00,2021-08-28 10:25:00,58.41167,-61.53,58.41833,-61.53,60.85,0.00666,0.0,0.7406,0.003381,0.0,GEN,GEN
10018,4,2021-08-28 10:25:00,2021-08-28 21:58:00,58.41833,-61.53,58.48667,-61.60833,11.55,0.06834,-0.07833,8.8607,0.213101,329.08,GEN,GEN
10018,5,2021-08-28 21:58:00,2021-08-31 10:18:00,58.48667,-61.60833,58.15667,-61.36667,60.3333,-0.33,0.24166,39.3142,0.181004,158.86,GEN,GEN
10018,6,2021-08-31 10:18:00,2021-09-01 10:25:00,58.15667,-61.36667,58.10833,-61.39167,24.1167,-0.04834,-0.025,5.5719,0.064178,195.28,GEN,GEN
10018,7,2021-09-01 10:25:00,2021-09-02 10:33:00,58.10833,-61.39167,57.9,-61.485,24.1333,-0.20833,-0.09333,23.8089,0.274044,193.39,GEN,GEN
10018,8,2021-09-02 10:33:00,2021-09-03 21:42:00,57.9,-61.485,57.67,-61.46167,35.15,-0.23,0.02333,25.6122,0.202404,176.89,GEN,GEN
10018,9,2021-09-03 21:42:00,2021-09-07 21:42:00,57.67,-61.46167,57.48,-61.30167,96.0,-0.19,0.16,23.1809,0.067074,155.63,GEN,GEN
10018,10,2021-09-07 21:42:00,2021-09-09 10:26:00,57.48,-61.30167,57.36,-61.425,36.7333,-0.12,-0.12333,15.2505,0.115324,209.01,GEN,GEN
10019,1,2021-08-23 21:51:00,2021-08-24 10:27:00,59.75167,-60.71,59.72167,-60.82333,12.6,-0.03,-0.11333,7.1737,0.158151,242.34,GEN,GEN
10019,2,2021-08-24 10:27:00,2021-09-02 21:34:00,59.72167,-60.82333,59.13833,-60.99167,227.1167,-0.58334,-0.16834,65.5593,0.080183,188.42,GEN,GEN
10019,3,2021-09-02 21:34:00,2021-09-03 21:42:00,59.13833,-60.99167,59.00333,-61.04333,24.1333,-0.135,-0.05166,15.2989,0.176092,191.15,GEN,GEN
10019,4,2021-09-03 21:42:00,2021-09-09 10:26:00,59.00333,-61.04333,58.465,-61.58,132.7333,-0.53833,-0.53667,67.397,0.141045,207.59,GEN,GEN
10019,5,2021-09-09 10:26:00,2021-09-23 10:12:00,58.465,-61.58,57.27167,-61.05833,335.7667,-1.19333,0.52167,136.2306,0.112703,166.69,GEN,GEN
10019,6,2021-09-23 10:12:00,2021-09-27 10:09:00,57.27167,-61.05833,56.93167,-61.2,95.95,-0.34,-0.14167,38.7624,0.112218,192.81,GEN,GEN
10020,1,2021-08-23 21:51:00,2021-08-24 10:27:00,59.35833,-61.80667,59.29167,-61.72,12.6,-0.06666,0.08667,8.8946,0.19609,146.41,GEN,GEN
10020,2,2021-08-24 10:27:00,2021-08-24 21:59:00,59.29167,-61.72,59.26833,-61.73,11.5333,-0.02334,-0.01,2.6567,0.063987,192.35,GEN,GEN
10020,3,2021-08-24 21:59:00,2021-08-25 10:32:00,59.26833,-61.73,59.205,-61.65833,12.55,-0.06333,0.07167,8.1367,0.180094,149.9,GEN,GEN
10020,4,2021-08-25 10:32:00,2021-08-25 21:34:00,59.205,-61.65833,59.18333,-61.59667,11.0333,-0.02167,0.06166,4.2586,0.107215,124.43,GEN,GEN
10020,5,2021-08-25 21:34:00,2021-08-28 21:58:00,59.18333,-61.59667,59.01667,-61.56833,72.4,-0.16666,0.02834,18.6023,0.071372,175.0,GEN,GEN
10020,6,2021-08-28 21:58:00,2021-08-29 21:35:00,59.01667,-61.56833,59.08833,-61.53167,23.6167,0.07166,0.03666,8.2394,0.096911,14.72,GEN,GEN
10020,7,2021-08-29 21:35:00,2021-08-31 10:18:00,59.08833,-61.53167,59.075,-61.45,36.7167,-0.01333,0.08167,4.8959,0.037039,107.59,GEN,GEN
10020,8,2021-08-31 10:18:00,2021-09-01 10:25:00,59.075,-61.45,59.09,-61.52,24.1167,0.015,-0.07,4.3331,0.049909,292.67,GEN,GEN
10020,9,2021-09-01 10:25:00,2021-09-02 10:33:00,59.09,-61.52,58.96667,-61.615,24.1333,-0.12333,-0.095,14.7518,0.169795,201.66,GEN,GEN
10020,10,2021-09-02 10:33:00,2021-09-02 21:34:00,58.96667,-61.615,58.88833,-61.66833,11.0167,-0.07834,-0.05333,9.233,0.232805,199.38,GEN,GEN
10020,11,2021-09-02 21:34:00,2021-09-03 21:42:00,58.88833,-61.66833,58.76833,-62.04167,24.1333,-0.12,-0.37334,25.2935,0.291131,238.32,GEN,GEN
10020,12,2021-09-03 21:42:00,2021-09-04 10:18:00,58.76833,-62.04167,58.72667,-62.14833,12.6,-0.04166,-0.10666,7.7019,0.169796,233.07,GEN,GEN
10020,13,2021-09-04 10:18:00,2021-09-07 21:42:00,58.72667,-62.14833,58.54,-61.95667,83.4,-0.18667,0.19166,23.535,0.078387,151.8,GEN,GEN
10020,14,2021-09-07 21:42:00,2021-09-19 10:10:00,58.54,-61.95667,57.535,-61.41,276.4667,-1.005,0.54667,116.2905,0.116842,163.7,GEN,GEN
10020,15,2021-09-19 10:10:00,2021-09-23 10:12:00,57.535,-61.41,57.40333,-61.4,96.0333,-0.13167,0.01,14.6532,0.042385,177.66,GEN,GEN
10020,16,2021-09-23 10:12:00,2021-09-23 21:43:00,57.40333,-61.4,57.40333,-61.4,11.5167,0.0,0.0,0.0,0.0,0.0,GEN,GEN
10021,1,2021-08-24 10:27:00,2021-08-24 21:59:00,59.145,-62.48167,59.14,-62.54833,11.5333,-0.005,-0.06666,3.8422,0.092539,261.71,GEN,GEN
10021,2,2021-08-24 21:59:00,2021-08-25 10:32:00,59.14,-62.54833,59.13167,-62.60333,12.55,-0.00833,-0.055,3.2713,0.072405,253.58,GEN,GEN
10021,3,2021-08-25 10:32:00,2021-08-27 21:51:00,59.13167,-62.60333,59.24,-62.66,59.3167,0.10833,-0.05667,12.4707,0.0584,345.02,GEN,GEN
10021,4,2021-08-27 21:51:00,2021-08-31 10:18:00,59.24,-62.66,59.185,-62.63167,84.45,-0.055,0.02833,6.3247,0.020804,165.22,GEN,GEN
10021,5,2021-08-31 10:18:00,2021-09-03 21:42:00,59.185,-62.63167,59.20167,-62.69667,83.4,0.01667,-0.065,4.1398,0.013788,296.63,GEN,GEN
10021,6,2021-09-03 21:42:00,2021-09-04 10:18:00,59.20167,-62.69667,59.18333,-62.75,12.6,-0.01834,-0.05333,3.6582,0.080649,236.14,GEN,GEN
10021,7,2021-09-04 10:18:00,2021-09-12 21:51:00,59.18333,-62.75,58.915,-62.86167,203.55,-0.26833,-0.11167,30.5127,0.04164,192.13,GEN,GEN
10021,8,2021-09-12 21:51:00,2021-09-16 21:51:00,58.915,-62.86167,58.89833,-62.995,96.0,-0.01667,-0.13333,7.8776,0.022794,256.45,GEN,GEN
10022,1,2021-08-24 10:27:00,2021-08-25 21:34:00,58.65833,-61.57333,58.60667,-61.40167,35.1167,-0.05166,0.17166,11.4767,0.090782,119.96,GEN,GEN
10022,2,2021-08-25 21:34:00,2021-08-26 21:42:00,58.60667,-61.40167,58.61833,-61.40333,24.1333,0.01166,-0.00166,1.3001,0.014964,355.76,GEN,GEN
10022,3,2021-08-26 21:42:00,2021-08-27 10:17:00,58.61833,-61.40333,58.60333,-61.41167,12.5833,-0.015,-0.00834,1.7365,0.038332,196.15,GEN,GEN
10022,4,2021-08-27 10:17:00,2021-08-28 10:25:00,58.60333,-61.41167,58.58667,-61.4,24.1333,-0.01666,0.01167,1.9721,0.022699,159.94,GEN,GEN
10022,5,2021-08-28 10:25:00,2021-08-28 21:58:00,58.58667,-61.4,58.6,-61.43833,11.55,0.01333,-0.03833,2.6702,0.064218,303.73,GEN,GEN
10022,6,2021-08-28 21:58:00,2021-08-31 10:18:00,58.6,-61.43833,58.19833,-61.21667,60.3333,-0.40167,0.22166,46.4934,0.214058,163.78,GEN,GEN
10022,7,2021-08-31 10:18:00,2021-09-01 10:25:00,58.19833,-61.21667,58.21,-61.275,24.1167,0.01167,-0.05833,3.6555,0.042104,290.82,GEN,GEN
10022,8,2021-09-01 10:25:00,2021-09-02 10:33:00,58.21,-61.275,57.96833,-61.31667,24.1333,-0.24167,-0.04167,26.9839,0.310588,185.23,GEN,GEN
10022,9,2021-09-02 10:33:00,2021-09-03 10:09:00,57.96833,-61.31667,57.73167,-61.20833,23.6,-0.23666,0.10834,27.085,0.318797,166.26,GEN,GEN
10022,10,2021-09-03 10:09:00,2021-09-04 10:18:00,57.73167,-61.20833,57.625,-61.19833,24.15,-0.10667,0.01,11.8761,0.136601,177.13,GEN,GEN
10022,11,2021-09-04 10:18:00,2021-09-07 21:42:00,57.625,-61.19833,57.37667,-61.19833,83.4,-0.24833,0.0,27.613,0.09197,180.0,GEN,GEN
10022,12,2021-09-07 21:42:00,2021-09-19 10:10:00,57.37667,-61.19833,57.22667,-61.365,276.4667,-0.15,-0.16667,19.4533,0.019546,211.04,GEN,GEN
10022,13,2021-09-19 10:10:00,2021-09-23 10:12:00,57.22667,-61.365,56.92333,-61.12833,96.0333,-0.30334,0.23667,36.6375,0.105975,156.92,GEN,GEN
10022,14,2021-09-23 10:12:00,2021-09-29 10:26:00,56.92333,-61.12833,56.16833,-60.555,144.2333,-0.755,0.57333,91.0106,0.175277,157.05,GEN,GEN
10023,1,2021-08-24 10:27:00,2021-08-25 10:32:00,58.57667,-61.09167,58.595,-61.11333,24.0833,0.01833,-0.02166,2.3938,0.02761,328.38,GEN,GEN
10023,2,2021-08-25 10:32:00,2021-08-25 21:34:00,58.595,-61.11333,58.64333,-61.145,11.0333,0.04833,-0.03167,5.6783,0.142958,341.17,GEN,GEN
10023,3,2021-08-25 21:34:00,2021-08-26 10:10:00,58.64333,-61.145,58.57167,-61.165,12.6,-0.07166,-0.02,8.052,0.177513,188.28,GEN,GEN
10023,4,2021-08-26 10:10:00,2021-08-26 21:42:00,58.57167,-61.165,58.57333,-61.155,11.5333,0.00166,0.01,0.6085,0.014655,72.34,GEN,GEN
10023,5,2021-08-26 21:42:00,2021-08-28 10:25:00,58.57333,-61.155,58.40167,-61.035,36.7167,-0.17166,0.12,20.322,0.153745,159.88,GEN,GEN
10023,6,2021-08-28 10:25:00,2021-08-31 10:18:00,58.40167,-61.035,58.17333,-61.06833,71.8833,-0.22834,-0.03333,25.4649,0.098404,184.4,GEN,GEN
10023,7,2021-08-31 10:18:00,2021-09-01 10:25:00,58.17333,-61.06833,58.1,-61.285,24.1167,-0.07333,-0.21667,15.1077,0.174012,237.43,GEN,GEN
10023,8,2021-09-01 10:25:00,2021-09-02 10:33:00,58.1,-61.285,57.90833,-61.425,24.1333,-0.19167,-0.14,22.8532,0.263043,201.22,GEN,GEN
10023,9,2021-09-02 10:33:00,2021-09-03 10:09:00,57.90833,-61.425,57.67,-61.345,23.6,-0.23833,0.08,26.9219,0.316878,169.82,GEN,GEN
10023,10,2021-09-03 10:09:00,2021-09-04 10:18:00,57.67,-61.345,57.56167,-61.27667,24.15,-0.10833,0.06833,12.7146,0.146245,161.3,GEN,GEN
10023,11,2021-09-04 10:18:00,2021-09-07 21:42:00,57.56167,-61.27667,57.41167,-61.36333,83.4,-0.15,-0.08666,17.4649,0.05817,197.29,GEN,GEN
10024,1,2021-08-24 10:27:00,2021-08-25 10:32:00,58.56167,-61.01167,58.51833,-61.21833,24.0833,-0.04334,-0.20666,12.9251,0.149079,248.2,GEN,GEN
10024,2,2021-08-25 10:32:00,2021-08-25 21:34:00,58.51833,-61.21833,58.55667,-61.20667,11.0333,0.03834,0.01166,4.3166,0.108675,9.01,GEN,GEN
10024,3,2021-08-25 21:34:00,2021-08-26 10:10:00,58.55667,-61.20667,58.56,-61.18333,12.6,0.00333,0.02334,1.4035,0.030942,74.69,GEN,GEN
10024,4,2021-08-26 10:10:00,2021-08-31 10:18:00,58.56,-61.18333,58.175,-61.04333,120.1333,-0.385,0.14,43.5816,0.100771,169.14,GEN,GEN
10024,5,2021-08-31 10:18:00,2021-09-01 10:25:00,58.175,-61.04333,58.11667,-61.245,24.1167,-0.05833,-0.20167,13.4956,0.155443,241.36,GEN,GEN
10024,6,2021-09-01 10:25:00,2021-09-02 10:33:00,58.11667,-61.245,57.915,-61.36333,24.1333,-0.20167,-0.11833,23.4827,0.270289,197.32,GEN,GEN
10024,7,2021-09-02 10:33:00,2021-09-02 21:34:00,57.915,-61.36333,57.83667,-61.31167,11.0167,-0.07833,0.05166,9.23,0.232728,160.65,GEN,GEN
10024,8,2021-09-02 21:34:00,2021-09-03 10:09:00,57.83667,-61.31167,57.71667,-61.26,12.5833,-0.12,0.05167,13.6906,0.30222,167.05,GEN,GEN
10024,9,2021-09-03 10:09:00,2021-09-07 21:42:00,57.71667,-61.26,57.39833,-61.255,107.55,-0.31834,0.005,35.399,0.091428,179.52,GEN,GEN
10024,10,2021-09-07 21:42:00,2021-09-09 10:26:00,57.39833,-61.255,57.28,-61.40167,36.7333,-0.11833,-0.14667,15.83,0.119707,213.84,GEN,GEN
10025,1,2021-08-25 21:34:00,2021-08-26 21:42:00,58.75,-60.80167,58.55167,-60.75833,24.1333,-0.19833,0.04334,22.1953,0.255471,173.5,GEN,GEN
10025,2,2021-08-26 21:42:00,2021-08-31 10:18:00,58.55167,-60.75833,58.34833,-60.79333,108.6,-0.20334,-0.035,22.7019,0.058067,185.16,GEN,GEN
10025,3,2021-08-31 10:18:00,2021-09-01 10:25:00,58.34833,-60.79333,58.25167,-60.88167,24.1167,-0.09666,-0.08834,11.9233,0.137333,205.69,GEN,GEN
10025,4,2021-09-01 10:25:00,2021-09-02 21:34:00,58.25167,-60.88167,58.13667,-61.23333,35.15,-0.115,-0.35166,24.2537,0.191668,238.33,ISL,VLG
10025,5,2021-09-02 21:34:00,2021-09-03 21:42:00,58.13667,-61.23333,57.95333,-61.40167,24.1333,-0.18334,-0.16834,22.6661,0.26089,205.99,ISL,VLG
10025,6,2021-09-03 21:42:00,2021-09-04 10:18:00,57.95333,-61.40167,57.85333,-61.4,12.6,-0.1,0.00167,11.1199,0.245148,179.49,ISL,VLG
10025,7,2021-09-04 10:18:00,2021-09-06 10:34:00,57.85333,-61.4,57.88333,-61.50667,48.2667,0.03,-0.10667,7.1362,0.041069,297.91,ISL,VLG
10025,8,2021-09-06 10:34:00,2021-09-07 21:42:00,57.88333,-61.50667,57.695,-61.32333,35.1333,-0.18833,0.18334,23.5929,0.186535,152.5,GEN,GEN
10025,9,2021-09-07 21:42:00,2021-09-09 10:26:00,57.695,-61.32333,57.52167,-61.33,36.7333,-0.17333,-0.00667,19.2775,0.145777,181.18,GEN,GEN
10026,1,2021-08-26 21:42:00,2021-08-27 10:17:00,58.565,-61.14667,58.555,-61.06333,12.5833,-0.01,0.08334,4.96,0.109491,102.92,ISL,VLG
10026,2,2021-08-27 10:17:00,2021-08-28 10:25:00,58.555,-61.06333,58.465,-61.0,24.1333,-0.09,0.06333,10.6621,0.122723,159.79,ISL,VLG
10026,3,2021-08-28 10:25:00,2021-08-31 10:18:00,58.465,-61.0,58.38667,-60.88,71.8833,-0.07833,0.12,11.1658,0.043148,141.21,ISL,VLG
10026,4,2021-08-31 10:18:00,2021-09-01 10:25:00,58.38667,-60.88,58.39,-60.83,24.1167,0.00333,0.05,2.9376,0.033836,82.74,ISL,VLG
10026,5,2021-09-01 10:25:00,2021-09-02 21:34:00,58.39,-60.83,58.19,-60.99167,35.15,-0.2,-0.16167,24.1631,0.190952,203.09,ISL,VLG
10026,6,2021-09-02 21:34:00,2021-09-03 10:09:00,58.19,-60.99167,58.14,-61.03833,12.5833,-0.05,-0.04666,6.1968,0.136795,206.23,ISL,VLG
10026,7,2021-09-03 10:09:00,2021-09-03 21:42:00,58.14,-61.03833,58.11167,-61.14,11.55,-0.02833,-0.10167,6.7499,0.162336,242.22,ISL,VLG
10026,8,2021-09-03 21:42:00,2021-09-04 10:18:00,58.11167,-61.14,58.08333,-61.27833,12.6,-0.02834,-0.13833,8.7182,0.192201,248.87,ISL,VLG
10026,9,2021-09-04 10:18:00,2021-09-06 10:34:00,58.08333,-61.27833,58.115,-61.34,48.2667,0.03167,-0.06167,5.053,0.029081,314.21,ISL,VLG
10026,10,2021-09-06 10:34:00,2021-09-16 21:49:00,58.115,-61.34,57.16333,-61.295,251.25,-0.95167,0.045,105.8548,0.117031,178.53,GEN,GEN
10026,11,2021-09-16 21:49:00,2021-09-17 21:58:00,57.16333,-61.295,57.02667,-61.26667,24.15,-0.13666,0.02833,15.292,0.175891,173.56,GEN,GEN
10026,12,2021-09-17 21:58:00,2021-09-19 10:10:00,57.02667,-61.26667,57.01333,-61.19,36.2,-0.01334,0.07667,4.872,0.037385,107.69,GEN,GEN
10026,13,2021-09-19 10:10:00,2021-09-21 21:58:00,57.01333,-61.19,56.8,-60.765,59.8,-0.21333,0.425,35.0497,0.16281,132.41,GEN,GEN
10026,14,2021-09-21 21:58:00,2021-09-23 10:12:00,56.8,-60.765,56.565,-60.70833,36.2333,-0.235,0.05667,26.359,0.202078,172.43,GEN,GEN
10027,1,2021-08-27 21:51:00,2021-08-28 21:58:00,59.78667,-62.6,59.78667,-62.61333,24.1167,0.0,-0.01333,0.7459,0.008591,270.01,GEN,GEN
10027,2,2021-08-28 21:58:00,2021-08-31 10:18:00,59.78667,-62.61333,59.81167,-62.805,60.3333,0.025,-0.19167,11.0755,0.050992,284.62,GEN,GEN
10027,3,2021-08-31 10:18:00,2021-09-01 10:25:00,59.81167,-62.805,59.81333,-62.93167,24.1167,0.00166,-0.12667,7.0848,0.081603,271.55,GEN,GEN
10027,4,2021-09-01 10:25:00,2021-09-12 21:51:00,59.81333,-62.93167,59.61167,-63.65667,275.4333,-0.20166,-0.725,46.4312,0.046826,241.44,GEN,GEN
10027,5,2021-09-12 21:51:00,2021-09-14 10:32:00,59.61167,-63.65667,59.59333,-63.69167,36.6833,-0.01834,-0.035,2.8349,0.021467,224.01,GEN,GEN
10027,6,2021-09-14 10:32:00,2021-09-16 21:51:00,59.59333,-63.69167,59.59,-63.69333,59.3167,-0.00333,-0.00166,0.3819,0.001788,194.16,GEN,GEN
10028,1,2021-08-31 10:18:00,2021-09-01 10:25:00,59.66833,-61.75833,59.59,-62.1,24.1167,-0.07833,-0.34167,21.091,0.242928,245.76,GEN,GEN
10028,2,2021-09-01 10:25:00,2021-09-02 10:33:00,59.59,-62.1,59.44333,-62.38333,24.1333,-0.14667,-0.28333,22.8343,0.262826,224.54,GEN,GEN
10028,3,2021-09-02 10:33:00,2021-09-03 21:42:00,59.44333,-62.38333,59.435,-62.67667,35.15,-0.00833,-0.29334,16.6105,0.131267,266.93,GEN,GEN
10028,4,2021-09-03 21:42:00,2021-09-09 10:26:00,59.435,-62.67667,59.25667,-62.64333,132.7333,-0.17833,0.03334,19.9193,0.041686,174.54,GEN,GEN
10028,5,2021-09-09 10:26:00,2021-09-12 21:51:00,59.25667,-62.64333,59.18667,-62.95167,83.4167,-0.07,-0.30834,19.1938,0.063915,246.21,GEN,GEN
10028,6,2021-09-12 21:51:00,2021-09-16 21:51:00,59.18667,-62.95167,59.05167,-63.04,96.0,-0.135,-0.08833,15.8352,0.045819,198.6,GEN,GEN
10029,1,2021-08-31 10:18:00,2021-09-02 21:34:00,59.36,-60.905,59.09,-61.18667,59.2667,-0.27,-0.28167,34.0319,0.159505,208.21,GEN,GEN
10029,2,2021-09-02 21:34:00,2021-09-04 10:18:00,59.09,-61.18667,58.935,-61.34333,36.7333,-0.155,-0.15666,19.429,0.146923,207.56,GEN,GEN
10029,3,2021-09-04 10:18:00,2021-09-09 10:26:00,58.935,-61.34333,58.435,-61.64,120.1333,-0.5,-0.29667,58.181,0.134529,197.27,GEN,GEN
10029,4,2021-09-09 10:26:00,2021-09-22 21:35:00,58.435,-61.64,57.31667,-61.01333,323.15,-1.11833,0.62667,129.7544,0.111536,163.14,GEN,GEN
10029,5,2021-09-22 21:35:00,2021-09-23 10:12:00,57.31667,-61.01333,57.24833,-60.95333,12.6167,-0.06834,0.06,8.4113,0.185188,154.59,GEN,GEN
10029,6,2021-09-23 10:12:00,2021-09-27 10:09:00,57.24833,-60.95333,56.97167,-61.03167,95.95,-0.27666,-0.07834,31.1247,0.090107,188.77,GEN,GEN
10030,1,2021-08-31 10:18:00,2021-09-01 10:25:00,59.38,-61.21,59.25333,-61.28667,24.1167,-0.12667,-0.07667,14.7416,0.169795,197.2,GEN,GEN
10030,2,2021-09-01 10:25:00,2021-09-07 21:42:00,59.25333,-61.28667,58.47833,-61.45167,155.2833,-0.775,-0.165,86.6965,0.155087,186.35,GEN,GEN
10030,3,2021-09-07 21:42:00,2021-09-09 10:26:00,58.47833,-61.45167,58.31,-61.67333,36.7333,-0.16833,-0.22166,22.7419,0.171974,214.7,GEN,GEN
10030,4,2021-09-09 10:26:00,2021-09-19 10:10:00,58.31,-61.67333,57.405,-61.40667,239.7333,-0.905,0.26666,101.8602,0.118025,170.98,GEN,GEN
10031,1,2021-08-31 10:18:00,2021-09-01 10:25:00,58.785,-61.59667,58.73,-61.70167,24.1167,-0.055,-0.105,8.6065,0.099131,224.76,GEN,GEN
10031,2,2021-09-01 10:25:00,2021-09-03 21:42:00,58.73,-61.70167,58.36667,-61.68833,59.2833,-0.36333,0.01334,40.4079,0.189335,178.9,GEN,GEN
10031,3,2021-09-03 21:42:00,2021-09-04 10:18:00,58.36667,-61.68833,58.30333,-61.64667,12.6,-0.06334,0.04166,7.4511,0.164265,160.93,GEN,GEN
10031,4,2021-09-04 10:18:00,2021-09-07 21:42:00,58.30333,-61.64667,58.1,-61.335,83.4,-0.20333,0.31167,29.0629,0.096799,140.94,GEN,GEN
10031,5,2021-09-07 21:42:00,2021-09-21 21:58:00,58.1,-61.335,56.93667,-61.15333,336.2667,-1.16333,0.18167,129.8104,0.107232,175.13,GEN,GEN
10031,6,2021-09-21 21:58:00,2021-09-23 21:42:00,56.93667,-61.15333,56.56667,-60.70833,47.7333,-0.37,0.445,49.2813,0.286786,146.41,GEN,GEN
10032,1,2021-09-01 10:25:00,2021-09-02 10:33:00,58.665,-61.01167,58.415,-61.11,24.1333,-0.25,-0.09833,28.3784,0.326639,191.64,GEN,GEN
10032,2,2021-09-02 10:33:00,2021-09-02 21:34:00,58.415,-61.11,58.32167,-61.16333,11.0167,-0.09333,-0.05333,10.8338,0.273167,196.71,GEN,GEN
10032,3,2021-09-02 21:34:00,2021-09-03 10:09:00,58.32167,-61.16333,58.21833,-61.235,12.5833,-0.10334,-0.07167,12.2314,0.270008,200.07,GEN,GEN
10032,4,2021-09-03 10:09:00,2021-09-16 21:49:00,58.21833,-61.235,56.79,-60.785,323.6667,-1.42833,0.45,161.081,0.138243,170.2,GEN,GEN
10032,5,2021-09-16 21:49:00,2021-09-21 21:58:00,56.79,-60.785,56.23167,-60.175,120.15,-0.55833,0.61,72.4914,0.167595,148.66,GEN,GEN
10032,6,2021-09-21 21:58:00,2021-09-23 21:42:00,56.23167,-60.175,55.89833,-59.31667,47.7333,-0.33334,0.85833,64.9045,0.377703,124.47,GEN,GEN
10033,1,2021-08-31 10:18:00,2021-09-01 10:25:00,58.56,-61.06333,58.45333,-61.13333,24.1167,-0.10667,-0.07,12.5388,0.144423,198.95,GEN,GEN
10033,2,2021-09-01 10:25:00,2021-09-02 21:34:00,58.45333,-61.13333,58.20667,-61.23167,35.15,-0.24666,-0.09834,28.0218,0.221446,191.86,GEN,GEN
10033,3,2021-09-02 21:34:00,2021-09-03 10:09:00,58.20667,-61.23167,58.09167,-61.37833,12.5833,-0.115,-0.14666,15.4136,0.340255,214.0,GEN,GEN
10033,4,2021-09-03 10:09:00,2021-09-03 21:42:00,58.09167,-61.37833,58.055,-61.44333,11.55,-0.03667,-0.065,5.5889,0.134413,223.18,GEN,GEN
10033,5,2021-09-03 21:42:00,2021-09-04 10:18:00,58.055,-61.44333,58.01,-61.47833,12.6,-0.045,-0.035,5.4114,0.119299,202.4,GEN,GEN
10033,6,2021-09-04 10:18:00,2021-09-09 10:26:00,58.01,-61.47833,57.52333,-61.32333,120.1333,-0.48667,0.155,54.8904,0.12692,170.29,GEN,GEN
10034,1,2021-08-31 10:18:00,2021-09-01 10:25:00,58.525,-61.19167,58.445,-61.18333,24.1167,-0.08,0.00834,8.9088,0.102612,176.88,GEN,GEN
10034,2,2021-09-01 10:25:00,2021-09-02 10:33:00,58.445,-61.18333,58.24667,-61.39333,24.1333,-0.19833,-0.21,25.2293,0.290392,209.15,GEN,GEN
10034,3,2021-09-02 10:33:00,2021-09-02 21:34:00,58.24667,-61.39333,58.235,-61.42667,11.0167,-0.01167,-0.03334,2.3434,0.059087,236.39,GEN,GEN
10034,4,2021-09-02 21:34:00,2021-09-03 21:42:00,58.235,-61.42667,58.08333,-61.47,24.1333,-0.15167,-0.04333,17.0554,0.19631,188.59,GEN,GEN
10034,5,2021-09-03 21:42:00,2021-09-04 10:18:00,58.08333,-61.47,58.03,-61.52,12.6,-0.05333,-0.05,6.6195,0.145933,206.4,GEN,GEN
10034,6,2021-09-04 10:18:00,2021-09-09 10:26:00,58.03,-61.52,57.545,-61.13667,120.1333,-0.485,0.38333,58.5203,0.135313,156.99,GEN,GEN
10034,7,2021-09-09 10:26:00,2021-09-19 10:10:00,57.545,-61.13667,57.22,-61.39,239.7333,-0.325,-0.25333,39.1985,0.045419,202.9,GEN,GEN
10034,8,2021-09-19 10:10:00,2021-09-23 10:12:00,57.22,-61.39,57.16167,-61.20333,96.0333,-0.05833,0.18667,12.9831,0.037554,119.89,GEN,GEN
10035,1,2021-08-31 10:18:00,2021-09-03 10:09:00,58.45333,-60.77667,58.03667,-60.95,71.85,-0.41666,-0.17333,47.4278,0.18336,192.42,GEN,GEN
10035,2,2021-09-03 10:09:00,2021-09-15 21:42:00,58.03667,-60.95,56.59333,-60.62,299.55,-1.44334,0.33,161.7102,0.149957,172.82,GEN,GEN
10035,3,2021-09-15 21:42:00,2021-09-16 21:49:00,56.59333,-60.62,56.56333,-60.54167,24.1167,-0.03,0.07833,5.8432,0.067302,124.78,GEN,GEN
10035,4,2021-09-16 21:49:00,2021-09-23 10:12:00,56.56333,-60.54167,55.71167,-58.795,156.3833,-0.85166,1.74667,143.7966,0.255421,130.46,GEN,GEN
10035,5,2021-09-23 10:12:00,2021-09-26 21:34:00,55.71167,-58.795,55.5,-57.99,83.3667,-0.21167,0.805,55.7729,0.185835,114.63,GEN,GEN
10036,1,2021-08-31 10:18:00,2021-09-01 10:25:00,58.41167,-60.90167,58.38833,-61.03,24.1167,-0.02334,-0.12833,7.9147,0.091162,250.91,GEN,GEN
10036,2,2021-09-01 10:25:00,2021-09-04 10:18:00,58.38833,-61.03,57.99333,-60.99833,71.8833,-0.395,0.03167,43.9612,0.169879,177.57,GEN,GEN
10036,3,2021-09-04 10:18:00,2021-09-16 21:49:00,57.99333,-60.99833,56.79,-60.785,299.5167,-1.20333,0.21333,134.4132,0.124658,174.45,GEN,GEN
10036,4,2021-09-16 21:49:00,2021-09-20 18:38:00,56.79,-60.785,56.24333,-60.28,92.8167,-0.54667,0.505,68.2255,0.204182,152.78,GEN,GEN
10036,5,2021-09-20 18:38:00,2021-09-21 21:58:00,56.24333,-60.28,56.51167,-59.55833,27.3333,0.26834,0.72167,53.5221,0.543924,55.82,TAB,VLG
10036,6,2021-09-21 21:58:00,2021-09-26 21:34:00,56.51167,-59.55833,55.38833,-58.91167,119.6,-1.12334,0.64666,131.2363,0.304804,161.87,GEN,GEN
10037,1,2021-08-31 10:18:00,2021-09-01 10:25:00,58.29,-60.82,58.24,-60.88333,24.1167,-0.05,-0.06333,6.6806,0.076948,213.7,GEN,GEN
10037,2,2021-09-01 10:25:00,2021-09-02 21:34:00,58.24,-60.88333,58.12,-61.20833,35.15,-0.12,-0.325,23.2616,0.183828,235.13,ISL,VLG
10037,3,2021-09-02 21:34:00,2021-09-03 21:42:00,58.12,-61.20833,57.935,-61.39,24.1333,-0.185,-0.18167,23.1859,0.266872,207.55,ISL,VLG
10037,4,2021-09-03 21:42:00,2021-09-04 10:18:00,57.935,-61.39,57.82833,-61.39167,12.6,-0.10667,-0.00167,11.8616,0.261499,180.48,ISL,VLG
10037,5,2021-09-04 10:18:00,2021-09-07 21:42:00,57.82833,-61.39167,57.61333,-61.48,83.4,-0.215,-0.08833,24.4756,0.08152,192.41,ISL,VLG
10038,1,2021-08-31 10:18:00,2021-09-01 10:25:00,58.06,-61.36833,58.10167,-61.40167,24.1167,0.04167,-0.03334,5.031,0.057948,337.08,GEN,GEN
10038,2,2021-09-01 10:25:00,2021-09-02 10:33:00,58.10167,-61.40167,57.92333,-61.515,24.1333,-0.17834,-0.11333,20.9239,0.240837,198.65,GEN,GEN
10038,3,2021-09-02 10:33:00,2021-09-03 21:42:00,57.92333,-61.515,57.685,-61.485,35.15,-0.23833,0.03,26.5606,0.209899,176.15,GEN,GEN
10038,4,2021-09-03 21:42:00,2021-09-07 21:42:00,57.685,-61.485,57.49333,-61.345,96.0,-0.19167,0.14,22.8878,0.066226,158.56,GEN,GEN
10038,5,2021-09-07 21:42:00,2021-09-14 10:32:00,57.49333,-61.345,57.39167,-61.55833,156.8333,-0.10166,-0.21333,17.0511,0.0302,228.56,GEN,GEN
10038,6,2021-09-14 10:32:00,2021-09-23 10:12:00,57.39167,-61.55833,57.385,-61.535,215.6667,-0.00667,0.02333,1.5827,0.002038,117.94,GEN,GEN
10039,1,2021-08-31 10:18:00,2021-09-01 10:25:00,58.07,-61.39,57.94333,-61.41333,24.1167,-0.12667,-0.02333,14.152,0.163003,185.58,GEN,GEN
10039,2,2021-09-01 10:25:00,2021-09-02 21:34:00,57.94333,-61.41333,57.67667,-61.26333,35.15,-0.26666,0.15,30.9539,0.244618,163.25,GEN,GEN
10039,3,2021-09-02 21:34:00,2021-09-04 10:18:00,57.67667,-61.26333,57.405,-61.215,36.7333,-0.27167,0.04833,30.3457,0.229474,174.53,GEN,GEN
10040,1,2021-08-31 10:18:00,2021-09-08 21:49:00,57.315,-60.23,56.485,-59.79,203.5167,-0.83,0.44,96.0809,0.13114,163.67,GEN,GEN
10040,2,2021-09-08 21:49:00,2021-09-12 10:19:00,56.485,-59.79,56.16167,-59.18833,84.5,-0.32333,0.60167,51.6605,0.169824,133.85,GEN,GEN
10040,3,2021-09-12 10:19:00,2021-09-12 21:50:00,56.16167,-59.18833,56.11,-59.36,11.5167,-0.05167,-0.17167,12.0893,0.29159,241.7,GEN,GEN
10040,4,2021-09-12 21:50:00,2021-09-15 10:09:00,56.11,-59.36,55.77,-58.97,60.3167,-0.34,0.39,44.9354,0.206942,147.12,GEN,GEN
10040,5,2021-09-15 10:09:00,2021-09-15 21:42:00,55.77,-58.97,55.65667,-58.975,11.55,-0.11333,-0.005,12.6056,0.303165,181.43,GEN,GEN
10040,6,2021-09-15 21:42:00,2021-09-23 21:42:00,55.65667,-58.975,55.15167,-57.49667,192.0,-0.505,1.47833,108.9205,0.157582,120.42,GEN,GEN
10041,1,2021-09-01 10:25:00,2021-09-02 10:33:00,59.54667,-61.51333,59.44667,-61.775,24.1333,-0.1,-0.26167,18.4869,0.212787,233.14,GEN,GEN
10041,2,2021-09-02 10:33:00,2021-09-02 21:34:00,59.44667,-61.775,59.37167,-61.91333,11.0167,-0.075,-0.13833,11.4378,0.288396,223.25,GEN,GEN
10041,3,2021-09-02 21:34:00,2021-09-03 21:42:00,59.37167,-61.91333,59.29,-61.96333,24.1333,-0.08167,-0.05,9.5138,0.109505,197.36,GEN,GEN
10041,4,2021-09-03 21:42:00,2021-09-04 10:18:00,59.29,-61.96333,59.41,-61.80667,12.6,0.12,0.15666,16.0284,0.353359,33.58,GEN,GEN
10041,5,2021-09-04 10:18:00,2021-09-07 21:43:00,59.41,-61.80667,59.26667,-62.11667,83.4167,-0.14333,-0.31,23.728,0.079014,227.94,GEN,GEN
10041,6,2021-09-07 21:43:00,2021-09-09 10:26:00,59.26667,-62.11667,59.13667,-62.495,36.7167,-0.13,-0.37833,25.9406,0.196252,236.3,GEN,GEN
10041,7,2021-09-09 10:26:00,2021-09-12 21:51:00,59.13667,-62.495,58.94333,-62.84,83.4167,-0.19334,-0.345,29.1831,0.09718,222.7,GEN,GEN
10041,8,2021-09-12 21:51:00,2021-09-16 21:51:00,58.94333,-62.84,58.935,-62.85333,96.0,-0.00833,-0.01333,1.2012,0.003476,219.55,GEN,GEN
10041,9,2021-09-16 21:51:00,2021-09-28 10:18:00,58.935,-62.85333,58.73,-62.65333,276.45,-0.205,0.2,25.5359,0.025659,153.12,GEN,GEN
10042,1,2021-09-01 10:25:00,2021-09-02 10:33:00,59.565,-61.5,59.38833,-61.65167,24.1333,-0.17667,-0.15167,21.431,0.246673,203.62,GEN,GEN
10042,2,2021-09-02 10:33:00,2021-09-02 21:34:00,59.38833,-61.65167,59.31667,-61.71167,11.0167,-0.07166,-0.06,8.6637,0.218448,203.14,GEN,GEN
10042,3,2021-09-02 21:34:00,2021-09-03 21:42:00,59.31667,-61.71167,59.29333,-61.82667,24.1333,-0.02334,-0.115,7.0246,0.080854,248.37,GEN,GEN
10042,4,2021-09-03 21:42:00,2021-09-04 10:18:00,59.29333,-61.82667,59.41667,-61.80167,12.6,0.12334,0.025,13.7878,0.303963,5.89,GEN,GEN
10042,5,2021-09-04 10:18:00,2021-09-09 10:26:00,59.41667,-61.80167,59.18833,-62.14167,120.1333,-0.22834,-0.34,31.893,0.073744,217.39,GEN,GEN
10042,6,2021-09-09 10:26:00,2021-09-09 20:27:00,59.18833,-62.14167,59.24333,-62.305,10.0167,0.055,-0.16333,11.1266,0.308558,303.41,GEN,GEN
10042,7,2021-09-09 20:27:00,2021-09-12 21:51:00,59.24333,-62.305,59.1,-62.795,73.4,-0.14333,-0.49,32.1503,0.121671,240.49,GEN,GEN
10042,8,2021-09-12 21:51:00,2021-09-14 10:32:00,59.1,-62.795,59.09,-62.83833,36.6833,-0.01,-0.04333,2.713,0.020544,245.82,GEN,GEN
10042,9,2021-09-14 10:32:00,2021-09-16 21:51:00,59.09,-62.83833,58.98333,-63.005,59.3167,-0.10667,-0.16667,15.2185,0.071268,218.87,GEN,GEN
10043,1,2021-09-01 10:25:00,2021-09-02 10:33:00,59.54,-61.51833,59.36667,-61.84833,24.1333,-0.17333,-0.33,26.8191,0.308692,224.2,GEN,GEN
10043,2,2021-09-02 10:33:00,2021-09-03 21:42:00,59.36667,-61.84833,59.27833,-61.92833,35.15,-0.08834,-0.08,10.8208,0.085513,204.83,GEN,GEN
10043,3,2021-09-03 21:42:00,2021-09-04 10:18:00,59.27833,-61.92833,59.41167,-61.81,12.6,0.13334,0.11833,16.2738,0.358771,24.29,GEN,GEN
10043,4,2021-09-04 10:18:00,2021-09-07 21:43:00,59.41167,-61.81,59.33333,-61.95,83.4167,-0.07834,-0.14,11.7805,0.039229,222.38,GEN,GEN
10043,5,2021-09-07 21:43:00,2021-09-09 10:26:00,59.33333,-61.95,59.21833,-62.16667,36.7167,-0.115,-0.21667,17.7491,0.13428,224.0,GEN,GEN
10043,6,2021-09-09 10:26:00,2021-09-09 19:59:00,59.21833,-62.16667,59.25167,-62.29833,9.55,0.03334,-0.13166,8.356,0.243048,296.39,GEN,GEN
10043,7,2021-09-09 19:59:00,2021-09-16 21:51:00,59.25167,-62.29833,58.97,-62.90667,169.8667,-0.28167,-0.60834,46.7644,0.076472,228.21,RAD,RAD
10044,1,2021-09-01 10:25:00,2021-09-03 21:42:00,59.54667,-62.56833,59.36333,-62.74167,59.2833,-0.18334,-0.17334,22.6177,0.105978,205.74,GEN,GEN
10044,2,2021-09-03 21:42:00,2021-09-04 10:18:00,59.36333,-62.74167,59.35333,-62.83667,12.6,-0.01,-0.095,5.4975,0.121197,258.37,GEN,GEN
10044,3,2021-09-04 10:18:00,2021-09-12 21:51:00,59.35333,-62.83667,59.16167,-63.31333,203.55,-0.19166,-0.47666,34.4709,0.047041,232.02,GEN,GEN
10044,4,2021-09-12 21:51:00,2021-09-16 21:51:00,59.16167,-63.31333,59.16167,-63.31333,96.0,0.0,0.0,0.0,0.0,0.0,GEN,GEN
10044,5,2021-09-16 21:51:00,2021-09-28 21:51:00,59.16167,-63.31333,59.16167,-63.31333,288.0,0.0,0.0,0.0,0.0,0.0,GEN,GEN
10044,6,2021-09-28 21:51:00,2021-09-29 10:26:00,59.16167,-63.31333,59.16167,-63.31333,12.5833,0.0,0.0,0.0,0.0,0.0,GEN,GEN
10045,1,2021-09-01 10:25:00,2021-09-07 21:42:00,59.11,-61.17167,58.475,-61.43333,155.2833,-0.635,-0.26166,72.2,0.129155,192.16,GEN,GEN
10045,2,2021-09-07 21:42:00,2021-09-09 10:26:00,58.475,-61.43333,58.28167,-61.665,36.7333,-0.19333,-0.23167,25.3881,0.191985,212.24,GEN,GEN
10045,3,2021-09-09 10:26:00,2021-09-17 21:58:00,58.28167,-61.665,57.24167,-61.34833,203.5333,-1.04,0.31667,117.1579,0.159895,170.64,GEN,GEN
10045,4,2021-09-17 21:58:00,2021-09-19 10:10:00,57.24167,-61.34833,57.23667,-61.30667,36.2,-0.005,0.04166,2.5677,0.019703,102.49,GEN,GEN
10045,5,2021-09-19 10:10:00,2021-09-23 10:12:00,57.23667,-61.30667,56.92833,-60.995,96.0333,-0.30834,0.31167,39.1178,0.113149,151.09,GEN,GEN
10045,6,2021-09-23 10:12:00,2021-09-27 21:42:00,56.92833,-60.995,56.525,-60.40333,107.5,-0.40333,0.59167,57.5688,0.148757,140.92,GEN,GEN
10045,7,2021-09-27 21:42:00,2021-09-28 10:18:00,56.525,-60.40333,56.52333,-60.4,12.6,-0.00167,0.00333,0.276,0.006085,132.28,GEN,GEN
10046,1,2021-09-01 10:25:00,2021-09-04 10:18:00,57.07,-60.57167,56.80167,-60.69667,71.8833,-0.26833,-0.125,30.7855,0.118964,194.31,GEN,GEN
10046,2,2021-09-04 10:18:00,2021-09-14 10:02:00,56.80167,-60.69667,55.54,-59.27333,239.7333,-1.26167,1.42334,165.6577,0.191947,147.28,GEN,GEN
10046,3,2021-09-14 10:02:00,2021-09-15 10:09:00,55.54,-59.27333,55.44,-59.23167,24.1167,-0.1,0.04166,11.425,0.131594,166.7,GEN,GEN
10046,4,2021-09-15 10:09:00,2021-09-15 21:42:00,55.44,-59.23167,55.44667,-59.25667,11.55,0.00667,-0.025,1.7425,0.041908,295.2,GEN,GEN
10046,5,2021-09-15 21:42:00,2021-09-16 21:49:00,55.44667,-59.25667,55.44333,-59.2,24.1167,-0.00334,0.05667,3.5934,0.041389,95.91,GEN,GEN
10046,6,2021-09-16 21:49:00,2021-09-28 21:49:00,55.44333,-59.2,54.845,-57.65,288.0,-0.59833,1.55,118.861,0.114642,123.4,GEN,GEN
10047,1,2021-09-01 10:25:00,2021-09-02 10:33:00,58.245,-61.45,58.04667,-61.5,24.1333,-0.19833,-0.05,22.2476,0.256073,187.6,GEN,GEN
10047,2,2021-09-02 10:33:00,2021-09-02 21:34:00,58.04667,-61.5,57.985,-61.39333,11.0167,-0.06167,0.10667,9.3003,0.234501,137.46,GEN,GEN
10047,3,2021-09-02 21:34:00,2021-09-12 21:50:00,57.985,-61.39333,57.12333,-61.21167,240.2667,-0.86167,0.18166,96.4242,0.111478,173.47,GEN,GEN
10047,4,2021-09-12 21:50:00,2021-09-19 10:10:00,57.12333,-61.21167,56.975,-61.21333,156.3333,-0.14833,-0.00166,16.4938,0.029307,180.35,GEN,GEN
10047,5,2021-09-19 10:10:00,2021-09-21 21:58:00,56.975,-61.21333,56.575,-60.72333,59.8,-0.4,0.49,53.568,0.248829,145.92,GEN,GEN
10048,1,2021-09-02 10:33:00,2021-09-03 21:42:00,58.06167,-61.57667,57.75167,-61.46667,35.15,-0.31,0.11,35.0776,0.277206,169.28,GEN,GEN
10048,2,2021-09-03 21:42:00,2021-09-04 10:18:00,57.75167,-61.46667,57.66167,-61.50667,12.6,-0.09,-0.04,10.2858,0.226759,193.37,GEN,GEN
10048,3,2021-09-04 10:18:00,2021-09-07 21:42:00,57.66167,-61.50667,57.53167,-61.36667,83.4,-0.13,0.14,16.6898,0.055588,149.95,GEN,GEN
10048,4,2021-09-07 21:42:00,2021-09-09 10:26:00,57.53167,-61.36667,57.43333,-61.24167,36.7333,-0.09834,0.125,13.2438,0.10015,145.6,GEN,GEN
10049,1,2021-09-02 21:34:00,2021-09-03 21:42:00,59.365,-61.775,59.35667,-61.83,24.1333,-0.00833,-0.055,3.2515,0.037425,253.47,GEN,GEN
10049,2,2021-09-03 21:42:00,2021-09-04 10:18:00,59.35667,-61.83,59.42167,-61.69833,12.6,0.065,0.13167,10.3837,0.228917,45.83,GEN,GEN
10049,3,2021-09-04 10:18:00,2021-09-06 10:34:00,59.42167,-61.69833,59.39167,-61.79833,48.2667,-0.03,-0.1,6.5692,0.037806,239.53,GEN,GEN
10049,4,2021-09-06 10:34:00,2021-09-09 19:45:00,59.39167,-61.79833,59.22167,-62.23833,81.1833,-0.17,-0.44,31.3211,0.107169,233.07,GEN,GEN
10049,5,2021-09-09 19:45:00,2021-09-16 21:51:00,59.22167,-62.23833,58.945,-62.89167,170.1,-0.27667,-0.65334,48.3697,0.078989,230.78,RAD,RAD
10050,1,2021-09-02 21:34:00,2021-09-03 10:09:00,58.08,-61.19333,57.99833,-61.33333,12.5833,-0.08167,-0.14,12.2627,0.2707,222.28,ISL,VLG
10050,2,2021-09-03 10:09:00,2021-09-03 21:42:00,57.99833,-61.33333,57.91333,-61.39667,11.55,-0.085,-0.06334,10.1635,0.244432,201.6,ISL,VLG
10050,3,2021-09-03 21:42:00,2021-09-04 10:18:00,57.91333,-61.39667,57.81,-61.40333,12.6,-0.10333,-0.00666,11.4965,0.253451,181.97,ISL,VLG
10050,4,2021-09-04 10:18:00,2021-09-06 10:34:00,57.81,-61.40333,57.68667,-61.46833,48.2667,-0.12333,-0.065,14.2457,0.081985,195.74,ISL,VLG
10050,5,2021-09-06 10:34:00,2021-09-07 21:42:00,57.68667,-61.46833,57.53,-61.32667,35.1333,-0.15667,0.14166,19.357,0.153044,154.1,GEN,GEN
10050,6,2021-09-07 21:42:00,2021-09-09 10:26:00,57.53,-61.32667,57.4,-61.34833,36.7333,-0.13,-0.02166,14.5133,0.109749,185.13,GEN,GEN
10051,1,2021-09-02 21:34:00,2021-09-03 10:09:00,57.96667,-61.26667,57.87333,-61.335,12.5833,-0.09334,-0.06833,11.1358,0.245823,201.27,GEN,GEN
10051,2,2021-09-03 10:09:00,2021-09-03 21:42:00,57.87333,-61.335,57.805,-61.32167,11.55,-0.06833,0.01333,7.6388,0.183713,174.07,GEN,GEN
10051,3,2021-09-03 21:42:00,2021-09-12 21:50:00,57.805,-61.32167,57.105,-61.26667,216.1333,-0.7,0.055,77.9059,0.100126,177.56,GEN,GEN
10051,4,2021-09-12 21:50:00,2021-09-19 10:10:00,57.105,-61.26667,57.01,-61.24333,156.3333,-0.095,0.02334,10.6574,0.018936,172.38,GEN,GEN
10051,5,2021-09-19 10:10:00,2021-09-21 21:58:00,57.01,-61.24333,56.93167,-61.145,59.8,-0.07833,0.09833,10.5537,0.049023,145.58,GEN,GEN
10051,6,2021-09-21 21:58:00,2021-09-23 21:42:00,56.93167,-61.145,56.62833,-60.545,47.7333,-0.30334,0.6,49.7359,0.289432,132.45,GEN,GEN
10051,7,2021-09-23 21:42:00,2021-09-28 21:49:00,56.62833,-60.545,56.29167,-60.21333,120.1167,-0.33666,0.33167,42.6213,0.098565,151.3,GEN,GEN
10051,8,2021-09-28 21:49:00,2021-09-29 10:26:00,56.29167,-60.21333,56.245,-60.29167,12.6167,-0.04667,-0.07834,7.0943,0.156194,223.02,GEN,GEN
10052,1,2021-09-03 21:42:00,2021-09-04 10:18:00,59.25667,-63.04167,59.24,-63.06333,12.6,-0.01667,-0.02166,2.2254,0.049061,213.61,GEN,GEN
10052,2,2021-09-04 10:18:00,2021-09-09 10:26:00,59.24,-63.06333,59.10167,-62.95333,120.1333,-0.13833,0.11,16.6098,0.038406,157.78,GEN,GEN
10052,3,2021-09-09 10:26:00,2021-09-12 21:51:00,59.10167,-62.95333,59.075,-63.115,83.4167,-0.02667,-0.16167,9.6995,0.032299,252.27,GEN,GEN
10052,4,2021-09-12 21:51:00,2021-09-16 21:51:00,59.075,-63.115,59.08667,-63.245,96.0,0.01167,-0.13,7.5401,0.021817,279.97,GEN,GEN
10053,1,2021-09-03 21:42:00,2021-09-04 10:18:00,58.24,-61.37667,58.24,-61.385,12.6,0.0,-0.00833,0.4875,0.010748,270.0,GEN,GEN
10053,2,2021-09-04 10:18:00,2021-09-17 21:58:00,58.24,-61.385,56.655,-60.78833,323.6667,-1.585,0.59667,179.8213,0.154327,168.3,GEN,GEN
10053,3,2021-09-17 21:58:00,2021-09-19 10:10:00,56.655,-60.78833,56.36667,-60.40333,36.2,-0.28833,0.385,39.823,0.305579,143.46,GEN,GEN
10054,1,2021-09-03 21:42:00,2021-09-04 10:18:00,59.43833,-61.76333,59.475,-61.685,12.6,0.03667,0.07833,6.0181,0.132675,47.31,GEN,GEN
10054,2,2021-09-04 10:18:00,2021-09-06 10:34:00,59.475,-61.685,59.60167,-61.87667,48.2667,0.12667,-0.19167,17.7519,0.102163,322.59,GEN,GEN
10054,3,2021-09-06 10:34:00,2021-09-07 21:43:00,59.60167,-61.87667,59.565,-62.0,35.15,-0.03667,-0.12333,8.0518,0.063631,239.63,GEN,GEN
10054,4,2021-09-07 21:43:00,2021-09-09 19:45:00,59.565,-62.0,59.495,-62.305,46.0333,-0.07,-0.305,18.877,0.113909,245.78,GEN,GEN
10054,5,2021-09-09 19:45:00,2021-09-12 21:51:00,59.495,-62.305,59.26,-62.85167,74.1,-0.235,-0.54667,40.516,0.151882,230.07,RAD,RAD
10054,6,2021-09-12 21:51:00,2021-09-28 10:18:00,59.26,-62.85167,59.15333,-63.055,372.45,-0.10667,-0.20333,16.5728,0.01236,224.39,GEN,GEN
10055,1,2021-09-03 21:42:00,2021-09-16 21:51:00,60.23,-61.93167,60.13667,-62.64333,312.15,-0.09333,-0.71166,40.6924,0.036212,255.53,GEN,GEN
10055,2,2021-09-16 21:51:00,2021-09-27 21:42:00,60.13667,-62.64333,60.08,-62.56,263.85,-0.05667,0.08333,7.8123,0.008225,143.73,GEN,GEN
10055,3,2021-09-27 21:42:00,2021-09-28 21:51:00,60.08,-62.56,60.08,-62.68833,24.15,0.0,-0.12833,7.1176,0.081867,270.06,GEN,GEN
10055,4,2021-09-28 21:51:00,2021-09-29 10:26:00,60.08,-62.68833,60.095,-62.72667,12.5833,0.015,-0.03834,2.7022,0.05965,308.13,GEN,GEN
10056,1,2021-09-04 10:18:00,2021-09-12 21:51:00,59.15667,-62.745,58.9,-62.86167,203.55,-0.25667,-0.11667,29.3108,0.039999,193.22,GEN,GEN
10056,2,2021-09-12 21:51:00,2021-09-16 21:51:00,58.9,-62.86167,58.86833,-62.93333,96.0,-0.03167,-0.07166,5.4182,0.015678,229.49,GEN,GEN
10057,1,2021-09-04 10:18:00,2021-09-12 21:51:00,59.105,-63.13167,59.10667,-63.12833,203.55,0.00167,0.00334,0.2662,0.000363,45.76,GEN,GEN
10057,2,2021-09-12 21:51:00,2021-09-16 21:51:00,59.10667,-63.12833,59.12,-63.13,96.0,0.01333,-0.00167,1.4853,0.004298,356.32,GEN,GEN
10058,1,2021-09-04 10:18:00,2021-09-14 10:32:00,59.09167,-63.05167,59.05333,-62.945,240.2333,-0.03834,0.10667,7.4389,0.008601,124.92,GEN,GEN
10058,2,2021-09-14 10:32:00,2021-09-16 21:51:00,59.05333,-62.945,59.01167,-63.05833,59.3167,-0.04166,-0.11333,7.969,0.037318,234.51,GEN,GEN
10058,3,2021-09-16 21:51:00,2021-09-23 10:43:00,59.01167,-63.05833,58.92333,-63.1,156.8667,-0.08834,-0.04167,10.1092,0.017901,193.69,GEN,GEN
10059,1,2021-09-06 10:34:00,2021-09-12 21:51:00,59.85833,-63.85167,59.87667,-63.98,155.2833,0.01834,-0.12833,7.448,0.013323,285.95,GEN,GEN
10060,1,2021-09-07 21:42:00,2021-09-09 10:26:00,57.67,-61.61167,57.59333,-61.655,36.7333,-0.07667,-0.04333,8.907,0.067355,196.85,ISL,VLG
10060,2,2021-09-09 10:26:00,2021-09-14 10:32:00,57.59333,-61.655,57.69667,-61.92,120.1,0.10334,-0.265,19.5119,0.045129,306.19,ISL,VLG
10061,1,2021-09-07 21:42:00,2021-09-09 10:26:00,58.03833,-61.15833,57.77333,-61.14333,36.7333,-0.265,0.015,29.48,0.222928,178.27,ISL,VLG
10063,1,2021-09-12 21:51:00,2021-09-14 10:32:00,59.35833,-62.92,59.23667,-63.08667,36.6833,-0.12166,-0.16667,16.5089,0.125011,215.04,GEN,GEN
10064,1,2021-09-12 21:51:00,2021-09-14 10:32:00,59.36667,-62.86667,59.20167,-63.12,36.6833,-0.165,-0.25333,23.316,0.176556,218.21,GEN,GEN
10064,2,2021-09-14 10:32:00,2021-09-23 10:43:00,59.20167,-63.12,59.11,-63.13667,216.1833,-0.09167,-0.01667,10.2374,0.013154,185.33,GEN,GEN
10065,1,2021-09-12 21:51:00,2021-09-14 10:32:00,59.35667,-62.85,59.20667,-63.05167,36.6833,-0.15,-0.20167,20.2339,0.153218,214.57,GEN,GEN
10066,1,2021-09-12 21:51:00,2021-09-14 10:32:00,59.35,-62.85167,59.205,-63.025,36.6833,-0.145,-0.17333,18.8921,0.143057,211.49,GEN,GEN
10066,2,2021-09-14 10:32:00,2021-09-16 21:51:00,59.205,-63.025,59.04333,-63.08333,59.3167,-0.16167,-0.05833,18.2824,0.085616,190.51,GEN,GEN
10066,3,2021-09-16 21:51:00,2021-09-23 10:43:00,59.04333,-63.08333,59.025,-63.06167,156.8667,-0.01833,0.02166,2.3854,0.004224,148.69,GEN,GEN
10066,4,2021-09-23 10:43:00,2021-09-28 21:51:00,59.025,-63.06167,59.08667,-63.24833,131.1333,0.06167,-0.18666,12.6857,0.026872,302.8,GEN,GEN
10066,5,2021-09-28 21:51:00,2021-09-29 10:26:00,59.08667,-63.24833,59.08833,-63.22333,12.5833,0.00166,0.025,1.44,0.031788,82.62,GEN,GEN
10067,1,2021-09-12 21:51:00,2021-09-14 10:32:00,59.36167,-62.84333,59.22,-63.05167,36.6833,-0.14167,-0.20834,19.7007,0.14918,217.0,GEN,GEN
10068,1,2021-09-12 21:50:00,2021-09-23 21:42:00,56.555,-60.63167,55.16667,-58.37167,263.8667,-1.38833,2.26,209.0751,0.220098,136.65,GEN,GEN
10069,1,2021-09-12 21:50:00,2021-09-15 13:55:00,56.58833,-60.62333,56.39833,-60.65167,64.0833,-0.19,-0.02834,21.1985,0.091888,184.72,GEN,GEN
10069,2,2021-09-15 13:55:00,2021-09-20 21:49:00,56.39833,-60.65167,55.63333,-59.315,127.9,-0.765,1.33667,118.8995,0.25823,135.12,PIN,SM
10072,1,2021-09-17 21:58:00,2021-09-19 10:10:00,56.55333,-59.67,56.51167,-59.325,36.2,-0.04166,0.345,21.6566,0.16618,102.21,GEN,GEN
10072,2,2021-09-19 10:10:00,2021-09-20 21:49:00,56.51167,-59.325,56.51333,-59.00333,35.65,0.00166,0.32167,19.7361,0.153779,89.33,GEN,GEN
10072,3,2021-09-20 21:49:00,2021-09-23 10:12:00,56.51333,-59.00333,56.30833,-58.84667,60.3833,-0.205,0.15666,24.7484,0.113849,157.02,GEN,GEN
10073,1,2021-09-19 10:10:00,2021-09-23 10:12:00,57.78833,-61.15,57.28,-61.23,96.0333,-0.50833,-0.08,56.725,0.164078,184.86,GEN,GEN
10074,1,2021-09-19 10:10:00,2021-09-20 21:49:00,56.97667,-60.98833,56.80167,-60.76667,35.65,-0.175,0.22166,23.6629,0.184377,145.23,GEN,GEN
10074,2,2021-09-20 21:49:00,2021-09-21 21:58:00,56.80167,-60.76667,56.65667,-60.62833,24.15,-0.145,0.13834,18.1982,0.209319,152.31,GEN,GEN
10074,3,2021-09-21 21:58:00,2021-09-23 10:12:00,56.65667,-60.62833,56.62667,-60.54667,36.2333,-0.03,0.08166,6.0048,0.046035,123.71,GEN,GEN
10074,4,2021-09-23 10:12:00,2021-09-23 21:42:00,56.62667,-60.54667,56.59,-60.48667,11.5,-0.03667,0.06,5.4871,0.132539,137.97,GEN,GEN
10075,1,2021-09-19 10:10:00,2021-09-20 21:49:00,56.895,-60.69667,56.86333,-60.7,35.65,-0.03167,-0.00333,3.5274,0.027484,183.29,GEN,GEN
10075,2,2021-09-20 21:49:00,2021-09-21 21:58:00,56.86333,-60.7,56.87,-60.67167,24.15,0.00667,0.02833,1.8748,0.021564,66.68,GEN,GEN
10075,3,2021-09-21 21:58:00,2021-09-26 21:34:00,56.87,-60.67167,56.16667,-59.17333,119.6,-0.70333,1.49834,120.6774,0.28028,129.77,GEN,GEN
10076,1,2021-09-19 10:10:00,2021-09-20 21:49:00,56.815,-60.78,56.66333,-60.63333,35.65,-0.15167,0.14667,19.0901,0.148746,152.0,GEN,GEN
10076,2,2021-09-20 21:49:00,2021-09-21 21:58:00,56.66333,-60.63333,56.54167,-60.47833,24.15,-0.12166,0.155,16.523,0.190051,144.89,GEN,GEN
10076,3,2021-09-21 21:58:00,2021-09-23 21:42:00,56.54167,-60.47833,56.15167,-59.99333,47.7333,-0.39,0.485,52.6664,0.306485,145.23,GEN,GEN
10076,4,2021-09-23 21:42:00,2021-09-28 21:49:00,56.15167,-59.99333,55.44833,-59.275,120.1167,-0.70334,0.71833,90.1772,0.208541,149.84,GEN,GEN
10077,1,2021-09-19 10:10:00,2021-09-21 21:58:00,56.96667,-61.26833,56.92833,-61.045,59.8,-0.03834,0.22333,14.1993,0.065957,107.38,GEN,GEN
10077,2,2021-09-21 21:58:00,2021-09-23 21:42:00,56.92833,-61.045,56.61,-60.525,47.7333,-0.31833,0.52,47.5075,0.276463,137.95,GEN,GEN
10080,1,2021-09-23 10:12:00,2021-09-23 21:42:00,56.61833,-58.685,56.555,-58.55167,11.5,-0.06333,0.13333,10.7816,0.260424,130.72,GEN,GEN
10080,2,2021-09-23 21:42:00,2021-09-28 10:18:00,56.555,-58.55167,56.64,-57.92167,108.6,0.085,0.63,39.7064,0.101561,75.97,GEN,GEN
20001,1,2021-01-21 10:03:00,2021-01-27 10:04:00,54.815,-55.69667,53.805,-55.54167,144.0167,-1.01,0.155,112.756,0.217483,174.82,GEN,MED
20002,1,2021-01-22 10:43:00,2021-01-29 21:50:00,60.805,-63.515,60.94,-64.31167,179.1167,0.135,-0.79667,45.6574,0.070806,289.54,GEN,MED
20002,2,2021-01-29 21:50:00,2021-02-10 21:50:00,60.94,-64.31167,60.38667,-64.30667,288.0,-0.55333,0.005,61.5281,0.059344,179.74,GEN,MED
20002,3,2021-02-10 21:50:00,2021-03-06 21:49:00,60.38667,-64.30667,59.96,-62.72833,575.9833,-0.42667,1.57834,99.3477,0.047912,117.84,GEN,MED
20002,4,2021-03-06 21:49:00,2021-03-12 10:18:00,59.96,-62.72833,60.07,-62.05167,132.4833,0.11,0.67666,39.5426,0.082909,71.69,GEN,MED
20002,5,2021-03-12 10:18:00,2021-03-20 10:19:00,60.07,-62.05167,58.46333,-60.78667,192.0167,-1.60667,1.265,192.5644,0.27857,157.54,GEN,MED
20002,6,2021-03-20 10:19:00,2021-03-27 15:26:00,58.46333,-60.78667,57.58833,-60.45333,173.1167,-0.875,0.33334,99.2553,0.159262,168.45,GEN,MED
20002,7,2021-03-27 15:26:00,2021-03-30 21:49:00,57.58833,-60.45333,57.38667,-60.56333,78.3833,-0.20166,-0.11,23.3674,0.08281,196.39,NTB,MED
20002,8,2021-03-30 21:49:00,2021-04-01 10:19:00,57.38667,-60.56333,57.38167,-60.8,36.5,-0.005,-0.23667,14.1956,0.108033,267.86,GEN,MED
20002,9,2021-04-01 10:19:00,2021-04-11 21:48:00,57.38167,-60.8,56.13833,-60.00333,251.4833,-1.24334,0.79667,146.53,0.161851,160.31,GEN,MED
20002,10,2021-04-11 21:48:00,2021-04-18 15:16:00,56.13833,-60.00333,55.45333,-58.04,161.4667,-0.685,1.96333,144.4306,0.24847,121.01,GEN,MED
20002,11,2021-04-18 15:16:00,2021-04-27 10:03:00,55.45333,-58.04,55.45333,-57.17,210.7833,0.0,0.87,54.8585,0.072294,89.64,NTB,MED
20002,12,2021-04-27 10:03:00,2021-05-01 10:00:00,55.45333,-57.17,55.36667,-56.47667,95.95,-0.08666,0.69333,44.8148,0.12974,102.13,GEN,MED
20002,13,2021-05-01 10:00:00,2021-05-01 21:32:00,55.36667,-56.47667,55.235,-56.28,11.5333,-0.13167,0.19667,19.2182,0.462867,139.54,GEN,MED
20002,14,2021-05-01 21:32:00,2021-05-04 09:55:00,55.235,-56.28,55.16833,-55.68167,60.3833,-0.06667,0.59833,38.6855,0.177963,100.8,GEN,MED
20002,15,2021-05-04 09:55:00,2021-05-09 10:03:00,55.16833,-55.68167,54.79667,-55.57,120.1333,-0.37166,0.11167,41.9364,0.096967,170.17,GEN,MED
20003,1,2021-01-23 09:48:00,2021-02-04 09:48:00,51.48333,-54.35833,50.31333,-53.57833,288.0,-1.17,0.78,141.1283,0.136119,156.89,GEN,MED
20005,1,2021-01-22 15:45:00,2021-01-29 21:49:00,60.04833,-62.47833,59.84833,-63.765,174.0667,-0.2,-1.28667,75.018,0.119715,253.31,NTB,SM
20006,1,2021-01-22 15:45:00,2021-01-24 15:35:00,60.425,-62.415,60.40167,-62.745,47.8333,-0.02333,-0.33,18.3022,0.106285,261.99,NTB,SM
20006,2,2021-01-24 15:35:00,2021-02-10 21:50:00,60.40167,-62.745,60.38167,-62.94833,414.25,-0.02,-0.20333,11.3897,0.007637,258.83,NTB,SM
20006,3,2021-02-10 21:50:00,2021-02-24 18:38:00,60.38167,-62.94833,59.62,-60.83167,332.8,-0.76167,2.11666,144.9756,0.121007,124.82,GEN,MED
20006,4,2021-02-24 18:38:00,2021-03-01 10:27:00,59.62,-60.83167,59.24167,-60.61,111.8167,-0.37833,0.22167,43.8963,0.109048,163.31,NTB,MED
20006,5,2021-03-01 10:27:00,2021-03-05 15:35:00,59.24167,-60.61,59.21667,-60.96667,101.1333,-0.025,-0.35667,20.4797,0.056251,262.35,GEN,MED
20006,6,2021-03-05 15:35:00,2021-03-06 21:49:00,59.21667,-60.96667,59.05333,-61.19833,30.2333,-0.16334,-0.23166,22.4614,0.206371,216.14,NTB,SM
20007,1,2021-01-22 15:45:00,2021-01-24 15:35:00,60.005,-62.04,59.875,-62.09333,47.8333,-0.13,-0.05333,14.7574,0.085699,191.64,NTB,MED
20007,2,2021-01-24 15:35:00,2021-01-29 21:49:00,59.875,-62.09333,59.27,-62.975,126.2333,-0.605,-0.88167,83.6097,0.183984,216.81,NTB,SM
20009,1,2021-01-22 15:45:00,2021-01-24 15:35:00,60.44333,-62.32667,60.42333,-62.9,47.8333,-0.02,-0.57333,31.5356,0.183134,266.21,NTB,SM
20009,2,2021-01-24 15:35:00,2021-01-29 21:49:00,60.42333,-62.9,59.85167,-63.82667,126.2333,-0.57166,-0.92667,81.6864,0.179752,219.31,NTB,SM
20010,1,2021-01-22 15:45:00,2021-01-24 15:35:00,60.46667,-62.39333,60.42333,-62.9,47.8333,-0.04334,-0.50667,28.2045,0.163789,260.38,NTB,SM
20010,2,2021-01-24 15:35:00,2021-01-29 21:49:00,60.42333,-62.9,59.83333,-63.83667,126.2333,-0.59,-0.93667,83.6342,0.184038,218.74,NTB,SM
20011,1,2021-01-23 15:16:00,2021-01-30 21:41:00,57.16167,-58.63833,55.9,-59.18667,174.4167,-1.26167,-0.54834,144.2635,0.229756,193.71,NTB,MED
20011,2,2021-01-30 21:41:00,2021-02-02 15:16:00,55.9,-59.18667,55.645,-59.13833,65.5833,-0.255,0.04834,28.5154,0.120777,173.89,GEN,SM
20012,1,2021-01-23 15:16:00,2021-01-30 21:41:00,57.02333,-58.53333,56.16333,-58.98,174.4167,-0.86,-0.44667,99.4602,0.158401,196.15,NTB,SM
20012,2,2021-01-30 21:41:00,2021-02-23 19:17:00,56.16333,-58.98,53.93333,-55.34333,573.6,-2.23,3.63667,339.2546,0.164291,135.44,GEN,SM
20012,3,2021-02-23 19:17:00,2021-03-09 21:23:00,53.93333,-55.34333,52.435,-54.57167,338.1,-1.49833,0.77166,174.3577,0.14325,162.54,NTB,SM
20012,4,2021-03-09 21:23:00,2021-04-01 18:59:00,52.435,-54.57167,49.94667,-52.58833,549.6,-2.48833,1.98334,309.2621,0.156307,152.68,GEN,SM
20012,5,2021-04-01 18:59:00,2021-04-03 14:06:00,49.94667,-52.58833,50.11167,-52.48167,43.1167,0.165,0.10666,19.8662,0.127987,22.51,GEN,SM
20013,1,2021-01-23 15:16:00,2021-01-30 21:41:00,57.17833,-58.64667,56.03167,-59.42333,174.4167,-1.14666,-0.77666,136.0727,0.216711,200.77,NTB,MED
20014,1,2021-01-24 15:35:00,2021-02-10 21:49:00,59.94,-61.27667,57.875,-61.41167,414.2333,-2.065,-0.135,229.7482,0.154065,181.99,NTB,SM
20014,2,2021-02-10 21:49:00,2021-03-07 23:38:00,57.875,-61.41167,55.80667,-58.58167,601.8167,-2.06833,2.83,287.2103,0.132566,142.0,GEN,SM
20014,3,2021-03-07 23:38:00,2021-03-18 15:27:00,55.80667,-58.58167,54.705,-56.845,255.8167,-1.10167,1.73667,164.6667,0.178803,137.35,GEN,SM
20014,4,2021-03-18 15:27:00,2021-03-23 14:29:00,54.705,-56.845,54.07833,-55.26833,119.0333,-0.62667,1.57667,123.5891,0.288409,123.68,NTB,SM
20014,5,2021-03-23 14:29:00,2021-03-28 14:52:00,54.07833,-55.26833,53.40667,-55.45333,120.3833,-0.67166,-0.185,75.6695,0.174603,189.33,GEN,BB
20014,6,2021-03-28 14:52:00,2021-04-01 17:25:00,53.40667,-55.45333,53.075,-54.58167,98.55,-0.33167,0.87166,68.7354,0.193741,122.1,GEN,SM
20014,7,2021-04-01 17:25:00,2021-04-02 19:51:00,53.075,-54.58167,53.08,-54.22833,26.4333,0.005,0.35334,23.6091,0.248099,88.51,GEN,SM
20014,8,2021-04-02 19:51:00,2021-04-17 17:28:00,53.08,-54.22833,52.01167,-55.27667,357.6167,-1.06833,-1.04834,138.3332,0.10745,211.24,NTB,GR
20014,9,2021-04-17 17:28:00,2021-04-21 15:22:00,52.01167,-55.27667,52.01,-55.29167,93.9,-0.00167,-0.015,1.0433,0.003086,259.75,NTB,SM
20014,10,2021-04-21 15:22:00,2021-04-28 20:17:00,52.01,-55.29167,52.005,-55.52,172.9167,-0.005,-0.22833,15.6384,0.025122,268.05,NTB,SM
20014,11,2021-04-28 20:17:00,2021-04-29 17:47:00,52.005,-55.52,52.005,-55.65167,21.5,0.0,-0.13167,9.0129,0.116446,270.05,GEN,MED
20014,12,2021-04-29 17:47:00,2021-05-04 15:13:00,52.005,-55.65167,51.89,-56.025,117.4333,-0.115,-0.37333,28.6049,0.067662,243.59,GEN,SM
20014,13,2021-05-04 15:13:00,2021-05-17 15:08:00,51.89,-56.025,51.99333,-55.83833,311.9167,0.10333,0.18667,17.1973,0.015315,48.0,NTB,SM
20014,14,2021-05-17 15:08:00,2021-05-28 15:15:00,51.99333,-55.83833,52.0,-55.84667,264.1167,0.00667,-0.00834,0.936,0.000984,322.41,DOM,SM
20014,15,2021-05-28 15:15:00,2021-06-03 11:01:00,52.0,-55.84667,51.80333,-55.97,139.7667,-0.19667,-0.12333,23.4486,0.046603,201.2,DOM,SM
20015,1,2021-01-24 15:35:00,2021-02-10 21:49:00,59.595,-61.22667,57.39833,-61.235,414.2333,-2.19667,-0.00833,244.259,0.163796,180.12,NTB,SM
20015,2,2021-02-10 21:49:00,2021-03-08 01:04:00,57.39833,-61.235,55.48667,-58.63333,603.25,-1.91166,2.60167,265.9612,0.122467,141.96,GEN,SM
20015,3,2021-03-08 01:04:00,2021-03-18 15:28:00,55.48667,-58.63333,54.71833,-56.985,254.4,-0.76834,1.64833,135.252,0.147681,128.49,GEN,SM
20016,1,2021-01-24 15:35:00,2021-02-10 21:49:00,59.875,-61.10833,57.59833,-61.30667,414.2333,-2.27667,-0.19834,253.4125,0.169934,182.67,NTB,SM
20017,1,2021-01-27 10:04:00,2021-01-28 09:55:00,53.89333,-56.83333,53.89333,-56.83333,23.85,0.0,0.0,0.0,0.0,0.0,GEN,MED
20020,1,2021-01-29 21:49:00,2021-02-10 21:49:00,57.97167,-61.92,57.81667,-61.45,288.0,-0.155,0.47,32.6889,0.031529,121.62,GEN,MED
20021,1,2021-01-29 21:49:00,2021-01-31 15:26:00,58.59333,-62.52667,58.44167,-62.27833,41.6167,-0.15166,0.24834,22.1891,0.148105,139.36,GEN,SM
20021,2,2021-01-31 15:26:00,2021-02-10 21:49:00,58.44167,-62.27833,58.44333,-62.43,246.3833,0.00166,-0.15167,8.8283,0.009953,271.26,NTB,MED
20021,3,2021-02-10 21:49:00,2021-02-22 21:49:00,58.44333,-62.43,57.93333,-60.66333,288.0,-0.51,1.76667,118.0579,0.113868,117.95,GEN,MED
20021,4,2021-02-22 21:49:00,2021-03-01 10:27:00,57.93333,-60.66333,57.30333,-60.39333,156.6333,-0.63,0.27,71.8742,0.127464,166.96,GEN,SM
20021,5,2021-03-01 10:27:00,2021-03-06 21:49:00,57.30333,-60.39333,57.22333,-61.24667,131.3667,-0.08,-0.85334,52.0779,0.11012,260.52,GEN,SM
20021,6,2021-03-06 21:49:00,2021-03-08 10:19:00,57.22333,-61.24667,57.06833,-61.13167,36.5,-0.155,0.115,18.5789,0.141392,158.03,GEN,MED
20021,7,2021-03-08 10:19:00,2021-03-15 10:11:00,57.06833,-61.13167,56.0,-59.95167,167.8667,-1.06833,1.18,139.0884,0.230157,148.16,GEN,MED
20021,8,2021-03-15 10:11:00,2021-03-21 15:07:00,56.0,-59.95167,55.22167,-58.66833,148.9333,-0.77833,1.28334,118.2605,0.220569,136.51,GEN,MED
20021,9,2021-03-21 15:07:00,2021-03-24 15:16:00,55.22167,-58.66833,55.02,-58.13167,72.15,-0.20167,0.53666,40.8329,0.157207,123.09,NTB,MED
20021,10,2021-03-24 15:16:00,2021-04-08 15:16:00,55.02,-58.13167,55.49833,-57.91833,360.0,0.47833,0.21334,54.8789,0.042345,14.17,NTB,SM
20021,11,2021-04-08 15:16:00,2021-04-12 21:41:00,55.49833,-57.91833,55.365,-57.27333,102.4167,-0.13333,0.645,43.3099,0.117466,109.75,NTB,MED
20021,12,2021-04-12 21:41:00,2021-04-18 15:16:00,55.365,-57.27333,55.035,-57.13167,137.5833,-0.33,0.14166,37.7795,0.076276,166.18,GEN,SM
20021,13,2021-04-18 15:16:00,2021-04-21 19:28:00,55.035,-57.13167,54.91333,-56.45333,76.2,-0.12167,0.67834,45.3561,0.16534,107.08,NTB,SM
20021,14,2021-04-21 19:28:00,2021-04-27 10:04:00,54.91333,-56.45333,54.46833,-56.705,134.6,-0.445,-0.25167,52.0582,0.107434,198.2,WDG,SM
20021,15,2021-04-27 10:04:00,2021-04-28 09:56:00,54.46833,-56.705,54.47,-56.70833,23.8667,0.00167,-0.00333,0.2842,0.003308,310.79,GEN,MED
20021,16,2021-04-28 09:56:00,2021-05-01 10:00:00,54.47,-56.70833,54.33167,-56.82833,72.0667,-0.13833,-0.12,17.2315,0.066418,206.84,GEN,MED
20021,17,2021-05-01 10:00:00,2021-05-01 21:32:00,54.33167,-56.82833,54.33167,-56.82833,11.5333,0.0,0.0,0.0,0.0,0.0,GEN,MED
20021,18,2021-05-01 21:32:00,2021-05-04 09:56:00,54.33167,-56.82833,54.195,-56.83333,60.4,-0.13667,-0.005,15.2005,0.069907,181.23,GEN,SM
20021,19,2021-05-04 09:56:00,2021-05-10 09:56:00,54.195,-56.83333,54.29,-56.81333,144.0,0.095,0.02,10.6432,0.020531,7.01,GEN,MED
20022,1,2021-01-30 15:07:00,2021-02-03 09:56:00,54.70833,-56.90333,54.02,-57.035,90.8167,-0.68833,-0.13167,77.0127,0.235556,186.41,NTB,MED
20025,1,2021-02-10 15:26:00,2021-02-15 15:26:00,57.67833,-60.025,57.43333,-60.005,120.0,-0.245,0.02,27.2689,0.063122,177.48,NTB,SM
20025,2,2021-02-15 15:26:00,2021-02-24 19:37:00,57.43333,-60.005,57.25667,-59.03833,220.1833,-0.17666,0.96667,61.2344,0.077252,108.3,NTB,SM
20027,1,2021-02-12 15:16:00,2021-02-23 19:13:00,55.81667,-58.53833,54.15833,-55.22333,267.95,-1.65834,3.315,280.5379,0.290827,129.72,NTB,SM
20027,2,2021-02-23 19:13:00,2021-03-15 12:08:00,54.15833,-55.22333,53.05667,-55.26167,472.9167,-1.10166,-0.03834,122.5251,0.071968,181.2,TAB,SM
20028,1,2021-02-15 15:26:00,2021-02-24 19:33:00,58.005,-61.05833,57.45667,-59.4,220.1167,-0.54833,1.65833,115.796,0.14613,121.07,NTB,SM
20029,1,2021-02-15 15:26:00,2021-02-22 21:49:00,58.14,-60.035,57.82833,-59.98167,174.3833,-0.31167,0.05333,34.7984,0.055431,174.79,NTB,SM
20030,1,2021-02-21 15:42:00,2021-03-06 21:49:00,60.38333,-61.11833,59.775,-60.92,318.1167,-0.60833,0.19833,68.5317,0.059842,170.68,NTB,SM
20030,2,2021-03-06 21:49:00,2021-03-12 10:18:00,59.775,-60.92,59.58667,-60.34167,132.4833,-0.18833,0.57833,38.6316,0.080999,122.58,GEN,MED
20031,1,2021-02-21 15:42:00,2021-02-24 18:41:00,60.35333,-61.07,59.85333,-60.47667,74.9833,-0.5,0.59333,64.5941,0.239291,149.14,NTB,SM
20031,2,2021-02-24 18:41:00,2021-03-01 10:27:00,59.85333,-60.47667,59.59333,-60.95667,111.7667,-0.26,-0.48,39.4961,0.098161,223.15,NTB,SM
20031,3,2021-03-01 10:27:00,2021-03-05 15:35:00,59.59333,-60.95667,59.43833,-60.28833,101.1333,-0.155,0.66834,41.4531,0.113857,114.28,GEN,SM
20032,1,2021-02-22 21:49:00,2021-03-01 10:27:00,58.10833,-60.40833,58.055,-60.40833,156.6333,-0.05333,0.0,5.93,0.010516,180.0,GEN,MED
20033,1,2021-02-22 21:49:00,2021-03-01 10:27:00,58.06667,-60.27167,57.98333,-60.02833,156.6333,-0.08334,0.24334,17.0642,0.030262,122.79,GEN,MED
20033,2,2021-03-01 10:27:00,2021-03-08 10:19:00,57.98333,-60.02833,57.95667,-60.39167,167.8667,-0.02666,-0.36334,21.6316,0.035795,262.28,GEN,SM
20034,1,2021-02-23 17:56:00,2021-03-05 09:55:00,55.36667,-58.08833,54.73,-56.89667,231.9833,-0.63667,1.19166,103.7968,0.124287,132.51,WDG,SM
20034,2,2021-03-05 09:55:00,2021-03-08 09:28:00,54.73,-56.89667,54.71667,-56.45,71.55,-0.01333,0.44667,28.7224,0.111509,92.78,GEN,SM
20034,3,2021-03-08 09:28:00,2021-04-01 20:27:00,54.71667,-56.45,51.30667,-54.45833,586.9833,-3.41,1.99167,401.8623,0.190173,159.84,GEN,SM
20035,1,2021-02-23 18:07:00,2021-03-07 18:52:00,55.62,-57.82667,54.86333,-54.72,288.75,-0.75667,3.10667,214.1396,0.206003,111.85,NTB,GR
20035,2,2021-03-07 18:52:00,2021-03-23 17:48:00,54.86333,-54.72,52.795,-54.35,382.9333,-2.06833,0.37,231.2652,0.167759,173.82,NTB,GR
20035,3,2021-03-23 17:48:00,2021-04-01 18:13:00,52.795,-54.35,51.81333,-54.07167,216.4167,-0.98167,0.27833,110.7848,0.142196,170.05,DD,SM
20037,1,2021-02-24 18:30:00,2021-03-01 10:27:00,58.95167,-61.575,58.80167,-62.34833,111.95,-0.15,-0.77333,47.473,0.117793,249.76,NTB,LG
20038,1,2021-02-24 18:30:00,2021-03-01 10:27:00,58.855,-60.715,58.16333,-60.59167,111.95,-0.69167,0.12333,77.243,0.191661,174.63,NTB,MED
20038,2,2021-03-01 10:27:00,2021-03-06 21:49:00,58.16333,-60.59167,57.40167,-60.93833,131.3667,-0.76166,-0.34666,87.1501,0.184281,193.79,GEN,MED
20038,3,2021-03-06 21:49:00,2021-03-08 10:19:00,57.40167,-60.93833,57.275,-61.27833,36.5,-0.12667,-0.34,24.7927,0.188681,235.52,GEN,MED
20039,1,2021-02-24 18:35:00,2021-03-01 10:27:00,59.46667,-60.99833,59.04667,-60.80667,111.8667,-0.42,0.19166,47.9557,0.119079,166.79,NTB,SM
20039,2,2021-03-01 10:27:00,2021-03-05 15:35:00,59.04667,-60.80667,58.63167,-60.945,101.1333,-0.415,-0.13833,46.8272,0.128618,189.85,GEN,SM
20039,3,2021-03-05 15:35:00,2021-03-08 10:19:00,58.63167,-60.945,58.31333,-61.37,66.7333,-0.31834,-0.425,43.17,0.179695,215.1,DD,MED
20040,1,2021-02-24 18:36:00,2021-03-01 10:27:00,59.49667,-60.885,59.03667,-60.675,111.85,-0.46,0.21,52.5232,0.130441,166.78,NTB,SM
20040,2,2021-03-01 10:27:00,2021-03-08 10:19:00,59.03667,-60.675,58.20833,-60.99833,167.8667,-0.82834,-0.32333,93.9899,0.15553,191.63,GEN,SM
20041,1,2021-02-24 18:37:00,2021-03-01 10:27:00,59.51,-60.43833,59.12667,-60.41833,111.8333,-0.38333,0.02,42.6395,0.10591,178.47,NTB,SM
20042,1,2021-02-24 18:38:00,2021-03-15 10:11:00,59.49333,-60.33167,58.09833,-60.02333,447.55,-1.395,0.30834,156.1302,0.096904,173.34,NTB,MED
20043,1,2021-02-24 18:39:00,2021-03-01 10:27:00,59.73333,-60.97167,59.53333,-60.75167,111.8,-0.2,0.22,25.4462,0.063223,150.83,NTB,SM
20043,2,2021-03-01 10:27:00,2021-03-05 15:35:00,59.53333,-60.75167,59.32167,-60.37833,101.1333,-0.21166,0.37334,31.6189,0.086846,137.94,GEN,SM
20043,3,2021-03-05 15:35:00,2021-03-15 10:11:00,59.32167,-60.37833,57.91,-60.095,234.6,-1.41167,0.28333,157.8253,0.186873,173.91,NTB,SM
20044,1,2021-02-24 18:40:00,2021-03-01 10:27:00,59.78833,-60.81833,59.59833,-60.80333,111.7833,-0.19,0.015,21.1438,0.052542,177.71,NTB,MED
20044,2,2021-03-01 10:27:00,2021-03-05 15:35:00,59.59833,-60.80333,59.37,-60.13333,101.1333,-0.22833,0.67,45.5594,0.125136,123.58,GEN,MED
20044,3,2021-03-05 15:35:00,2021-03-15 10:11:00,59.37,-60.13333,58.08833,-59.69167,234.6,-1.28167,0.44166,144.7764,0.171422,169.67,NTB,SM
20045,1,2021-02-24 18:41:00,2021-03-01 10:27:00,59.69333,-60.44833,59.26333,-59.915,111.7667,-0.43,0.53333,56.5086,0.140443,147.56,NTB,SM
20045,2,2021-03-01 10:27:00,2021-03-05 15:35:00,59.26333,-59.915,59.195,-60.66,101.1333,-0.06833,-0.745,43.057,0.118262,260.16,GEN,SM
20047,1,2021-02-24 18:43:00,2021-03-01 10:27:00,59.67167,-60.16667,59.065,-59.95833,111.7333,-0.60667,0.20834,68.4834,0.170255,169.99,NTB,MED
20047,2,2021-03-01 10:27:00,2021-03-15 10:08:00,59.065,-59.95833,58.24833,-59.76667,335.6833,-0.81667,0.19166,91.4836,0.075703,172.96,GEN,MED
20048,1,2021-02-24 18:44:00,2021-03-01 10:27:00,59.53833,-60.39333,59.175,-60.57,111.7167,-0.36333,-0.17667,41.6227,0.103493,194.0,NTB,SM
20048,2,2021-03-01 10:27:00,2021-03-05 15:35:00,59.175,-60.57,59.09167,-61.115,101.1333,-0.08333,-0.545,32.4422,0.089107,253.64,GEN,SM
20049,1,2021-02-24 18:45:00,2021-03-01 10:27:00,59.53833,-60.34167,59.17167,-60.49167,111.7,-0.36666,-0.15,41.6477,0.10357,191.84,NTB,MED
20050,1,2021-02-24 18:48:00,2021-03-01 10:27:00,59.57333,-60.41833,59.08167,-60.62333,111.65,-0.49166,-0.205,55.893,0.139058,192.1,NTB,SM
20051,1,2021-02-24 18:52:00,2021-03-01 10:27:00,59.50333,-59.99,59.01,-60.49667,111.5833,-0.49333,-0.50667,61.9561,0.154235,207.92,NTB,SM
20052,1,2021-02-24 18:52:00,2021-03-01 10:27:00,59.215,-60.22167,58.39667,-60.285,111.5833,-0.81833,-0.06333,91.0672,0.226705,182.32,NTB,MED
20059,1,2021-02-24 18:57:00,2021-03-15 10:11:00,59.27833,-60.08667,58.24833,-59.76667,447.2333,-1.03,0.32,116.0073,0.072052,170.71,NTB,MED
20060,1,2021-02-24 18:57:00,2021-03-01 10:27:00,59.27167,-60.63333,58.53,-60.17,111.5,-0.74167,0.46333,86.6565,0.215886,161.92,NTB,MED
20068,1,2021-02-24 19:13:00,2021-03-06 21:49:00,57.70833,-59.77167,57.35167,-60.63833,242.6,-0.35666,-0.86666,65.1869,0.074639,232.89,NTB,LG
20068,2,2021-03-06 21:49:00,2021-03-12 10:18:00,57.35167,-60.63833,57.09333,-60.89333,132.4833,-0.25834,-0.255,32.5703,0.06829,208.23,GEN,MED
20068,3,2021-03-12 10:18:00,2021-03-16 21:49:00,57.09333,-60.89333,56.68167,-60.63167,107.5167,-0.41166,0.26166,48.4554,0.125188,160.74,GEN,MED
20069,1,2021-02-24 19:14:00,2021-03-27 15:26:00,58.405,-59.53833,57.29833,-59.53667,740.2,-1.10667,0.00166,123.0561,0.04618,179.95,NTB,SM
20069,2,2021-03-27 15:26:00,2021-04-13 10:19:00,57.29833,-59.53667,57.225,-60.13167,402.8833,-0.07333,-0.595,36.6973,0.025302,257.41,NTB,SM
20069,3,2021-04-13 10:19:00,2021-04-19 17:12:00,57.225,-60.13167,57.19,-60.375,150.8833,-0.035,-0.24333,15.162,0.027913,255.23,GEN,MED
20069,4,2021-04-19 17:12:00,2021-04-29 21:49:00,57.19,-60.375,56.47,-60.35,244.6167,-0.72,0.025,80.0748,0.09093,178.9,GEN,GEN
20069,5,2021-04-29 21:49:00,2021-05-02 10:11:00,56.47,-60.35,56.205,-60.125,60.3667,-0.265,0.225,32.5669,0.149857,154.7,GEN,MED
20069,6,2021-05-02 10:11:00,2021-05-05 21:48:00,56.205,-60.125,55.93167,-59.78167,83.6167,-0.27333,0.34333,37.1194,0.123312,144.82,GEN,MED
20069,7,2021-05-05 21:48:00,2021-05-06 21:41:00,55.93167,-59.78167,55.835,-59.665,23.8833,-0.09667,0.11667,12.9804,0.15097,145.86,GEN,MED
20069,8,2021-05-06 21:41:00,2021-05-14 10:11:00,55.835,-59.665,55.25167,-58.79333,180.5,-0.58333,0.87167,84.937,0.130713,139.43,GEN,MED
20069,9,2021-05-14 10:11:00,2021-05-15 10:15:00,55.25167,-58.79333,55.24,-58.80667,24.0667,-0.01167,-0.01334,1.5488,0.017877,213.1,GEN,MED
20069,10,2021-05-15 10:15:00,2021-05-21 10:03:00,55.24,-58.80667,54.955,-57.84,143.8,-0.285,0.96667,69.1868,0.133648,116.86,GEN,LG
20069,11,2021-05-21 10:03:00,2021-05-28 09:55:00,54.955,-57.84,54.39,-56.62833,167.8667,-0.565,1.21167,100.0811,0.165609,128.39,GEN,MED
20069,12,2021-05-28 09:55:00,2021-06-03 09:56:00,54.39,-56.62833,53.24167,-55.41333,144.0167,-1.14833,1.215,150.5481,0.290375,147.52,GEN,MED
20069,13,2021-06-03 09:56:00,2021-06-21 09:56:00,53.24167,-55.41333,51.65,-55.7,432.0,-1.59167,-0.28667,178.0484,0.114486,186.38,GEN,MED
20071,1,2021-02-24 19:22:00,2021-03-24 15:16:00,58.03667,-59.22,56.81833,-58.76167,667.9,-1.21834,0.45833,138.2229,0.057487,168.36,NTB,SM
20076,1,2021-02-24 19:34:00,2021-03-08 10:19:00,57.36167,-59.22667,57.205,-60.19833,278.75,-0.15667,-0.97166,60.9385,0.060726,253.8,NTB,MED
20076,2,2021-03-08 10:19:00,2021-03-15 10:11:00,57.205,-60.19833,56.28833,-59.59833,167.8667,-0.91667,0.6,108.2943,0.1792,160.01,GEN,MED
20077,1,2021-02-24 19:41:00,2021-03-13 09:53:00,56.48667,-58.10167,55.76333,-54.045,398.2,-0.72334,4.05667,263.9301,0.184113,106.05,RAD,SM
20079,1,2021-03-01 10:27:00,2021-03-06 21:49:00,58.48833,-61.78,57.92,-61.84833,131.3667,-0.56833,-0.06833,63.3221,0.133896,183.65,GEN,SM
20079,2,2021-03-06 21:49:00,2021-03-08 10:19:00,57.92,-61.84833,57.91833,-61.85333,36.5,-0.00167,-0.005,0.3488,0.002655,237.84,GEN,MED
20080,1,2021-03-01 10:27:00,2021-03-05 15:35:00,59.425,-59.91333,59.39167,-59.995,101.1333,-0.03333,-0.08167,5.9241,0.016271,231.31,GEN,SM
20080,2,2021-03-05 15:35:00,2021-03-15 10:11:00,59.39167,-59.995,58.00833,-59.67167,234.6,-1.38334,0.32333,154.9498,0.183468,172.94,NTB,SM
20081,1,2021-03-01 10:27:00,2021-03-05 15:35:00,59.365,-61.16833,59.25667,-61.23667,101.1333,-0.10833,-0.06834,12.6547,0.034758,197.88,GEN,SM
20081,2,2021-03-05 15:35:00,2021-03-12 10:18:00,59.25667,-61.23667,59.07,-60.99167,162.7167,-0.18667,0.245,25.0169,0.042707,145.96,NTB,MED
20081,3,2021-03-12 10:18:00,2021-03-14 10:35:00,59.07,-60.99167,58.865,-60.96833,48.2833,-0.205,0.02334,22.8342,0.131367,176.63,GEN,MED
20082,1,2021-03-01 10:27:00,2021-03-05 15:35:00,59.35,-60.75333,59.39667,-60.68667,101.1333,0.04667,0.06666,6.4179,0.017628,36.01,GEN,MED
20082,2,2021-03-05 15:35:00,2021-03-13 10:27:00,59.39667,-60.68667,58.63833,-61.01667,186.8667,-0.75834,-0.33,86.4131,0.128453,192.77,NTB,MED
20083,1,2021-03-01 10:27:00,2021-03-05 15:35:00,59.33167,-61.08,59.17833,-61.21,101.1333,-0.15334,-0.13,18.5831,0.051041,203.49,GEN,SM
20084,1,2021-03-01 10:27:00,2021-03-05 15:35:00,59.23667,-60.765,59.245,-61.21,101.1333,0.00833,-0.445,25.3234,0.069554,272.29,GEN,MED
20084,2,2021-03-05 15:35:00,2021-03-15 10:08:00,59.245,-61.21,58.69667,-61.085,234.55,-0.54833,0.125,61.391,0.072705,173.24,NTB,MED
20086,1,2021-03-05 09:55:00,2021-03-06 09:48:00,55.23667,-54.87,55.09,-54.65,23.8833,-0.14667,0.22,21.4769,0.24979,139.32,GEN,MED
20086,2,2021-03-06 09:48:00,2021-03-07 18:58:00,55.09,-54.65,54.85,-54.57833,33.1667,-0.24,0.07167,27.076,0.226767,170.24,GEN,MED
20086,3,2021-03-07 18:58:00,2021-03-31 09:39:00,54.85,-54.57833,52.225,-51.62667,566.6833,-2.625,2.95166,350.9917,0.17205,145.05,NTB,MED
20086,4,2021-03-31 09:39:00,2021-04-01 15:47:00,52.225,-51.62667,52.08667,-51.20167,30.1333,-0.13833,0.425,32.8209,0.302552,117.78,GEN,SM
20087,1,2021-03-05 09:55:00,2021-03-07 18:49:00,55.26333,-55.55167,54.86667,-54.71833,56.9,-0.39666,0.83334,68.9999,0.336848,129.39,GEN,MED
20087,2,2021-03-07 18:49:00,2021-03-28 09:53:00,54.86667,-54.71833,52.535,-53.25,495.0667,-2.33167,1.46833,276.685,0.155246,158.96,NTB,MED
20087,3,2021-03-28 09:53:00,2021-04-01 18:13:00,52.535,-53.25,52.05167,-53.88167,104.3333,-0.48333,-0.63167,68.8027,0.183181,218.89,GEN,SM
20087,4,2021-04-01 18:13:00,2021-04-05 09:47:00,52.05167,-53.88167,51.91667,-53.55833,87.5667,-0.135,0.32334,26.7518,0.084862,124.01,GEN,SM
20087,5,2021-04-05 09:47:00,2021-04-06 09:40:00,51.91667,-53.55833,52.02833,-53.51167,23.8833,0.11166,0.04666,12.8208,0.149114,14.42,GEN,MED
20088,1,2021-03-06 09:48:00,2021-03-07 19:00:00,55.03333,-54.715,54.765,-54.56833,33.2,-0.26833,0.14667,31.276,0.26168,162.49,GEN,MED
20089,1,2021-03-06 21:48:00,2021-03-07 19:00:00,56.24333,-60.25167,56.24333,-60.23833,21.2,0.0,0.01334,0.8242,0.0108,89.99,GEN,MED
20089,2,2021-03-07 19:00:00,2021-03-08 10:19:00,56.24333,-60.23833,56.24333,-60.235,15.3167,0.0,0.00333,0.2058,0.003731,90.0,PIN,MED
20089,3,2021-03-08 10:19:00,2021-03-15 10:11:00,56.24333,-60.235,55.18667,-58.60333,167.8667,-1.05666,1.63167,155.7175,0.257674,138.31,GEN,MED
20089,4,2021-03-15 10:11:00,2021-03-21 15:07:00,55.18667,-58.60333,55.29667,-57.45,148.9333,0.11,1.15333,74.1294,0.13826,80.03,GEN,MED
20089,5,2021-03-21 15:07:00,2021-03-22 10:03:00,55.29667,-57.45,55.22167,-57.47,18.9333,-0.075,-0.02,8.4354,0.123758,188.65,NTB,MED
20089,6,2021-03-22 10:03:00,2021-03-23 17:11:00,55.22167,-57.47,55.12833,-57.15167,31.1333,-0.09334,0.31833,22.7229,0.202738,117.05,GEN,MED
20089,7,2021-03-23 17:11:00,2021-03-28 14:52:00,55.12833,-57.15167,54.28667,-56.61167,117.6833,-0.84166,0.54,99.8103,0.235591,159.44,GEN,SM
20089,8,2021-03-28 14:52:00,2021-04-03 10:02:00,54.28667,-56.61167,53.83333,-55.69333,139.1667,-0.45334,0.91834,78.3142,0.156316,129.69,GEN,MED
20089,9,2021-04-03 10:02:00,2021-04-21 13:30:00,53.83333,-55.69333,53.01167,-55.34667,435.4667,-0.82166,0.34666,94.2074,0.060094,165.75,GEN,MED
20090,1,2021-03-06 21:48:00,2021-03-07 20:55:00,56.19,-60.28333,56.08,-59.58,23.1167,-0.11,0.70333,45.2635,0.543901,105.39,GEN,MED
20090,2,2021-03-07 20:55:00,2021-03-08 10:19:00,56.08,-59.58,56.15167,-60.29833,13.4,0.07167,-0.71833,45.2386,0.937783,280.44,PIN,MED
20090,3,2021-03-08 10:19:00,2021-03-15 14:00:00,56.15167,-60.29833,55.15167,-57.75833,171.6833,-1.0,2.54,194.2965,0.314365,123.85,GEN,MED
20090,4,2021-03-15 14:00:00,2021-03-18 15:27:00,55.15167,-57.75833,54.64833,-57.095,73.45,-0.50334,0.66333,70.2223,0.265571,142.57,GEN,SM
20090,5,2021-03-18 15:27:00,2021-03-28 14:52:00,54.64833,-57.095,53.33333,-55.40667,239.4167,-1.315,1.68833,183.1895,0.212541,142.27,PIN,SM
20090,6,2021-03-28 14:52:00,2021-04-03 10:58:00,53.33333,-55.40667,52.60833,-54.87833,140.1,-0.725,0.52834,88.0375,0.174553,156.09,GEN,SM
20090,7,2021-04-03 10:58:00,2021-04-14 18:09:00,52.60833,-54.87833,51.88663,-55.54791,271.1833,-0.7217,-0.66958,92.2916,0.094536,209.86,GEN,SM
20090,8,2021-04-14 18:09:00,2021-04-16 16:52:00,51.88663,-55.54791,51.62333,-56.08,46.7167,-0.2633,-0.53209,46.8888,0.278801,231.57,NTB,BB
20090,9,2021-04-16 16:52:00,2021-04-17 18:17:00,51.62333,-56.08,51.50833,-56.305,25.4167,-0.115,-0.225,20.1342,0.220046,230.66,DOM,SM
20090,10,2021-04-17 18:17:00,2021-04-21 14:58:00,51.50833,-56.305,51.39667,-57.12667,92.6833,-0.11166,-0.82167,58.2734,0.174649,258.02,DOM,SM
20091,1,2021-03-06 21:48:00,2021-03-07 15:26:00,55.80833,-59.725,55.84,-59.72,17.6333,0.03167,0.005,3.5354,0.055693,5.07,GEN,LG
20091,2,2021-03-07 15:26:00,2021-03-21 15:07:00,55.84,-59.72,55.30833,-57.57167,335.6833,-0.53167,2.14833,147.4149,0.121986,112.75,NTB,MED
20091,3,2021-03-21 15:07:00,2021-03-22 10:03:00,55.30833,-57.57167,55.23667,-57.585,18.9333,-0.07166,-0.01333,8.0128,0.117559,186.05,NTB,MED
20091,4,2021-03-22 10:03:00,2021-03-23 17:11:00,55.23667,-57.585,55.14833,-57.20333,31.1333,-0.08834,0.38167,26.1412,0.233237,111.91,GEN,MED
20091,5,2021-03-23 17:11:00,2021-03-28 14:52:00,55.14833,-57.20333,54.38167,-56.755,117.6833,-0.76666,0.44833,89.9692,0.212362,161.17,GEN,SM
20092,1,2021-03-06 21:50:00,2021-03-12 10:18:00,60.50833,-62.17,59.935,-61.3,132.4667,-0.57333,0.87,79.8271,0.167394,142.62,GEN,MED
20092,2,2021-03-12 10:18:00,2021-03-13 10:27:00,59.935,-61.3,59.89,-61.12833,24.15,-0.045,0.17167,10.7989,0.124211,117.53,GEN,MED
20092,3,2021-03-13 10:27:00,2021-03-14 10:35:00,59.89,-61.12833,59.71333,-60.83667,24.1333,-0.17667,0.29166,25.5347,0.293907,140.17,GEN,MED
20092,4,2021-03-14 10:35:00,2021-03-20 10:19:00,59.71333,-60.83667,57.52667,-60.32167,143.7333,-2.18666,0.515,244.9651,0.473417,172.79,GEN,MED
20092,5,2021-03-20 10:19:00,2021-03-27 15:26:00,57.52667,-60.32167,56.64,-59.70167,173.1167,-0.88667,0.62,105.47,0.169234,158.93,GEN,MED
20092,6,2021-03-27 15:26:00,2021-04-03 10:03:00,56.64,-59.70167,55.815,-58.22,162.6167,-0.825,1.48167,129.6228,0.221418,134.43,NTB,MED
20092,7,2021-04-03 10:03:00,2021-04-08 15:16:00,55.815,-58.22,55.73667,-57.24833,125.2167,-0.07833,0.97167,61.3884,0.136183,97.75,GEN,MED
20092,8,2021-04-08 15:16:00,2021-04-15 10:03:00,55.73667,-57.24833,55.09,-55.84167,162.7833,-0.64667,1.40666,114.2499,0.194959,128.42,NTB,MED
20092,9,2021-04-15 10:03:00,2021-04-16 09:56:00,55.09,-55.84167,54.84833,-55.655,23.8833,-0.24167,0.18667,29.3954,0.341886,156.01,GEN,MED
20092,10,2021-04-16 09:56:00,2021-04-21 19:37:00,54.84833,-55.655,54.51167,-55.91167,129.6833,-0.33666,-0.25667,40.91,0.087628,203.89,GEN,MED
20092,11,2021-04-21 19:37:00,2021-05-04 09:56:00,54.51167,-55.91167,54.16667,-54.29,302.3167,-0.345,1.62167,111.9026,0.10282,109.39,DOM,MED
20092,12,2021-05-04 09:56:00,2021-05-16 17:26:00,54.16667,-54.29,53.72333,-55.91833,295.5,-0.44334,-1.62833,117.4124,0.110371,245.83,GEN,MED
20092,13,2021-05-16 17:26:00,2021-05-28 18:06:00,53.72333,-55.91833,53.65,-55.355,288.6667,-0.07333,0.56333,37.9806,0.036548,102.17,GEN,MED
20093,1,2021-03-06 21:49:00,2021-03-12 10:18:00,59.99833,-61.94667,59.67167,-61.82667,132.4833,-0.32666,0.12,36.9366,0.077445,169.49,GEN,MED
20093,2,2021-03-12 10:18:00,2021-03-14 10:35:00,59.67167,-61.82667,59.495,-62.365,48.2833,-0.17667,-0.53833,36.1159,0.207778,237.28,GEN,MED
20093,3,2021-03-14 10:35:00,2021-04-01 10:19:00,59.495,-62.365,57.92,-61.85667,431.7333,-1.575,0.50833,177.5744,0.114252,170.27,GEN,MED
20093,4,2021-04-01 10:19:00,2021-04-06 10:27:00,57.92,-61.85667,57.91833,-61.85167,120.1333,-0.00167,0.005,0.3488,0.000807,122.16,GEN,MED
20093,5,2021-04-06 10:27:00,2021-04-10 10:26:00,57.91833,-61.85167,57.91833,-61.85167,95.9833,0.0,0.0,0.0,0.0,0.0,GEN,MED
20094,1,2021-03-06 21:49:00,2021-03-12 10:18:00,59.87833,-62.28167,60.00333,-61.61833,132.4833,0.125,0.66334,39.4738,0.082765,69.1,GEN,SM
20094,2,2021-03-12 10:18:00,2021-03-14 10:35:00,60.00333,-61.61833,59.775,-61.365,48.2833,-0.22833,0.25333,29.057,0.167167,150.79,GEN,SM
20094,3,2021-03-14 10:35:00,2021-03-25 10:27:00,59.775,-61.365,58.97,-60.41333,263.8667,-0.805,0.95167,104.4905,0.109999,148.53,GEN,SM
20095,1,2021-03-06 21:49:00,2021-03-12 10:18:00,59.8,-62.10833,59.795,-61.31333,132.4833,-0.005,0.795,44.4735,0.093248,90.37,GEN,MED
20095,2,2021-03-12 10:18:00,2021-03-20 10:19:00,59.795,-61.31333,57.91833,-61.85333,192.0167,-1.87667,-0.54,210.9723,0.3052,188.7,GEN,MED
20095,3,2021-03-20 10:19:00,2021-03-27 15:26:00,57.91833,-61.85333,58.12,-61.92333,173.1167,0.20167,-0.07,22.8005,0.036585,349.61,GEN,MED
20095,4,2021-03-27 15:26:00,2021-03-30 21:49:00,58.12,-61.92333,57.92,-61.84833,78.3833,-0.2,0.075,22.6734,0.080351,168.73,NTB,SM
20095,5,2021-03-30 21:49:00,2021-04-01 10:19:00,57.92,-61.84833,57.91833,-61.85833,36.5,-0.00167,-0.01,0.6191,0.004711,252.55,GEN,MED
20096,1,2021-03-06 21:49:00,2021-03-12 10:18:00,59.44167,-62.34667,59.55667,-61.95167,132.4833,0.115,0.395,25.6997,0.053885,59.99,GEN,SM
20096,2,2021-03-12 10:18:00,2021-03-13 10:27:00,59.55667,-61.95167,59.57,-61.995,24.15,0.01333,-0.04333,2.8556,0.032845,301.29,GEN,MED
20096,3,2021-03-13 10:27:00,2021-03-14 10:35:00,59.57,-61.995,59.57,-61.99667,24.1333,0.0,-0.00167,0.0941,0.001083,270.0,GEN,LG
20096,4,2021-03-14 10:35:00,2021-03-27 15:26:00,59.57,-61.99667,58.46,-61.32,316.85,-1.11,0.67667,129.3603,0.113408,162.29,GEN,MED
20096,5,2021-03-27 15:26:00,2021-04-12 10:08:00,58.46,-61.32,56.65167,-60.62833,378.7,-1.80833,0.69167,205.2638,0.150562,168.11,NTB,LG
20096,6,2021-04-12 10:08:00,2021-04-19 18:05:00,56.65167,-60.62833,55.925,-59.74167,175.95,-0.72667,0.88666,97.5853,0.154061,145.52,GEN,LG
20096,7,2021-04-19 18:05:00,2021-05-01 10:00:00,55.925,-59.74167,55.37667,-58.17,279.9167,-0.54833,1.57167,115.9303,0.115044,121.08,PIN,MED
20096,8,2021-05-01 10:00:00,2021-05-02 10:11:00,55.37667,-58.17,55.32,-58.095,24.1833,-0.05667,0.075,7.8862,0.090584,143.01,GEN,MED
20096,9,2021-05-02 10:11:00,2021-05-05 21:09:00,55.32,-58.095,54.77167,-57.285,82.9667,-0.54833,0.81,79.8755,0.267428,139.43,GEN,MED
20096,10,2021-05-05 21:09:00,2021-05-10 09:56:00,54.77167,-57.285,54.04833,-57.105,108.7833,-0.72334,0.18,81.2708,0.207525,171.69,GEN,MED
20096,11,2021-05-10 09:56:00,2021-05-16 09:56:00,54.04833,-57.105,54.07333,-57.085,144.0,0.025,0.02,3.0711,0.005924,25.14,GEN,MED
20096,12,2021-05-16 09:56:00,2021-05-21 10:03:00,54.07333,-57.085,54.52167,-56.85833,120.1167,0.44834,0.22667,51.9776,0.120202,16.35,GEN,MED
20096,13,2021-05-21 10:03:00,2021-05-28 09:55:00,54.52167,-56.85833,54.08333,-56.39,167.8667,-0.43834,0.46833,57.437,0.095044,147.87,GEN,MED
20096,14,2021-05-28 09:55:00,2021-05-28 15:53:00,54.08333,-56.39,54.05833,-56.42833,5.9667,-0.025,-0.03833,3.7393,0.174083,221.99,GEN,MED
20098,1,2021-03-07 18:40:00,2021-03-09 21:24:00,54.88167,-55.92,54.645,-55.19833,50.7333,-0.23667,0.72167,53.2546,0.291583,119.32,NTB,MED
20098,2,2021-03-09 21:24:00,2021-03-23 17:37:00,54.645,-55.19833,53.37167,-54.77167,332.2167,-1.27333,0.42666,144.306,0.120659,168.69,GEN,SM
20098,3,2021-03-23 17:37:00,2021-03-28 14:52:00,53.37167,-54.77167,52.975,-55.36,117.25,-0.39667,-0.58833,59.0172,0.139818,221.87,GEN,SM
20098,4,2021-03-28 14:52:00,2021-04-01 17:25:00,52.975,-55.36,52.09833,-54.98167,98.55,-0.87667,0.37833,100.7833,0.284073,165.14,GEN,MED
20098,5,2021-04-01 17:25:00,2021-04-21 15:12:00,52.09833,-54.98167,51.57333,-55.785,477.7833,-0.525,-0.80333,80.3391,0.046708,223.71,GEN,SM
20099,1,2021-03-07 19:01:00,2021-03-23 12:15:00,54.805,-54.305,52.78833,-53.44667,377.2333,-2.01667,0.85833,231.216,0.170257,165.54,NTB,GR
20100,1,2021-03-07 15:26:00,2021-03-23 09:56:00,56.605,-59.33833,55.23833,-55.79,378.5,-1.36667,3.54833,268.2202,0.196844,123.03,NTB,SM
20100,2,2021-03-23 09:56:00,2021-04-02 21:24:00,55.23833,-55.79,54.20833,-53.24333,251.4667,-1.03,2.54667,199.6377,0.220526,123.96,GEN,MED
20100,3,2021-04-02 21:24:00,2021-04-06 09:40:00,54.20833,-53.24333,54.27333,-52.935,84.2667,0.065,0.30833,21.2991,0.070211,70.04,GEN,MED
20100,4,2021-04-06 09:40:00,2021-04-17 15:44:00,54.27333,-52.935,52.84333,-53.52667,270.0667,-1.43,-0.59167,163.7391,0.168414,194.05,GEN,SM
20100,5,2021-04-17 15:44:00,2021-04-17 16:48:00,52.84333,-53.52667,52.82667,-53.575,1.0667,-0.01666,-0.04833,3.7379,0.973406,240.31,GEN,SM
20101,1,2021-03-07 15:26:00,2021-03-15 13:44:00,56.175,-59.66667,55.19667,-57.29833,190.3,-0.97833,2.36834,184.0314,0.268628,125.25,NTB,MED
20101,2,2021-03-15 13:44:00,2021-03-18 15:29:00,55.19667,-57.29833,54.79,-57.045,73.75,-0.40667,0.25333,48.0203,0.180867,160.23,WDG,MED
20101,3,2021-03-18 15:29:00,2021-03-21 15:07:00,54.79,-57.045,54.72833,-56.94667,71.6333,-0.06167,0.09833,9.3181,0.036133,137.35,NTB,MED
20101,4,2021-03-21 15:07:00,2021-03-23 17:11:00,54.72833,-56.94667,54.435,-56.67333,50.0667,-0.29333,0.27334,37.0692,0.205666,151.52,NTB,MED
20101,5,2021-03-23 17:11:00,2021-03-28 14:52:00,54.435,-56.67333,53.33333,-55.52167,117.6833,-1.10167,1.15166,143.8828,0.339619,147.89,GEN,SM
20101,6,2021-03-28 14:52:00,2021-04-01 17:25:00,53.33333,-55.52167,53.115,-55.39333,98.55,-0.21833,0.12834,25.7367,0.072543,160.56,GEN,SM
20101,7,2021-04-01 17:25:00,2021-04-04 09:56:00,53.115,-55.39333,52.96167,-55.47,64.5167,-0.15333,-0.07667,17.8035,0.076653,196.76,GEN,SM
20101,8,2021-04-04 09:56:00,2021-04-17 15:23:00,52.96167,-55.47,52.88667,-55.64333,317.45,-0.075,-0.17333,14.3024,0.012515,234.4,GEN,SM
20101,9,2021-04-17 15:23:00,2021-04-17 17:13:00,52.88667,-55.64333,52.86167,-55.73167,1.8333,-0.025,-0.08834,6.5482,0.992148,244.91,GEN,SM
20105,1,2021-03-08 10:19:00,2021-03-15 10:11:00,56.70833,-60.82667,55.76167,-59.68833,167.8667,-0.94666,1.13834,126.6043,0.209499,145.77,GEN,MED
20105,2,2021-03-15 10:11:00,2021-03-21 15:07:00,55.76167,-59.68833,55.02,-58.13167,148.9333,-0.74167,1.55666,128.3169,0.239326,129.35,GEN,MED
20105,3,2021-03-21 15:07:00,2021-03-23 17:11:00,55.02,-58.13167,54.84833,-57.57667,50.0667,-0.17167,0.555,40.2672,0.223409,118.07,NTB,SM
20105,4,2021-03-23 17:11:00,2021-03-28 14:52:00,54.84833,-57.57667,54.45,-56.85167,117.6833,-0.39833,0.725,64.3219,0.151824,133.22,GEN,SM
20105,5,2021-03-28 14:52:00,2021-04-04 09:56:00,54.45,-56.85167,53.88833,-55.65,163.0667,-0.56167,1.20167,100.0926,0.170504,128.12,GEN,MED
20105,6,2021-04-04 09:56:00,2021-04-21 13:30:00,53.88833,-55.65,53.075,-55.39167,411.5667,-0.81333,0.25833,92.0393,0.06212,169.19,GEN,MED
20106,1,2021-03-08 10:19:00,2021-03-15 10:11:00,56.55,-60.545,55.51333,-59.28833,167.8667,-1.03667,1.25667,139.2193,0.230373,145.37,GEN,MED
20106,2,2021-03-15 10:11:00,2021-03-21 15:07:00,55.51333,-59.28833,55.01333,-57.74333,148.9333,-0.5,1.545,112.5734,0.209962,118.96,GEN,MED
20106,3,2021-03-21 15:07:00,2021-03-22 10:03:00,55.01333,-57.74333,54.89167,-57.545,18.9333,-0.12166,0.19833,18.5307,0.271871,136.81,NTB,SM
20106,4,2021-03-22 10:03:00,2021-03-23 17:11:00,54.89167,-57.545,54.725,-56.93,31.1333,-0.16667,0.615,43.551,0.38857,114.93,GEN,MED
20106,5,2021-03-23 17:11:00,2021-03-28 14:52:00,54.725,-56.93,53.795,-56.22167,117.6833,-0.93,0.70833,113.1817,0.267152,155.73,GEN,MED
20106,6,2021-03-28 14:52:00,2021-04-21 13:30:00,53.795,-56.22167,54.07333,-56.00833,574.6333,0.27833,0.21334,33.954,0.016413,24.2,GEN,MED
20107,1,2021-03-08 10:19:00,2021-03-15 13:27:00,56.22667,-59.665,55.19167,-57.36,171.1333,-1.035,2.305,184.6355,0.299694,127.6,GEN,MED
20107,2,2021-03-15 13:27:00,2021-03-18 15:28:00,55.19167,-57.36,54.695,-57.00333,74.0167,-0.49667,0.35667,59.7407,0.224201,157.44,GEN,MED
20107,3,2021-03-18 15:28:00,2021-03-23 14:29:00,54.695,-57.00333,54.23167,-55.61167,119.0167,-0.46333,1.39166,103.6497,0.241912,119.24,NTB,SM
20107,4,2021-03-23 14:29:00,2021-03-28 14:52:00,54.23167,-55.61167,53.54333,-55.22667,120.3833,-0.68834,0.385,80.591,0.185959,161.6,GEN,SM
20107,5,2021-03-28 14:52:00,2021-04-01 17:25:00,53.54333,-55.22667,53.14,-54.74,98.55,-0.40333,0.48667,55.2739,0.155798,144.04,GEN,MED
20107,6,2021-04-01 17:25:00,2021-04-02 19:50:00,53.14,-54.74,53.135,-54.47333,26.4167,-0.005,0.26667,17.797,0.18714,91.68,GEN,SM
20107,7,2021-04-02 19:50:00,2021-04-17 18:13:00,53.135,-54.47333,51.805,-56.17667,358.3833,-1.33,-1.70334,187.5619,0.145377,218.64,DOM,SM
20107,8,2021-04-17 18:13:00,2021-04-21 15:14:00,51.805,-56.17667,51.86333,-56.07,93.0167,0.05833,0.10667,9.7872,0.029228,48.45,NTB,SM
20107,9,2021-04-21 15:14:00,2021-05-04 15:24:00,51.86333,-56.07,51.875,-55.47833,312.1667,0.01167,0.59167,40.6437,0.036166,87.94,NTB,SM
20108,1,2021-03-08 10:19:00,2021-03-12 10:18:00,57.89167,-61.56167,57.275,-61.27833,95.9833,-0.61667,0.28334,70.6198,0.204375,166.04,GEN,MED
20111,1,2021-03-08 05:57:00,2021-03-18 15:02:00,55.12667,-57.16,53.50833,-55.59667,249.0833,-1.61834,1.56333,206.5395,0.230333,149.96,RAD,GEN
20111,2,2021-03-18 15:02:00,2021-03-28 14:52:00,53.50833,-55.59667,52.34167,-55.02833,239.8333,-1.16666,0.56834,135.2043,0.156595,163.41,NTB,SM
20111,3,2021-03-28 14:52:00,2021-04-01 18:13:00,52.34167,-55.02833,51.83167,-54.58167,99.35,-0.51,0.44666,64.3995,0.180058,151.54,GEN,MED
20111,4,2021-04-01 18:13:00,2021-04-03 14:03:00,51.83167,-54.58167,51.605,-54.655,43.8333,-0.22667,-0.07333,25.7058,0.162901,191.36,GEN,SM
20112,1,2021-03-08 06:57:00,2021-03-18 15:08:00,55.3,-56.88333,53.865,-56.07,248.1833,-1.435,0.81333,167.949,0.187976,161.48,RAD,GEN
20112,2,2021-03-18 15:08:00,2021-03-23 17:31:00,53.865,-56.07,53.62333,-55.24167,122.3833,-0.24167,0.82833,60.7382,0.13786,115.92,DOM,SM
20112,3,2021-03-23 17:31:00,2021-03-28 14:52:00,53.62333,-55.24167,53.29667,-55.30833,117.35,-0.32666,-0.06666,36.59,0.086612,186.95,GEN,SM
20112,4,2021-03-28 14:52:00,2021-04-01 17:25:00,53.29667,-55.30833,52.79667,-54.15667,98.55,-0.5,1.15166,94.9595,0.267657,125.38,GEN,MED
20112,5,2021-04-01 17:25:00,2021-04-02 19:59:00,52.79667,-54.15667,52.61333,-53.92833,26.5667,-0.18334,0.22834,25.5399,0.267042,142.87,GEN,SM
20112,6,2021-04-02 19:59:00,2021-04-05 09:47:00,52.61333,-53.92833,52.30667,-53.48,61.8,-0.30666,0.44833,45.6662,0.20526,138.13,NTB,MED
20113,1,2021-03-12 10:18:00,2021-03-14 10:35:00,59.99167,-60.83167,59.72833,-60.755,48.2833,-0.26334,0.07667,29.5933,0.170253,171.65,GEN,MED
20113,2,2021-03-14 10:35:00,2021-03-27 15:26:00,59.72833,-60.755,57.89333,-59.5,316.85,-1.835,1.255,216.4528,0.189761,159.96,GEN,SM
20114,1,2021-03-12 10:18:00,2021-03-20 10:19:00,60.07,-62.085,58.375,-60.98667,192.0167,-1.695,1.09833,198.559,0.287242,161.18,GEN,SM
20114,2,2021-03-20 10:19:00,2021-03-27 15:26:00,58.375,-60.98667,57.60167,-60.43833,173.1167,-0.77333,0.54834,91.8632,0.147401,159.17,GEN,SM
20114,3,2021-03-27 15:26:00,2021-04-11 10:02:00,57.60167,-60.43833,56.62333,-59.63833,354.6,-0.97834,0.8,119.0257,0.093239,155.72,NTB,SM
20114,4,2021-04-11 10:02:00,2021-04-11 21:48:00,56.62333,-59.63833,56.64833,-59.61833,11.7667,0.025,0.02,3.037,0.071696,23.74,GEN,MED
20114,5,2021-04-11 21:48:00,2021-04-12 10:08:00,56.64833,-59.61833,56.64667,-59.61667,12.3333,-0.00166,0.00166,0.2106,0.004744,151.2,GEN,MED
20114,6,2021-04-12 10:08:00,2021-04-19 18:12:00,56.64667,-59.61667,56.27333,-59.08833,176.0667,-0.37334,0.52834,52.697,0.083139,141.76,GEN,MED
20114,7,2021-04-19 18:12:00,2021-04-27 10:03:00,56.27333,-59.08833,56.36,-58.285,183.85,0.08667,0.80333,50.4689,0.076253,78.66,NTB,MED
20114,8,2021-04-27 10:03:00,2021-05-02 10:11:00,56.36,-58.285,55.97667,-57.55167,120.1333,-0.38333,0.73333,62.2724,0.143989,132.89,GEN,MED
20114,9,2021-05-02 10:11:00,2021-05-09 10:03:00,55.97667,-57.55167,55.57833,-56.80167,167.8667,-0.39834,0.75,64.5111,0.10675,133.05,GEN,MED
20114,10,2021-05-09 10:03:00,2021-05-10 09:56:00,55.57833,-56.80167,55.45333,-56.66333,23.8833,-0.125,0.13834,16.4026,0.190772,147.87,GEN,MED
20115,1,2021-03-12 10:18:00,2021-03-14 10:35:00,59.71,-61.07833,59.71,-60.73667,48.2833,0.0,0.34166,19.1617,0.110239,89.85,GEN,MED
20115,2,2021-03-14 10:35:00,2021-03-20 10:19:00,59.71,-60.73667,57.34667,-60.16667,143.7333,-2.36333,0.57,264.8627,0.511871,172.58,GEN,MED
20115,3,2021-03-20 10:19:00,2021-03-24 15:16:00,57.34667,-60.16667,56.805,-60.14833,100.95,-0.54167,0.01834,60.2412,0.165762,178.94,GEN,MED
20115,4,2021-03-24 15:16:00,2021-03-27 15:26:00,56.805,-60.14833,56.50167,-59.85,72.1667,-0.30333,0.29833,38.3425,0.147585,151.48,NTB,MED
20115,5,2021-03-27 15:26:00,2021-04-03 10:02:00,56.50167,-59.85,55.65,-57.70667,162.6,-0.85167,2.14333,163.2665,0.278916,124.56,NTB,MED
20115,6,2021-04-03 10:02:00,2021-04-08 15:16:00,55.65,-57.70667,55.415,-56.895,125.2333,-0.235,0.81167,57.3735,0.127259,116.76,GEN,LG
20115,7,2021-04-08 15:16:00,2021-04-21 18:40:00,55.415,-56.895,54.85833,-55.07333,315.4,-0.55667,1.82167,131.2889,0.115628,117.38,NTB,LG
20115,8,2021-04-21 18:40:00,2021-04-23 09:48:00,54.85833,-55.07333,54.66167,-54.47,39.1333,-0.19666,0.60333,44.459,0.31558,119.22,BLK,MED
20115,9,2021-04-23 09:48:00,2021-04-25 09:26:00,54.66167,-54.47,54.57833,-54.255,47.6333,-0.08334,0.215,16.6577,0.097141,123.71,GEN,MED
20115,10,2021-04-25 09:26:00,2021-04-28 09:56:00,54.57833,-54.255,54.63333,-54.23167,72.5,0.055,0.02333,6.2976,0.024129,13.79,GEN,MED
20115,11,2021-04-28 09:56:00,2021-04-29 09:47:00,54.63333,-54.23167,54.63333,-54.175,23.85,0.0,0.05667,3.6473,0.04248,89.98,GEN,MED
20115,12,2021-04-29 09:47:00,2021-04-30 13:22:00,54.63333,-54.175,54.68167,-54.51,27.5833,0.04834,-0.335,22.2082,0.223647,284.14,GEN,MED
20115,13,2021-04-30 13:22:00,2021-05-01 10:00:00,54.68167,-54.51,54.68833,-54.52333,20.6333,0.00666,-0.01333,1.1325,0.015247,310.84,GEN,LG
20115,14,2021-05-01 10:00:00,2021-05-04 09:55:00,54.68833,-54.52333,54.335,-54.57,71.9167,-0.35333,-0.04667,39.4038,0.152197,184.4,GEN,MED
20115,15,2021-05-04 09:55:00,2021-05-05 09:48:00,54.335,-54.57,54.44667,-54.59333,23.8833,0.11167,-0.02333,12.5087,0.145483,353.07,GEN,MED
20116,1,2021-03-12 10:18:00,2021-03-14 10:35:00,59.715,-61.19833,59.40167,-61.77167,48.2833,-0.31333,-0.57334,47.5099,0.273328,223.08,GEN,MED
20117,1,2021-03-12 10:18:00,2021-03-14 10:35:00,59.545,-60.95,59.13667,-61.26167,48.2833,-0.40833,-0.31167,48.722,0.280302,201.4,GEN,MED
20118,1,2021-03-12 10:18:00,2021-03-13 10:27:00,59.42,-60.76667,59.24333,-60.68,24.15,-0.17667,0.08667,20.2505,0.232925,165.91,GEN,SM
20118,2,2021-03-13 10:27:00,2021-03-14 10:35:00,59.24333,-60.68,59.04167,-61.145,24.1333,-0.20166,-0.465,34.7292,0.399738,229.98,GEN,MED
20119,1,2021-03-13 10:27:00,2021-03-25 10:27:00,60.725,-63.34667,60.21833,-61.79667,288.0,-0.50667,1.55,101.9256,0.098308,122.88,GEN,MED
20119,2,2021-03-25 10:27:00,2021-04-01 10:19:00,60.21833,-61.79667,60.03667,-61.14667,167.8667,-0.18166,0.65,41.2787,0.068306,119.02,GEN,SM
20119,3,2021-04-01 10:19:00,2021-04-03 21:34:00,60.03667,-61.14667,59.86,-60.815,59.25,-0.17667,0.33167,26.9632,0.12641,136.62,GEN,MED
20119,4,2021-04-03 21:34:00,2021-04-06 10:27:00,59.86,-60.815,59.94333,-61.06667,60.8833,0.08333,-0.25167,16.8167,0.076726,303.54,GEN,MED
20119,5,2021-04-06 10:27:00,2021-04-21 10:15:00,59.94333,-61.06667,59.24,-60.815,359.8,-0.70333,0.25167,79.4789,0.06136,169.63,GEN,MED
20119,6,2021-04-21 10:15:00,2021-04-22 10:26:00,59.24,-60.815,59.27333,-61.04333,24.1833,0.03333,-0.22833,13.4975,0.155037,286.03,GEN,LG
20119,7,2021-04-22 10:26:00,2021-04-23 10:34:00,59.27333,-61.04333,59.2,-61.03667,24.1333,-0.07333,0.00666,8.1627,0.093954,177.34,GEN,MED
20119,8,2021-04-23 10:34:00,2021-04-30 10:27:00,59.2,-61.03667,59.11833,-60.84333,167.8833,-0.08167,0.19334,14.2807,0.023629,129.4,GEN,MED
20119,9,2021-04-30 10:27:00,2021-05-13 17:32:00,59.11833,-60.84333,58.43667,-62.36833,319.0833,-0.68166,-1.525,116.0622,0.101038,229.88,GEN,LG
20119,10,2021-05-13 17:32:00,2021-05-19 15:36:00,58.43667,-62.36833,58.16833,-62.15,142.0667,-0.26834,0.21833,32.4503,0.063449,156.76,NTB,VLG
20119,11,2021-05-19 15:36:00,2021-05-29 15:36:00,58.16833,-62.15,58.095,-61.69167,240.0,-0.07333,0.45833,28.1157,0.032541,106.66,NTB,MED
20120,1,2021-03-13 10:27:00,2021-03-20 10:19:00,60.64167,-62.07,58.48333,-60.52167,167.8667,-2.15834,1.54833,255.3359,0.422518,159.36,GEN,MED
20120,2,2021-03-20 10:19:00,2021-03-27 15:26:00,58.48333,-60.52167,57.85167,-59.83667,173.1167,-0.63166,0.685,80.9141,0.129832,149.94,GEN,SM
20120,3,2021-03-27 15:26:00,2021-04-19 17:15:00,57.85167,-59.83667,57.16833,-59.61667,553.8167,-0.68334,0.22,77.1117,0.038677,170.1,NTB,SM
20120,4,2021-04-19 17:15:00,2021-04-21 10:15:00,57.16833,-59.61667,57.295,-59.8,41.0,0.12667,-0.18333,17.8921,0.12122,322.0,GEN,MED
20120,5,2021-04-21 10:15:00,2021-05-02 10:11:00,57.295,-59.8,56.83167,-59.86833,263.9333,-0.46333,-0.06833,51.6853,0.054396,184.61,GEN,MED
20120,6,2021-05-02 10:11:00,2021-05-05 21:48:00,56.83167,-59.86833,56.61333,-59.84333,83.6167,-0.21834,0.025,24.3262,0.080812,176.39,GEN,MED
20120,7,2021-05-05 21:48:00,2021-05-11 21:49:00,56.61333,-59.84333,56.36667,-59.735,144.0167,-0.24666,0.10833,28.2221,0.054434,166.33,GEN,SM
20120,8,2021-05-11 21:49:00,2021-05-14 10:11:00,56.36667,-59.735,55.75333,-59.60333,60.3667,-0.61334,0.13167,68.6884,0.31607,173.11,GEN,SM
20121,1,2021-03-13 10:27:00,2021-03-25 10:27:00,60.63833,-61.94,59.84,-60.68667,288.0,-0.79833,1.25333,112.5378,0.108543,141.53,GEN,MED
20121,2,2021-03-25 10:27:00,2021-04-01 10:19:00,59.84,-60.68667,58.85167,-59.915,167.8667,-0.98833,0.77167,118.283,0.195729,157.96,GEN,SM
20121,3,2021-04-01 10:19:00,2021-04-30 10:27:00,58.85167,-59.915,58.32667,-60.44,696.1333,-0.525,-0.525,65.8294,0.026268,207.75,GEN,MED
20122,1,2021-03-13 10:27:00,2021-03-25 10:27:00,60.625,-61.83,59.78833,-60.60333,288.0,-0.83667,1.22667,115.0977,0.111012,143.39,GEN,MED
20123,1,2021-03-13 10:27:00,2021-03-25 10:27:00,60.69667,-63.25833,60.17333,-61.38167,288.0,-0.52334,1.87666,118.2632,0.114066,118.66,GEN,MED
20123,2,2021-03-25 10:27:00,2021-04-01 10:19:00,60.17333,-61.38167,60.01833,-60.64,167.8667,-0.155,0.74167,44.5814,0.073771,112.42,GEN,SM
20123,3,2021-04-01 10:19:00,2021-04-06 10:27:00,60.01833,-60.64,59.89833,-61.3,120.1333,-0.12,-0.66,39.0883,0.090382,250.33,GEN,SM
20123,4,2021-04-06 10:27:00,2021-04-30 10:27:00,59.89833,-61.3,59.27167,-60.83833,576.0,-0.62666,0.46167,74.3698,0.035865,159.35,GEN,SM
20123,5,2021-04-30 10:27:00,2021-05-13 17:49:00,59.27167,-60.83833,58.20833,-62.29833,319.3667,-1.06334,-1.46,145.1729,0.126268,216.1,GEN,MED
20123,6,2021-05-13 17:49:00,2021-05-29 15:36:00,58.20833,-62.29833,57.82,-61.43167,381.7833,-0.38833,0.86666,66.8598,0.048646,129.86,GEN,GEN
20124,1,2021-03-13 10:27:00,2021-03-25 10:27:00,60.65,-62.98,60.01667,-61.345,288.0,-0.63333,1.635,114.2599,0.110204,127.33,GEN,MED
20124,2,2021-03-25 10:27:00,2021-04-01 10:19:00,60.01667,-61.345,59.71,-60.575,167.8667,-0.30667,0.77,54.8691,0.090795,128.09,GEN,SM
20124,3,2021-04-01 10:19:00,2021-04-06 10:27:00,59.71,-60.575,59.53333,-60.26667,120.1333,-0.17667,0.30833,26.2016,0.060585,138.44,GEN,MED
20124,4,2021-04-06 10:27:00,2021-04-10 10:26:00,59.53333,-60.26667,58.855,-60.46333,95.9833,-0.67833,-0.19666,76.2536,0.22068,188.53,GEN,MED
20125,1,2021-03-13 10:27:00,2021-03-25 10:27:00,60.62333,-62.56333,59.93,-61.4,288.0,-0.69333,1.16333,100.282,0.096723,139.74,GEN,MED
20125,2,2021-03-25 10:27:00,2021-03-30 21:49:00,59.93,-61.4,59.72833,-61.20667,131.3667,-0.20167,0.19333,24.8916,0.052634,154.19,GEN,MED
20125,3,2021-03-30 21:49:00,2021-04-01 10:19:00,59.72833,-61.20667,59.86333,-60.99333,36.5,0.135,0.21334,19.1772,0.145945,38.39,GEN,MED
20125,4,2021-04-01 10:19:00,2021-04-06 10:27:00,59.86333,-60.99333,59.86833,-61.42,120.1333,0.005,-0.42667,23.8244,0.055088,271.52,GEN,MED
20125,5,2021-04-06 10:27:00,2021-04-21 10:15:00,59.86833,-61.42,59.155,-60.84,359.8,-0.71333,0.58,85.8021,0.066242,157.33,GEN,MED
20125,6,2021-04-21 10:15:00,2021-04-22 10:26:00,59.155,-60.84,58.89833,-60.94167,24.1833,-0.25667,-0.10167,29.1274,0.334567,191.57,GEN,LG
20125,7,2021-04-22 10:26:00,2021-04-23 10:34:00,58.89833,-60.94167,58.83833,-61.32333,24.1333,-0.06,-0.38166,22.9329,0.263961,253.25,GEN,MED
20125,8,2021-04-23 10:34:00,2021-04-30 10:27:00,58.83833,-61.32333,58.855,-61.025,167.8833,0.01667,0.29833,17.2611,0.02856,83.71,GEN,MED
20125,9,2021-04-30 10:27:00,2021-05-11 10:16:00,58.855,-61.025,57.82167,-61.43333,263.8167,-1.03333,-0.40833,117.3461,0.123556,191.89,GEN,MED
20126,1,2021-03-13 10:27:00,2021-03-25 10:27:00,60.48,-61.06333,59.04833,-59.99333,288.0,-1.43167,1.07,170.0897,0.164053,158.91,GEN,MED
20127,1,2021-03-13 10:27:00,2021-03-25 10:27:00,60.62333,-63.38667,59.97167,-61.63833,288.0,-0.65166,1.74834,120.5326,0.116254,126.19,GEN,MED
20127,2,2021-03-25 10:27:00,2021-03-30 21:49:00,59.97167,-61.63833,59.76667,-61.02167,131.3667,-0.205,0.61666,41.2837,0.087295,123.25,GEN,SM
20127,3,2021-03-30 21:49:00,2021-04-06 10:27:00,59.76667,-61.02167,59.61667,-61.16,156.6333,-0.15,-0.13833,18.397,0.032626,205.02,GEN,SM
20127,4,2021-04-06 10:27:00,2021-04-10 10:26:00,59.61667,-61.16,59.49167,-60.55833,95.9833,-0.125,0.60167,36.6397,0.106036,112.03,GEN,SM
20127,5,2021-04-10 10:26:00,2021-04-30 10:27:00,59.49167,-60.55833,57.91833,-60.955,480.0167,-1.57334,-0.39667,176.4405,0.102103,187.63,GEN,SM
20128,1,2021-03-13 10:27:00,2021-03-25 10:27:00,60.59167,-62.93833,59.94333,-61.295,288.0,-0.64834,1.64333,115.7967,0.111687,127.79,GEN,MED
20128,2,2021-03-25 10:27:00,2021-04-01 10:19:00,59.94333,-61.295,59.49,-60.51167,167.8667,-0.45333,0.78333,66.859,0.110635,138.59,GEN,MED
20128,3,2021-04-01 10:19:00,2021-04-06 10:27:00,59.49,-60.51167,59.015,-60.61333,120.1333,-0.475,-0.10166,53.1328,0.122856,186.29,GEN,MED
20128,4,2021-04-06 10:27:00,2021-05-03 10:15:00,59.015,-60.61333,57.69167,-61.33,647.8,-1.32333,-0.71667,152.9703,0.065594,196.17,GEN,MED
20128,5,2021-05-03 10:15:00,2021-05-15 10:15:00,57.69167,-61.33,57.87667,-61.525,288.0,0.185,-0.195,23.5964,0.022759,330.75,GEN,MED
20128,6,2021-05-15 10:15:00,2021-05-17 21:49:00,57.87667,-61.525,57.76833,-61.41333,59.5667,-0.10834,0.11167,13.7424,0.064085,151.19,GEN,MED
20129,1,2021-03-13 10:27:00,2021-03-25 10:27:00,60.595,-62.785,60.18333,-61.77333,288.0,-0.41167,1.01167,72.0049,0.069449,129.03,GEN,MED
20129,2,2021-03-25 10:27:00,2021-03-30 21:49:00,60.18333,-61.77333,59.73,-62.005,131.3667,-0.45333,-0.23167,52.0317,0.110022,194.45,GEN,MED
20129,3,2021-03-30 21:49:00,2021-04-01 10:19:00,59.73,-62.005,59.73167,-61.61,36.5,0.00167,0.395,22.1402,0.168495,89.35,GEN,MED
20129,4,2021-04-01 10:19:00,2021-04-06 10:27:00,59.73167,-61.61,59.725,-61.62833,120.1333,-0.00667,-0.01833,1.2672,0.00293,234.18,GEN,SM
20129,5,2021-04-06 10:27:00,2021-04-23 10:34:00,59.725,-61.62833,58.835,-61.85167,408.1167,-0.89,-0.22334,99.7732,0.067909,187.4,GEN,SM
20129,6,2021-04-23 10:34:00,2021-04-30 10:27:00,58.835,-61.85167,59.005,-61.98333,167.8833,0.17,-0.13166,20.3579,0.033684,338.26,GEN,MED
20130,1,2021-03-13 10:27:00,2021-03-25 10:27:00,60.46333,-61.65833,59.545,-60.24833,288.0,-0.91833,1.41,128.7225,0.124154,141.88,GEN,MED
20131,1,2021-03-13 10:27:00,2021-03-25 10:27:00,60.38667,-62.95167,59.935,-61.54333,288.0,-0.45167,1.40834,92.6997,0.089409,122.19,GEN,MED
20131,2,2021-03-25 10:27:00,2021-04-01 10:19:00,59.935,-61.54333,59.83833,-61.375,167.8667,-0.09667,0.16833,14.2735,0.023619,138.79,GEN,SM
20131,3,2021-04-01 10:19:00,2021-04-06 10:27:00,59.83833,-61.375,59.74,-61.39,120.1333,-0.09833,-0.015,10.966,0.025356,184.4,GEN,SM
20131,4,2021-04-06 10:27:00,2021-04-10 10:26:00,59.74,-61.39,59.51667,-60.56833,95.9833,-0.22333,0.82167,52.4463,0.151781,117.91,GEN,SM
20131,5,2021-04-10 10:26:00,2021-04-19 15:48:00,59.51667,-60.56833,58.84167,-59.715,221.3667,-0.675,0.85333,89.424,0.112212,146.7,GEN,SM
20131,6,2021-04-19 15:48:00,2021-04-30 10:27:00,58.84167,-59.715,58.31333,-59.95667,258.65,-0.52834,-0.24167,60.396,0.064862,193.52,DOM,SM
20132,1,2021-03-13 10:27:00,2021-03-20 10:19:00,60.18,-61.49167,57.725,-60.32833,167.8667,-2.455,1.16334,281.0064,0.464996,165.77,GEN,MED
20132,2,2021-03-20 10:19:00,2021-03-27 15:26:00,57.725,-60.32833,57.19833,-59.76667,173.1167,-0.52667,0.56166,67.5126,0.108329,149.92,GEN,MED
20132,3,2021-03-27 15:26:00,2021-04-01 10:19:00,57.19833,-59.76667,57.1,-59.625,114.8833,-0.09833,0.14167,13.8769,0.033553,141.93,NTB,MED
20132,4,2021-04-01 10:19:00,2021-04-06 10:27:00,57.1,-59.625,57.21667,-60.44833,120.1333,0.11667,-0.82333,51.316,0.118655,284.99,GEN,MED
20132,5,2021-04-06 10:27:00,2021-04-11 21:48:00,57.21667,-60.44833,56.64833,-59.91833,131.35,-0.56834,0.53,70.9063,0.149952,152.81,GEN,MED
20132,6,2021-04-11 21:48:00,2021-04-19 18:10:00,56.64833,-59.91833,55.98167,-59.40667,188.3667,-0.66666,0.51166,80.5653,0.118807,156.73,GEN,MED
20132,7,2021-04-19 18:10:00,2021-04-27 10:03:00,55.98167,-59.40667,55.675,-58.15833,183.8833,-0.30667,1.24834,85.095,0.128546,113.11,NTB,MED
20132,8,2021-04-27 10:03:00,2021-04-30 13:22:00,55.675,-58.15833,55.455,-57.61,75.3167,-0.22,0.54833,42.2744,0.155913,125.13,GEN,MED
20132,9,2021-04-30 13:22:00,2021-05-09 10:03:00,55.455,-57.61,55.60333,-56.94,212.6833,0.14833,0.67,45.2771,0.059135,68.36,GEN,LG
20133,1,2021-03-13 10:27:00,2021-03-25 10:27:00,60.19167,-61.46167,58.79667,-59.93833,288.0,-1.395,1.52334,177.3441,0.171049,150.34,GEN,MED
20134,1,2021-03-13 10:27:00,2021-03-20 10:19:00,60.19833,-61.44167,57.81167,-60.19833,167.8667,-2.38666,1.24334,274.7557,0.454653,164.45,GEN,MED
20134,2,2021-03-20 10:19:00,2021-03-27 15:26:00,57.81167,-60.19833,57.39667,-59.88667,173.1167,-0.415,0.31166,49.7409,0.079813,157.95,GEN,MED
20134,3,2021-03-27 15:26:00,2021-03-30 21:49:00,57.39667,-59.88667,57.2,-59.99167,78.3833,-0.19667,-0.105,22.7602,0.080659,196.13,NTB,MED
20134,4,2021-03-30 21:49:00,2021-04-11 10:02:00,57.2,-59.99167,56.56667,-59.56833,276.2167,-0.63333,0.42334,74.9719,0.075396,159.76,GEN,MED
20134,5,2021-04-11 10:02:00,2021-04-11 21:48:00,56.56667,-59.56833,56.56833,-59.56833,11.7667,0.00166,0.0,0.1846,0.004357,0.0,GEN,MED
20134,6,2021-04-11 21:48:00,2021-04-12 10:08:00,56.56833,-59.56833,56.56667,-59.56833,12.3333,-0.00166,0.0,0.1846,0.004157,180.0,GEN,MED
20134,7,2021-04-12 10:08:00,2021-04-15 10:03:00,56.56667,-59.56833,56.11,-58.315,71.9167,-0.45667,1.25333,92.441,0.357053,122.8,GEN,MED
20134,8,2021-04-15 10:03:00,2021-04-18 15:16:00,56.11,-58.315,55.88,-58.16,77.2167,-0.23,0.155,27.331,0.09832,159.28,GEN,MED
20134,9,2021-04-18 15:16:00,2021-04-19 18:30:00,55.88,-58.16,55.97,-57.555,27.2333,0.09,0.605,38.9973,0.397769,74.88,NTB,MED
20134,10,2021-04-19 18:30:00,2021-04-28 09:56:00,55.97,-57.555,55.56833,-55.94833,207.4333,-0.40167,1.60667,109.9721,0.147266,113.3,NTB,MED
20134,11,2021-04-28 09:56:00,2021-04-30 13:22:00,55.56833,-55.94833,55.38167,-55.23167,51.4333,-0.18666,0.71666,49.7055,0.268446,114.39,GEN,MED
20134,12,2021-04-30 13:22:00,2021-05-14 21:08:00,55.38167,-55.23167,54.085,-53.85833,343.7667,-1.29667,1.37334,168.9981,0.136558,147.99,GEN,MED
20134,13,2021-05-14 21:08:00,2021-05-16 09:56:00,54.085,-53.85833,53.945,-54.01333,36.8,-0.14,-0.155,18.5714,0.140182,213.11,GEN,MED
20134,14,2021-05-16 09:56:00,2021-05-16 16:46:00,53.945,-54.01333,53.89333,-54.03167,6.8333,-0.05167,-0.01834,5.8696,0.238603,191.81,GEN,MED
20134,15,2021-05-16 16:46:00,2021-05-17 09:48:00,53.89333,-54.03167,53.74833,-54.02,17.0333,-0.145,0.01167,16.1415,0.263233,177.28,NTB,MED
20134,16,2021-05-17 09:48:00,2021-05-21 20:58:00,53.74833,-54.02,54.01833,-54.17167,107.1667,0.27,-0.15167,31.6255,0.081974,341.74,GEN,MED
20134,17,2021-05-21 20:58:00,2021-05-23 09:47:00,54.01833,-54.17167,53.94333,-54.14333,36.8167,-0.075,0.02834,8.543,0.064456,167.46,GEN,SM
20134,18,2021-05-23 09:47:00,2021-05-28 18:15:00,53.94333,-54.14333,53.53167,-54.12833,128.4667,-0.41166,0.015,45.7851,0.098999,178.76,GEN,SM
20137,1,2021-03-15 10:11:00,2021-03-21 15:07:00,55.95,-59.79333,55.24833,-58.63167,148.9333,-0.70167,1.16166,106.8304,0.199251,136.43,GEN,SM
20137,2,2021-03-21 15:07:00,2021-03-24 15:16:00,55.24833,-58.63167,55.07,-58.09333,72.15,-0.17833,0.53834,39.5312,0.152195,119.89,NTB,MED
20137,3,2021-03-24 15:16:00,2021-04-03 10:03:00,55.07,-58.09333,54.86,-57.58667,234.7833,-0.21,0.50666,39.8909,0.047196,125.62,NTB,SM
20137,4,2021-04-03 10:03:00,2021-04-10 09:55:00,54.86,-57.58667,54.02,-57.035,167.8667,-0.84,0.55167,99.9837,0.165448,158.87,GEN,SM
20137,5,2021-04-10 09:55:00,2021-04-21 12:19:00,54.02,-57.035,54.29833,-56.51667,266.4,0.27833,0.51833,45.79,0.047746,47.27,GEN,MED
20137,6,2021-04-21 12:19:00,2021-04-22 09:55:00,54.29833,-56.51667,54.175,-56.36333,21.6,-0.12333,0.15334,16.9519,0.218003,143.93,BLK,MED
20137,7,2021-04-22 09:55:00,2021-05-04 09:55:00,54.175,-56.36333,53.64833,-54.99833,288.0,-0.52667,1.365,106.8741,0.103081,122.67,GEN,MED
20138,1,2021-03-15 11:46:00,2021-03-23 18:25:00,52.42,-53.375,51.625,-53.40167,198.65,-0.795,-0.02667,88.4188,0.123638,181.19,GEN,SM
20138,2,2021-03-23 18:25:00,2021-03-24 15:56:00,51.625,-53.40167,51.625,-53.2,21.5167,0.0,0.20167,13.9214,0.179723,89.92,GEN,SM
20138,3,2021-03-24 15:56:00,2021-04-01 18:13:00,51.625,-53.2,51.12833,-53.56333,194.2833,-0.49667,-0.36333,60.7121,0.086803,204.68,NTB,SM
20138,4,2021-04-01 18:13:00,2021-04-01 20:08:00,51.12833,-53.56333,51.045,-53.65333,1.9167,-0.08333,-0.09,11.197,1.622751,214.19,GEN,SM
20139,1,2021-03-15 11:55:00,2021-03-23 12:10:00,52.575,-52.97,51.635,-52.435,192.25,-0.94,0.535,110.7251,0.159984,160.52,GEN,SM
20139,2,2021-03-23 12:10:00,2021-03-24 09:47:00,51.635,-52.435,51.61,-52.32,21.6167,-0.025,0.115,8.4116,0.10809,109.25,GEN,SM
20139,3,2021-03-24 09:47:00,2021-03-24 17:39:00,51.61,-52.32,51.52833,-52.295,7.8667,-0.08167,0.025,9.2442,0.32642,169.22,GEN,MED
20139,4,2021-03-24 17:39:00,2021-03-25 09:40:00,51.52833,-52.295,51.365,-52.20167,16.0167,-0.16333,0.09333,19.2788,0.334353,160.36,NTB,SM
20139,5,2021-03-25 09:40:00,2021-04-01 16:07:00,51.365,-52.20167,51.44,-51.39667,174.45,0.075,0.805,56.4606,0.089903,81.19,GEN,MED
20141,1,2021-03-15 11:58:00,2021-03-23 12:10:00,53.02167,-53.79,51.33333,-53.39833,192.2,-1.68834,0.39167,189.6241,0.274055,171.75,GEN,BB
20143,1,2021-03-15 13:55:00,2021-03-21 15:07:00,55.66667,-59.32667,55.015,-57.76333,145.2,-0.65167,1.56334,122.5673,0.23448,125.6,GEN,SM
20143,2,2021-03-21 15:07:00,2021-03-23 17:11:00,55.015,-57.76333,54.885,-57.53,50.0667,-0.13,0.23333,20.7598,0.115178,134.04,NTB,SM
20143,3,2021-03-23 17:11:00,2021-03-28 14:52:00,54.885,-57.53,54.11667,-56.60667,117.6833,-0.76833,0.92333,104.1781,0.2459,144.71,GEN,BB
20144,1,2021-03-15 21:22:00,2021-03-18 14:09:00,50.88,-54.735,50.445,-55.055,64.7833,-0.435,-0.32,53.37,0.22884,205.12,GEN,GR
20144,2,2021-03-18 14:09:00,2021-04-01 15:17:00,50.445,-55.055,49.43667,-52.435,337.1333,-1.00833,2.62,218.4419,0.179983,119.87,NTB,GR
20144,3,2021-04-01 15:17:00,2021-04-01 19:43:00,49.43667,-52.435,49.55333,-52.48333,4.4333,0.11666,-0.04833,13.4334,0.841692,344.96,GEN,GR
20144,4,2021-04-01 19:43:00,2021-04-11 09:33:00,49.55333,-52.48333,48.95667,-52.965,229.8333,-0.59666,-0.48167,74.9915,0.090635,207.97,NTB,SM
20145,1,2021-03-15 10:11:00,2021-03-21 15:07:00,56.70167,-58.31667,55.65,-57.39667,148.9333,-1.05167,0.92,130.0653,0.242587,153.65,GEN,MED
20145,2,2021-03-21 15:07:00,2021-03-23 17:11:00,55.65,-57.39667,55.62,-57.01333,50.0667,-0.03,0.38334,24.2906,0.134768,97.74,NTB,MED
20145,3,2021-03-23 17:11:00,2021-03-28 14:52:00,55.62,-57.01333,54.68333,-55.63333,117.6833,-0.93667,1.38,136.1412,0.321345,139.34,GEN,SM
20145,4,2021-03-28 14:52:00,2021-03-29 09:55:00,54.68333,-55.63333,54.49333,-55.33333,19.05,-0.19,0.3,28.6352,0.417545,137.42,GEN,MED
20145,5,2021-03-29 09:55:00,2021-04-02 21:24:00,54.49333,-55.33333,54.455,-54.86833,107.4833,-0.03833,0.465,30.3453,0.078424,97.88,GEN,MED
20145,6,2021-04-02 21:24:00,2021-04-10 09:55:00,54.455,-54.86833,54.51167,-54.39833,180.5167,0.05667,0.47,31.0078,0.047715,78.08,GEN,MED
20145,7,2021-04-10 09:55:00,2021-04-10 20:50:00,54.51167,-54.39833,54.46167,-54.26333,10.9167,-0.05,0.135,10.3416,0.263145,122.47,GEN,MED
20145,8,2021-04-10 20:50:00,2021-04-11 09:48:00,54.46167,-54.26333,54.49167,-54.44167,12.9667,0.03,-0.17834,11.9954,0.25697,286.22,GEN,LG
20145,9,2021-04-11 09:48:00,2021-04-17 09:47:00,54.49167,-54.44167,54.38833,-54.87,143.9833,-0.10334,-0.42833,29.9873,0.057853,247.64,GEN,MED
20147,1,2021-03-18 14:30:00,2021-04-01 18:13:00,51.67333,-55.225,50.565,-54.44,339.7167,-1.10833,0.785,134.8694,0.110279,155.72,PIN,GR
20147,2,2021-04-01 18:13:00,2021-04-01 20:37:00,50.565,-54.44,50.735,-54.48667,2.4,0.17,-0.04667,19.1874,2.220761,350.14,GEN,SM
20148,1,2021-03-18 15:11:00,2021-03-28 14:52:00,53.895,-56.11333,53.31833,-55.37167,239.6833,-0.57667,0.74166,80.6586,0.093478,142.35,DOM,SM
20148,2,2021-03-28 14:52:00,2021-04-01 17:25:00,53.31833,-55.37167,52.645,-54.435,98.55,-0.67333,0.93667,97.6603,0.27527,139.68,GEN,SM
20148,3,2021-04-01 17:25:00,2021-04-14 18:09:00,52.645,-54.435,51.81719,-55.58837,312.7333,-0.82781,-1.15337,121.0048,0.10748,220.93,GEN,SM
20148,4,2021-04-14 18:09:00,2021-04-16 16:52:00,51.81719,-55.58837,51.55333,-56.135,46.7167,-0.26386,-0.54663,47.7587,0.283974,232.31,NTB,BB
20148,5,2021-04-16 16:52:00,2021-04-17 18:19:00,51.55333,-56.135,51.46667,-56.31667,25.45,-0.08666,-0.18167,15.8406,0.172894,232.6,DOM,SM
20148,6,2021-04-17 18:19:00,2021-04-21 10:05:00,51.46667,-56.31667,51.135,-57.08667,87.7667,-0.33167,-0.77,65.006,0.205741,235.74,NTB,SM
20148,7,2021-04-21 10:05:00,2021-04-21 14:56:00,51.135,-57.08667,51.19667,-57.01333,4.85,0.06167,0.07334,8.5542,0.489931,36.68,GEN,SM
20148,8,2021-04-21 14:56:00,2021-04-29 16:49:00,51.19667,-57.01333,51.16167,-58.11833,193.8833,-0.035,-1.105,77.1234,0.110495,267.54,NTB,SM
20149,1,2021-03-18 15:12:00,2021-03-23 14:29:00,53.97833,-56.155,53.74333,-55.05167,119.2833,-0.235,1.10333,76.9262,0.17914,109.41,DD,SM
20149,2,2021-03-23 14:29:00,2021-03-28 14:52:00,53.74333,-55.05167,53.48167,-55.21833,120.3833,-0.26166,-0.16666,31.103,0.071768,200.77,GEN,BB
20149,3,2021-03-28 14:52:00,2021-04-01 17:25:00,53.48167,-55.21833,52.82833,-54.33833,98.55,-0.65334,0.88,93.3833,0.263215,140.72,GEN,SM
20149,4,2021-04-01 17:25:00,2021-04-02 19:58:00,52.82833,-54.33833,52.76167,-53.98,26.55,-0.06666,0.35833,25.2071,0.263728,106.96,GEN,SM
20149,5,2021-04-02 19:58:00,2021-04-15 18:54:00,52.76167,-53.98,51.59333,-54.59667,310.9333,-1.16834,-0.61667,136.5475,0.121987,198.18,NTB,SM
20151,1,2021-03-18 15:29:00,2021-04-17 17:15:00,54.75,-56.96333,52.475,-55.72333,721.7667,-2.275,1.24,265.8532,0.102316,161.58,NTB,GR
20152,1,2021-03-18 19:50:00,2021-03-24 14:43:00,52.435,-54.55,52.095,-53.975,138.8833,-0.34,0.575,54.41,0.108824,133.79,NTB,GR
20152,2,2021-03-24 14:43:00,2021-03-31 09:39:00,52.095,-53.975,51.33833,-53.60333,162.9333,-0.75667,0.37167,87.9473,0.149937,162.93,NTB,SM
20152,3,2021-03-31 09:39:00,2021-04-01 18:13:00,51.33833,-53.60333,51.19333,-53.76833,32.5667,-0.145,-0.165,19.7926,0.168822,215.52,GEN,SM
20152,4,2021-04-01 18:13:00,2021-04-01 20:12:00,51.19333,-53.76833,51.17667,-53.59,1.9833,-0.01666,0.17833,12.5665,1.760015,98.41,GEN,SM
20153,1,2021-03-17 15:26:00,2021-03-24 15:16:00,56.7,-60.73167,56.11167,-58.88333,167.8333,-0.58833,1.84834,131.187,0.217125,119.14,NTB,SM
20153,2,2021-03-24 15:16:00,2021-04-21 17:34:00,56.11167,-58.88333,53.92,-53.715,674.3,-2.19167,5.16833,409.6551,0.168757,124.35,NTB,SM
20153,3,2021-04-21 17:34:00,2021-04-23 09:48:00,53.92,-53.715,53.785,-54.29167,40.2333,-0.135,-0.57667,40.6936,0.280956,248.59,NTB,SM
20153,4,2021-04-23 09:48:00,2021-04-29 09:47:00,53.785,-54.29167,54.18833,-53.95,143.9833,0.40333,0.34167,50.1034,0.096661,26.34,GEN,MED
20153,5,2021-04-29 09:47:00,2021-05-02 21:05:00,54.18833,-53.95,54.43167,-53.88333,83.3,0.24334,0.06667,27.4016,0.091375,9.05,GEN,SM
20153,6,2021-05-02 21:05:00,2021-05-16 09:56:00,54.43167,-53.88333,54.19667,-55.86333,324.85,-0.235,-1.98,131.0583,0.112067,259.3,GEN,SM
20154,1,2021-03-17 15:26:00,2021-03-24 15:16:00,56.69667,-60.75333,55.99167,-58.805,167.8333,-0.705,1.94833,143.3827,0.23731,122.33,NTB,SM
20154,2,2021-03-24 15:16:00,2021-04-03 10:02:00,55.99167,-58.805,55.165,-55.79833,234.7667,-0.82667,3.00667,210.1327,0.248631,114.69,NTB,MED
20154,3,2021-04-03 10:02:00,2021-04-04 09:56:00,55.165,-55.79833,55.295,-55.53833,23.9,0.13,0.26,21.9268,0.254845,48.65,GEN,LG
20155,1,2021-03-17 15:26:00,2021-03-24 15:16:00,56.63333,-60.79833,55.54667,-59.475,167.8333,-1.08666,1.32333,146.0737,0.241764,145.26,NTB,MED
20156,1,2021-03-17 15:26:00,2021-03-23 18:34:00,56.52333,-60.43,55.54833,-59.13833,147.1333,-0.975,1.29167,134.8742,0.254633,142.96,NTB,SM
20159,1,2021-03-17 15:26:00,2021-03-21 15:07:00,56.40167,-60.04167,55.765,-58.75167,95.6833,-0.63667,1.29,106.8518,0.310201,130.96,NTB,MED
20159,2,2021-03-21 15:07:00,2021-03-22 10:03:00,55.765,-58.75167,55.66167,-58.485,18.9333,-0.10333,0.26667,20.2742,0.29745,124.41,NTB,SM
20159,3,2021-03-22 10:03:00,2021-03-23 17:11:00,55.66167,-58.485,55.66833,-58.09333,31.1333,0.00666,0.39167,24.5756,0.219269,88.11,GEN,MED
20159,4,2021-03-23 17:11:00,2021-04-02 21:24:00,55.66833,-58.09333,55.285,-55.69167,244.2167,-0.38333,2.40166,157.2281,0.178835,104.74,GEN,SM
20159,5,2021-04-02 21:24:00,2021-04-03 10:02:00,55.285,-55.69167,55.40667,-55.46167,12.6333,0.12167,0.23,19.8625,0.436729,46.97,GEN,MED
20159,6,2021-04-03 10:02:00,2021-04-05 09:47:00,55.40667,-55.46167,55.17333,-54.67333,47.75,-0.23334,0.78834,56.2556,0.327258,117.14,GEN,MED
20159,7,2021-04-05 09:47:00,2021-04-11 09:48:00,55.17333,-54.67333,54.56833,-54.215,144.0167,-0.605,0.45833,73.3866,0.141547,156.26,GEN,MED
20160,1,2021-03-17 15:26:00,2021-03-21 15:07:00,56.46167,-59.285,55.85333,-58.83833,95.6833,-0.60834,0.44667,73.0807,0.21216,157.57,NTB,SM
20160,2,2021-03-21 15:07:00,2021-03-23 17:11:00,55.85333,-58.83833,55.84833,-58.09833,50.0667,-0.005,0.74,46.1933,0.256288,90.38,NTB,SM
20160,3,2021-03-23 17:11:00,2021-04-02 16:22:00,55.84833,-58.09833,55.54167,-54.72167,239.1833,-0.30666,3.37666,214.32,0.248903,97.76,GEN,MED
20160,4,2021-04-02 16:22:00,2021-04-05 09:21:00,55.54167,-54.72167,55.105,-53.45167,64.9833,-0.43667,1.27,93.8752,0.401279,120.62,NTB,SM
20160,5,2021-04-05 09:21:00,2021-04-12 09:39:00,55.105,-53.45167,53.9,-52.61333,168.3,-1.205,0.83834,144.5078,0.238509,157.66,GEN,MED
20161,1,2021-03-17 15:26:00,2021-04-08 15:16:00,56.14167,-60.08,55.49833,-57.92333,527.8333,-0.64334,2.15667,152.5293,0.08027,117.07,NTB,SM
20161,2,2021-04-08 15:16:00,2021-04-12 21:41:00,55.49833,-57.92333,55.27333,-57.73667,102.4167,-0.225,0.18666,27.6577,0.075014,154.69,NTB,MED
20161,3,2021-04-12 21:41:00,2021-04-18 15:16:00,55.27333,-57.73667,54.96667,-57.29167,137.5833,-0.30666,0.445,44.3106,0.089462,140.13,GEN,MED
20161,4,2021-04-18 15:16:00,2021-04-21 19:20:00,54.96667,-57.29167,54.96667,-57.09333,76.0667,0.0,0.19834,12.6604,0.046233,89.92,NTB,SM
20161,5,2021-04-21 19:20:00,2021-04-27 10:03:00,54.96667,-57.09333,54.76833,-57.16667,134.7167,-0.19834,-0.07334,22.5482,0.046493,192.04,NTB,SM
20161,6,2021-04-27 10:03:00,2021-05-01 10:00:00,54.76833,-57.16667,54.76667,-57.16667,95.95,-0.00166,0.0,0.1846,0.000534,180.0,GEN,MED
20161,7,2021-05-01 10:00:00,2021-05-04 09:56:00,54.76667,-57.16667,54.415,-56.80667,71.9333,-0.35167,0.36,45.465,0.175568,149.18,GEN,MED
20161,8,2021-05-04 09:56:00,2021-05-10 09:56:00,54.415,-56.80667,53.88167,-56.67333,144.0,-0.53333,0.13334,59.936,0.115617,171.62,GEN,MED
20162,1,2021-03-17 15:26:00,2021-03-22 10:03:00,56.04167,-59.99833,55.32167,-58.71667,114.6167,-0.72,1.28166,113.4225,0.274884,134.37,NTB,SM
20162,2,2021-03-22 10:03:00,2021-03-23 17:22:00,55.32167,-58.71667,55.24333,-58.675,31.3167,-0.07834,0.04167,9.102,0.080734,163.13,GEN,SM
20162,3,2021-03-23 17:22:00,2021-04-18 15:16:00,55.24333,-58.675,55.19,-57.25,621.9,-0.05333,1.425,90.586,0.040461,93.17,DD,SM
20163,1,2021-03-17 15:26:00,2021-03-21 15:07:00,55.98833,-59.915,55.61,-58.93667,95.6833,-0.37833,0.97833,74.2201,0.215468,124.12,NTB,MED
20163,2,2021-03-21 15:07:00,2021-03-23 17:23:00,55.61,-58.93667,55.345,-58.31667,50.2667,-0.265,0.62,48.9365,0.270427,126.77,NTB,MED
20163,3,2021-03-23 17:23:00,2021-03-28 14:52:00,55.345,-58.31667,54.76333,-56.88833,117.4833,-0.58167,1.42834,111.6197,0.263914,124.82,DD,MED
20163,4,2021-03-28 14:52:00,2021-03-29 09:55:00,54.76333,-56.88833,54.475,-56.74167,19.05,-0.28833,0.14666,33.4224,0.487349,163.53,GEN,SM
20163,5,2021-03-29 09:55:00,2021-04-02 21:24:00,54.475,-56.74167,53.9,-56.04833,107.4833,-0.575,0.69334,78.2487,0.202224,144.51,GEN,MED
20163,6,2021-04-02 21:24:00,2021-04-22 09:55:00,53.9,-56.04833,53.60667,-56.03167,468.5167,-0.29333,0.01666,32.6352,0.019349,178.07,GEN,MED
20163,7,2021-04-22 09:55:00,2021-05-04 09:56:00,53.60667,-56.03167,53.90667,-56.26,288.0167,0.3,-0.22833,36.58,0.03528,335.87,GEN,MED
20164,1,2021-03-17 15:26:00,2021-03-21 15:07:00,55.99833,-59.49333,55.59,-57.89833,95.6833,-0.40833,1.595,109.5519,0.31804,113.82,NTB,SM
20164,2,2021-03-21 15:07:00,2021-03-24 15:16:00,55.59,-57.89833,55.32667,-57.24833,72.15,-0.26333,0.65,50.3667,0.193912,125.28,NTB,MED
20164,3,2021-03-24 15:16:00,2021-03-28 14:52:00,55.32667,-57.24833,54.765,-56.88167,95.6,-0.56167,0.36666,66.6798,0.193746,159.34,NTB,MED
20164,4,2021-03-28 14:52:00,2021-04-05 09:47:00,54.765,-56.88167,54.62,-54.93,186.9167,-0.145,1.95167,126.4552,0.187926,96.53,GEN,SM
20164,5,2021-04-05 09:47:00,2021-04-10 09:55:00,54.62,-54.93,54.59,-54.91333,120.1333,-0.03,0.01667,3.5044,0.008103,162.15,GEN,SM
20164,6,2021-04-10 09:55:00,2021-04-11 09:48:00,54.59,-54.91333,54.54667,-54.79,23.8833,-0.04333,0.12333,9.2962,0.108121,121.17,GEN,MED
20164,7,2021-04-11 09:48:00,2021-04-17 09:47:00,54.54667,-54.79,54.23,-54.95167,143.9833,-0.31667,-0.16167,36.735,0.070871,196.62,GEN,MED
20165,1,2021-03-17 15:26:00,2021-03-21 15:07:00,55.86833,-59.44333,55.555,-58.18833,95.6833,-0.31333,1.255,85.9891,0.249635,113.38,NTB,MED
20165,2,2021-03-21 15:07:00,2021-03-24 15:16:00,55.555,-58.18833,55.48167,-57.94167,72.15,-0.07333,0.24666,17.5385,0.067523,117.6,NTB,MED
20165,3,2021-03-24 15:16:00,2021-03-29 09:55:00,55.48167,-57.94167,54.78333,-56.89833,114.65,-0.69834,1.04334,102.118,0.247415,139.07,NTB,MED
20165,4,2021-03-29 09:55:00,2021-04-02 21:24:00,54.78333,-56.89833,54.5,-56.105,107.4833,-0.28333,0.79333,59.9871,0.155029,121.36,GEN,SM
20165,5,2021-04-02 21:24:00,2021-04-22 09:55:00,54.5,-56.105,53.61833,-56.04,468.5167,-0.88167,0.065,98.129,0.058179,177.5,GEN,MED
20165,6,2021-04-22 09:55:00,2021-05-04 09:56:00,53.61833,-56.04,53.93167,-56.60833,288.0167,0.31334,-0.56833,51.0748,0.049259,313.24,GEN,MED
20166,1,2021-03-17 15:26:00,2021-03-21 15:07:00,55.98,-59.515,55.53,-58.04333,95.6833,-0.45,1.47167,104.8004,0.304245,117.91,NTB,SM
20166,2,2021-03-21 15:07:00,2021-03-23 17:11:00,55.53,-58.04333,55.25333,-57.495,50.0667,-0.27667,0.54833,46.3209,0.256996,131.39,NTB,SM
20166,3,2021-03-23 17:11:00,2021-03-28 14:52:00,55.25333,-57.495,54.72167,-56.89333,117.6833,-0.53166,0.60167,70.4862,0.166374,146.76,GEN,SM
20166,4,2021-03-28 14:52:00,2021-03-29 09:55:00,54.72167,-56.89333,54.31833,-56.63833,19.05,-0.40334,0.255,47.7735,0.69661,159.75,GEN,SM
20166,5,2021-03-29 09:55:00,2021-04-22 09:55:00,54.31833,-56.63833,53.96833,-55.92,576.0,-0.35,0.71833,60.8574,0.029349,129.46,GEN,MED
20167,1,2021-03-17 15:26:00,2021-03-23 17:30:00,56.15333,-60.33,55.345,-58.93667,146.0667,-0.80833,1.39333,125.2242,0.238141,135.29,NTB,MED
20167,2,2021-03-23 17:30:00,2021-03-24 15:16:00,55.345,-58.93667,55.24833,-58.63167,21.7667,-0.09667,0.305,22.0989,0.282017,118.98,DD,MED
20167,3,2021-03-24 15:16:00,2021-04-08 15:16:00,55.24833,-58.63167,55.51667,-58.20167,360.0,0.26834,0.43,40.3499,0.031134,42.14,NTB,MED
20167,4,2021-04-08 15:16:00,2021-04-18 15:16:00,55.51667,-58.20167,55.225,-57.37,240.0,-0.29167,0.83167,61.753,0.071473,121.34,NTB,LG
20167,5,2021-04-18 15:16:00,2021-04-21 19:11:00,55.225,-57.37,55.28667,-56.89833,75.9167,0.06167,0.47167,30.6669,0.11221,76.89,NTB,MED
20167,6,2021-04-21 19:11:00,2021-04-22 09:55:00,55.28667,-56.89833,55.18167,-56.84167,14.7333,-0.105,0.05666,12.2157,0.230311,162.87,NTB,SM
20167,7,2021-04-22 09:55:00,2021-04-27 10:04:00,55.18167,-56.84167,54.585,-56.575,120.15,-0.59667,0.26667,68.5041,0.158376,165.47,GEN,MED
20167,8,2021-04-27 10:04:00,2021-05-04 09:55:00,54.585,-56.575,54.00667,-55.315,167.85,-0.57833,1.26,104.0216,0.172147,127.67,GEN,MED
20169,1,2021-03-17 15:26:00,2021-03-27 15:26:00,58.81333,-61.58833,57.86833,-60.54667,240.0,-0.945,1.04166,121.3948,0.140503,149.5,NTB,MED
20169,2,2021-03-27 15:26:00,2021-04-01 10:19:00,57.86833,-60.54667,57.65833,-60.30833,114.8833,-0.21,0.23834,27.2967,0.066001,148.71,NTB,MED
20169,3,2021-04-01 10:19:00,2021-04-03 21:34:00,57.65833,-60.30833,57.43833,-60.27333,59.25,-0.22,0.035,24.5519,0.115105,175.11,GEN,MED
20169,4,2021-04-03 21:34:00,2021-04-12 10:08:00,57.43833,-60.27333,56.27833,-60.055,204.5667,-1.16,0.21833,129.667,0.176073,174.03,GEN,SM
20169,5,2021-04-12 10:08:00,2021-04-18 15:16:00,56.27833,-60.055,55.56667,-58.36833,149.1333,-0.71166,1.68667,131.543,0.245014,126.28,GEN,MED
20169,6,2021-04-18 15:16:00,2021-04-19 18:08:00,55.56667,-58.36833,55.93333,-59.745,26.8667,0.36666,-1.37667,95.3113,0.985435,295.89,NTB,MED
20169,7,2021-04-19 18:08:00,2021-04-27 10:03:00,55.93333,-59.745,55.46,-58.22,183.9167,-0.47333,1.525,109.0978,0.164775,118.21,NTB,MED
20169,8,2021-04-27 10:03:00,2021-04-30 13:22:00,55.46,-58.22,55.165,-57.61167,75.3167,-0.295,0.60833,50.5756,0.18653,130.18,GEN,MED
20169,9,2021-04-30 13:22:00,2021-05-01 21:32:00,55.165,-57.61167,55.11833,-57.38667,32.1667,-0.04667,0.225,15.212,0.131365,109.85,GEN,MED
20169,10,2021-05-01 21:32:00,2021-05-05 21:13:00,55.11833,-57.38667,54.73167,-56.89333,95.6833,-0.38666,0.49334,53.3126,0.154772,143.55,GEN,MED
20169,11,2021-05-05 21:13:00,2021-05-10 09:56:00,54.73167,-56.89333,54.59,-56.89667,108.7167,-0.14167,-0.00334,15.7544,0.040254,180.78,GEN,MED
20170,1,2021-03-17 15:26:00,2021-03-27 15:26:00,58.78833,-61.64167,58.1,-60.80333,240.0,-0.68833,0.83834,90.7624,0.105049,147.13,NTB,MED
20170,2,2021-03-27 15:26:00,2021-04-01 10:19:00,58.1,-60.80333,57.5,-60.59667,114.8833,-0.6,0.20666,67.8313,0.16401,169.51,NTB,MED
20170,3,2021-04-01 10:19:00,2021-04-05 10:16:00,57.5,-60.59667,57.24333,-61.29667,95.95,-0.25667,-0.7,50.753,0.146931,236.08,GEN,MED
20170,4,2021-04-05 10:16:00,2021-04-06 10:27:00,57.24333,-61.29667,57.245,-61.29667,24.1833,0.00167,0.0,0.1857,0.002133,0.0,GEN,MED
20170,5,2021-04-06 10:27:00,2021-04-12 10:08:00,57.245,-61.29667,57.1,-61.03833,143.6833,-0.145,0.25834,22.4158,0.043336,135.89,GEN,SM
20170,6,2021-04-12 10:08:00,2021-04-19 18:04:00,57.1,-61.03833,56.05667,-59.79333,175.9333,-1.04333,1.245,138.8229,0.219185,146.16,GEN,MED
20170,7,2021-04-19 18:04:00,2021-04-27 10:03:00,56.05667,-59.79333,55.455,-58.065,183.9833,-0.60167,1.72833,127.1605,0.191987,121.03,NTB,MED
20170,8,2021-04-27 10:03:00,2021-05-01 10:00:00,55.455,-58.065,55.435,-58.02,95.95,-0.02,0.045,3.6056,0.010438,128.06,GEN,MED
20170,9,2021-05-01 10:00:00,2021-05-02 10:11:00,55.435,-58.02,55.46667,-58.45,24.1833,0.03167,-0.43,27.3435,0.314077,277.58,GEN,MED
20170,10,2021-05-02 10:11:00,2021-05-05 20:57:00,55.46667,-58.45,55.4,-57.685,82.7667,-0.06667,0.765,48.8282,0.163875,98.42,GEN,MED
20170,11,2021-05-05 20:57:00,2021-05-09 10:03:00,55.4,-57.685,54.92667,-57.715,85.1,-0.47333,-0.03,52.6664,0.17191,182.09,TAB,SM
20170,12,2021-05-09 10:03:00,2021-05-16 15:42:00,54.92667,-57.715,54.77167,-57.155,173.65,-0.155,0.56,39.7779,0.06363,115.45,GEN,SM
20170,13,2021-05-16 15:42:00,2021-05-21 10:03:00,54.77167,-57.155,54.565,-56.59,114.35,-0.20667,0.565,42.9899,0.104431,122.08,GEN,GEN
20170,14,2021-05-21 10:03:00,2021-05-28 15:29:00,54.565,-56.59,53.05333,-55.34833,173.4333,-1.51167,1.24167,186.81,0.299202,153.62,GEN,MED
20170,15,2021-05-28 15:29:00,2021-06-03 09:56:00,53.05333,-55.34833,52.37833,-54.61833,138.45,-0.675,0.73,89.7282,0.180025,146.48,PIN,SM
20170,16,2021-06-03 09:56:00,2021-06-05 14:38:00,52.37833,-54.61833,52.25333,-54.835,52.7,-0.125,-0.21667,20.2511,0.106742,226.74,GEN,RAD
20171,1,2021-03-17 15:26:00,2021-04-01 10:19:00,58.895,-60.81833,57.69667,-60.03,354.8833,-1.19833,0.78833,140.9843,0.110353,160.59,NTB,MED
20171,2,2021-04-01 10:19:00,2021-04-12 10:08:00,57.69667,-60.03,56.84667,-60.34667,263.8167,-0.85,-0.31667,96.4136,0.101516,191.52,GEN,MED
20171,3,2021-04-12 10:08:00,2021-04-19 18:09:00,56.84667,-60.34667,56.15333,-59.67167,176.0167,-0.69334,0.675,87.52,0.138118,151.47,GEN,LG
20171,4,2021-04-19 18:09:00,2021-04-27 10:03:00,56.15333,-59.67167,55.51333,-58.29,183.9,-0.64,1.38167,111.8396,0.168932,128.94,NTB,MED
20171,5,2021-04-27 10:03:00,2021-05-01 10:00:00,55.51333,-58.29,55.43833,-57.98333,95.95,-0.075,0.30667,21.0489,0.060937,113.21,GEN,MED
20171,6,2021-05-01 10:00:00,2021-05-05 21:08:00,55.43833,-57.98333,54.80667,-57.22833,107.1333,-0.63166,0.755,85.0744,0.220583,145.34,GEN,MED
20171,7,2021-05-05 21:08:00,2021-05-10 09:56:00,54.80667,-57.22833,54.245,-57.06167,108.8,-0.56167,0.16666,63.374,0.1618,170.16,GEN,MED
20172,1,2021-03-17 15:26:00,2021-03-30 21:49:00,58.75167,-61.625,57.24,-61.28167,318.3833,-1.51167,0.34333,169.3027,0.14771,172.99,NTB,MED
20172,2,2021-03-30 21:49:00,2021-04-03 21:34:00,57.24,-61.28167,56.88167,-60.915,95.75,-0.35833,0.36667,45.5967,0.132279,150.75,GEN,MED
20172,3,2021-04-03 21:34:00,2021-04-05 21:49:00,56.88167,-60.915,56.425,-60.49833,48.25,-0.45667,0.41667,56.8082,0.327048,153.19,GEN,MED
20172,4,2021-04-05 21:49:00,2021-05-02 10:11:00,56.425,-60.49833,55.23,-58.63,636.3667,-1.195,1.86833,176.829,0.077187,137.94,GEN,MED
20172,5,2021-05-02 10:11:00,2021-05-05 20:52:00,55.23,-58.63,55.11167,-58.22333,82.6833,-0.11833,0.40667,28.9849,0.097376,116.83,GEN,MED
20172,6,2021-05-05 20:52:00,2021-05-09 10:03:00,55.11167,-58.22333,54.96,-57.775,85.1833,-0.15167,0.44833,33.1749,0.108181,120.37,TAB,LG
20172,7,2021-05-09 10:03:00,2021-05-16 09:56:00,54.96,-57.775,54.47333,-56.83,167.8833,-0.48667,0.945,81.3157,0.134544,131.33,GEN,MED
20172,8,2021-05-16 09:56:00,2021-05-16 15:52:00,54.47333,-56.83,54.45667,-56.725,5.9333,-0.01666,0.105,7.0341,0.329312,105.23,GEN,MED
20172,9,2021-05-16 15:52:00,2021-05-21 10:03:00,54.45667,-56.725,53.735,-56.04167,114.1833,-0.72167,0.68333,91.7862,0.223292,150.68,GEN,LG
20172,10,2021-05-21 10:03:00,2021-05-28 15:34:00,53.735,-56.04167,53.29167,-55.66167,173.5167,-0.44333,0.38,55.3298,0.088576,152.84,GEN,MED
20172,11,2021-05-28 15:34:00,2021-06-03 09:56:00,53.29167,-55.66167,52.49333,-55.30333,138.3667,-0.79834,0.35834,91.9684,0.184631,164.7,NTB,SM
20172,12,2021-06-03 09:56:00,2021-06-05 13:54:00,52.49333,-55.30333,52.01,-55.52167,51.9667,-0.48333,-0.21834,55.7611,0.29806,195.55,GEN,SM
20172,13,2021-06-05 13:54:00,2021-06-15 09:57:00,52.01,-55.52167,51.52833,-56.24,236.05,-0.48167,-0.71833,72.8815,0.085765,222.99,DD,SM
20174,1,2021-03-17 15:26:00,2021-03-22 10:03:00,55.94667,-59.49667,55.30833,-58.255,114.6167,-0.63834,1.24167,105.421,0.255492,131.81,NTB,SM
20174,2,2021-03-22 10:03:00,2021-03-23 17:11:00,55.30833,-58.255,55.165,-57.79667,31.1333,-0.14333,0.45833,33.1425,0.295704,118.55,GEN,MED
20174,3,2021-03-23 17:11:00,2021-03-24 15:16:00,55.165,-57.79667,54.96833,-57.6,22.0833,-0.19667,0.19667,25.2003,0.316984,150.12,GEN,SM
20174,4,2021-03-24 15:16:00,2021-03-28 14:52:00,54.96833,-57.6,54.20667,-56.88333,95.6,-0.76166,0.71667,96.4622,0.280283,151.11,NTB,MED
20174,5,2021-03-28 14:52:00,2021-03-29 09:55:00,54.20667,-56.88333,54.02,-57.035,19.05,-0.18667,-0.15167,22.9907,0.33524,205.53,GEN,MED
20174,6,2021-03-29 09:55:00,2021-04-03 10:02:00,54.02,-57.035,54.02,-57.035,120.1167,0.0,0.0,0.0,0.0,0.0,GEN,MED
20174,7,2021-04-03 10:02:00,2021-04-04 09:56:00,54.02,-57.035,54.02,-57.035,23.9,0.0,0.0,0.0,0.0,0.0,GEN,MED
20174,8,2021-04-04 09:56:00,2021-04-10 09:55:00,54.02,-57.035,53.89333,-56.83333,143.9833,-0.12667,0.20167,19.2999,0.037234,136.79,GEN,MED
20174,9,2021-04-10 09:55:00,2021-04-21 13:30:00,53.89333,-56.83333,54.00333,-56.86167,267.5833,0.11,-0.02834,12.3712,0.012843,351.39,GEN,MED
20174,10,2021-04-21 13:30:00,2021-04-22 09:55:00,54.00333,-56.86167,53.89333,-56.83333,20.4167,-0.11,0.02834,12.3712,0.168316,171.37,GEN,MED
20174,11,2021-04-22 09:55:00,2021-04-27 10:04:00,53.89333,-56.83333,54.00333,-56.915,120.15,0.11,-0.08167,13.3481,0.03086,336.43,GEN,MED
20174,12,2021-04-27 10:04:00,2021-04-28 09:56:00,54.00333,-56.915,54.005,-56.91667,23.8667,0.00167,-0.00167,0.2154,0.002507,329.56,GEN,MED
20174,13,2021-04-28 09:56:00,2021-05-04 09:56:00,54.005,-56.91667,53.97,-56.95,144.0,-0.035,-0.03333,4.4603,0.008604,209.26,GEN,MED
20175,1,2021-03-17 15:26:00,2021-03-25 10:27:00,59.00833,-61.28,58.58333,-60.59667,187.0167,-0.425,0.68333,61.5053,0.091354,139.91,NTB,MED
20175,2,2021-03-25 10:27:00,2021-03-27 15:26:00,58.58333,-60.59667,58.11667,-60.37167,52.9833,-0.46666,0.225,53.5251,0.280618,165.71,GEN,MED
20175,3,2021-03-27 15:26:00,2021-04-01 10:19:00,58.11667,-60.37167,57.89167,-59.745,114.8833,-0.225,0.62667,44.5998,0.107838,123.86,NTB,LG
20175,4,2021-04-01 10:19:00,2021-04-10 10:26:00,57.89167,-59.745,58.045,-60.5,216.1167,0.15333,-0.755,47.6794,0.061283,291.27,GEN,LG
20175,5,2021-04-10 10:26:00,2021-04-13 10:19:00,58.045,-60.5,57.96333,-60.71333,71.8833,-0.08167,-0.21333,15.5063,0.059921,234.24,GEN,MED
20175,6,2021-04-13 10:19:00,2021-05-03 10:15:00,57.96333,-60.71333,56.69333,-60.65333,479.9333,-1.27,0.06,141.2635,0.081761,178.51,GEN,MED
20175,7,2021-05-03 10:15:00,2021-05-11 21:49:00,56.69333,-60.65333,55.60833,-59.49167,203.5667,-1.085,1.16166,140.4669,0.191675,148.71,GEN,MED
20175,8,2021-05-11 21:49:00,2021-05-14 10:11:00,55.60833,-59.49167,55.32833,-59.15833,60.3667,-0.28,0.33334,37.5609,0.172837,145.85,GEN,MED
20176,1,2021-03-17 15:26:00,2021-03-21 15:07:00,56.46667,-60.15667,55.66167,-58.95,95.6833,-0.805,1.20667,116.7148,0.338834,139.57,NTB,MED
20176,2,2021-03-21 15:07:00,2021-03-23 17:25:00,55.66167,-58.95,55.43167,-58.43167,50.3,-0.23,0.51833,41.4396,0.228847,127.89,NTB,SM
20176,3,2021-03-23 17:25:00,2021-04-15 10:04:00,55.43167,-58.43167,54.43667,-56.73833,544.65,-0.995,1.69334,154.727,0.078913,134.95,GEN,SM
20176,4,2021-04-15 10:04:00,2021-04-19 21:32:00,54.43667,-56.73833,53.91833,-56.2,107.4667,-0.51834,0.53833,67.4488,0.17434,148.49,GEN,MED
20176,5,2021-04-19 21:32:00,2021-04-21 10:38:00,53.91833,-56.2,53.90667,-56.23167,37.1,-0.01166,-0.03167,2.4461,0.018315,238.01,GEN,MED
20176,6,2021-04-21 10:38:00,2021-04-22 09:55:00,53.90667,-56.23167,53.905,-56.24,23.2833,-0.00167,-0.00833,0.5764,0.006877,251.21,GEN,LG
20176,7,2021-04-22 09:55:00,2021-04-27 10:04:00,53.905,-56.24,53.97333,-56.53167,120.15,0.06833,-0.29167,20.5474,0.047504,291.82,GEN,MED
20177,1,2021-03-17 15:26:00,2021-03-25 10:27:00,58.96333,-61.51667,58.59333,-60.70167,187.0167,-0.37,0.815,62.4437,0.092748,130.86,NTB,SM
20177,2,2021-03-25 10:27:00,2021-03-27 15:26:00,58.59333,-60.70167,58.07667,-60.78833,52.9833,-0.51666,-0.08666,57.6722,0.30236,185.07,GEN,SM
20177,3,2021-03-27 15:26:00,2021-04-12 10:08:00,58.07667,-60.78833,56.84333,-60.81167,378.7,-1.23334,-0.02334,137.1483,0.100599,180.59,NTB,SM
20177,4,2021-04-12 10:08:00,2021-04-19 18:04:00,56.84333,-60.81167,56.05667,-59.79333,175.9333,-0.78666,1.01834,107.551,0.16981,143.99,GEN,MED
20177,5,2021-04-19 18:04:00,2021-04-27 10:03:00,56.05667,-59.79333,55.40333,-58.35167,183.9833,-0.65334,1.44166,115.8659,0.174934,128.23,NTB,MED
20177,6,2021-04-27 10:03:00,2021-04-30 13:22:00,55.40333,-58.35167,55.26167,-57.85333,75.3167,-0.14166,0.49834,35.2363,0.129956,116.35,GEN,MED
20177,7,2021-04-30 13:22:00,2021-05-01 10:00:00,55.26167,-57.85333,55.24,-57.955,20.6333,-0.02167,-0.10167,6.8796,0.092617,249.54,GEN,LG
20177,8,2021-05-01 10:00:00,2021-05-01 21:32:00,55.24,-57.955,55.18167,-58.01833,11.5333,-0.05833,-0.06333,7.6296,0.183758,211.8,GEN,MED
20177,9,2021-05-01 21:32:00,2021-05-05 21:11:00,55.18167,-58.01833,54.76667,-57.16333,95.65,-0.415,0.855,71.4616,0.207532,129.87,GEN,SM
20177,10,2021-05-05 21:11:00,2021-05-21 10:03:00,54.76667,-57.16333,54.01833,-57.14667,372.8667,-0.74834,0.01666,83.2186,0.061996,179.25,GEN,MED
20177,11,2021-05-21 10:03:00,2021-05-28 09:55:00,54.01833,-57.14667,54.25333,-56.71333,167.8667,0.235,0.43334,38.4675,0.063654,47.04,GEN,MED
20177,12,2021-05-28 09:55:00,2021-05-28 15:54:00,54.25333,-56.71333,54.25667,-56.69333,5.9833,0.00334,0.02,1.3512,0.06273,74.04,GEN,MED
20177,13,2021-05-28 15:54:00,2021-06-02 10:03:00,54.25667,-56.69333,53.59333,-55.68,114.15,-0.66334,1.01333,99.2087,0.241419,137.62,DOM,MED
20177,14,2021-06-02 10:03:00,2021-06-21 09:56:00,53.59333,-55.68,51.385,-55.21833,455.8833,-2.20833,0.46167,247.5352,0.150828,172.56,GEN,MED
20178,1,2021-03-17 15:26:00,2021-03-24 15:16:00,56.7,-60.73667,55.80167,-58.99,167.8333,-0.89833,1.74667,147.031,0.243348,132.06,NTB,SM
20178,2,2021-03-24 15:16:00,2021-04-03 10:03:00,55.80167,-58.99,55.105,-57.44167,234.7833,-0.69667,1.54833,124.6262,0.147448,127.79,NTB,SM
20178,3,2021-04-03 10:03:00,2021-04-08 15:16:00,55.105,-57.44167,55.39833,-57.185,125.2167,0.29333,0.25667,36.4483,0.080856,26.4,GEN,MED
20178,4,2021-04-08 15:16:00,2021-04-15 10:04:00,55.39833,-57.185,54.5,-56.28167,162.8,-0.89833,0.90333,115.3479,0.196813,149.62,NTB,MED
20178,5,2021-04-15 10:04:00,2021-04-19 21:32:00,54.5,-56.28167,54.04167,-55.75,107.4667,-0.45833,0.53167,61.5557,0.159108,145.67,GEN,SM
20178,6,2021-04-19 21:32:00,2021-04-21 19:53:00,54.04167,-55.75,53.805,-55.50167,46.35,-0.23667,0.24833,30.9347,0.185393,148.19,GEN,MED
20179,1,2021-03-17 15:26:00,2021-03-27 15:26:00,58.74,-60.81667,57.48667,-59.53667,240.0,-1.25333,1.28,158.344,0.183269,151.11,NTB,MED
20179,2,2021-03-27 15:26:00,2021-04-03 10:02:00,57.48667,-59.53667,57.23333,-58.80333,162.6,-0.25334,0.73334,52.229,0.089225,122.33,NTB,MED
20179,3,2021-04-03 10:02:00,2021-04-03 21:34:00,57.23333,-58.80333,57.12,-58.66833,11.5333,-0.11333,0.135,15.0004,0.361281,147.09,GEN,LG
20179,4,2021-04-03 21:34:00,2021-04-05 10:16:00,57.12,-58.66833,56.885,-58.68833,36.7,-0.235,-0.02,26.1589,0.197993,182.66,GEN,LG
20179,5,2021-04-05 10:16:00,2021-04-08 15:16:00,56.885,-58.68833,56.31333,-58.34667,77.0,-0.57167,0.34166,66.9185,0.241409,161.65,GEN,LG
20179,6,2021-04-08 15:16:00,2021-04-11 10:02:00,56.31333,-58.34667,56.18167,-58.26667,66.7667,-0.13166,0.08,15.4517,0.064286,161.31,NTB,LG
20179,7,2021-04-11 10:02:00,2021-04-12 21:41:00,56.18167,-58.26667,56.20167,-58.48667,35.65,0.02,-0.22,13.792,0.107465,279.37,GEN,LG
20179,8,2021-04-12 21:41:00,2021-04-15 10:03:00,56.20167,-58.48667,56.03333,-57.93167,60.3667,-0.16834,0.555,39.1669,0.180227,118.32,GEN,MED
20179,9,2021-04-15 10:03:00,2021-04-19 18:36:00,56.03333,-57.93167,55.675,-57.28667,104.55,-0.35833,0.645,56.6405,0.150488,134.44,GEN,MED
20180,1,2021-03-17 15:26:00,2021-03-27 15:26:00,58.57667,-62.26,57.62833,-61.55333,240.0,-0.94834,0.70667,113.3289,0.131168,158.21,NTB,MED
20181,1,2021-03-17 15:26:00,2021-03-27 15:26:00,58.61667,-61.71167,57.18833,-60.31167,240.0,-1.42834,1.4,179.0647,0.207251,151.89,NTB,MED
20181,2,2021-03-27 15:26:00,2021-03-30 21:49:00,57.18833,-60.31167,57.24167,-60.29667,78.3833,0.05334,0.015,5.9995,0.021261,8.65,NTB,MED
20181,3,2021-03-30 21:49:00,2021-04-11 10:02:00,57.24167,-60.29667,55.94333,-59.49333,276.2167,-1.29834,0.80334,152.5138,0.153376,160.85,GEN,MED
20181,4,2021-04-11 10:02:00,2021-04-18 15:16:00,55.94333,-59.49333,55.485,-58.08833,173.2333,-0.45833,1.405,101.6957,0.163068,119.49,GEN,SM
20181,5,2021-04-18 15:16:00,2021-04-27 10:03:00,55.485,-58.08833,55.37667,-57.195,210.7833,-0.10833,0.89333,57.6344,0.075953,101.7,NTB,SM
20181,6,2021-04-27 10:03:00,2021-04-30 13:22:00,55.37667,-57.195,55.22667,-56.49333,75.3167,-0.15,0.70167,47.4428,0.174975,110.29,GEN,SM
20181,7,2021-04-30 13:22:00,2021-05-01 10:00:00,55.22667,-56.49333,55.13,-56.19667,20.6333,-0.09667,0.29666,21.6877,0.291972,119.59,GEN,SM
20181,8,2021-05-01 10:00:00,2021-05-04 09:55:00,55.13,-56.19667,54.72667,-55.37,71.9167,-0.40333,0.82667,69.2893,0.26763,130.0,GEN,MED
20183,1,2021-03-17 15:26:00,2021-03-27 15:26:00,58.50833,-61.57833,57.10167,-60.15,240.0,-1.40666,1.42833,177.8274,0.205819,150.98,NTB,SM
20183,2,2021-03-27 15:26:00,2021-04-18 15:16:00,57.10167,-60.15,55.41667,-57.89167,527.8333,-1.685,2.25833,233.5524,0.122909,142.39,NTB,SM
20183,3,2021-04-18 15:16:00,2021-04-19 18:24:00,55.41667,-57.89167,55.31,-57.96,27.1333,-0.10667,-0.06833,12.6228,0.129226,200.03,NTB,SM
20183,4,2021-04-19 18:24:00,2021-04-27 10:03:00,55.31,-57.96,54.845,-57.47667,183.65,-0.465,0.48333,60.1666,0.091004,149.05,BLK,SM
20183,5,2021-04-27 10:03:00,2021-04-30 13:22:00,54.845,-57.47667,54.83833,-57.49167,75.3167,-0.00667,-0.015,1.2135,0.004475,232.33,GEN,MED
20183,6,2021-04-30 13:22:00,2021-05-01 10:00:00,54.83833,-57.49167,54.84333,-57.47833,20.6333,0.005,0.01334,1.0192,0.013721,56.94,GEN,MED
20183,7,2021-05-01 10:00:00,2021-05-01 21:32:00,54.84333,-57.47833,54.84833,-57.64833,11.5333,0.005,-0.17,10.8982,0.262481,272.99,GEN,MED
20183,8,2021-05-01 21:32:00,2021-05-04 09:55:00,54.84833,-57.64833,54.56667,-56.99833,60.3833,-0.28166,0.65,52.1975,0.240121,126.6,GEN,SM
20184,1,2021-03-17 15:26:00,2021-03-27 15:26:00,58.47,-61.325,57.29,-60.60333,240.0,-1.18,0.72167,137.9707,0.159688,161.68,NTB,MED
20184,2,2021-03-27 15:26:00,2021-03-30 21:48:00,57.29,-60.60333,57.04167,-60.45667,78.3667,-0.24833,0.14666,28.9942,0.102773,162.18,NTB,MED
20184,3,2021-03-30 21:48:00,2021-04-05 10:16:00,57.04167,-60.45667,56.42833,-60.13833,132.4667,-0.61334,0.31834,70.9101,0.148696,163.98,GEN,MED
20184,4,2021-04-05 10:16:00,2021-04-08 15:16:00,56.42833,-60.13833,55.69333,-59.18667,77.0,-0.735,0.95166,100.8444,0.363797,143.74,GEN,MED
20184,5,2021-04-08 15:16:00,2021-04-18 15:16:00,55.69333,-59.18667,55.405,-57.69333,240.0,-0.28833,1.49334,99.2535,0.114877,108.23,NTB,MED
20184,6,2021-04-18 15:16:00,2021-04-27 10:03:00,55.405,-57.69333,55.23,-56.37167,210.7833,-0.175,1.32166,85.8582,0.113147,102.56,NTB,MED
20184,7,2021-04-27 10:03:00,2021-04-30 13:22:00,55.23,-56.37167,55.235,-55.77167,75.3167,0.005,0.6,38.0491,0.14033,88.92,GEN,SM
20184,8,2021-04-30 13:22:00,2021-05-04 09:55:00,55.235,-55.77167,55.045,-54.71,92.55,-0.19,1.06167,70.7049,0.212212,106.95,GEN,MED
20185,1,2021-03-17 15:26:00,2021-03-30 21:48:00,58.385,-61.675,56.88333,-60.91167,318.3667,-1.50167,0.76333,173.0469,0.150985,164.45,NTB,MED
20185,2,2021-03-30 21:48:00,2021-04-05 21:49:00,56.88333,-60.91167,55.93333,-60.34667,144.0167,-0.95,0.565,111.206,0.214493,161.55,GEN,MED
20185,3,2021-04-05 21:49:00,2021-04-29 21:49:00,55.93333,-60.34667,55.69,-59.97333,576.0,-0.24333,0.37334,35.7243,0.017228,139.08,GEN,MED
20185,4,2021-04-29 21:49:00,2021-05-14 10:11:00,55.69,-59.97333,55.56,-59.32,348.3667,-0.13,0.65333,43.4895,0.034677,109.14,GEN,MED
20186,1,2021-03-17 15:26:00,2021-04-08 15:16:00,58.4,-61.13667,55.61167,-59.11,527.8333,-2.78833,2.02667,333.4132,0.175462,157.55,NTB,LG
20186,2,2021-04-08 15:16:00,2021-04-11 10:02:00,55.61167,-59.11,55.24667,-58.65,66.7667,-0.365,0.46,49.8957,0.207587,144.24,NTB,MED
20186,3,2021-04-11 10:02:00,2021-04-18 15:16:00,55.24667,-58.65,55.39,-57.96333,173.2333,0.14333,0.68667,46.2775,0.074205,69.57,GEN,MED
20186,4,2021-04-18 15:16:00,2021-04-27 10:03:00,55.39,-57.96333,55.12,-57.465,210.7833,-0.27,0.49833,43.5738,0.057423,133.35,NTB,MED
20186,5,2021-04-27 10:03:00,2021-04-30 13:22:00,55.12,-57.465,55.01167,-57.14167,75.3167,-0.10833,0.32333,23.8527,0.087972,120.2,GEN,MED
20186,6,2021-04-30 13:22:00,2021-05-04 09:56:00,55.01167,-57.14167,54.505,-56.875,92.5667,-0.50667,0.26667,58.8799,0.176689,163.0,GEN,SM
20187,1,2021-03-17 15:26:00,2021-04-01 10:19:00,58.39333,-61.14667,57.07333,-60.88667,354.8833,-1.32,0.26,147.5863,0.11552,173.89,NTB,LG
20187,2,2021-04-01 10:19:00,2021-04-19 18:06:00,57.07333,-60.88667,55.91333,-59.73,439.7833,-1.16,1.15667,147.2311,0.092995,150.69,GEN,LG
20187,3,2021-04-19 18:06:00,2021-04-27 10:03:00,55.91333,-59.73,54.98333,-58.57,183.95,-0.93,1.16,126.6668,0.191276,144.25,NTB,MED
20187,4,2021-04-27 10:03:00,2021-05-01 10:00:00,54.98333,-58.57,55.24833,-58.18333,95.95,0.265,0.38667,38.379,0.111108,39.69,GEN,MED
20187,5,2021-05-01 10:00:00,2021-05-02 10:11:00,55.24833,-58.18333,55.23667,-58.49167,24.1833,-0.01166,-0.30834,19.5894,0.225011,266.33,GEN,MED
20187,6,2021-05-02 10:11:00,2021-05-05 21:04:00,55.23667,-58.49167,54.885,-57.47667,82.8833,-0.35167,1.015,75.5442,0.253181,120.76,GEN,MED
20187,7,2021-05-05 21:04:00,2021-05-09 10:03:00,54.885,-57.47667,54.77333,-57.28833,84.9833,-0.11167,0.18834,17.312,0.056586,135.75,NTB,MED
20188,1,2021-03-17 15:26:00,2021-04-03 21:34:00,58.365,-61.49,56.53,-60.69167,414.1333,-1.835,0.79833,209.5549,0.140558,166.49,NTB,SM
20188,2,2021-04-03 21:34:00,2021-04-05 10:16:00,56.53,-60.69167,56.425,-60.49833,36.7,-0.105,0.19334,16.6517,0.126035,134.44,GEN,SM
20188,3,2021-04-05 10:16:00,2021-05-02 10:11:00,56.425,-60.49833,55.35667,-58.94833,647.9167,-1.06833,1.55,153.1358,0.065653,140.22,GEN,MED
20188,4,2021-05-02 10:11:00,2021-05-05 20:53:00,55.35667,-58.94833,55.115,-58.34167,82.7,-0.24167,0.60666,46.9213,0.157602,124.69,GEN,MED
20188,5,2021-05-05 20:53:00,2021-05-09 10:03:00,55.115,-58.34167,54.945,-57.84667,85.1667,-0.17,0.495,36.7767,0.11995,120.73,TAB,LG
20188,6,2021-05-09 10:03:00,2021-05-16 09:56:00,54.945,-57.84667,54.52,-56.88667,167.8833,-0.425,0.96,77.6661,0.128505,127.09,GEN,MED
20189,1,2021-03-17 15:26:00,2021-03-27 15:26:00,58.34833,-61.355,57.07833,-59.90333,240.0,-1.27,1.45167,165.4504,0.191494,147.98,NTB,SM
20189,2,2021-03-27 15:26:00,2021-04-15 10:03:00,57.07833,-59.90333,55.84833,-58.57333,450.6167,-1.23,1.33,159.309,0.098204,148.59,NTB,SM
20189,3,2021-04-15 10:03:00,2021-04-18 15:16:00,55.84833,-58.57333,55.545,-57.86167,77.2167,-0.30333,0.71166,55.9151,0.201148,126.81,GEN,SM
20189,4,2021-04-18 15:16:00,2021-04-19 18:33:00,55.545,-57.86167,55.85333,-57.515,27.2833,0.30833,0.34667,40.5873,0.413229,32.22,NTB,SM
20189,5,2021-04-19 18:33:00,2021-04-30 13:22:00,55.85333,-57.515,55.36167,-54.97667,258.8167,-0.49166,2.53833,168.5322,0.180879,107.88,NTB,MED
20190,1,2021-03-17 15:26:00,2021-03-20 10:19:00,58.37833,-60.905,58.18333,-60.915,66.8833,-0.195,-0.01,21.6909,0.090086,181.55,NTB,MED
20190,2,2021-03-20 10:19:00,2021-04-18 15:16:00,58.18333,-60.915,55.44333,-57.91333,700.95,-2.74,3.00167,355.1727,0.140751,147.79,GEN,SM
20190,3,2021-04-18 15:16:00,2021-04-27 10:03:00,55.44333,-57.91333,54.98333,-57.12833,210.7833,-0.46,0.785,71.3876,0.094077,135.44,NTB,SM
20190,4,2021-04-27 10:03:00,2021-05-01 10:00:00,54.98333,-57.12833,54.71,-56.91167,95.95,-0.27333,0.21666,33.4086,0.096719,155.38,GEN,MED
20190,5,2021-05-01 10:00:00,2021-05-01 21:32:00,54.71,-56.91167,54.73,-56.89667,11.5333,0.02,0.015,2.4236,0.058371,23.42,GEN,MED
20190,6,2021-05-01 21:32:00,2021-05-04 09:56:00,54.73,-56.89667,54.47333,-56.635,60.4,-0.25667,0.26167,33.1454,0.152435,149.33,GEN,SM
20191,1,2021-03-17 15:26:00,2021-03-27 15:26:00,58.225,-60.86833,56.935,-60.00667,240.0,-1.29,0.86166,152.3583,0.176341,159.93,NTB,SM
20191,2,2021-03-27 15:26:00,2021-04-03 10:02:00,56.935,-60.00667,56.41,-59.60667,162.6,-0.525,0.4,63.2855,0.108114,157.12,NTB,SM
20191,3,2021-04-03 10:02:00,2021-04-08 15:16:00,56.41,-59.60667,56.08333,-58.40167,125.2333,-0.32667,1.205,82.8346,0.183734,115.51,GEN,MED
20191,4,2021-04-08 15:16:00,2021-04-18 15:16:00,56.08333,-58.40167,55.33167,-57.15167,240.0,-0.75166,1.25,114.5322,0.13256,136.35,NTB,MED
20191,5,2021-04-18 15:16:00,2021-04-21 19:01:00,55.33167,-57.15167,55.38,-56.49333,75.75,0.04833,0.65834,41.9603,0.15387,82.37,NTB,MED
20191,6,2021-04-21 19:01:00,2021-04-29 09:47:00,55.38,-56.49333,55.175,-54.28167,182.7667,-0.205,2.21166,141.9159,0.215691,98.33,NTB,SM
20192,1,2021-03-17 15:26:00,2021-03-20 10:19:00,58.21,-61.14333,57.95833,-61.18333,66.8833,-0.25167,-0.04,28.083,0.116634,184.82,NTB,SM
20192,2,2021-03-20 10:19:00,2021-03-27 15:26:00,57.95833,-61.18333,57.04,-60.215,173.1167,-0.91833,0.96833,117.3612,0.188314,150.06,GEN,SM
20192,3,2021-03-27 15:26:00,2021-04-08 15:16:00,57.04,-60.215,56.17833,-58.81333,287.8333,-0.86167,1.40167,128.594,0.124102,137.58,NTB,SM
20192,4,2021-04-08 15:16:00,2021-04-15 10:03:00,56.17833,-58.81333,56.04,-57.955,162.7833,-0.13833,0.85833,55.3974,0.094532,105.76,NTB,SM
20192,5,2021-04-15 10:03:00,2021-04-19 15:00:00,56.04,-57.955,55.97333,-56.96833,100.95,-0.06667,0.98667,61.7858,0.170012,96.48,GEN,SM
20192,6,2021-04-19 15:00:00,2021-04-22 09:55:00,55.97333,-56.96833,55.635,-56.175,66.9167,-0.33833,0.79333,62.2355,0.258346,126.86,NTB,MED
20192,7,2021-04-22 09:55:00,2021-04-28 09:56:00,55.635,-56.175,55.485,-54.45333,144.0167,-0.15,1.72167,109.5423,0.211284,98.05,GEN,SM
20192,8,2021-04-28 09:56:00,2021-04-29 09:47:00,55.485,-54.45333,55.52,-54.28,23.85,0.035,0.17333,11.5889,0.134975,70.31,GEN,SM
20193,1,2021-03-17 15:26:00,2021-03-20 10:19:00,58.16333,-61.17,57.92333,-61.09,66.8833,-0.24,0.08,27.0989,0.112546,169.96,NTB,MED
20193,2,2021-03-20 10:19:00,2021-03-27 15:26:00,57.92333,-61.09,56.91833,-60.13333,173.1167,-1.005,0.95667,125.5728,0.20149,152.46,GEN,MED
20193,3,2021-03-27 15:26:00,2021-04-05 21:49:00,56.91833,-60.13333,55.94167,-59.47,222.3833,-0.97666,0.66333,116.0043,0.1449,159.14,NTB,SM
20193,4,2021-04-05 21:49:00,2021-04-08 15:16:00,55.94167,-59.47,55.68,-58.70333,65.45,-0.26167,0.76667,56.0478,0.237874,120.96,GEN,MED
20193,5,2021-04-08 15:16:00,2021-04-12 21:41:00,55.68,-58.70333,55.49833,-58.19167,102.4167,-0.18167,0.51166,37.9713,0.102987,121.93,NTB,MED
20193,6,2021-04-12 21:41:00,2021-04-18 15:16:00,55.49833,-58.19167,55.37333,-57.72667,137.5833,-0.125,0.465,32.4604,0.065537,115.16,GEN,MED
20193,7,2021-04-18 15:16:00,2021-04-21 19:16:00,55.37333,-57.72667,55.25667,-57.25,76.0,-0.11666,0.47667,32.8334,0.120005,113.08,NTB,SM
20193,8,2021-04-21 19:16:00,2021-04-27 10:03:00,55.25667,-57.25,54.98333,-56.41333,134.7833,-0.27334,0.83667,61.2714,0.126276,119.4,NTB,SM
20193,9,2021-04-27 10:03:00,2021-04-30 13:22:00,54.98333,-56.41333,54.88167,-56.255,75.3167,-0.10166,0.15833,15.1689,0.055945,138.11,GEN,MED
20193,10,2021-04-30 13:22:00,2021-05-01 10:00:00,54.88167,-56.255,54.71833,-56.06,20.6333,-0.16334,0.195,22.0476,0.296818,145.39,GEN,LG
20193,11,2021-05-01 10:00:00,2021-05-04 09:56:00,54.71833,-56.06,54.35333,-56.48833,71.9333,-0.365,-0.42833,49.1002,0.189605,214.42,GEN,MED
20194,1,2021-03-17 15:26:00,2021-03-20 10:19:00,58.05333,-61.28,57.95,-61.03,66.8833,-0.10333,0.25,18.6815,0.077587,127.85,NTB,LG
20194,2,2021-03-20 10:19:00,2021-04-05 21:49:00,57.95,-61.03,55.99833,-59.785,395.5,-1.95167,1.245,229.7479,0.161362,160.31,GEN,MED
20194,3,2021-04-05 21:49:00,2021-04-08 15:16:00,55.99833,-59.785,55.63333,-59.225,65.45,-0.365,0.56,53.5839,0.227417,139.01,GEN,MED
20194,4,2021-04-08 15:16:00,2021-04-18 15:16:00,55.63333,-59.225,55.40333,-57.97167,240.0,-0.23,1.25333,82.9399,0.095995,107.44,NTB,MED
20194,5,2021-04-18 15:16:00,2021-04-27 10:03:00,55.40333,-57.97167,55.15167,-56.65,210.7833,-0.25166,1.32167,88.2622,0.116315,107.94,NTB,MED
20194,6,2021-04-27 10:03:00,2021-04-30 13:22:00,55.15167,-56.65,54.91833,-56.275,75.3167,-0.23334,0.375,35.2736,0.130094,137.2,GEN,MED
20194,7,2021-04-30 13:22:00,2021-05-01 21:32:00,54.91833,-56.275,54.99833,-56.41333,32.1667,0.08,-0.13833,12.5352,0.108248,315.26,GEN,SM
20194,8,2021-05-01 21:32:00,2021-05-04 09:55:00,54.99833,-56.41333,54.77667,-56.05667,60.3833,-0.22166,0.35666,33.5833,0.154491,137.07,GEN,SM
20194,9,2021-05-04 09:55:00,2021-05-05 21:24:00,54.77667,-56.05667,54.74,-55.93833,35.4833,-0.03667,0.11834,8.6186,0.067469,118.19,GEN,MED
20194,10,2021-05-05 21:24:00,2021-05-10 09:56:00,54.74,-55.93833,54.28833,-55.745,108.5333,-0.45167,0.19333,51.7505,0.132449,165.97,GEN,SM
20195,1,2021-03-17 15:26:00,2021-03-20 10:19:00,58.04667,-61.055,57.735,-60.415,66.8833,-0.31167,0.64,51.3016,0.213064,132.22,NTB,MED
20195,2,2021-03-20 10:19:00,2021-03-27 15:26:00,57.735,-60.415,57.01,-60.05667,173.1167,-0.725,0.35833,83.4294,0.133868,164.93,GEN,MED
20195,3,2021-03-27 15:26:00,2021-04-08 15:16:00,57.01,-60.05667,56.04667,-58.35167,287.8333,-0.96333,1.705,149.6823,0.144453,134.98,NTB,SM
20195,4,2021-04-08 15:16:00,2021-04-12 21:41:00,56.04667,-58.35167,55.61167,-57.72167,102.4167,-0.435,0.63,62.3513,0.169111,140.61,NTB,MED
20195,5,2021-04-12 21:41:00,2021-04-18 15:16:00,55.61167,-57.72167,55.42333,-57.79167,137.5833,-0.18834,-0.07,21.4011,0.043208,191.91,GEN,MED
20195,6,2021-04-18 15:16:00,2021-04-27 10:03:00,55.42333,-57.79167,55.20667,-56.12167,210.7833,-0.21666,1.67,108.3812,0.142829,102.16,NTB,MED
20195,7,2021-04-27 10:03:00,2021-04-30 13:22:00,55.20667,-56.12167,55.02,-55.36333,75.3167,-0.18667,0.75834,52.5059,0.193649,112.97,GEN,MED
20196,1,2021-03-17 15:26:00,2021-03-20 10:19:00,58.13833,-60.44833,57.70167,-60.37833,66.8833,-0.43666,0.07,48.73,0.202384,175.1,NTB,MED
20196,2,2021-03-20 10:19:00,2021-03-27 15:26:00,57.70167,-60.37833,56.93833,-59.655,173.1167,-0.76334,0.72333,95.3431,0.152985,152.6,GEN,SM
20196,3,2021-03-27 15:26:00,2021-04-08 15:16:00,56.93833,-59.655,56.05667,-58.44333,287.8333,-0.88166,1.21167,123.0476,0.118749,142.31,NTB,SM
20196,4,2021-04-08 15:16:00,2021-04-18 15:16:00,56.05667,-58.44333,55.295,-57.4,240.0,-0.76167,1.04333,107.0133,0.123858,141.89,NTB,SM
20197,1,2021-03-17 15:26:00,2021-03-20 10:19:00,58.12167,-60.48167,57.715,-60.38,66.8833,-0.40667,0.10167,45.6165,0.189453,172.39,NTB,MED
20197,2,2021-03-20 10:19:00,2021-03-27 15:26:00,57.715,-60.38,57.15333,-59.66167,173.1167,-0.56167,0.71833,75.8218,0.121661,145.15,GEN,MED
20197,3,2021-03-27 15:26:00,2021-04-01 10:19:00,57.15333,-59.66167,56.94667,-59.23667,114.8833,-0.20666,0.425,34.4781,0.083365,131.62,NTB,MED
20197,4,2021-04-01 10:19:00,2021-04-11 10:02:00,56.94667,-59.23667,56.90667,-59.055,239.7167,-0.04,0.18167,11.8873,0.013775,111.9,GEN,MED
20197,5,2021-04-11 10:02:00,2021-04-12 10:08:00,56.90667,-59.055,57.06333,-59.24,24.1,0.15666,-0.185,20.7141,0.238752,327.32,GEN,LG
20197,6,2021-04-12 10:08:00,2021-04-19 17:25:00,57.06333,-59.24,57.0,-59.275,175.2833,-0.06333,-0.035,7.3535,0.011653,196.75,GEN,MED
20197,7,2021-04-19 17:25:00,2021-05-02 10:11:00,57.0,-59.275,56.86167,-59.96667,304.7667,-0.13833,-0.69167,44.6959,0.040738,250.16,GEN,GEN
20197,8,2021-05-02 10:11:00,2021-05-03 10:15:00,56.86167,-59.96667,56.8,-60.13833,24.0667,-0.06167,-0.17166,12.4933,0.144198,236.78,GEN,MED
20197,9,2021-05-03 10:15:00,2021-05-05 21:48:00,56.8,-60.13833,56.50167,-59.86667,59.55,-0.29833,0.27166,37.097,0.173043,153.29,GEN,LG
20197,10,2021-05-05 21:48:00,2021-05-11 10:16:00,56.50167,-59.86667,55.83833,-58.88167,132.4667,-0.66334,0.985,95.6993,0.200678,140.01,GEN,MED
20197,11,2021-05-11 10:16:00,2021-05-14 10:11:00,55.83833,-58.88167,55.315,-58.13667,71.9167,-0.52333,0.745,74.6938,0.288504,140.87,GEN,MED
20198,1,2021-03-17 15:26:00,2021-03-20 10:19:00,58.17333,-60.31,57.515,-60.24667,66.8833,-0.65833,0.06333,73.2988,0.304422,177.04,NTB,MED
20198,2,2021-03-20 10:19:00,2021-03-27 15:26:00,57.515,-60.24667,57.045,-59.87167,173.1167,-0.47,0.375,56.9146,0.091323,156.51,GEN,MED
20198,3,2021-03-27 15:26:00,2021-04-03 10:02:00,57.045,-59.87167,56.88167,-59.55667,162.6,-0.16333,0.315,26.3529,0.04502,133.43,NTB,MED
20198,4,2021-04-03 10:02:00,2021-04-11 10:02:00,56.88167,-59.55667,55.995,-59.43833,192.0,-0.88667,0.11834,98.8612,0.143028,175.73,GEN,LG
20198,5,2021-04-11 10:02:00,2021-04-18 15:16:00,55.995,-59.43833,55.46667,-58.06167,173.2333,-0.52833,1.37666,104.3084,0.167257,123.71,GEN,LG
20198,6,2021-04-18 15:16:00,2021-04-19 18:32:00,55.46667,-58.06167,55.96667,-57.72333,27.2667,0.5,0.33834,59.4991,0.606144,20.73,NTB,MED
20198,7,2021-04-19 18:32:00,2021-04-27 10:03:00,55.96667,-57.72333,55.5,-57.21333,183.5167,-0.46667,0.51,60.9277,0.092223,148.18,NTB,MED
20198,8,2021-04-27 10:03:00,2021-04-30 13:22:00,55.5,-57.21333,55.765,-56.95833,75.3167,0.265,0.255,33.5332,0.123675,28.41,GEN,MED
20199,1,2021-03-17 15:26:00,2021-03-20 10:19:00,58.13667,-60.07833,57.16833,-59.52333,66.8833,-0.96834,0.555,112.6227,0.467741,162.72,NTB,MED
20199,2,2021-03-20 10:19:00,2021-03-24 15:16:00,57.16833,-59.52333,56.80667,-59.38667,100.95,-0.36166,0.13666,41.0581,0.112977,168.31,GEN,SM
20199,3,2021-03-24 15:16:00,2021-03-31 21:41:00,56.80667,-59.38667,55.78,-58.18,174.4167,-1.02667,1.20667,136.2922,0.21706,146.38,NTB,SM
20199,4,2021-03-31 21:41:00,2021-04-08 15:16:00,55.78,-58.18,55.98333,-57.17333,185.5833,0.20333,1.00667,66.7317,0.099883,69.78,GEN,SM
20199,5,2021-04-08 15:16:00,2021-04-15 10:03:00,55.98333,-57.17333,55.375,-55.245,162.7833,-0.60833,1.92833,138.5261,0.236385,118.43,NTB,MED
20199,6,2021-04-15 10:03:00,2021-04-17 15:50:00,55.375,-55.245,54.875,-54.45333,53.7833,-0.5,0.79167,74.9965,0.387339,137.52,GEN,MED
20199,7,2021-04-17 15:50:00,2021-04-20 21:05:00,54.875,-54.45333,54.81333,-54.05,77.25,-0.06167,0.40333,26.7186,0.096076,104.71,WDG,MED
20199,8,2021-04-20 21:05:00,2021-04-21 17:17:00,54.81333,-54.05,54.88333,-54.11333,20.2,0.07,-0.06333,8.7763,0.120686,332.51,GEN,MED
20199,9,2021-04-21 17:17:00,2021-04-23 09:48:00,54.88333,-54.11333,54.925,-53.75167,40.5167,0.04167,0.36166,23.581,0.161669,78.52,NTB,LG
20199,10,2021-04-23 09:48:00,2021-04-25 09:26:00,54.925,-53.75167,54.55667,-53.60833,47.6333,-0.36833,0.14334,41.9772,0.244794,167.28,GEN,MED
20199,11,2021-04-25 09:26:00,2021-04-29 09:47:00,54.55667,-53.60833,54.755,-53.875,96.35,0.19833,-0.26667,27.939,0.080548,322.23,GEN,MED
20199,12,2021-04-29 09:47:00,2021-04-30 12:42:00,54.755,-53.875,54.63667,-53.62,26.9167,-0.11833,0.255,21.0154,0.216877,128.66,GEN,MED
20199,13,2021-04-30 12:42:00,2021-05-16 09:56:00,54.63667,-53.62,53.23833,-54.305,381.2333,-1.39834,-0.685,161.822,0.117908,196.36,GEN,SM
20200,1,2021-03-17 15:26:00,2021-03-20 10:19:00,57.88833,-60.91333,57.50833,-60.36667,66.8833,-0.38,0.54666,53.2962,0.221348,142.22,NTB,MED
20200,2,2021-03-20 10:19:00,2021-03-27 15:26:00,57.50833,-60.36667,56.64167,-60.00167,173.1167,-0.86666,0.365,98.8605,0.158629,166.95,GEN,MED
20200,3,2021-03-27 15:26:00,2021-03-30 21:48:00,56.64167,-60.00167,55.89167,-59.475,78.3667,-0.75,0.52667,89.5124,0.317285,158.48,NTB,MED
20200,4,2021-03-30 21:48:00,2021-04-08 15:16:00,55.89167,-59.475,55.54667,-57.8,209.4667,-0.345,1.675,111.6968,0.148123,109.39,GEN,MED
20200,5,2021-04-08 15:16:00,2021-04-18 15:16:00,55.54667,-57.8,55.10667,-57.055,240.0,-0.44,0.745,67.9311,0.078624,135.77,NTB,MED
20200,6,2021-04-18 15:16:00,2021-04-21 19:28:00,55.10667,-57.055,55.025,-56.225,76.2,-0.08167,0.83,53.6237,0.195479,99.41,NTB,MED
20200,7,2021-04-21 19:28:00,2021-04-30 13:22:00,55.025,-56.225,54.91833,-55.34167,209.9,-0.10667,0.88333,57.6113,0.076242,101.52,NTB,SM
20200,8,2021-04-30 13:22:00,2021-05-05 09:48:00,54.91833,-55.34167,54.925,-54.695,116.4333,0.00667,0.64667,41.3308,0.098604,88.71,GEN,MED
20200,9,2021-05-05 09:48:00,2021-05-16 09:56:00,54.925,-54.695,54.385,-55.83833,264.1333,-0.54,-1.14333,94.9423,0.099847,231.24,GEN,MED
20200,10,2021-05-16 09:56:00,2021-05-16 17:07:00,54.385,-55.83833,54.25333,-55.82333,7.1833,-0.13167,0.015,14.6733,0.567414,176.19,GEN,SM
20200,11,2021-05-16 17:07:00,2021-05-28 18:05:00,54.25333,-55.82333,53.73667,-54.86,288.9667,-0.51666,0.96333,85.2375,0.081937,131.99,GEN,SM
20201,1,2021-03-17 15:26:00,2021-03-27 15:26:00,57.86,-60.375,56.85,-60.35667,240.0,-1.01,0.01833,112.3123,0.129991,179.43,NTB,LG
20201,2,2021-03-27 15:26:00,2021-04-08 15:16:00,56.85,-60.35667,55.57833,-58.21667,287.8333,-1.27167,2.14,193.644,0.186879,136.01,NTB,LG
20201,3,2021-04-08 15:16:00,2021-04-11 10:02:00,55.57833,-58.21667,55.64,-58.025,66.7667,0.06167,0.19167,13.8543,0.05764,60.25,NTB,LG
20201,4,2021-04-11 10:02:00,2021-04-18 15:16:00,55.64,-58.025,55.38833,-57.58,173.2333,-0.25167,0.445,39.5986,0.063496,134.78,GEN,VLG
20201,5,2021-04-18 15:16:00,2021-04-21 19:17:00,55.38833,-57.58,55.30333,-57.27,76.0167,-0.085,0.31,21.7604,0.079516,115.62,NTB,LG
20201,6,2021-04-21 19:17:00,2021-04-27 10:03:00,55.30333,-57.27,55.3,-56.42667,134.7667,-0.00333,0.84333,53.3823,0.11003,90.05,NTB,MED
20201,7,2021-04-27 10:03:00,2021-04-30 13:22:00,55.3,-56.42667,55.38,-56.12833,75.3167,0.08,0.29834,20.8582,0.076928,64.63,GEN,SM
20201,8,2021-04-30 13:22:00,2021-05-04 09:55:00,55.38,-56.12833,55.24333,-55.265,92.55,-0.13667,0.86333,56.7074,0.1702,105.19,GEN,SM
20202,1,2021-03-17 15:26:00,2021-03-27 15:26:00,57.88,-60.81,56.90333,-59.93167,240.0,-0.97667,0.87833,120.6797,0.139676,153.77,NTB,SM
20202,2,2021-03-27 15:26:00,2021-04-08 15:16:00,56.90333,-59.93167,56.35667,-58.29833,287.8333,-0.54666,1.63334,116.9339,0.112849,120.64,NTB,SM
20202,3,2021-04-08 15:16:00,2021-04-15 10:03:00,56.35667,-58.29833,55.95167,-57.55667,162.7833,-0.405,0.74166,64.325,0.109766,134.13,NTB,MED
20202,4,2021-04-15 10:03:00,2021-04-18 15:16:00,55.95167,-57.55667,55.45167,-57.63833,77.2167,-0.5,-0.08166,55.8324,0.20085,185.29,GEN,MED
20202,5,2021-04-18 15:16:00,2021-04-19 15:03:00,55.45167,-57.63833,56.03333,-57.37333,23.7833,0.58166,0.265,66.7706,0.779848,14.27,NTB,SM
20202,6,2021-04-19 15:03:00,2021-04-27 10:03:00,56.03333,-57.37333,55.88333,-55.62333,187.0,-0.15,1.75,110.1977,0.163692,97.98,NTB,MED
20203,1,2021-03-17 15:26:00,2021-03-20 10:19:00,57.87167,-61.00833,57.52667,-60.955,66.8833,-0.345,0.05333,38.4929,0.159868,175.26,NTB,MED
20203,2,2021-03-20 10:19:00,2021-03-30 21:48:00,57.52667,-60.955,56.36167,-59.80167,251.4833,-1.165,1.15333,147.2172,0.16261,151.15,GEN,SM
20203,3,2021-03-30 21:48:00,2021-04-08 15:16:00,56.36167,-59.80167,55.88333,-57.505,209.4667,-0.47834,2.29667,151.9558,0.201511,109.53,GEN,SM
20204,1,2021-03-17 15:26:00,2021-03-20 10:19:00,57.69333,-61.505,57.64667,-61.33,66.8833,-0.04666,0.175,11.6283,0.048294,116.43,NTB,MED
20204,2,2021-03-20 10:19:00,2021-03-27 15:26:00,57.64667,-61.33,57.07333,-60.88667,173.1167,-0.57334,0.44333,69.0743,0.110835,157.17,GEN,MED
20204,3,2021-03-27 15:26:00,2021-04-08 15:16:00,57.07333,-60.88667,55.57667,-59.19167,287.8333,-1.49666,1.695,196.4996,0.189635,147.16,NTB,MED
20204,4,2021-04-08 15:16:00,2021-04-27 10:03:00,55.57667,-59.19167,54.93667,-58.01667,450.7833,-0.64,1.175,102.9959,0.063467,133.22,NTB,SM
20204,5,2021-04-27 10:03:00,2021-04-30 13:22:00,54.93667,-58.01667,54.90667,-57.63167,75.3167,-0.03,0.385,24.8278,0.091568,97.56,GEN,MED
20204,6,2021-04-30 13:22:00,2021-05-01 10:00:00,54.90667,-57.63167,54.91,-57.64667,20.6333,0.00333,-0.015,1.0279,0.013838,291.12,GEN,LG
20204,7,2021-05-01 10:00:00,2021-05-01 21:32:00,54.91,-57.64667,54.90667,-57.66,11.5333,-0.00333,-0.01333,0.9291,0.022377,246.52,GEN,MED
20204,8,2021-05-01 21:32:00,2021-05-04 09:55:00,54.90667,-57.66,54.66167,-56.96333,60.3833,-0.245,0.69667,52.3228,0.240697,121.09,GEN,SM
20204,9,2021-05-04 09:55:00,2021-05-05 21:20:00,54.66167,-56.96333,54.47667,-56.82167,35.4167,-0.185,0.14166,22.5068,0.176524,156.01,GEN,MED
20204,10,2021-05-05 21:20:00,2021-05-10 09:56:00,54.47667,-56.82167,54.52333,-56.88833,108.6,0.04666,-0.06666,6.7414,0.017243,320.35,GEN,MED
20204,11,2021-05-10 09:56:00,2021-05-16 09:56:00,54.52333,-56.88833,54.25333,-56.71167,144.0,-0.27,0.17666,32.1277,0.061975,159.07,GEN,MED
20205,1,2021-03-17 15:26:00,2021-03-20 10:19:00,57.65833,-61.53167,57.24,-61.28333,66.8833,-0.41833,0.24834,48.8313,0.202805,162.18,NTB,MED
20205,2,2021-03-20 10:19:00,2021-03-24 15:16:00,57.24,-61.28333,56.69833,-60.73667,100.95,-0.54167,0.54666,68.7426,0.189155,150.95,GEN,SM
20206,1,2021-03-17 15:26:00,2021-03-20 10:19:00,57.70333,-60.77667,57.415,-60.62833,66.8833,-0.28833,0.14834,33.2594,0.138132,164.51,NTB,MED
20206,2,2021-03-20 10:19:00,2021-03-24 15:16:00,57.415,-60.62833,56.755,-60.81833,100.95,-0.66,-0.19,74.2811,0.204395,188.97,GEN,MED
20207,1,2021-03-17 15:26:00,2021-03-20 10:19:00,57.71167,-60.76833,57.49333,-60.36667,66.8833,-0.21834,0.40166,34.089,0.141577,135.24,NTB,MED
20207,2,2021-03-20 10:19:00,2021-03-27 15:26:00,57.49333,-60.36667,56.60167,-60.53167,173.1167,-0.89166,-0.165,99.649,0.159894,185.82,GEN,MED
20207,3,2021-03-27 15:26:00,2021-03-31 21:41:00,56.60167,-60.53167,55.85833,-59.64667,102.25,-0.74334,0.885,99.1149,0.269261,146.14,NTB,MED
20207,4,2021-03-31 21:41:00,2021-04-08 15:16:00,55.85833,-59.64667,55.49833,-57.92167,185.5833,-0.36,1.725,115.3173,0.172605,109.6,GEN,SM
20207,5,2021-04-08 15:16:00,2021-04-18 15:16:00,55.49833,-57.92167,55.205,-57.26333,240.0,-0.29333,0.65834,52.877,0.0612,127.81,NTB,MED
20207,6,2021-04-18 15:16:00,2021-04-21 19:13:00,55.205,-57.26333,55.26333,-56.84167,75.95,0.05833,0.42166,27.5112,0.100619,76.19,NTB,MED
20207,7,2021-04-21 19:13:00,2021-04-22 09:55:00,55.26333,-56.84167,55.19167,-56.76833,14.7,-0.07166,0.07334,9.2263,0.174344,149.7,NTB,SM
20207,8,2021-04-22 09:55:00,2021-04-27 10:03:00,55.19167,-56.76833,54.75667,-56.71833,120.1333,-0.435,0.05,48.4749,0.112086,176.21,GEN,MED
20207,9,2021-04-27 10:03:00,2021-04-30 13:22:00,54.75667,-56.71833,54.53833,-56.545,75.3167,-0.21834,0.17333,26.7169,0.098536,155.26,GEN,MED
20207,10,2021-04-30 13:22:00,2021-05-01 21:32:00,54.53833,-56.545,54.43667,-56.70667,32.1667,-0.10166,-0.16167,15.3892,0.132894,222.8,GEN,SM
20207,11,2021-05-01 21:32:00,2021-05-04 09:56:00,54.43667,-56.70667,54.29167,-56.72167,60.4,-0.145,-0.015,16.1525,0.074285,183.46,GEN,SM
20207,12,2021-05-04 09:56:00,2021-05-10 09:56:00,54.29167,-56.72167,54.14167,-56.725,144.0,-0.15,-0.00333,16.6806,0.032177,180.75,GEN,MED
20208,1,2021-03-17 15:26:00,2021-03-20 10:19:00,57.675,-60.69333,57.32,-60.44667,66.8833,-0.355,0.24666,42.1356,0.174996,159.42,NTB,MED
20208,2,2021-03-20 10:19:00,2021-03-24 15:16:00,57.32,-60.44667,56.74833,-60.635,100.95,-0.57167,-0.18833,64.58,0.177701,190.24,GEN,MED
20208,3,2021-03-24 15:16:00,2021-04-08 15:16:00,56.74833,-60.635,55.42,-58.16167,360.0,-1.32833,2.47333,212.9654,0.164325,132.87,NTB,MED
20208,4,2021-04-08 15:16:00,2021-04-18 15:16:00,55.42,-58.16167,54.98,-57.21833,240.0,-0.44,0.94334,77.3133,0.089483,128.87,NTB,MED
20208,5,2021-04-18 15:16:00,2021-04-21 19:24:00,54.98,-57.21833,55.06667,-56.85667,76.1333,0.08667,0.36166,24.9861,0.091164,67.16,NTB,SM
20208,6,2021-04-21 19:24:00,2021-04-27 10:03:00,55.06667,-56.85667,54.885,-56.49333,134.65,-0.18167,0.36334,30.7526,0.063441,130.91,NTB,SM
20208,7,2021-04-27 10:03:00,2021-04-30 13:22:00,54.885,-56.49333,54.87333,-56.48,75.3167,-0.01167,0.01333,1.5527,0.005727,146.68,GEN,SM
20208,8,2021-04-30 13:22:00,2021-05-04 09:56:00,54.87333,-56.48,54.45667,-56.43667,92.5667,-0.41666,0.04333,46.4142,0.139282,176.54,GEN,SM
20208,9,2021-05-04 09:56:00,2021-05-05 21:26:00,54.45667,-56.43667,54.21333,-55.97,35.5,-0.24334,0.46667,40.5894,0.317601,131.62,GEN,SM
20209,1,2021-03-17 15:26:00,2021-03-20 10:19:00,57.67,-60.675,57.36,-60.23833,66.8833,-0.31,0.43667,43.2234,0.179514,142.71,NTB,MED
20209,2,2021-03-20 10:19:00,2021-03-24 15:16:00,57.36,-60.23833,56.80167,-60.165,100.95,-0.55833,0.07333,62.2414,0.171266,175.89,GEN,MED
20209,3,2021-03-24 15:16:00,2021-03-27 15:26:00,56.80167,-60.165,56.3,-59.71,72.1667,-0.50167,0.455,62.3651,0.240051,153.25,NTB,MED
20209,4,2021-03-27 15:26:00,2021-04-03 10:02:00,56.3,-59.71,55.65333,-57.90833,162.6,-0.64667,1.80167,133.169,0.227499,121.93,NTB,MED
20209,5,2021-04-03 10:02:00,2021-04-08 15:16:00,55.65333,-57.90833,55.47,-56.88167,125.2333,-0.18333,1.02666,67.7005,0.150165,107.1,GEN,MED
20209,6,2021-04-08 15:16:00,2021-04-10 09:55:00,55.47,-56.88167,55.50833,-56.04,42.65,0.03833,0.84167,53.1949,0.346456,85.06,NTB,LG
20210,1,2021-03-17 15:26:00,2021-03-27 15:26:00,57.64,-59.98667,56.85833,-59.55667,240.0,-0.78167,0.43,90.6846,0.104959,163.25,NTB,MED
20210,2,2021-03-27 15:26:00,2021-03-30 21:48:00,56.85833,-59.55667,56.54667,-59.7,78.3667,-0.31166,-0.14333,35.7424,0.126692,194.23,NTB,MED
20210,3,2021-03-30 21:48:00,2021-04-08 15:16:00,56.54667,-59.7,56.15667,-57.565,209.4667,-0.39,2.135,138.4996,0.183667,107.36,GEN,MED
20210,4,2021-04-08 15:16:00,2021-04-12 10:08:00,56.15667,-57.565,55.90333,-57.26,90.8667,-0.25334,0.305,33.9507,0.103787,145.94,NTB,MED
20210,5,2021-04-12 10:08:00,2021-04-16 09:56:00,55.90333,-57.26,55.61333,-56.65333,95.8,-0.29,0.60667,49.8057,0.144415,130.1,GEN,MED
20210,6,2021-04-16 09:56:00,2021-04-21 18:45:00,55.61333,-56.65333,54.96667,-55.21,128.8167,-0.64666,1.44333,116.2801,0.250744,127.6,GEN,MED
20210,7,2021-04-21 18:45:00,2021-04-22 09:55:00,54.96667,-55.21,54.91833,-55.11,15.1667,-0.04834,0.1,8.3478,0.152891,130.04,NTB,MED
20210,8,2021-04-22 09:55:00,2021-04-23 09:48:00,54.91833,-55.11,54.84667,-54.47,23.8833,-0.07166,0.64,41.706,0.485066,100.75,GEN,MED
20210,9,2021-04-23 09:48:00,2021-04-25 09:26:00,54.84667,-54.47,54.67167,-53.93,47.6333,-0.175,0.54,39.7374,0.231732,119.1,GEN,SM
20210,10,2021-04-25 09:26:00,2021-04-28 09:56:00,54.67167,-53.93,54.52167,-53.87333,72.5,-0.15,0.05667,17.0741,0.065418,167.63,GEN,SM
20210,11,2021-04-28 09:56:00,2021-04-29 09:47:00,54.52167,-53.87333,54.71333,-54.15,23.85,0.19166,-0.27667,27.776,0.323503,320.22,GEN,MED
20210,12,2021-04-29 09:47:00,2021-04-30 13:22:00,54.71333,-54.15,54.625,-53.84667,27.5833,-0.08833,0.30333,21.8385,0.219925,116.6,GEN,MED
20210,13,2021-04-30 13:22:00,2021-05-16 09:56:00,54.625,-53.84667,53.56,-55.01167,380.5667,-1.065,-1.165,140.6935,0.102693,213.16,GEN,SM
20211,1,2021-03-17 15:26:00,2021-03-27 15:26:00,57.67333,-59.93833,57.34333,-59.85167,240.0,-0.33,0.08666,37.0576,0.042891,171.93,NTB,SM
20211,2,2021-03-27 15:26:00,2021-04-13 10:19:00,57.34333,-59.85167,56.97167,-59.6,402.8833,-0.37166,0.25167,44.0253,0.030354,159.73,NTB,SM
20211,3,2021-04-13 10:19:00,2021-04-19 17:39:00,56.97167,-59.6,56.605,-59.28833,151.3333,-0.36667,0.31167,44.974,0.082551,154.9,GEN,SM
20211,4,2021-04-19 17:39:00,2021-04-27 10:03:00,56.605,-59.28833,56.395,-57.92667,184.4,-0.21,1.36166,86.768,0.130706,105.04,DOM,SM
20211,5,2021-04-27 10:03:00,2021-05-09 10:03:00,56.395,-57.92667,55.60333,-57.10167,288.0,-0.79167,0.825,101.8846,0.098268,149.43,GEN,SM
20211,6,2021-05-09 10:03:00,2021-05-10 09:56:00,55.60333,-57.10167,55.52,-56.75833,23.8833,-0.08333,0.34334,23.4945,0.273255,113.09,GEN,SM
20212,1,2021-03-17 15:26:00,2021-03-20 10:19:00,57.53,-60.12667,57.14167,-60.24167,66.8833,-0.38833,-0.115,43.7284,0.181611,189.13,NTB,MED
20212,2,2021-03-20 10:19:00,2021-03-27 15:26:00,57.14167,-60.24167,56.49333,-59.95333,173.1167,-0.64834,0.28834,74.1968,0.119054,166.2,GEN,SM
20212,3,2021-03-27 15:26:00,2021-04-08 15:16:00,56.49333,-59.95333,56.03833,-57.31833,287.8333,-0.455,2.635,170.3856,0.164433,106.17,NTB,SM
20213,1,2021-03-17 15:26:00,2021-03-27 15:26:00,57.44333,-59.67667,56.90167,-59.35,240.0,-0.54166,0.32667,63.367,0.073341,161.76,NTB,LG
20213,2,2021-03-27 15:26:00,2021-04-08 15:16:00,56.90167,-59.35,56.04167,-57.24167,287.8333,-0.86,2.10833,160.9615,0.155338,125.56,NTB,LG
20213,3,2021-04-08 15:16:00,2021-04-21 17:04:00,56.04167,-57.24167,55.22667,-54.3,313.8,-0.815,2.94167,205.6572,0.182049,114.92,NTB,LG
20213,4,2021-04-21 17:04:00,2021-04-23 09:48:00,55.22667,-54.3,55.01833,-53.73333,40.7333,-0.20834,0.56667,42.8358,0.292115,122.51,NTB,LG
20214,1,2021-03-17 15:26:00,2021-03-24 15:16:00,57.35,-60.49667,56.69167,-60.57333,167.8333,-0.65833,-0.07666,73.3499,0.1214,183.66,NTB,MED
20214,2,2021-03-24 15:16:00,2021-04-03 10:03:00,56.69167,-60.57333,55.24667,-58.65167,234.7833,-1.445,1.92166,200.2759,0.236951,142.54,NTB,MED
20214,3,2021-04-03 10:03:00,2021-04-08 15:16:00,55.24667,-58.65167,55.475,-57.58167,125.2167,0.22833,1.07,72.236,0.160247,68.98,GEN,MED
20214,4,2021-04-08 15:16:00,2021-04-21 19:31:00,55.475,-57.58167,54.84,-55.92667,316.25,-0.635,1.655,126.6432,0.111237,123.2,NTB,MED
20214,5,2021-04-21 19:31:00,2021-04-22 09:55:00,54.84,-55.92667,54.815,-55.82,14.4,-0.025,0.10667,7.3764,0.142291,112.1,NTB,MED
20214,6,2021-04-22 09:55:00,2021-04-30 13:22:00,54.815,-55.82,54.90333,-55.09333,195.45,0.08833,0.72667,47.5342,0.067557,77.78,GEN,SM
20214,7,2021-04-30 13:22:00,2021-05-05 09:48:00,54.90333,-55.09333,54.81,-54.38167,116.4333,-0.09333,0.71166,46.7178,0.111456,102.54,GEN,SM
20214,8,2021-05-05 09:48:00,2021-05-05 16:17:00,54.81,-54.38167,54.71333,-54.39167,6.4833,-0.09667,-0.01,10.7683,0.461369,183.42,GEN,MED
20215,1,2021-03-17 15:26:00,2021-03-24 15:16:00,57.29,-60.21667,56.765,-60.65167,167.8333,-0.525,-0.435,64.0379,0.105988,204.46,NTB,SM
20215,2,2021-03-24 15:16:00,2021-04-08 15:16:00,56.765,-60.65167,55.32833,-58.34667,360.0,-1.43667,2.305,214.4812,0.165495,137.18,NTB,SM
20215,3,2021-04-08 15:16:00,2021-04-18 15:16:00,55.32833,-58.34667,55.20333,-57.23333,240.0,-0.125,1.11334,71.8918,0.083208,100.69,NTB,MED
20216,1,2021-03-17 15:26:00,2021-03-27 15:26:00,57.375,-59.56333,57.30167,-59.56167,240.0,-0.07333,0.00166,8.1545,0.009438,179.3,NTB,SM
20216,2,2021-03-27 15:26:00,2021-04-13 10:19:00,57.30167,-59.56167,57.23333,-60.49,402.8833,-0.06834,-0.92833,56.3303,0.038838,262.64,NTB,SM
20216,3,2021-04-13 10:19:00,2021-04-19 17:59:00,57.23333,-60.49,56.43333,-59.985,151.6667,-0.8,0.505,94.1104,0.172363,160.74,GEN,MED
20216,4,2021-04-19 17:59:00,2021-04-27 10:03:00,56.43333,-59.985,55.515,-58.415,184.0667,-0.91833,1.57,141.3081,0.21325,135.62,GEN,GEN
20216,5,2021-04-27 10:03:00,2021-05-01 10:00:00,55.515,-58.415,55.43833,-58.09667,95.95,-0.07667,0.31833,21.7971,0.063103,112.89,GEN,MED
20216,6,2021-05-01 10:00:00,2021-05-02 10:11:00,55.43833,-58.09667,55.46167,-58.29667,24.1833,0.02334,-0.2,12.8765,0.147904,281.71,GEN,MED
20216,7,2021-05-02 10:11:00,2021-05-05 21:06:00,55.46167,-58.29667,54.96833,-57.39333,82.9167,-0.49334,0.90334,79.328,0.265755,133.38,GEN,MED
20216,8,2021-05-05 21:06:00,2021-05-09 10:03:00,54.96833,-57.39333,54.76667,-57.165,84.95,-0.20166,0.22833,26.7635,0.087514,146.82,NTB,LG
20216,9,2021-05-09 10:03:00,2021-05-21 10:03:00,54.76667,-57.165,54.05667,-57.13,288.0,-0.71,0.035,78.9809,0.076178,178.34,GEN,MED
20216,10,2021-05-21 10:03:00,2021-05-28 09:55:00,54.05667,-57.13,54.29333,-56.74167,167.8667,0.23666,0.38833,36.4865,0.060376,43.69,GEN,MED
20217,1,2021-03-17 15:26:00,2021-03-24 15:16:00,57.095,-60.395,56.635,-59.41667,167.8333,-0.46,0.97833,78.4346,0.129816,130.29,NTB,MED
20217,2,2021-03-24 15:16:00,2021-03-27 15:26:00,56.635,-59.41667,56.01333,-59.465,72.1667,-0.62167,-0.04833,69.1907,0.266323,182.49,NTB,LG
20217,3,2021-03-27 15:26:00,2021-04-03 10:02:00,56.01333,-59.465,55.475,-57.85833,162.6,-0.53833,1.60667,117.0252,0.19992,120.1,NTB,MED
20217,4,2021-04-03 10:02:00,2021-04-08 15:16:00,55.475,-57.85833,55.40667,-57.18667,125.2333,-0.06833,0.67166,43.0414,0.095469,99.89,GEN,MED
20217,5,2021-04-08 15:16:00,2021-04-21 19:34:00,55.40667,-57.18667,54.77,-55.64833,316.3,-0.63667,1.53834,120.8083,0.106095,125.24,NTB,LG
20217,6,2021-04-21 19:34:00,2021-04-22 09:55:00,54.77,-55.64833,54.69667,-55.5,14.35,-0.07333,0.14833,12.537,0.242682,130.51,NTB,MED
20217,7,2021-04-22 09:55:00,2021-04-27 10:04:00,54.69667,-55.5,54.61,-55.79667,120.15,-0.08667,-0.29667,21.3797,0.049428,243.33,GEN,MED
20217,8,2021-04-27 10:04:00,2021-04-28 09:56:00,54.61,-55.79667,54.62333,-55.97167,23.8667,0.01333,-0.175,11.3648,0.132271,277.57,GEN,MED
20217,9,2021-04-28 09:56:00,2021-05-04 09:56:00,54.62333,-55.97167,54.22833,-55.81333,144.0,-0.395,0.15834,45.1005,0.086999,166.81,GEN,MED
20218,1,2021-03-22 10:03:00,2021-04-02 17:05:00,55.975,-57.78167,54.88667,-54.04667,271.0333,-1.08833,3.735,264.8583,0.271449,115.64,GEN,MED
20218,2,2021-04-02 17:05:00,2021-04-05 09:21:00,54.88667,-54.04667,54.91833,-53.47167,64.2667,0.03166,0.575,36.9299,0.159621,84.29,NTB,MED
20218,3,2021-04-05 09:21:00,2021-04-05 09:47:00,54.91833,-53.47167,54.63833,-53.53,0.4333,-0.28,-0.05833,31.3585,20.101597,186.87,GEN,MED
20218,4,2021-04-05 09:47:00,2021-04-17 09:47:00,54.63833,-53.53,53.79667,-53.535,288.0,-0.84166,-0.005,93.5889,0.090267,180.2,GEN,SM
20218,5,2021-04-17 09:47:00,2021-04-17 16:03:00,53.79667,-53.535,53.77333,-53.49667,6.2667,-0.02334,0.03833,3.6161,0.16029,135.85,GEN,MED
20219,1,2021-03-22 10:03:00,2021-04-02 21:24:00,55.715,-57.86833,54.74,-55.02833,275.35,-0.975,2.84,210.1924,0.212046,119.87,GEN,MED
20219,2,2021-04-02 21:24:00,2021-04-10 09:55:00,54.74,-55.02833,54.72167,-54.55667,180.5167,-0.01833,0.47166,30.3519,0.046705,93.66,GEN,MED
20219,3,2021-04-10 09:55:00,2021-04-11 09:48:00,54.72167,-54.55667,54.57167,-54.74333,23.8833,-0.15,-0.18666,20.553,0.239044,215.83,GEN,MED
20220,1,2021-03-23 12:10:00,2021-03-24 16:05:00,50.755,-53.05667,50.71667,-53.075,27.9167,-0.03833,-0.01833,4.453,0.044309,196.85,GEN,SM
20220,2,2021-03-24 16:05:00,2021-04-01 16:37:00,50.71667,-53.075,51.145,-52.53,192.5333,0.42833,0.545,61.0509,0.088081,38.52,NTB,MED
20220,3,2021-04-01 16:37:00,2021-04-14 21:23:00,51.145,-52.53,51.755,-53.78833,316.7667,0.61,-1.25833,110.4699,0.096873,308.37,GEN,SM
20220,4,2021-04-14 21:23:00,2021-04-15 18:52:00,51.755,-53.78833,51.625,-54.28333,21.4833,-0.13,-0.495,37.0567,0.47914,247.23,GEN,SM
20220,5,2021-04-15 18:52:00,2021-04-17 16:26:00,51.625,-54.28333,51.33833,-54.53833,45.5667,-0.28667,-0.255,36.4405,0.222144,209.08,NTB,GR
20221,1,2021-03-23 12:10:00,2021-03-24 17:29:00,51.165,-51.91167,51.08333,-51.86833,29.3167,-0.08167,0.04334,9.5718,0.090693,161.56,DD,SM
20221,2,2021-03-24 17:29:00,2021-03-25 09:40:00,51.08333,-51.86833,50.96167,-51.92667,16.1833,-0.12166,-0.05834,14.13,0.242533,196.81,NTB,MED
20221,3,2021-03-25 09:40:00,2021-04-01 17:25:00,50.96167,-51.92667,50.575,-51.72667,175.75,-0.38667,0.2,45.2378,0.0715,161.81,GEN,MED
20222,1,2021-03-23 14:29:00,2021-04-01 17:25:00,53.49333,-54.25833,52.88667,-54.025,218.9333,-0.60666,0.23333,69.2254,0.087832,166.93,GEN,SM
20222,2,2021-04-01 17:25:00,2021-04-02 19:52:00,52.88667,-54.025,53.035,-54.19333,26.45,0.14833,-0.16833,19.9788,0.209818,325.71,GEN,SM
20222,3,2021-04-02 19:52:00,2021-04-17 18:15:00,53.035,-54.19333,51.695,-56.08167,358.3833,-1.34,-1.88834,196.5586,0.15235,221.46,NTB,GR
20222,4,2021-04-17 18:15:00,2021-04-21 15:00:00,51.695,-56.08167,51.40942,-56.95579,92.75,-0.28558,-0.87412,68.2716,0.204467,242.62,DOM,GR
20223,1,2021-03-23 14:29:00,2021-04-01 17:25:00,53.78667,-54.11333,52.83,-53.57667,218.9333,-0.95667,0.53666,112.1925,0.142347,161.25,GEN,SM
20223,2,2021-04-01 17:25:00,2021-04-02 19:56:00,52.83,-53.57667,52.64,-53.77333,26.5167,-0.19,-0.19666,24.9333,0.261191,212.15,GEN,SM
20223,3,2021-04-02 19:56:00,2021-04-05 09:47:00,52.64,-53.77333,52.26167,-53.445,61.85,-0.37833,0.32833,47.5899,0.213733,152.0,NTB,SM
20224,1,2021-03-23 14:29:00,2021-04-17 09:47:00,53.92,-54.34833,53.535,-54.645,595.3,-0.385,-0.29667,47.0488,0.021954,204.63,GEN,SM
20225,1,2021-03-23 14:29:00,2021-03-28 09:53:00,54.16333,-53.59833,53.745,-52.81,115.4,-0.41833,0.78833,69.4568,0.167188,131.73,GEN,SM
20225,2,2021-03-28 09:53:00,2021-03-30 09:48:00,53.745,-52.81,53.53833,-52.66,47.9167,-0.20667,0.15,25.0176,0.14503,156.66,GEN,MED
20225,3,2021-03-30 09:48:00,2021-04-11 09:33:00,53.53833,-52.66,51.31167,-49.44,287.75,-2.22666,3.22,330.0444,0.318606,137.31,GEN,MED
20226,1,2021-03-23 14:29:00,2021-04-05 09:47:00,54.265,-54.40667,54.43167,-53.92167,307.3,0.16667,0.485,36.4897,0.032984,59.28,GEN,SM
20226,2,2021-04-05 09:47:00,2021-04-10 09:55:00,54.43167,-53.92167,54.425,-54.22,120.1333,-0.00667,-0.29833,19.3115,0.044653,267.92,GEN,SM
20226,3,2021-04-10 09:55:00,2021-04-11 09:48:00,54.425,-54.22,54.25167,-54.225,23.8833,-0.17333,-0.005,19.2761,0.224193,180.97,GEN,MED
20226,4,2021-04-11 09:48:00,2021-04-17 09:47:00,54.25167,-54.225,54.015,-54.73167,143.9833,-0.23667,-0.50667,42.2155,0.081444,231.64,GEN,SM
20226,5,2021-04-17 09:47:00,2021-04-21 19:46:00,54.015,-54.73167,54.14667,-55.35667,105.9833,0.13167,-0.625,43.3189,0.113537,290.01,GEN,SM
20226,6,2021-04-21 19:46:00,2021-04-22 09:55:00,54.14667,-55.35667,54.06833,-55.42167,14.15,-0.07834,-0.065,9.6869,0.190164,205.97,NTB,SM
20226,7,2021-04-22 09:55:00,2021-05-04 09:55:00,54.06833,-55.42167,54.52333,-55.72,288.0,0.455,-0.29833,54.1711,0.052248,339.18,GEN,MED
20227,1,2021-03-23 14:29:00,2021-03-28 14:52:00,54.50167,-56.28833,53.55833,-55.61,120.3833,-0.94334,0.67833,113.8653,0.262738,156.83,GEN,SM
20227,2,2021-03-28 14:52:00,2021-04-01 17:25:00,53.55833,-55.61,53.105,-55.305,98.55,-0.45333,0.305,54.3244,0.153121,157.99,GEN,SM
20227,3,2021-04-01 17:25:00,2021-04-14 18:09:00,53.105,-55.305,51.87512,-55.641,312.7333,-1.22988,-0.336,138.6352,0.123139,189.58,GEN,SM
20227,4,2021-04-14 18:09:00,2021-04-16 16:52:00,51.87512,-55.641,51.58667,-56.205,46.7167,-0.28845,-0.564,50.3731,0.299519,230.67,NTB,BB
20227,5,2021-04-16 16:52:00,2021-04-17 18:28:00,51.58667,-56.205,51.48833,-56.695,25.6,-0.09834,-0.49,35.6105,0.386398,252.31,DD,MED
20227,6,2021-04-17 18:28:00,2021-04-21 14:49:00,51.48833,-56.695,51.14167,-57.08667,92.35,-0.34666,-0.39167,47.1895,0.141941,215.38,NTB,MED
20227,7,2021-04-21 14:49:00,2021-04-22 09:56:00,51.14167,-57.08667,51.13833,-57.09167,19.1167,-0.00334,-0.005,0.5095,0.007404,223.21,PIN,MED
20228,1,2021-03-23 14:29:00,2021-03-28 14:52:00,54.34,-55.28167,53.93167,-55.64667,120.3833,-0.40833,-0.365,51.2535,0.118265,207.79,GEN,SM
20228,2,2021-03-28 14:52:00,2021-04-02 19:40:00,53.93167,-55.64667,53.45,-55.03833,124.8,-0.48167,0.60834,66.88,0.14886,142.96,GEN,MED
20228,3,2021-04-02 19:40:00,2021-04-21 13:30:00,53.45,-55.03833,52.36833,-55.215,449.8333,-1.08167,-0.17667,120.8582,0.074631,185.7,NTB,MED
20228,4,2021-04-21 13:30:00,2021-04-21 15:11:00,52.36833,-55.215,51.8,-56.19833,1.6833,-0.56833,-0.98333,92.2385,15.22088,227.14,GEN,GEN
20228,5,2021-04-21 15:11:00,2021-05-04 15:11:00,51.8,-56.19833,51.79833,-56.2,312.0,-0.00167,-0.00167,0.2183,0.000194,211.73,DD,MED
20228,6,2021-05-04 15:11:00,2021-05-10 09:57:00,51.79833,-56.2,51.63167,-56.43667,138.7667,-0.16666,-0.23667,24.6835,0.049411,221.44,NTB,MED
20229,1,2021-03-23 14:29:00,2021-04-02 21:24:00,55.18167,-55.74833,54.535,-54.03667,246.9167,-0.64667,1.71166,131.0376,0.147415,122.58,GEN,MED
20229,2,2021-04-02 21:24:00,2021-04-05 09:21:00,54.535,-54.03667,54.81833,-53.775,59.95,0.28333,0.26167,35.7152,0.165486,28.0,GEN,SM
20229,3,2021-04-05 09:21:00,2021-04-05 09:47:00,54.81833,-53.775,54.395,-53.405,0.4333,-0.42333,0.37,52.7597,33.820327,153.0,GEN,MED
20229,4,2021-04-05 09:47:00,2021-04-11 09:48:00,54.395,-53.405,53.95667,-53.78333,144.0167,-0.43833,-0.37833,54.6063,0.105324,206.96,GEN,SM
20229,5,2021-04-11 09:48:00,2021-04-17 09:47:00,53.95667,-53.78333,53.41,-54.44167,143.9833,-0.54667,-0.65834,74.6632,0.144043,215.76,GEN,SM
20229,6,2021-04-17 09:47:00,2021-04-21 20:00:00,53.41,-54.44167,53.46667,-54.77,106.2167,0.05667,-0.32833,22.6422,0.059214,286.29,GEN,SM
20230,1,2021-03-23 14:29:00,2021-03-28 14:52:00,54.72,-56.30667,53.70667,-55.89167,120.3833,-1.01333,0.415,115.8628,0.267347,166.36,GEN,SM
20230,2,2021-03-28 14:52:00,2021-04-01 17:25:00,53.70667,-55.89167,53.37833,-55.37167,98.55,-0.32834,0.52,50.1346,0.141312,136.53,GEN,SM
20230,3,2021-04-01 17:25:00,2021-04-02 21:24:00,53.37833,-55.37167,53.25167,-55.08667,27.9833,-0.12666,0.285,23.5965,0.234231,126.53,GEN,SM
20230,4,2021-04-02 21:24:00,2021-04-17 18:10:00,53.25167,-55.08667,51.995,-55.53,356.7667,-1.25667,-0.44333,142.903,0.111264,192.26,GEN,MED
20230,5,2021-04-17 18:10:00,2021-04-21 15:13:00,51.995,-55.53,51.88167,-56.035,93.05,-0.11333,-0.505,36.8413,0.109981,250.2,NTB,SM
20230,6,2021-04-21 15:13:00,2021-05-04 15:18:00,51.88167,-56.035,52.00167,-55.81667,312.0833,0.12,0.21833,20.0506,0.017847,48.19,NTB,SM
20230,7,2021-05-04 15:18:00,2021-05-17 15:04:00,52.00167,-55.81667,51.88,-56.01667,311.7667,-0.12167,-0.2,19.2612,0.017161,225.46,NTB,SM
20231,1,2021-03-23 14:29:00,2021-03-28 14:52:00,54.67167,-56.00833,53.82167,-55.46167,120.3833,-0.85,0.54666,100.9678,0.232978,159.18,GEN,SM
20231,2,2021-03-28 14:52:00,2021-04-02 19:33:00,53.82167,-55.46167,53.83833,-55.17,124.6833,0.01666,0.29167,19.2304,0.042843,84.35,GEN,SM
20231,3,2021-04-02 19:33:00,2021-04-05 09:47:00,53.83833,-55.17,54.2,-55.025,62.2333,0.36167,0.145,41.3164,0.184415,13.2,NTB,SM
20231,4,2021-04-05 09:47:00,2021-04-17 09:47:00,54.2,-55.025,53.73167,-54.85833,288.0,-0.46833,0.16667,53.2049,0.051316,168.11,GEN,SM
20232,1,2021-03-23 14:29:00,2021-03-28 14:52:00,54.70333,-55.15667,54.115,-55.095,120.3833,-0.58833,0.06167,65.5409,0.151232,176.48,GEN,SM
20232,2,2021-03-28 14:52:00,2021-03-30 09:48:00,54.115,-55.095,54.09167,-54.97333,42.9333,-0.02333,0.12167,8.3459,0.053998,108.06,GEN,MED
20232,3,2021-03-30 09:48:00,2021-04-02 21:24:00,54.09167,-54.97333,54.04833,-54.93333,83.6,-0.04334,0.04,5.4805,0.01821,151.54,GEN,MED
20232,4,2021-04-02 21:24:00,2021-04-05 09:47:00,54.04833,-54.93333,54.25,-54.325,60.3833,0.20167,0.60833,45.5232,0.209417,60.24,GEN,MED
20232,5,2021-04-05 09:47:00,2021-04-11 09:48:00,54.25,-54.325,54.40333,-54.77167,144.0167,0.15333,-0.44667,33.6096,0.064826,300.66,GEN,SM
20232,6,2021-04-11 09:48:00,2021-04-21 13:30:00,54.40333,-54.77167,54.17833,-55.565,243.7,-0.225,-0.79333,57.2444,0.065249,244.41,GEN,MED
20232,7,2021-04-21 13:30:00,2021-04-21 19:43:00,54.17833,-55.565,54.255,-55.595,6.2167,0.07667,-0.03,8.7456,0.390778,347.13,TAB,SM
20232,8,2021-04-21 19:43:00,2021-05-04 09:55:00,54.255,-55.595,54.665,-55.33333,302.2,0.41,0.26167,48.6259,0.044696,20.25,NTB,SM
20233,1,2021-03-23 14:29:00,2021-03-28 14:52:00,54.72333,-55.01833,54.13667,-55.035,120.3833,-0.58666,-0.01667,65.2425,0.150543,180.95,GEN,SM
20233,2,2021-03-28 14:52:00,2021-03-30 09:48:00,54.13667,-55.035,54.12333,-55.025,42.9333,-0.01334,0.01,1.6201,0.010482,156.28,GEN,MED
20233,3,2021-03-30 09:48:00,2021-04-05 09:21:00,54.12333,-55.025,54.63,-54.045,143.55,0.50667,0.98,84.8668,0.164222,48.01,GEN,MED
20233,4,2021-04-05 09:21:00,2021-04-05 09:47:00,54.63,-54.045,54.32833,-54.58833,0.4333,-0.30167,-0.54333,48.5519,31.123044,226.52,GEN,MED
20233,5,2021-04-05 09:47:00,2021-04-10 09:55:00,54.32833,-54.58833,54.42,-54.78167,120.1333,0.09167,-0.19334,16.1467,0.037335,309.22,GEN,SM
20233,6,2021-04-10 09:55:00,2021-04-11 09:48:00,54.42,-54.78167,54.555,-54.77,23.8833,0.135,0.01167,15.0302,0.174811,2.87,GEN,SM
20233,7,2021-04-11 09:48:00,2021-04-16 09:56:00,54.555,-54.77,54.49333,-54.96833,120.1333,-0.06167,-0.19833,14.5201,0.033574,241.9,GEN,SM
20233,8,2021-04-16 09:56:00,2021-04-21 19:39:00,54.49333,-54.96833,54.65167,-55.65167,129.7167,0.15834,-0.68334,47.4342,0.101576,292.07,GEN,SM
20233,9,2021-04-21 19:39:00,2021-04-30 13:22:00,54.65167,-55.65167,54.92833,-55.40833,209.7167,0.27666,0.24334,34.4929,0.045687,26.79,NTB,GR
20234,1,2021-03-23 14:29:00,2021-04-02 17:08:00,55.46167,-56.205,54.73833,-54.425,242.65,-0.72334,1.78,138.8933,0.159001,124.65,GEN,SM
20234,2,2021-04-02 17:08:00,2021-04-04 09:56:00,54.73833,-54.425,54.75667,-54.38833,40.8,0.01834,0.03667,3.1141,0.021202,49.08,NTB,SM
20234,3,2021-04-04 09:56:00,2021-04-05 09:21:00,54.75667,-54.38833,54.83,-53.98167,23.4167,0.07333,0.40666,27.3151,0.324022,72.47,GEN,MED
20234,4,2021-04-05 09:21:00,2021-04-05 09:47:00,54.83,-53.98167,54.59833,-53.98667,0.4333,-0.23167,-0.005,25.7625,16.514443,180.72,GEN,MED
20234,5,2021-04-05 09:47:00,2021-04-10 09:55:00,54.59833,-53.98667,54.40167,-54.48833,120.1333,-0.19666,-0.50166,39.0829,0.090369,236.18,GEN,MED
20234,6,2021-04-10 09:55:00,2021-04-11 09:48:00,54.40167,-54.48833,54.405,-54.80167,23.8833,0.00333,-0.31334,20.2839,0.235915,271.17,GEN,MED
20234,7,2021-04-11 09:48:00,2021-04-21 10:57:00,54.405,-54.80167,54.13,-55.605,241.15,-0.275,-0.80333,60.4677,0.069652,239.95,GEN,MED
20234,8,2021-04-21 10:57:00,2021-04-21 19:42:00,54.13,-55.605,54.24833,-55.45167,8.75,0.11833,0.15333,16.5119,0.524187,37.11,DD,SM
20234,9,2021-04-21 19:42:00,2021-05-04 09:56:00,54.24833,-55.45167,54.18,-54.975,302.2333,-0.06833,0.47667,31.9117,0.02933,103.58,DOM,SM
20235,1,2021-03-23 14:29:00,2021-04-02 17:11:00,55.42833,-56.135,54.63,-54.10167,242.7,-0.79833,2.03333,157.068,0.179769,123.58,GEN,SM
20235,2,2021-04-02 17:11:00,2021-04-04 09:56:00,54.63,-54.10167,54.76667,-54.25333,40.75,0.13667,-0.15166,18.0532,0.123062,327.39,NTB,SM
20235,3,2021-04-04 09:56:00,2021-04-05 09:21:00,54.76667,-54.25333,54.97667,-53.96167,23.4167,0.21,0.29166,29.8915,0.354585,38.51,GEN,MED
20235,4,2021-04-05 09:21:00,2021-04-05 09:47:00,54.97667,-53.96167,54.615,-53.96667,0.4333,-0.36167,-0.005,40.2171,25.780222,180.46,GEN,MED
20235,5,2021-04-05 09:47:00,2021-04-11 09:48:00,54.615,-53.96667,54.42833,-54.06167,144.0167,-0.18667,-0.095,21.6433,0.041745,196.49,GEN,SM
20235,6,2021-04-11 09:48:00,2021-04-17 09:47:00,54.42833,-54.06167,54.18333,-54.245,143.9833,-0.245,-0.18333,29.726,0.057348,203.66,GEN,SM
20236,1,2021-03-23 14:29:00,2021-03-28 14:52:00,55.145,-56.55833,53.96833,-55.71667,120.3833,-1.17667,0.84166,141.6464,0.326841,157.13,GEN,SM
20236,2,2021-03-28 14:52:00,2021-04-22 09:55:00,53.96833,-55.71667,53.91833,-56.03167,595.05,-0.05,-0.315,21.3525,0.009968,255.03,GEN,MED
20237,1,2021-03-23 14:29:00,2021-03-28 14:52:00,55.11833,-56.94167,54.32,-56.68833,120.3833,-0.79833,0.25334,90.2489,0.208244,169.51,GEN,SM
20238,1,2021-03-23 14:29:00,2021-03-28 14:52:00,54.72833,-56.94333,54.005,-55.655,120.3833,-0.72333,1.28833,115.9046,0.267443,133.42,TAB,MED
20238,2,2021-03-28 14:52:00,2021-04-10 09:55:00,54.005,-55.655,53.91667,-55.81833,307.05,-0.08833,-0.16333,14.5134,0.01313,227.48,GEN,LG
20238,3,2021-04-10 09:55:00,2021-04-21 12:03:00,53.91667,-55.81833,53.91667,-56.355,266.1333,0.0,-0.53667,35.1462,0.036684,270.22,GEN,MED
20238,4,2021-04-21 12:03:00,2021-05-04 09:56:00,53.91667,-56.355,53.87167,-56.49667,309.8833,-0.045,-0.14167,10.5456,0.009453,241.73,DD,SM
20239,1,2021-03-23 17:11:00,2021-03-28 14:52:00,55.09833,-56.86,54.01667,-56.675,117.6833,-1.08166,0.185,120.8651,0.285288,174.26,GEN,SM
20239,2,2021-03-28 14:52:00,2021-04-21 11:15:00,54.01667,-56.675,54.05167,-56.05167,572.3833,0.035,0.62333,40.8921,0.019845,84.29,GEN,MED
20240,1,2021-03-24 15:16:00,2021-04-11 09:48:00,56.67667,-58.95333,54.895,-54.49,426.5333,-1.78167,4.46333,342.1272,0.222809,123.51,NTB,LG
20246,1,2021-03-24 15:16:00,2021-04-11 09:48:00,56.45333,-58.97667,54.88,-54.28833,426.5333,-1.57333,4.68834,342.0311,0.222746,118.8,NTB,MED
20252,1,2021-03-24 15:16:00,2021-04-03 10:03:00,56.32,-58.74167,55.31833,-55.72333,234.7833,-1.00167,3.01834,218.967,0.259065,119.32,NTB,MED
20252,2,2021-04-03 10:03:00,2021-04-04 09:56:00,55.31833,-55.72333,55.29667,-55.51667,23.8833,-0.02166,0.20666,13.2992,0.154678,100.35,GEN,MED
20255,1,2021-03-24 15:16:00,2021-04-03 10:03:00,56.26,-58.79833,55.10833,-55.94,234.7833,-1.15167,2.85833,220.2087,0.260534,124.37,NTB,MED
20255,2,2021-04-03 10:03:00,2021-04-11 09:48:00,55.10833,-55.94,54.77667,-54.37333,191.75,-0.33166,1.56667,106.6402,0.154484,109.59,GEN,MED
20255,3,2021-04-11 09:48:00,2021-04-21 18:36:00,54.77667,-54.37333,54.64667,-54.77167,248.8,-0.13,-0.39834,29.3887,0.032812,240.7,GEN,SM
20255,4,2021-04-21 18:36:00,2021-04-30 13:22:00,54.64667,-54.77167,55.23,-54.77,210.7667,0.58333,0.00167,64.8634,0.085486,0.09,NTB,GR
20259,1,2021-03-24 15:16:00,2021-04-08 15:16:00,56.23,-60.23167,55.49,-58.505,360.0,-0.74,1.72667,135.5705,0.104607,126.65,TAB,VLG
20259,2,2021-04-08 15:16:00,2021-04-18 15:16:00,55.49,-58.505,55.115,-57.075,240.0,-0.375,1.43,99.6551,0.115342,114.15,NTB,MED
20260,1,2021-03-24 15:16:00,2021-03-27 15:26:00,56.32,-60.34833,55.98833,-59.79833,72.1667,-0.33167,0.55,50.2029,0.193237,137.05,NTB,SM
20260,2,2021-03-27 15:26:00,2021-04-03 10:02:00,55.98833,-59.79833,55.24667,-58.63167,162.6,-0.74166,1.16666,110.3052,0.18844,137.9,NTB,MED
20260,3,2021-04-03 10:02:00,2021-04-08 15:16:00,55.24667,-58.63167,55.32333,-57.79833,125.2333,0.07666,0.83334,53.4549,0.118567,80.48,GEN,MED
20260,4,2021-04-08 15:16:00,2021-04-18 15:16:00,55.32333,-57.79833,54.99667,-57.2,240.0,-0.32666,0.59833,52.5734,0.060849,133.46,NTB,MED
20260,5,2021-04-18 15:16:00,2021-04-21 19:22:00,54.99667,-57.2,55.07667,-56.83667,76.1,0.08,0.36333,24.8017,0.09053,68.83,NTB,MED
20260,6,2021-04-21 19:22:00,2021-04-27 10:03:00,55.07667,-56.83667,54.795,-57.13,134.6833,-0.28167,-0.29333,36.4976,0.075274,211.01,NTB,MED
20260,7,2021-04-27 10:03:00,2021-04-30 13:22:00,54.795,-57.13,54.85,-57.39667,75.3167,0.055,-0.26667,18.1448,0.06692,289.81,GEN,MED
20260,8,2021-04-30 13:22:00,2021-05-01 10:00:00,54.85,-57.39667,54.85167,-57.38167,20.6333,0.00167,0.015,0.978,0.013167,79.05,GEN,MED
20260,9,2021-05-01 10:00:00,2021-05-04 09:56:00,54.85167,-57.38167,54.50333,-56.83833,71.9333,-0.34834,0.54334,52.1582,0.201414,137.73,GEN,MED
20260,10,2021-05-04 09:56:00,2021-05-10 09:56:00,54.50333,-56.83833,54.26333,-56.66,144.0,-0.24,0.17833,29.0781,0.056092,156.53,GEN,MED
20261,1,2021-03-24 15:16:00,2021-04-08 15:16:00,56.40667,-60.50167,55.49833,-58.615,360.0,-0.90834,1.88667,154.9015,0.119523,129.91,NTB,MED
20261,2,2021-04-08 15:16:00,2021-04-18 15:16:00,55.49833,-58.615,55.17833,-57.25,240.0,-0.32,1.365,93.3664,0.108063,111.84,NTB,MED
20262,1,2021-03-24 15:16:00,2021-04-08 15:16:00,56.475,-60.58833,55.60667,-59.11333,360.0,-0.86833,1.475,133.0974,0.102699,135.89,NTB,SM
20262,2,2021-04-08 15:16:00,2021-04-18 15:16:00,55.60667,-59.11333,55.18833,-57.23167,240.0,-0.41834,1.88166,127.5942,0.147678,110.6,NTB,SM
20264,1,2021-03-25 09:40:00,2021-04-01 16:37:00,52.13167,-53.06833,51.245,-52.54333,174.95,-0.88667,0.525,105.0248,0.166754,159.64,GEN,SM
20265,1,2021-03-25 09:40:00,2021-04-01 16:37:00,51.39667,-52.5,51.185,-52.27167,174.95,-0.21167,0.22833,28.3913,0.045078,145.91,GEN,SM
20265,2,2021-04-01 16:37:00,2021-04-01 17:52:00,51.185,-52.27167,51.04833,-52.175,1.25,-0.13667,0.09667,16.6277,3.695043,156.02,GEN,SM
20266,1,2021-03-25 09:40:00,2021-04-01 15:49:00,50.51,-52.67167,50.57167,-51.755,174.15,0.06167,0.91667,65.1403,0.103902,83.6,GEN,SM
20266,2,2021-04-01 15:49:00,2021-04-01 17:45:00,50.57167,-51.755,50.61,-51.90167,1.9333,0.03833,-0.14667,11.1967,1.608726,292.43,GEN,SM
20267,1,2021-03-25 10:27:00,2021-04-01 10:19:00,60.095,-60.97,59.65167,-60.59167,167.8667,-0.44333,0.37833,53.6275,0.08874,156.65,GEN,MED
20267,2,2021-04-01 10:19:00,2021-04-06 10:27:00,59.65167,-60.59167,59.47167,-60.65333,120.1333,-0.18,-0.06166,20.3142,0.046972,189.87,GEN,MED
20267,3,2021-04-06 10:27:00,2021-04-10 10:26:00,59.47167,-60.65333,59.48667,-60.54167,95.9833,0.015,0.11166,6.5224,0.018876,75.14,GEN,MED
20267,4,2021-04-10 10:26:00,2021-04-30 10:27:00,59.48667,-60.54167,58.375,-60.905,480.0167,-1.11167,-0.36333,125.3576,0.072542,189.73,GEN,SM
20268,1,2021-03-25 10:27:00,2021-04-01 10:19:00,60.00167,-61.31,59.955,-60.755,167.8667,-0.04667,0.555,31.3098,0.05181,99.3,GEN,SM
20268,2,2021-04-01 10:19:00,2021-04-06 10:27:00,59.955,-60.755,59.825,-60.255,120.1333,-0.13,0.5,31.4144,0.072638,117.18,GEN,MED
20268,3,2021-04-06 10:27:00,2021-04-10 10:26:00,59.825,-60.255,59.57833,-60.59833,95.9833,-0.24667,-0.34333,33.5152,0.096994,215.22,GEN,MED
20268,4,2021-04-10 10:26:00,2021-04-19 15:55:00,59.57833,-60.59833,58.65667,-60.16833,221.4833,-0.92166,0.43,105.3809,0.132166,166.35,GEN,MED
20268,5,2021-04-19 15:55:00,2021-04-30 10:27:00,58.65667,-60.16833,58.32667,-60.44167,258.5333,-0.33,-0.27334,39.9848,0.042961,203.52,NTB,LG
20268,6,2021-04-30 10:27:00,2021-05-02 10:07:00,58.32667,-60.44167,58.11333,-60.66,47.6667,-0.21334,-0.21833,26.9485,0.157043,208.42,GEN,VLG
20269,1,2021-03-25 10:27:00,2021-04-06 10:27:00,59.955,-61.26,59.0,-60.59833,288.0,-0.955,0.66167,112.5722,0.108577,160.33,GEN,SM
20270,1,2021-03-25 10:27:00,2021-04-01 10:19:00,59.94667,-60.42,59.105,-60.16167,167.8667,-0.84167,0.25833,94.7162,0.156732,171.04,GEN,SM
20270,2,2021-04-01 10:19:00,2021-04-30 10:27:00,59.105,-60.16167,58.21167,-60.52167,696.1333,-0.89333,-0.36,101.4921,0.040498,191.99,GEN,MED
20270,3,2021-04-30 10:27:00,2021-05-02 10:07:00,58.21167,-60.52167,58.08667,-60.50833,47.6667,-0.125,0.01334,13.9214,0.081127,176.77,GEN,MED
20270,4,2021-05-02 10:07:00,2021-05-15 10:15:00,58.08667,-60.50833,56.45167,-60.34167,312.1333,-1.635,0.16666,182.0795,0.162039,176.78,GEN,MED
20270,5,2021-05-15 10:15:00,2021-05-26 10:11:00,56.45167,-60.34167,55.20333,-58.18667,263.9333,-1.24834,2.155,193.3305,0.203472,134.99,GEN,SM
20270,6,2021-05-26 10:11:00,2021-05-28 16:18:00,55.20333,-58.18667,54.95833,-57.44,54.1167,-0.245,0.74667,54.7797,0.281181,119.52,GEN,SM
20270,7,2021-05-28 16:18:00,2021-06-02 10:03:00,54.95833,-57.44,54.37667,-57.00833,113.75,-0.58166,0.43167,70.3826,0.171875,156.6,NTB,SM
20270,8,2021-06-02 10:03:00,2021-06-03 09:56:00,54.37667,-57.00833,54.29333,-56.73333,23.8833,-0.08334,0.275,20.0933,0.233697,117.35,GEN,SM
20271,1,2021-03-25 10:27:00,2021-04-06 10:27:00,59.92833,-61.05167,59.09167,-60.22,288.0,-0.83666,0.83167,104.1935,0.100495,152.88,GEN,SM
20271,2,2021-04-06 10:27:00,2021-04-30 10:27:00,59.09167,-60.22,58.42167,-59.97,576.0,-0.67,0.25,75.8829,0.036595,168.94,GEN,SM
20272,1,2021-03-25 10:27:00,2021-04-06 10:27:00,59.93333,-61.32833,58.99667,-60.62833,288.0,-0.93666,0.7,111.4053,0.107451,158.91,GEN,SM
20273,1,2021-03-25 10:27:00,2021-04-06 10:27:00,59.93833,-61.32833,59.06667,-60.79333,288.0,-0.87166,0.535,101.5165,0.097913,162.47,GEN,SM
20274,1,2021-03-25 10:27:00,2021-04-06 10:27:00,59.92667,-61.24,58.975,-60.73667,288.0,-0.95167,0.50333,109.577,0.105688,164.74,GEN,SM
20275,1,2021-03-25 10:27:00,2021-04-06 10:27:00,59.915,-61.23167,59.01167,-60.885,288.0,-0.90333,0.34667,102.337,0.098705,168.82,GEN,SM
20275,2,2021-04-06 10:27:00,2021-05-03 10:15:00,59.01167,-60.885,56.80333,-60.55833,647.8,-2.20834,0.32667,246.3126,0.105619,175.37,GEN,SM
20275,3,2021-05-03 10:15:00,2021-05-07 10:19:00,56.80333,-60.55833,56.575,-60.325,96.0667,-0.22833,0.23333,29.114,0.084184,150.6,GEN,MED
20275,4,2021-05-07 10:19:00,2021-05-11 21:49:00,56.575,-60.325,55.87667,-59.695,107.5,-0.69833,0.63,86.8683,0.224466,153.1,GEN,MED
20275,5,2021-05-11 21:49:00,2021-05-14 10:11:00,55.87667,-59.695,55.62667,-59.46167,60.3667,-0.25,0.23333,31.4001,0.144488,152.19,GEN,SM
20276,1,2021-03-25 10:27:00,2021-04-06 10:27:00,59.92333,-61.235,58.975,-60.84,288.0,-0.94833,0.395,107.7864,0.103961,167.88,GEN,SM
20277,1,2021-03-25 10:27:00,2021-04-06 10:27:00,59.905,-61.14167,58.96333,-60.74833,288.0,-0.94167,0.39334,107.0446,0.103245,167.84,GEN,SM
20278,1,2021-03-25 10:27:00,2021-04-06 10:27:00,59.89,-61.23333,58.80333,-60.61167,288.0,-1.08667,0.62166,125.8655,0.121398,163.47,GEN,MED
20278,3,2021-04-06 10:27:00,2021-04-30 10:27:00,58.38833,-60.805,57.40333,-60.40667,576.0,-0.985,0.39833,112.0275,0.054026,167.7,GEN,MED
20278,4,2021-04-30 10:27:00,2021-05-03 10:15:00,57.40333,-60.40667,56.99333,-60.85,71.8,-0.41,-0.44333,52.8355,0.204408,210.55,GEN,MED
20279,1,2021-03-25 10:27:00,2021-04-06 10:27:00,59.89333,-61.24667,58.97833,-60.91333,288.0,-0.915,0.33334,103.4741,0.099801,169.36,GEN,MED
20279,2,2021-04-06 10:27:00,2021-04-30 10:27:00,58.97833,-60.91333,57.07333,-60.88667,576.0,-1.905,0.02666,211.8321,0.102157,179.56,GEN,SM
20279,3,2021-04-30 10:27:00,2021-05-05 21:48:00,57.07333,-60.88667,56.21667,-60.01,131.35,-0.85666,0.87667,109.2977,0.231142,150.27,GEN,SM
20280,1,2021-03-25 10:27:00,2021-04-06 10:27:00,59.89333,-61.23833,58.97167,-60.80667,288.0,-0.92166,0.43166,105.3502,0.101611,166.42,GEN,SM
20281,1,2021-03-25 10:27:00,2021-04-01 10:19:00,59.87167,-60.95,59.15167,-60.22167,167.8667,-0.72,0.72833,89.9877,0.148907,152.52,GEN,SM
20281,2,2021-04-01 10:19:00,2021-04-30 10:27:00,59.15167,-60.22167,58.13,-60.38833,696.1333,-1.02167,-0.16666,114.013,0.045495,184.92,GEN,MED
20281,3,2021-04-30 10:27:00,2021-05-03 10:15:00,58.13,-60.38833,57.815,-60.71333,71.8,-0.315,-0.325,39.9267,0.154467,208.82,GEN,MED
20282,1,2021-03-25 10:27:00,2021-04-01 10:19:00,59.87333,-60.94833,59.155,-60.505,167.8667,-0.71833,0.44333,83.6979,0.138499,162.42,GEN,MED
20283,1,2021-03-25 10:27:00,2021-04-06 10:27:00,59.87333,-61.13833,58.85167,-60.09167,288.0,-1.02166,1.04666,128.1499,0.123601,151.98,GEN,SM
20283,2,2021-04-06 10:27:00,2021-04-30 10:27:00,58.85167,-60.09167,58.27,-60.52667,576.0,-0.58167,-0.435,69.4248,0.03348,201.5,GEN,SM
20283,3,2021-04-30 10:27:00,2021-05-05 21:49:00,58.27,-60.52667,57.43667,-60.29333,131.3667,-0.83333,0.23334,93.6847,0.198098,171.43,GEN,SM
20283,4,2021-05-05 21:49:00,2021-05-14 10:11:00,57.43667,-60.29333,56.61333,-59.84167,204.3667,-0.82334,0.45166,95.5442,0.129865,163.19,GEN,SM
20283,5,2021-05-14 10:11:00,2021-05-15 10:15:00,56.61333,-59.84167,56.61667,-59.845,24.0667,0.00334,-0.00333,0.4236,0.004889,331.25,GEN,MED
20283,6,2021-05-15 10:15:00,2021-05-21 10:03:00,56.61667,-59.845,55.79,-58.11667,143.8,-0.82667,1.72833,140.9792,0.272329,129.97,GEN,MED
20284,1,2021-03-25 10:27:00,2021-04-06 10:27:00,59.88167,-61.14,58.825,-60.595,288.0,-1.05667,0.545,121.4882,0.117176,165.03,GEN,SM
20285,1,2021-03-25 10:27:00,2021-04-06 10:27:00,59.87833,-61.225,58.95333,-60.83667,288.0,-0.925,0.38833,105.1751,0.101442,167.78,GEN,SM
20286,1,2021-03-25 10:27:00,2021-04-06 10:27:00,59.86667,-61.17833,58.985,-60.665,288.0,-0.88167,0.51333,102.2453,0.098616,163.28,GEN,SM
20287,1,2021-03-25 10:27:00,2021-04-06 10:27:00,59.865,-61.16833,58.98,-60.64667,288.0,-0.885,0.52166,102.7355,0.099089,163.08,GEN,SM
20288,1,2021-03-25 10:27:00,2021-04-01 10:19:00,59.87333,-61.24667,59.34833,-60.755,167.8667,-0.525,0.49167,64.5968,0.106892,154.44,GEN,SM
20288,2,2021-04-01 10:19:00,2021-04-06 10:27:00,59.34833,-60.755,58.97333,-60.865,120.1333,-0.375,-0.11,42.1669,0.0975,188.6,GEN,SM
20289,1,2021-03-25 10:27:00,2021-04-06 10:27:00,59.875,-61.225,58.97,-60.87167,288.0,-0.905,0.35333,102.5965,0.098955,168.61,GEN,SM
20290,1,2021-03-25 10:27:00,2021-04-06 10:27:00,59.85667,-61.19333,58.97,-60.70167,288.0,-0.88667,0.49166,102.4418,0.098806,164.03,GEN,SM
20291,1,2021-03-25 10:27:00,2021-04-06 10:27:00,59.86167,-61.235,58.95667,-60.805,288.0,-0.905,0.43,103.5309,0.099856,166.22,GEN,SM
20292,1,2021-03-25 10:27:00,2021-04-19 17:23:00,59.84,-61.15333,57.25833,-58.88833,606.9333,-2.58167,2.265,315.6724,0.144475,154.43,GEN,MED
20293,1,2021-03-25 10:27:00,2021-04-01 10:19:00,59.84,-61.10833,59.13833,-60.55167,167.8667,-0.70167,0.55666,84.1124,0.139185,157.82,GEN,SM
20294,1,2021-03-25 10:27:00,2021-04-06 10:27:00,59.825,-61.08833,58.36167,-60.76,288.0,-1.46333,0.32833,163.7913,0.157978,173.28,GEN,SM
20294,2,2021-04-06 10:27:00,2021-04-19 17:13:00,58.36167,-60.76,57.22167,-59.75667,318.7667,-1.14,1.00333,140.0128,0.122009,154.44,GEN,SM
20294,3,2021-04-19 17:13:00,2021-04-21 10:15:00,57.22167,-59.75667,57.35,-59.86333,41.0333,0.12833,-0.10666,15.6431,0.105897,335.86,DOM,SM
20294,4,2021-04-21 10:15:00,2021-04-22 10:26:00,57.35,-59.86333,57.35667,-60.225,24.1833,0.00667,-0.36167,21.7074,0.249338,272.11,GEN,MED
20294,5,2021-04-22 10:26:00,2021-05-02 10:11:00,57.35667,-60.225,56.68167,-59.90833,239.75,-0.675,0.31667,77.4653,0.089752,165.54,GEN,LG
20294,6,2021-05-02 10:11:00,2021-05-05 20:14:00,56.68167,-59.90833,56.26333,-59.21,82.05,-0.41834,0.69833,63.2715,0.214204,137.03,GEN,MED
20294,7,2021-05-05 20:14:00,2021-05-14 10:11:00,56.26333,-59.21,55.65667,-58.015,205.95,-0.60666,1.195,100.412,0.135432,131.71,NTB,SM
20294,8,2021-05-14 10:11:00,2021-05-15 10:15:00,55.65667,-58.015,55.59,-58.28833,24.0667,-0.06667,-0.27333,18.6936,0.215761,246.75,GEN,SM
20294,9,2021-05-15 10:15:00,2021-05-21 10:03:00,55.59,-58.28833,55.515,-57.36,143.8,-0.075,0.92833,58.9817,0.113935,97.75,GEN,SM
20294,10,2021-05-21 10:03:00,2021-05-26 10:11:00,55.515,-57.36,55.26,-57.07,120.1333,-0.255,0.29,33.7563,0.078053,147.02,GEN,SM
20294,11,2021-05-26 10:11:00,2021-06-03 09:56:00,55.26,-57.07,54.08333,-56.02167,191.75,-1.17667,1.04833,147.1787,0.21321,152.31,GEN,SM
20295,1,2021-03-25 10:27:00,2021-04-06 10:27:00,59.84167,-61.14833,58.315,-60.915,288.0,-1.52667,0.23333,170.2804,0.164237,175.41,GEN,SM
20295,2,2021-04-06 10:27:00,2021-04-19 17:10:00,58.315,-60.915,57.32,-60.54,318.7167,-0.995,0.375,112.8455,0.098351,168.49,GEN,SM
20295,3,2021-04-19 17:10:00,2021-04-29 21:49:00,57.32,-60.54,56.375,-60.36833,244.65,-0.945,0.17167,105.5964,0.119895,174.25,GEN,MED
20295,4,2021-04-29 21:49:00,2021-05-05 21:48:00,56.375,-60.36833,55.955,-59.87833,143.9833,-0.42,0.49,55.6903,0.10744,146.79,GEN,MED
20295,5,2021-05-05 21:48:00,2021-05-14 10:11:00,55.955,-59.87833,55.34,-59.18333,204.3833,-0.615,0.695,81.1049,0.11023,147.19,GEN,SM
20297,1,2021-03-25 10:27:00,2021-04-01 10:19:00,59.82,-60.78833,58.9,-60.19167,167.8667,-0.92,0.59666,107.7413,0.178285,161.45,GEN,SM
20297,2,2021-04-01 10:19:00,2021-04-30 10:27:00,58.9,-60.19167,57.69833,-60.46,696.1333,-1.20167,-0.26833,134.536,0.053684,186.81,GEN,MED
20297,3,2021-04-30 10:27:00,2021-05-07 10:19:00,57.69833,-60.46,56.83,-60.67,167.8667,-0.86833,-0.21,97.376,0.161133,187.54,GEN,MED
20297,5,2021-05-07 10:19:00,2021-05-14 10:11:00,57.06667,-60.9,56.11833,-60.195,167.8667,-0.94834,0.705,113.9405,0.188543,157.45,GEN,MED
20297,6,2021-05-14 10:11:00,2021-05-15 10:15:00,56.11833,-60.195,56.02833,-60.08333,24.0667,-0.09,0.11167,12.173,0.140501,145.25,GEN,MED
20297,7,2021-05-15 10:15:00,2021-05-21 10:03:00,56.02833,-60.08333,55.36167,-58.85167,143.8,-0.66666,1.23166,107.0156,0.206722,133.33,GEN,SM
20297,8,2021-05-21 10:03:00,2021-06-02 10:03:00,55.36167,-58.85167,54.97,-57.99333,288.0,-0.39167,0.85834,69.7766,0.0673,128.27,GEN,MED
20297,9,2021-06-02 10:03:00,2021-06-06 21:32:00,54.97,-57.99333,54.81833,-57.435,107.4833,-0.15167,0.55833,39.4861,0.102047,115.06,GEN,MED
20297,10,2021-06-06 21:32:00,2021-06-09 09:55:00,54.81833,-57.435,54.43333,-56.95167,60.3833,-0.385,0.48333,52.9216,0.243452,143.79,GEN,MED
20297,11,2021-06-09 09:55:00,2021-06-09 21:21:00,54.43333,-56.95167,54.245,-56.71667,11.4333,-0.18833,0.235,25.8961,0.629158,143.87,GEN,MED
20298,1,2021-03-25 10:27:00,2021-04-01 10:19:00,59.72667,-60.55,58.57833,-59.84,167.8667,-1.14834,0.71,133.9508,0.221655,162.1,GEN,SM
20301,1,2021-03-25 10:27:00,2021-04-03 21:34:00,59.71167,-61.17167,58.42167,-60.75167,227.1167,-1.29,0.42,145.4357,0.177877,170.32,GEN,MED
20301,2,2021-04-03 21:34:00,2021-04-06 10:27:00,58.42167,-60.75167,58.06167,-60.755,60.8833,-0.36,-0.00333,40.0306,0.182638,180.28,GEN,MED
20301,3,2021-04-06 10:27:00,2021-04-13 10:19:00,58.06167,-60.755,57.23833,-60.63167,167.8667,-0.82334,0.12333,91.8448,0.15198,175.37,GEN,MED
20301,4,2021-04-13 10:19:00,2021-04-19 17:52:00,57.23833,-60.63167,56.59333,-60.52167,151.55,-0.645,0.11,72.0308,0.132026,174.64,GEN,MED
20301,5,2021-04-19 17:52:00,2021-04-29 21:49:00,56.59333,-60.52167,55.97,-59.965,243.95,-0.62333,0.55667,77.3602,0.088087,153.4,GEN,GEN
20301,6,2021-04-29 21:49:00,2021-05-02 10:11:00,55.97,-59.965,55.55833,-59.195,60.3667,-0.41167,0.77,66.4503,0.305772,133.22,GEN,MED
20301,7,2021-05-02 10:11:00,2021-05-06 21:41:00,55.55833,-59.195,55.22667,-58.83167,107.5,-0.33166,0.36333,43.4343,0.112233,147.96,GEN,MED
20301,8,2021-05-06 21:41:00,2021-05-09 10:03:00,55.22667,-58.83167,55.02167,-58.49167,60.3667,-0.205,0.34,31.4154,0.144558,136.38,GEN,SM
20301,9,2021-05-09 10:03:00,2021-05-15 10:15:00,55.02167,-58.49167,55.02167,-58.495,144.2,0.0,-0.00333,0.2123,0.000409,270.0,GEN,SM
20301,10,2021-05-15 10:15:00,2021-06-02 10:03:00,55.02167,-58.495,55.10167,-58.59667,431.8,0.08,-0.10167,11.0023,0.007078,323.99,GEN,SM
20306,1,2021-03-25 10:27:00,2021-03-30 21:49:00,59.655,-61.00667,59.02,-60.68,131.3667,-0.635,0.32667,72.9981,0.154356,165.16,GEN,SM
20306,2,2021-03-30 21:49:00,2021-04-03 21:34:00,59.02,-60.68,58.38667,-61.02833,95.75,-0.63333,-0.34833,73.2407,0.212477,196.09,GEN,SM
20306,3,2021-04-03 21:34:00,2021-04-06 10:27:00,58.38667,-61.02833,58.09333,-60.685,60.8833,-0.29334,0.34333,38.3108,0.174791,148.22,GEN,SM
20306,4,2021-04-06 10:27:00,2021-04-19 17:46:00,58.09333,-60.685,56.77167,-59.75,319.3167,-1.32166,0.935,157.2535,0.136797,158.76,GEN,SM
20306,5,2021-04-19 17:46:00,2021-04-29 21:49:00,56.77167,-59.75,56.315,-59.62333,244.05,-0.45667,0.12667,51.3697,0.058469,171.25,RAD,SM
20306,6,2021-04-29 21:49:00,2021-05-02 10:11:00,56.315,-59.62333,55.82833,-59.17167,60.3667,-0.48667,0.45166,60.9443,0.280436,152.43,GEN,MED
20306,7,2021-05-02 10:11:00,2021-05-05 20:26:00,55.82833,-59.17167,55.71333,-58.80667,82.25,-0.115,0.365,26.1671,0.088373,119.1,GEN,MED
20306,8,2021-05-05 20:26:00,2021-05-09 10:03:00,55.71333,-58.80667,55.79,-58.555,85.6167,0.07667,0.25167,17.9085,0.058103,61.47,DD,MED
20306,9,2021-05-09 10:03:00,2021-05-14 10:11:00,55.79,-58.555,55.89167,-58.27333,120.1333,0.10167,0.28167,20.9064,0.048341,57.15,GEN,LG
20307,1,2021-03-25 10:27:00,2021-03-30 21:49:00,59.51,-60.36167,58.38833,-60.17167,131.3667,-1.12167,0.19,125.199,0.264736,174.93,GEN,SM
20307,2,2021-03-30 21:49:00,2021-04-13 10:19:00,58.38833,-60.17167,57.36333,-60.82333,324.5,-1.025,-0.65166,120.3104,0.102988,198.96,GEN,MED
20307,3,2021-04-13 10:19:00,2021-04-19 17:54:00,57.36333,-60.82333,56.785,-60.43,151.5833,-0.57833,0.39333,68.5606,0.125638,159.55,GEN,MED
20307,4,2021-04-19 17:54:00,2021-04-29 21:49:00,56.785,-60.43,55.98333,-60.095,243.9167,-0.80167,0.335,91.4957,0.104197,166.83,GEN,GEN
20307,5,2021-04-29 21:49:00,2021-05-06 21:41:00,55.98333,-60.095,55.29167,-59.015,167.8667,-0.69166,1.08,102.5131,0.169634,138.16,GEN,MED
20307,6,2021-05-06 21:41:00,2021-05-07 10:19:00,55.29167,-59.015,55.29167,-59.01333,12.6333,0.0,0.00167,0.1057,0.002325,90.0,GEN,MED
20307,7,2021-05-07 10:19:00,2021-05-09 10:03:00,55.29167,-59.01333,55.25333,-58.795,47.7333,-0.03834,0.21833,14.4722,0.084219,107.04,GEN,SM
20307,8,2021-05-09 10:03:00,2021-05-11 10:16:00,55.25333,-58.795,55.22667,-58.635,48.2167,-0.02666,0.16,10.5678,0.060881,106.23,GEN,SM
20307,9,2021-05-11 10:16:00,2021-05-15 10:15:00,55.22667,-58.635,55.175,-58.495,95.9833,-0.05167,0.14,10.5802,0.030619,122.83,GEN,SM
20307,10,2021-05-15 10:15:00,2021-05-21 10:03:00,55.175,-58.495,54.765,-57.165,143.8,-0.41,1.33,96.3545,0.186127,117.69,GEN,SM
20307,11,2021-05-21 10:03:00,2021-05-28 09:56:00,54.765,-57.165,54.175,-56.76333,167.8833,-0.59,0.40167,70.5525,0.116735,158.25,GEN,MED
20307,12,2021-05-28 09:56:00,2021-05-28 15:55:00,54.175,-56.76333,54.15,-56.705,5.9833,-0.025,0.05833,4.7062,0.218488,126.18,GEN,MED
20307,13,2021-05-28 15:55:00,2021-06-03 09:56:00,54.15,-56.705,53.77333,-56.10667,138.0167,-0.37667,0.59833,57.3263,0.115377,136.7,NTB,SM
20314,1,2021-03-25 10:27:00,2021-04-18 15:16:00,58.93833,-59.68833,57.24667,-58.58833,580.8167,-1.69166,1.1,198.8967,0.095123,160.56,GEN,SM
20314,2,2021-04-18 15:16:00,2021-04-27 10:03:00,57.24667,-58.58833,56.60667,-58.075,210.7833,-0.64,0.51333,77.6827,0.102373,156.15,NTB,SM
20314,3,2021-04-27 10:03:00,2021-05-09 10:03:00,56.60667,-58.075,55.67667,-57.08,288.0,-0.93,0.995,120.3863,0.116113,148.79,GEN,SM
20315,1,2021-03-25 10:27:00,2021-04-18 15:16:00,58.91833,-59.64167,57.15167,-58.39167,580.8167,-1.76666,1.25,209.7635,0.10032,158.93,GEN,SM
20315,2,2021-04-18 15:16:00,2021-04-27 10:03:00,57.15167,-58.39167,56.72833,-56.99667,210.7833,-0.42334,1.395,96.8284,0.127604,118.5,NTB,SM
20315,3,2021-04-27 10:03:00,2021-05-02 10:11:00,56.72833,-56.99667,56.85333,-57.42333,120.1333,0.125,-0.42666,29.468,0.068137,298.32,GEN,SM
20315,4,2021-05-02 10:11:00,2021-05-09 10:03:00,56.85333,-57.42333,55.83167,-57.35333,167.8667,-1.02166,0.07,113.6853,0.188121,177.8,GEN,MED
20316,1,2021-03-25 10:27:00,2021-04-18 15:16:00,58.89667,-59.61667,57.15167,-58.395,580.8167,-1.745,1.22167,206.9324,0.098966,159.14,GEN,SM
20316,2,2021-04-18 15:16:00,2021-04-19 17:25:00,57.15167,-58.395,57.055,-59.24,26.15,-0.09667,-0.845,52.1514,0.553977,258.46,NTB,SM
20316,3,2021-04-19 17:25:00,2021-05-07 10:19:00,57.055,-59.24,56.62,-60.53,424.9,-0.435,-1.29,92.1733,0.060258,238.89,DOM,SM
20316,4,2021-05-07 10:19:00,2021-05-14 10:11:00,56.62,-60.53,55.60833,-59.49,167.8667,-1.01167,1.04,129.6563,0.214549,149.75,GEN,MED
20323,1,2021-03-25 10:27:00,2021-03-27 15:26:00,58.69833,-59.84667,58.14667,-59.715,52.9833,-0.55166,0.13167,61.819,0.324101,172.82,GEN,SM
20324,1,2021-03-27 15:26:00,2021-04-03 10:03:00,56.005,-59.47667,55.395,-58.25,162.6167,-0.61,1.22667,102.5103,0.175106,130.92,NTB,SM
20324,2,2021-04-03 10:03:00,2021-04-08 15:16:00,55.395,-58.25,55.45667,-57.35167,125.2167,0.06167,0.89833,57.0975,0.126664,82.73,GEN,MED
20324,3,2021-04-08 15:16:00,2021-04-21 19:33:00,55.45667,-57.35167,54.80167,-55.99667,316.2833,-0.655,1.355,112.8016,0.099069,129.66,NTB,MED
20324,4,2021-04-21 19:33:00,2021-04-22 09:55:00,54.80167,-55.99667,54.82333,-55.89167,14.3667,0.02166,0.105,7.1461,0.13817,70.26,NTB,MED
20324,5,2021-04-22 09:55:00,2021-04-30 13:22:00,54.82333,-55.89167,54.945,-55.17167,195.45,0.12167,0.72,47.9991,0.068217,73.33,GEN,SM
20325,1,2021-03-27 15:26:00,2021-04-03 10:03:00,56.00833,-59.47167,55.325,-57.855,162.6167,-0.68333,1.61667,126.6954,0.216418,126.18,NTB,SM
20325,2,2021-04-03 10:03:00,2021-04-08 15:16:00,55.325,-57.855,55.795,-57.21667,125.2167,0.47,0.63833,65.8981,0.146187,37.26,GEN,SM
20325,3,2021-04-08 15:16:00,2021-04-15 10:03:00,55.795,-57.21667,54.955,-55.23333,162.7833,-0.84,1.98334,156.2809,0.266682,125.88,NTB,MED
20325,4,2021-04-15 10:03:00,2021-04-17 09:47:00,54.955,-55.23333,54.51167,-54.75667,47.7333,-0.44333,0.47666,58.0222,0.337653,147.97,GEN,MED
20325,5,2021-04-17 09:47:00,2021-04-17 15:45:00,54.51167,-54.75667,54.50833,-54.71,5.9667,-0.00334,0.04667,3.0356,0.141322,97.01,GEN,MED
20326,1,2021-03-27 15:26:00,2021-04-08 15:16:00,56.01,-59.465,55.73167,-57.225,287.8333,-0.27833,2.24,143.1261,0.138126,101.56,NTB,SM
20326,2,2021-04-08 15:16:00,2021-04-15 10:03:00,55.73167,-57.225,54.95167,-55.925,162.7833,-0.78,1.3,119.4953,0.20391,136.0,NTB,MED
20326,3,2021-04-15 10:03:00,2021-04-16 09:56:00,54.95167,-55.925,54.685,-55.765,23.8833,-0.26667,0.16,31.3742,0.364901,160.86,GEN,MED
20326,4,2021-04-16 09:56:00,2021-04-21 13:30:00,54.685,-55.765,54.215,-55.73167,123.5667,-0.47,0.03333,52.306,0.117584,177.63,GEN,MED
20326,5,2021-04-21 13:30:00,2021-04-21 19:40:00,54.215,-55.73167,54.45667,-55.7,6.1667,0.24167,0.03167,26.9508,1.214,4.36,BLK,SM
20326,6,2021-04-21 19:40:00,2021-04-30 13:22:00,54.45667,-55.7,54.28167,-54.52167,209.7,-0.175,1.17833,78.7699,0.104342,103.82,NTB,SM
20326,7,2021-04-30 13:22:00,2021-05-04 09:56:00,54.28167,-54.52167,54.095,-54.58,92.5667,-0.18667,-0.05833,21.1008,0.06332,190.39,GEN,SM
20327,1,2021-03-27 15:26:00,2021-04-08 15:16:00,55.54667,-59.47667,55.50667,-58.02,287.8333,-0.04,1.45667,91.7873,0.088581,92.18,NTB,MED
20327,2,2021-04-08 15:16:00,2021-04-18 15:16:00,55.50667,-58.02,55.20667,-57.21833,240.0,-0.3,0.80167,60.6677,0.070217,123.03,NTB,LG
20327,3,2021-04-18 15:16:00,2021-04-21 19:09:00,55.20667,-57.21833,55.28667,-56.735,75.8833,0.08,0.48333,31.9016,0.116779,73.61,NTB,MED
20327,4,2021-04-21 19:09:00,2021-04-28 09:56:00,55.28667,-56.735,54.965,-54.61833,158.7833,-0.32167,2.11667,139.2409,0.24359,104.01,NTB,SM
20328,1,2021-03-27 15:26:00,2021-04-27 10:03:00,55.50667,-59.50667,54.98333,-57.705,738.6167,-0.52334,1.80167,128.1715,0.048203,116.26,NTB,SM
20328,2,2021-04-27 10:03:00,2021-04-30 13:22:00,54.98333,-57.705,54.95667,-57.40833,75.3167,-0.02666,0.29667,19.166,0.070687,98.78,GEN,SM
20328,3,2021-04-30 13:22:00,2021-05-04 09:56:00,54.95667,-57.40833,54.46833,-56.76,92.5667,-0.48834,0.64833,68.4314,0.205352,142.25,GEN,SM
20328,4,2021-05-04 09:56:00,2021-05-10 09:56:00,54.46833,-56.76,53.98833,-56.52667,144.0,-0.48,0.23333,55.4865,0.107034,164.04,GEN,MED
20329,1,2021-03-28 14:52:00,2021-04-04 09:56:00,53.99,-56.97167,53.89333,-56.83333,163.0667,-0.09667,0.13834,14.0544,0.023941,139.84,GEN,MED
20329,2,2021-04-04 09:56:00,2021-04-21 13:30:00,53.89333,-56.83333,54.03833,-56.83167,411.5667,0.145,0.00166,16.1236,0.010882,0.39,GEN,MED
20329,3,2021-04-21 13:30:00,2021-04-27 10:04:00,54.03833,-56.83167,54.19167,-57.16,140.5667,0.15334,-0.32833,27.362,0.054071,308.68,GEN,SM
20329,4,2021-04-27 10:04:00,2021-05-01 10:00:00,54.19167,-57.16,54.19333,-57.34167,95.9333,0.00166,-0.18167,11.8202,0.034226,270.97,GEN,SM
20329,5,2021-05-01 10:00:00,2021-05-04 09:56:00,54.19333,-57.34167,54.25167,-57.05333,71.9333,0.05834,0.28834,19.8354,0.076597,70.79,GEN,MED
20329,6,2021-05-04 09:56:00,2021-05-10 09:56:00,54.25167,-57.05333,53.89,-57.06833,144.0,-0.36167,-0.015,40.2278,0.0776,181.4,GEN,MED
20330,1,2021-03-28 14:52:00,2021-04-21 13:30:00,54.00167,-56.97667,54.035,-56.71333,574.6333,0.03333,0.26334,17.5986,0.008507,77.74,GEN,MED
20330,2,2021-04-21 13:30:00,2021-04-28 09:56:00,54.035,-56.71333,53.97167,-56.98333,164.4333,-0.06333,-0.27,18.9987,0.032095,248.35,GEN,SM
20330,3,2021-04-28 09:56:00,2021-05-04 09:56:00,53.97167,-56.98333,54.005,-57.085,144.0,0.03333,-0.10167,7.6103,0.01468,299.18,GEN,MED
20331,1,2021-03-28 14:52:00,2021-04-21 10:39:00,53.775,-56.04833,53.71833,-55.91833,571.7833,-0.05667,0.13,10.6198,0.005159,126.34,GEN,SM
20331,2,2021-04-21 10:39:00,2021-04-22 09:55:00,53.71833,-55.91833,53.61833,-56.04333,23.2667,-0.1,-0.125,13.8367,0.165195,216.57,GEN,SM
20331,3,2021-04-22 09:55:00,2021-05-04 09:56:00,53.61833,-56.04333,53.90333,-56.28667,288.0167,0.285,-0.24334,35.4986,0.034237,333.32,GEN,SM
20332,1,2021-03-28 14:52:00,2021-04-21 13:30:00,53.77,-56.04,53.70333,-55.92167,574.6333,-0.06667,0.11833,10.7484,0.005196,133.56,GEN,SM
20334,1,2021-03-28 14:52:00,2021-04-02 19:30:00,54.025,-55.58167,54.05,-55.37333,124.6333,0.025,0.20834,13.8857,0.030948,78.37,GEN,LG
20334,2,2021-04-02 19:30:00,2021-04-10 09:55:00,54.05,-55.37333,54.30833,-56.06667,182.4167,0.25833,-0.69334,53.4879,0.081449,302.76,NTB,LG
20334,4,2021-04-10 09:55:00,2021-04-21 11:10:00,54.595,-55.24167,54.16333,-55.98833,265.25,-0.43167,-0.74666,68.1328,0.071351,225.52,GEN,MED
20334,5,2021-04-21 11:10:00,2021-04-21 19:44:00,54.16333,-55.98833,54.17667,-55.82,8.5667,0.01334,0.16833,11.0568,0.358522,82.22,DD,SM
20334,6,2021-04-21 19:44:00,2021-04-22 09:55:00,54.17667,-55.82,54.08167,-55.66333,14.1833,-0.095,0.15667,14.6898,0.287697,135.92,NTB,SM
20334,7,2021-04-22 09:55:00,2021-05-04 09:56:00,54.08167,-55.66333,54.01,-54.93333,288.0167,-0.07167,0.73,48.3208,0.046603,99.2,GEN,MED
20335,1,2021-03-28 14:52:00,2021-04-04 09:56:00,54.60667,-55.31167,54.41667,-54.67,163.0667,-0.19,0.64167,46.4981,0.079208,116.76,GEN,LG
20335,2,2021-04-04 09:56:00,2021-04-05 09:47:00,54.41667,-54.67,54.52667,-54.14833,23.85,0.11,0.52167,35.8587,0.417641,69.84,GEN,MED
20335,3,2021-04-05 09:47:00,2021-04-11 09:48:00,54.52667,-54.14833,54.53833,-54.485,144.0167,0.01166,-0.33667,21.7605,0.041971,273.55,GEN,SM
20335,4,2021-04-11 09:48:00,2021-04-21 18:41:00,54.53833,-54.485,54.75667,-55.08667,248.8833,0.21834,-0.60167,45.6935,0.050998,302.34,GEN,SM
20335,5,2021-04-21 18:41:00,2021-04-28 09:56:00,54.75667,-55.08667,54.76167,-54.52667,159.25,0.005,0.56,35.9344,0.06268,88.88,NTB,SM
20335,6,2021-04-28 09:56:00,2021-04-29 09:47:00,54.76167,-54.52667,54.86,-54.40667,23.85,0.09833,0.12,13.367,0.155683,35.07,GEN,MED
20335,7,2021-04-29 09:47:00,2021-04-30 13:22:00,54.86,-54.40667,54.80333,-53.975,27.5833,-0.05667,0.43167,28.3558,0.285557,102.66,GEN,MED
20335,8,2021-04-30 13:22:00,2021-05-16 17:06:00,54.80333,-53.975,54.15833,-55.43333,387.7333,-0.645,-1.45833,118.3997,0.084823,233.31,GEN,SM
20335,9,2021-05-16 17:06:00,2021-05-28 18:17:00,54.15833,-55.43333,53.775,-54.63333,289.1833,-0.38333,0.8,67.4911,0.064829,128.84,GEN,SM
20336,1,2021-03-28 14:52:00,2021-04-01 18:13:00,52.53333,-55.13833,51.975,-55.02833,99.35,-0.55833,0.11,62.5333,0.17484,173.08,GEN,SM
20336,2,2021-04-01 18:13:00,2021-04-03 13:55:00,51.975,-55.02833,51.79333,-54.715,43.7,-0.18167,0.31333,29.5052,0.187549,133.08,GEN,SM
20336,3,2021-04-03 13:55:00,2021-04-05 09:47:00,51.79333,-54.715,51.66167,-54.69167,43.8667,-0.13166,0.02333,14.7278,0.093261,173.73,GEN,SM
20337,1,2021-03-31 10:41:00,2021-04-01 18:13:00,49.97,-54.125,50.14,-53.555,31.5333,0.17,0.57,44.87,0.39526,64.87,DD,MED
20338,1,2021-04-01 17:25:00,2021-04-02 19:04:00,52.78667,-53.41333,53.04833,-53.30167,25.65,0.26166,0.11166,30.043,0.325352,14.39,GEN,SM
20338,2,2021-04-02 19:04:00,2021-04-05 09:21:00,53.04833,-53.30167,53.45667,-52.945,62.2833,0.40834,0.35667,51.2313,0.228487,27.45,NTB,SM
20338,3,2021-04-05 09:21:00,2021-04-05 09:47:00,53.45667,-52.945,53.075,-53.01833,0.4333,-0.38167,-0.07333,42.7191,27.384007,186.58,GEN,SM
20338,4,2021-04-05 09:47:00,2021-04-06 09:40:00,53.075,-53.01833,53.20167,-53.07,23.8833,0.12667,-0.05167,14.5006,0.168651,346.27,GEN,MED
20338,5,2021-04-06 09:40:00,2021-04-17 15:46:00,53.20167,-53.07,52.77167,-53.61167,270.1,-0.43,-0.54167,60.007,0.061713,217.39,GEN,MED
20338,6,2021-04-17 15:46:00,2021-04-17 16:44:00,52.77167,-53.61167,52.695,-53.65,0.9667,-0.07667,-0.03833,8.9074,2.559594,196.86,GEN,SM
20338,7,2021-04-17 16:44:00,2021-04-21 20:15:00,52.695,-53.65,52.65333,-54.29833,99.5167,-0.04167,-0.64833,43.9569,0.122696,264.21,NTB,SM
20339,1,2021-04-01 17:25:00,2021-04-02 19:54:00,52.765,-53.45667,52.705,-53.73833,26.4833,-0.06,-0.28166,20.1032,0.210858,250.73,GEN,SM
20339,2,2021-04-02 19:54:00,2021-04-14 21:23:00,52.705,-53.73833,51.89333,-53.99,289.4833,-0.81167,-0.25167,91.8616,0.088147,190.84,DD,SM
20339,3,2021-04-14 21:23:00,2021-04-15 18:49:00,51.89333,-53.99,51.65833,-54.265,21.4333,-0.235,-0.275,32.2613,0.418109,216.01,GEN,SM
20339,4,2021-04-15 18:49:00,2021-04-17 17:55:00,51.65833,-54.265,51.22667,-54.585,47.1,-0.43166,-0.32,52.8745,0.311834,204.93,NTB,SM
20340,1,2021-04-01 18:13:00,2021-04-01 20:23:00,51.69833,-54.39333,51.55333,-54.23833,2.1667,-0.145,0.155,19.3504,2.480824,146.37,GEN,SM
20341,1,2021-04-01 18:13:00,2021-04-01 18:19:00,51.51167,-54.04667,51.55167,-53.98,0.1,0.04,0.06667,6.4071,17.797486,46.01,GEN,SM
20341,2,2021-04-01 18:19:00,2021-04-05 09:47:00,51.55167,-53.98,51.45167,-53.74667,87.4667,-0.1,0.23333,19.6083,0.062272,124.46,NTB,SM
20344,1,2021-04-01 18:59:00,2021-04-01 19:57:00,50.34333,-53.17833,50.24167,-53.21833,0.9667,-0.10166,-0.04,11.6558,3.349354,194.13,GEN,SM
20344,2,2021-04-01 19:57:00,2021-04-05 09:48:00,50.24167,-53.21833,50.39833,-52.865,85.85,0.15666,0.35333,30.5407,0.098818,55.09,NTB,SM
20345,1,2021-04-01 15:17:00,2021-04-01 18:58:00,49.56667,-52.445,49.52167,-52.27,3.6833,-0.045,0.175,13.5816,1.024255,111.55,GEN,SM
20346,1,2021-04-01 20:46:00,2021-04-05 09:48:00,50.45833,-54.13333,50.5,-53.84833,85.0333,0.04167,0.285,20.692,0.067594,76.95,NTB,SM
20348,1,2021-04-01 20:49:00,2021-04-02 21:23:00,50.25,-53.95667,50.25167,-53.75833,24.5667,0.00167,0.19834,14.1034,0.159469,89.17,NTB,MED
20348,2,2021-04-02 21:23:00,2021-04-03 14:06:00,50.25167,-53.75833,50.34,-53.565,16.7167,0.08833,0.19333,16.8838,0.280555,54.35,GEN,MED
20350,1,2021-04-01 18:51:00,2021-04-03 10:22:00,49.85667,-52.26167,49.785,-52.26333,39.5167,-0.07167,-0.00166,7.9702,0.056026,180.86,NTB,SM
20353,1,2021-04-01 20:20:00,2021-04-14 17:32:00,51.47333,-54.26833,50.39667,-55.85333,309.2,-1.07666,-1.585,163.299,0.146704,223.47,NTB,SM
20355,1,2021-04-01 10:19:00,2021-04-06 10:27:00,58.56667,-60.00833,58.11833,-60.00833,120.1333,-0.44834,0.0,49.8531,0.115273,180.0,GEN,LG
20356,1,2021-04-02 20:00:00,2021-04-07 21:31:00,52.54167,-53.86667,52.425,-54.29833,121.5167,-0.11667,-0.43166,31.9801,0.073104,246.24,NTB,SM
20356,2,2021-04-07 21:31:00,2021-04-14 21:23:00,52.425,-54.29833,51.54667,-55.12667,167.8667,-0.87833,-0.82834,112.9421,0.186891,210.48,GEN,MED
20356,3,2021-04-14 21:23:00,2021-04-16 16:52:00,51.54667,-55.12667,51.47667,-55.26167,43.4833,-0.07,-0.135,12.16,0.07768,230.25,GEN,SM
20357,1,2021-04-02 21:23:00,2021-04-26 21:23:00,49.70833,-54.5,49.70833,-54.5,576.0,0.0,0.0,0.0,0.0,0.0,GEN,SM
20359,1,2021-04-03 13:43:00,2021-04-14 18:09:00,52.23667,-54.53167,51.75392,-55.4521,268.4333,-0.48275,-0.92043,82.78,0.085662,229.94,GEN,SM
20359,2,2021-04-14 18:09:00,2021-04-17 18:15:00,51.75392,-55.4521,51.53,-55.77667,72.1,-0.22392,-0.32457,33.4897,0.129025,222.1,NTB,BB
20359,3,2021-04-17 18:15:00,2021-04-21 15:12:00,51.53,-55.77667,51.555,-55.74167,92.95,0.025,0.035,3.686,0.011015,41.03,DOM,SM
20360,1,2021-04-03 13:44:00,2021-04-16 16:52:00,52.26333,-54.19333,51.13667,-55.21167,315.1333,-1.12666,-1.01834,143.5934,0.126572,209.66,GEN,SM
20362,1,2021-04-03 21:34:00,2021-04-06 10:27:00,59.57,-61.99833,59.57,-61.995,60.8833,0.0,0.00333,0.1875,0.000856,90.0,GEN,LG
20362,2,2021-04-06 10:27:00,2021-04-10 10:26:00,59.57,-61.995,59.57,-61.995,95.9833,0.0,0.0,0.0,0.0,0.0,GEN,MED
20362,3,2021-04-10 10:26:00,2021-04-22 10:26:00,59.57,-61.995,59.335,-61.36833,288.0,-0.235,0.62667,44.0126,0.04245,126.15,GEN,LG
20362,4,2021-04-22 10:26:00,2021-04-23 10:34:00,59.335,-61.36833,59.335,-61.13833,24.1333,0.0,0.23,13.0436,0.150134,89.9,GEN,LG
20362,5,2021-04-23 10:34:00,2021-04-30 10:27:00,59.335,-61.13833,59.58833,-62.11333,167.8833,0.25333,-0.975,61.8708,0.102371,297.5,GEN,SM
20362,6,2021-04-30 10:27:00,2021-05-01 10:34:00,59.58833,-62.11333,59.58833,-62.11333,24.1167,0.0,0.0,0.0,0.0,0.0,GEN,MED
20362,7,2021-05-01 10:34:00,2021-05-13 16:32:00,59.58833,-62.11333,59.71833,-63.12833,293.9667,0.13,-1.015,58.8249,0.055585,284.66,GEN,MED
20362,8,2021-05-13 16:32:00,2021-05-19 20:17:00,59.71833,-63.12833,59.88833,-62.74,147.75,0.17,0.38833,28.7926,0.054132,48.8,NTB,MED
20362,9,2021-05-19 20:17:00,2021-05-24 10:27:00,59.88833,-62.74,59.49833,-63.05667,110.1667,-0.39,-0.31667,46.8651,0.118167,202.42,NTB,MED
20367,1,2021-04-05 09:21:00,2021-04-11 09:48:00,55.025,-53.55333,54.10833,-52.84333,144.45,-0.91667,0.71,111.7326,0.214862,155.53,GEN,MED
20367,2,2021-04-11 09:48:00,2021-04-12 09:39:00,54.10833,-52.84333,54.0,-52.69333,23.85,-0.10833,0.15,15.523,0.180795,140.83,GEN,SM
20368,1,2021-04-05 09:21:00,2021-04-17 16:51:00,54.96833,-53.71333,53.26167,-53.79167,295.5,-1.70666,-0.07834,189.8406,0.178455,181.57,GEN,MED
20368,2,2021-04-17 16:51:00,2021-04-21 13:30:00,53.26167,-53.79167,52.90833,-54.18167,92.65,-0.35334,-0.39,47.1392,0.14133,213.7,DD,SM
20368,3,2021-04-21 13:30:00,2021-04-21 20:15:00,52.90833,-54.18167,52.82,-54.255,6.75,-0.08833,-0.07333,10.9864,0.452114,206.65,GEN,GEN
20368,4,2021-04-21 20:15:00,2021-05-08 21:23:00,52.82,-54.255,51.97,-53.935,409.1333,-0.85,0.32,96.9774,0.065842,166.94,NTB,SM
20369,1,2021-04-05 09:21:00,2021-04-10 20:50:00,54.92833,-53.69167,54.10667,-53.67,131.4833,-0.82166,0.02167,91.3751,0.193043,179.11,GEN,MED
20369,2,2021-04-10 20:50:00,2021-04-17 09:47:00,54.10667,-53.67,53.635,-54.52,156.95,-0.47167,-0.85,76.5251,0.135438,227.08,GEN,MED
20372,1,2021-04-05 09:47:00,2021-04-14 21:23:00,51.63833,-55.41667,51.70167,-55.485,227.6,0.06334,-0.06833,8.4741,0.010342,326.24,GEN,MED
20372,2,2021-04-14 21:23:00,2021-04-16 16:52:00,51.70167,-55.485,51.615,-55.74,43.4833,-0.08667,-0.255,20.0569,0.128126,241.38,GEN,MED
20372,3,2021-04-16 16:52:00,2021-04-17 18:12:00,51.615,-55.74,51.54167,-56.08333,25.3333,-0.07333,-0.34333,25.0867,0.275073,251.17,DD,SM
20372,4,2021-04-17 18:12:00,2021-04-21 15:02:00,51.54167,-56.08333,51.465,-56.315,92.8333,-0.07667,-0.23167,18.1606,0.05434,242.09,NTB,SM
20372,5,2021-04-21 15:02:00,2021-04-28 09:57:00,51.465,-56.315,51.49667,-56.27,162.9167,0.03167,0.045,4.7024,0.008018,41.49,NTB,SM
20372,6,2021-04-28 09:57:00,2021-05-04 15:05:00,51.49667,-56.27,51.42167,-56.45667,149.1333,-0.075,-0.18667,15.3886,0.028663,237.26,GEN,MED
20372,7,2021-05-04 15:05:00,2021-05-10 09:57:00,51.42167,-56.45667,51.13,-56.99167,138.8667,-0.29167,-0.535,49.3636,0.098743,229.14,NTB,SM
20372,8,2021-05-10 09:57:00,2021-05-17 14:44:00,51.13,-56.99167,51.145,-57.015,172.7833,0.015,-0.02333,2.3305,0.003747,315.71,GEN,SM
20373,1,2021-04-05 09:47:00,2021-04-06 09:40:00,54.39833,-53.10167,54.37833,-52.82833,23.8833,-0.02,0.27334,17.8373,0.207458,97.05,GEN,SM
20374,1,2021-04-05 09:47:00,2021-04-17 09:47:00,54.57833,-53.6,53.705,-54.29167,288.0,-0.87333,-0.69167,107.0504,0.103251,205.17,GEN,SM
20375,1,2021-04-05 09:47:00,2021-04-10 09:55:00,54.595,-53.54667,54.27333,-53.395,120.1333,-0.32167,0.15167,37.0887,0.085758,164.6,GEN,SM
20375,2,2021-04-10 09:55:00,2021-04-17 09:47:00,54.27333,-53.395,53.76167,-53.63833,167.8667,-0.51166,-0.24333,59.0731,0.097751,195.71,GEN,MED
20375,3,2021-04-17 09:47:00,2021-04-17 16:04:00,53.76167,-53.63833,53.73,-53.47167,6.2833,-0.03167,0.16666,11.511,0.508885,107.75,GEN,MED
20376,1,2021-04-05 09:47:00,2021-04-17 09:47:00,54.58167,-53.565,53.69,-54.24,288.0,-0.89167,-0.675,108.4616,0.104612,204.19,GEN,SM
20377,1,2021-04-05 09:47:00,2021-04-11 09:48:00,54.605,-53.95,54.40333,-53.98833,144.0167,-0.20167,-0.03833,22.5608,0.043515,186.31,GEN,SM
20377,2,2021-04-11 09:48:00,2021-04-17 09:47:00,54.40333,-53.98833,54.015,-54.545,143.9833,-0.38833,-0.55667,56.3467,0.108706,220.2,GEN,MED
20378,1,2021-04-06 09:40:00,2021-04-07 09:32:00,48.84167,-51.38833,48.765,-51.665,23.8667,-0.07667,-0.27667,21.9832,0.255856,247.29,GEN,RAD
20379,1,2021-04-06 10:27:00,2021-04-23 10:34:00,60.17667,-61.87333,59.78,-62.62333,408.1167,-0.39667,-0.75,60.7158,0.041325,223.74,GEN,SM
20379,2,2021-04-23 10:34:00,2021-04-30 10:27:00,59.78,-62.62333,60.49833,-63.73333,167.8833,0.71833,-1.11,100.7764,0.166743,322.91,GEN,MED
20379,3,2021-04-30 10:27:00,2021-05-05 10:34:00,60.49833,-63.73333,60.51,-64.04333,120.1167,0.01167,-0.31,17.0214,0.039363,274.51,GEN,MED
20380,1,2021-04-06 10:27:00,2021-04-23 10:34:00,60.19167,-61.89,59.97833,-61.76,408.1167,-0.21334,0.13,24.7935,0.016875,163.04,GEN,SM
20380,2,2021-04-23 10:34:00,2021-04-30 10:27:00,59.97833,-61.76,60.49833,-61.9,167.8833,0.52,-0.14,58.3354,0.096521,352.45,GEN,MED
20380,3,2021-04-30 10:27:00,2021-05-01 10:34:00,60.49833,-61.9,60.64167,-62.21333,24.1167,0.14334,-0.31333,23.3904,0.269413,313.09,GEN,LG
20381,1,2021-04-06 10:27:00,2021-04-30 10:27:00,59.76833,-61.49667,59.26333,-62.45667,576.0,-0.505,-0.96,78.0096,0.03762,224.38,GEN,SM
20381,2,2021-04-30 10:27:00,2021-05-03 10:15:00,59.26333,-62.45667,59.05667,-63.04167,71.8,-0.20666,-0.585,40.4976,0.156676,235.68,GEN,MED
20381,3,2021-05-03 10:15:00,2021-05-13 16:43:00,59.05667,-63.04167,59.38167,-63.00833,246.4667,0.325,0.03334,36.1881,0.040785,2.99,GEN,MED
20381,4,2021-05-13 16:43:00,2021-05-19 20:23:00,59.38167,-63.00833,59.45667,-63.17167,147.6667,0.075,-0.16334,12.4472,0.023415,312.14,DOM,SM
20381,5,2021-05-19 20:23:00,2021-05-24 10:27:00,59.45667,-63.17167,59.49167,-63.04833,110.0667,0.035,0.12334,7.9795,0.020138,60.76,DOM,SM
20382,1,2021-04-06 10:27:00,2021-04-30 10:27:00,59.90167,-61.64667,59.74,-61.54,576.0,-0.16167,0.10667,18.9399,0.009134,161.6,GEN,SM
20382,2,2021-04-30 10:27:00,2021-05-13 16:32:00,59.74,-61.54,59.75,-63.05667,318.0833,0.01,-1.51667,84.9776,0.07421,271.4,GEN,MED
20382,3,2021-05-13 16:32:00,2021-05-19 20:15:00,59.75,-63.05667,59.98333,-63.02167,147.7167,0.23333,0.035,26.0186,0.048927,4.29,GEN,GEN
20382,4,2021-05-19 20:15:00,2021-05-24 10:27:00,59.98333,-63.02167,59.605,-62.325,110.2,-0.37833,0.69667,57.3467,0.144552,136.89,WDG,SM
20382,5,2021-05-24 10:27:00,2021-05-29 15:36:00,59.605,-62.325,58.89167,-62.33833,125.15,-0.71333,-0.01333,79.3223,0.17606,180.55,GEN,MED
20383,1,2021-04-06 10:27:00,2021-04-30 10:27:00,59.73833,-61.66333,59.525,-62.19,576.0,-0.21333,-0.52667,37.9375,0.018295,231.53,GEN,SM
20383,2,2021-04-30 10:27:00,2021-05-13 16:35:00,59.525,-62.19,59.74167,-63.31833,318.1333,0.21667,-1.12833,67.847,0.059241,291.29,GEN,MED
20383,3,2021-05-13 16:35:00,2021-05-19 20:15:00,59.74167,-63.31833,59.97667,-63.05333,147.6667,0.235,0.265,30.0289,0.056488,29.41,NTB,MED
20383,4,2021-05-19 20:15:00,2021-05-24 10:27:00,59.97667,-63.05333,59.82,-63.71833,110.2,-0.15667,-0.665,40.9735,0.103281,245.13,NTB,SM
20384,1,2021-04-06 10:27:00,2021-04-23 10:34:00,59.69,-61.645,58.78,-61.68,408.1167,-0.91,-0.035,101.207,0.068885,181.14,GEN,SM
20384,2,2021-04-23 10:34:00,2021-04-30 10:27:00,58.78,-61.68,58.99667,-62.12167,167.8833,0.21667,-0.44167,34.9914,0.057896,313.7,GEN,MED
20384,3,2021-04-30 10:27:00,2021-05-03 10:15:00,58.99667,-62.12167,59.035,-62.69333,71.8,0.03833,-0.57166,33.0,0.127669,277.67,GEN,MED
20384,4,2021-05-03 10:15:00,2021-05-13 16:38:00,59.035,-62.69333,59.58333,-63.23833,246.3833,0.54833,-0.545,68.368,0.07708,333.34,GEN,MED
20384,5,2021-05-13 16:38:00,2021-05-19 20:22:00,59.58333,-63.23833,59.7,-63.12667,147.7333,0.11667,0.11166,14.4111,0.027097,25.77,GEN,GEN
20384,6,2021-05-19 20:22:00,2021-05-24 10:27:00,59.7,-63.12667,59.6,-62.89167,110.0833,-0.1,0.235,17.2619,0.043558,130.0,DOM,MED
20385,1,2021-04-06 10:27:00,2021-04-10 10:26:00,58.91333,-62.895,58.91333,-62.89333,95.9833,0.0,0.00167,0.0959,0.000277,90.0,GEN,MED
20385,2,2021-04-10 10:26:00,2021-04-22 10:26:00,58.91333,-62.89333,58.52833,-62.115,288.0,-0.385,0.77833,62.063,0.05986,133.28,GEN,MED
20385,3,2021-04-22 10:26:00,2021-04-23 10:34:00,58.52833,-62.115,58.51667,-61.635,24.1333,-0.01166,0.48,27.8998,0.321131,92.46,GEN,LG
20385,4,2021-04-23 10:34:00,2021-04-30 10:27:00,58.51667,-61.635,58.44833,-61.35,167.8833,-0.06834,0.285,18.2262,0.030157,114.52,GEN,MED
20385,5,2021-04-30 10:27:00,2021-05-03 10:15:00,58.44833,-61.35,58.24833,-62.13167,71.8,-0.2,-0.78167,50.7429,0.196313,244.34,GEN,MED
20386,1,2021-04-06 10:27:00,2021-04-30 10:27:00,59.50333,-61.40333,58.18333,-61.34833,576.0,-1.32,0.055,146.8114,0.0708,178.74,GEN,SM
20387,1,2021-04-06 10:27:00,2021-04-10 10:26:00,59.43333,-61.38667,59.46833,-61.55333,95.9833,0.035,-0.16666,10.1916,0.029495,292.52,GEN,MED
20387,2,2021-04-10 10:26:00,2021-04-21 10:15:00,59.46833,-61.55333,58.79167,-61.035,263.8167,-0.67666,0.51833,80.8434,0.085122,158.32,GEN,MED
20387,3,2021-04-21 10:15:00,2021-04-22 10:26:00,58.79167,-61.035,58.63167,-60.87333,24.1833,-0.16,0.16167,20.0921,0.230784,152.24,GEN,LG
20387,4,2021-04-22 10:26:00,2021-04-23 10:34:00,58.63167,-60.87333,58.61167,-61.385,24.1333,-0.02,-0.51167,29.7078,0.341941,265.93,GEN,MED
20387,5,2021-04-23 10:34:00,2021-04-30 10:27:00,58.61167,-61.385,58.16667,-61.08167,167.8833,-0.445,0.30333,52.5449,0.08694,160.21,GEN,MED
20387,6,2021-04-30 10:27:00,2021-05-03 10:15:00,58.16667,-61.08167,57.87167,-61.35333,71.8,-0.295,-0.27166,36.496,0.141195,206.12,GEN,MED
20387,7,2021-05-03 10:15:00,2021-05-24 10:27:00,57.87167,-61.35333,57.87833,-61.525,504.2,0.00666,-0.17167,10.1778,0.005607,274.25,GEN,MED
20387,8,2021-05-24 10:27:00,2021-05-29 15:36:00,57.87833,-61.525,57.65,-61.44333,125.15,-0.22833,0.08167,25.8471,0.057369,169.16,GEN,MED
20388,1,2021-04-06 10:27:00,2021-04-10 10:26:00,59.44,-61.42833,59.14833,-61.48667,95.9833,-0.29167,-0.05834,32.6009,0.094348,185.86,GEN,SM
20389,1,2021-04-06 10:27:00,2021-04-30 10:27:00,59.48333,-61.475,58.315,-61.53333,576.0,-1.16833,-0.05833,129.9555,0.062671,181.5,GEN,SM
20389,2,2021-04-30 10:27:00,2021-05-03 10:15:00,58.315,-61.53333,57.98167,-61.89333,71.8,-0.33333,-0.36,42.6618,0.165049,209.83,GEN,MED
20389,3,2021-05-03 10:15:00,2021-05-05 21:49:00,57.98167,-61.89333,57.98,-61.9,59.5667,-0.00167,-0.00667,0.4349,0.002028,244.72,GEN,MED
20389,4,2021-05-05 21:49:00,2021-05-29 15:36:00,57.98,-61.9,58.30667,-61.965,569.7833,0.32667,-0.065,36.5238,0.017806,354.03,GEN,SM
20390,1,2021-04-06 10:27:00,2021-04-30 10:27:00,59.37667,-61.605,58.64833,-62.34167,576.0,-0.72834,-0.73667,91.3092,0.044034,207.82,GEN,SM
20390,2,2021-04-30 10:27:00,2021-05-01 10:34:00,58.64833,-62.34167,58.65,-62.34,24.1167,0.00167,0.00167,0.2093,0.002411,27.49,GEN,MED
20391,1,2021-04-06 10:27:00,2021-04-30 10:27:00,59.35167,-61.58833,57.99333,-61.83333,576.0,-1.35834,-0.245,151.7029,0.073159,185.46,GEN,SM
20391,2,2021-04-30 10:27:00,2021-05-05 21:49:00,57.99333,-61.83333,57.89667,-61.535,131.3667,-0.09666,0.29833,20.6274,0.043617,121.28,GEN,SM
20392,1,2021-04-06 10:27:00,2021-04-10 10:26:00,59.07667,-61.40667,58.79667,-62.045,95.9833,-0.28,-0.63833,48.0693,0.139113,229.91,GEN,SM
20392,2,2021-04-10 10:26:00,2021-04-22 10:26:00,58.79667,-62.045,57.895,-61.30167,288.0,-0.90167,0.74333,109.2403,0.105363,156.29,GEN,MED
20393,1,2021-04-06 10:27:00,2021-04-10 10:26:00,59.21167,-61.35333,59.00833,-61.40167,95.9833,-0.20334,-0.04834,22.7782,0.06592,186.98,GEN,SM
20393,2,2021-04-10 10:26:00,2021-04-21 10:15:00,59.00833,-61.40167,58.03167,-60.70167,263.8167,-0.97666,0.7,115.9553,0.122092,159.18,GEN,MED
20394,1,2021-04-06 10:27:00,2021-04-10 10:26:00,59.24667,-61.69333,58.93167,-61.92833,95.9833,-0.315,-0.235,37.5105,0.108556,201.07,GEN,SM
20394,2,2021-04-10 10:26:00,2021-04-21 10:15:00,58.93167,-61.92833,58.26333,-60.94167,263.8167,-0.66834,0.98666,93.7566,0.098718,142.01,GEN,MED
20395,1,2021-04-06 10:27:00,2021-04-13 10:19:00,59.15833,-61.485,58.6,-61.80833,167.8667,-0.55833,-0.32333,64.8045,0.107235,196.8,GEN,SM
20396,1,2021-04-06 10:27:00,2021-04-10 10:26:00,59.08333,-61.43167,58.81167,-62.17667,95.9833,-0.27166,-0.745,52.3293,0.151442,235.06,GEN,SM
20396,2,2021-04-10 10:26:00,2021-04-21 10:15:00,58.81167,-62.17667,58.32833,-60.895,263.8167,-0.48334,1.28167,91.7107,0.096564,125.33,GEN,MED
20399,1,2021-04-06 10:27:00,2021-04-10 10:26:00,59.215,-61.09833,58.92667,-61.39167,95.9833,-0.28833,-0.29334,36.1795,0.104704,207.73,GEN,SM
20399,2,2021-04-10 10:26:00,2021-04-30 10:27:00,58.92667,-61.39167,57.42167,-61.19333,480.0167,-1.505,0.19834,167.7518,0.097075,175.94,GEN,SM
20401,1,2021-04-06 10:27:00,2021-04-10 10:26:00,59.185,-61.09,58.74833,-60.83667,95.9833,-0.43667,0.25333,50.6806,0.146671,163.24,GEN,MED
20401,2,2021-04-10 10:26:00,2021-04-19 16:56:00,58.74833,-60.83667,57.92167,-60.47167,222.5,-0.82666,0.365,94.3569,0.117799,166.79,GEN,LG
20401,3,2021-04-19 16:56:00,2021-04-21 10:15:00,57.92167,-60.47167,57.87,-60.27167,41.3167,-0.05167,0.2,13.1416,0.088353,115.84,GEN,GEN
20401,4,2021-04-21 10:15:00,2021-05-15 10:15:00,57.87,-60.27167,56.56333,-60.40167,576.0,-1.30667,-0.13,145.5057,0.070171,183.14,GEN,LG
20401,5,2021-05-15 10:15:00,2021-05-26 10:11:00,56.56333,-60.40167,56.56,-60.41,263.9333,-0.00333,-0.00833,0.6306,0.000664,234.04,GEN,MED
20401,6,2021-05-26 10:11:00,2021-06-02 10:03:00,56.56,-60.41,55.27667,-58.69833,167.8667,-1.28333,1.71167,178.1416,0.29478,142.51,GEN,MED
20404,1,2021-04-06 10:27:00,2021-04-10 10:26:00,59.05167,-61.03833,58.69333,-61.13833,95.9833,-0.35834,-0.1,40.2581,0.116508,188.25,GEN,SM
20404,2,2021-04-10 10:26:00,2021-05-03 10:15:00,58.69333,-61.13833,56.715,-60.695,551.8167,-1.97833,0.44333,221.5501,0.111526,172.98,GEN,MED
20404,3,2021-05-03 10:15:00,2021-05-07 10:19:00,56.715,-60.695,56.555,-60.31833,96.0667,-0.16,0.37667,29.1054,0.084159,127.52,GEN,MED
20404,4,2021-05-07 10:19:00,2021-05-11 21:49:00,56.555,-60.31833,55.85833,-59.68333,107.5,-0.69667,0.635,86.8515,0.224422,152.85,GEN,MED
20404,5,2021-05-11 21:49:00,2021-05-14 10:11:00,55.85833,-59.68333,55.48833,-59.30833,60.3667,-0.37,0.375,47.3874,0.218054,150.1,GEN,MED
20406,1,2021-04-08 15:16:00,2021-04-18 15:16:00,55.86333,-57.89167,55.12,-57.09167,240.0,-0.74333,0.8,96.8051,0.112043,148.3,NTB,MED
20407,1,2021-04-08 15:16:00,2021-04-17 09:47:00,55.73667,-57.24833,54.99833,-54.585,210.5167,-0.73834,2.66333,187.2443,0.24707,114.9,NTB,SM
20408,1,2021-04-08 15:16:00,2021-04-18 15:16:00,56.05,-58.57667,55.405,-57.74667,240.0,-0.645,0.83,88.5705,0.102512,143.73,NTB,SM
20408,2,2021-04-18 15:16:00,2021-04-27 10:03:00,55.405,-57.74667,55.09667,-56.71667,210.7833,-0.30833,1.03,73.7352,0.097171,117.28,NTB,SM
20408,3,2021-04-27 10:03:00,2021-04-30 13:22:00,55.09667,-56.71667,55.26333,-56.28,75.3167,0.16666,0.43667,33.3482,0.122993,56.06,GEN,SM
20408,4,2021-04-30 13:22:00,2021-05-01 10:00:00,55.26333,-56.28,55.105,-56.00833,20.6333,-0.15833,0.27167,24.6458,0.331796,135.48,GEN,SM
20408,5,2021-05-01 10:00:00,2021-05-04 09:55:00,55.105,-56.00833,55.175,-55.59167,71.9167,0.07,0.41666,27.6014,0.10661,73.45,GEN,SM
20409,1,2021-04-08 15:16:00,2021-04-18 15:16:00,55.95333,-58.57333,55.18833,-57.25,240.0,-0.765,1.32333,118.9807,0.137709,135.09,NTB,SM
20409,2,2021-04-18 15:16:00,2021-04-21 19:25:00,55.18833,-57.25,55.19,-56.77667,76.15,0.00167,0.47333,30.0464,0.109602,89.45,NTB,SM
20409,3,2021-04-21 19:25:00,2021-04-27 10:03:00,55.19,-56.77667,54.98333,-56.41333,134.6333,-0.20667,0.36334,32.6005,0.067262,134.67,NTB,SM
20409,4,2021-04-27 10:03:00,2021-04-30 13:22:00,54.98333,-56.41333,55.05833,-55.74833,75.3167,0.075,0.665,43.2032,0.159339,78.6,GEN,MED
20409,5,2021-04-30 13:22:00,2021-05-01 10:00:00,55.05833,-55.74833,54.99667,-55.685,20.6333,-0.06166,0.06333,7.9562,0.10711,149.49,GEN,MED
20409,6,2021-05-01 10:00:00,2021-05-04 09:55:00,54.99667,-55.685,54.65833,-54.92333,71.9167,-0.33834,0.76167,61.6076,0.237959,127.33,GEN,MED
20410,1,2021-04-08 15:16:00,2021-04-18 15:16:00,55.94833,-58.58167,55.18,-57.22167,240.0,-0.76833,1.36,120.8753,0.139902,134.41,NTB,SM
20410,2,2021-04-18 15:16:00,2021-04-21 19:25:00,55.18,-57.22167,55.07667,-56.89333,76.15,-0.10333,0.32834,23.8273,0.086917,118.7,NTB,SM
20410,3,2021-04-21 19:25:00,2021-04-27 10:03:00,55.07667,-56.89333,54.99167,-56.44167,134.6333,-0.085,0.45166,30.2939,0.062503,107.99,NTB,SM
20410,4,2021-04-27 10:03:00,2021-04-30 13:22:00,54.99167,-56.44167,55.035,-55.89667,75.3167,0.04333,0.545,35.0802,0.129381,81.88,GEN,MED
20410,5,2021-04-30 13:22:00,2021-05-01 10:00:00,55.035,-55.89667,55.005,-55.835,20.6333,-0.03,0.06167,5.1559,0.069411,130.29,GEN,SM
20410,6,2021-05-01 10:00:00,2021-05-01 21:32:00,55.005,-55.835,54.955,-55.69833,11.5333,-0.05,0.13667,10.3425,0.249096,122.46,GEN,MED
20410,7,2021-05-01 21:32:00,2021-05-04 09:55:00,54.955,-55.69833,54.69833,-55.34833,60.3833,-0.25667,0.35,36.2926,0.166955,141.71,GEN,SM
20412,1,2021-04-08 15:16:00,2021-04-18 15:16:00,55.97,-58.51667,55.29833,-57.31,240.0,-0.67167,1.20667,106.3662,0.123109,134.1,NTB,MED
20412,2,2021-04-18 15:16:00,2021-04-21 19:09:00,55.29833,-57.31,55.345,-56.81667,75.8833,0.04667,0.49333,31.6396,0.11582,80.36,NTB,MED
20412,3,2021-04-21 19:09:00,2021-04-27 10:03:00,55.345,-56.81667,55.23,-55.19333,134.9,-0.115,1.62334,103.5813,0.213288,96.42,NTB,SM
20412,4,2021-04-27 10:03:00,2021-04-29 09:47:00,55.23,-55.19333,55.17833,-54.30333,47.7333,-0.05167,0.89,56.765,0.330336,95.44,GEN,SM
20413,1,2021-04-08 15:16:00,2021-04-11 10:02:00,55.97,-58.51167,55.86167,-57.68333,66.7667,-0.10833,0.82834,53.0043,0.220521,102.79,NTB,LG
20413,2,2021-04-11 10:02:00,2021-04-12 10:08:00,55.86167,-57.68333,55.765,-57.35,24.1,-0.09667,0.33333,23.4367,0.270132,117.16,GEN,LG
20413,3,2021-04-12 10:08:00,2021-04-18 15:16:00,55.765,-57.35,55.25,-57.19833,149.1333,-0.515,0.15167,58.0563,0.108136,170.47,GEN,LG
20413,4,2021-04-18 15:16:00,2021-04-21 19:00:00,55.25,-57.19833,55.23,-56.25333,75.7333,-0.02,0.945,59.9507,0.21989,91.74,NTB,MED
20413,5,2021-04-21 19:00:00,2021-04-28 09:56:00,55.23,-56.25333,54.95667,-54.375,158.9333,-0.27333,1.87833,123.3183,0.215531,103.5,DOM,SM
20414,1,2021-04-08 15:16:00,2021-04-15 10:03:00,55.945,-58.57667,55.62,-57.7,162.7833,-0.325,0.87667,65.6567,0.112038,123.03,NTB,MED
20414,2,2021-04-15 10:03:00,2021-04-18 15:16:00,55.62,-57.7,55.43,-57.73667,77.2167,-0.19,-0.03667,21.2527,0.076454,186.25,GEN,MED
20414,3,2021-04-18 15:16:00,2021-04-27 10:03:00,55.43,-57.73667,54.99,-56.44167,210.7833,-0.44,1.295,95.6225,0.126015,120.24,NTB,SM
20414,4,2021-04-27 10:03:00,2021-04-30 13:22:00,54.99,-56.44167,55.04167,-55.49667,75.3167,0.05167,0.945,60.52,0.223206,84.17,GEN,MED
20415,1,2021-04-11 10:02:00,2021-04-15 10:03:00,57.06833,-58.73167,56.98,-58.21333,96.0167,-0.08833,0.51834,32.8724,0.0951,107.17,GEN,LG
20415,2,2021-04-15 10:03:00,2021-04-19 15:02:00,56.98,-58.21333,56.29167,-57.04,100.9833,-0.68833,1.17333,104.9092,0.288577,136.36,GEN,MED
20415,3,2021-04-19 15:02:00,2021-04-22 09:55:00,56.29167,-57.04,55.91333,-56.32833,66.8833,-0.37834,0.71167,60.9718,0.253226,133.33,NTB,SM
20415,4,2021-04-22 09:55:00,2021-04-28 09:56:00,55.91333,-56.32833,56.05667,-55.92,144.0167,0.14334,0.40833,29.9863,0.057837,57.72,GEN,SM
20415,5,2021-04-28 09:56:00,2021-05-01 10:00:00,56.05667,-55.92,55.715,-55.56833,72.0667,-0.34167,0.35167,43.8675,0.169085,149.86,GEN,MED
20415,6,2021-05-01 10:00:00,2021-05-04 09:55:00,55.715,-55.56833,55.36,-54.93833,71.9167,-0.355,0.63,55.9423,0.216077,134.62,GEN,MED
20415,7,2021-05-04 09:55:00,2021-05-05 09:48:00,55.36,-54.93833,55.465,-54.55,23.8833,0.105,0.38833,27.1505,0.315777,64.37,GEN,MED
20416,1,2021-04-14 21:23:00,2021-04-26 21:23:00,52.015,-53.43667,50.31667,-53.37333,288.0,-1.69833,0.06334,188.8973,0.182193,178.64,GEN,SM
20418,1,2021-04-15 18:53:00,2021-04-17 16:26:00,51.56218,-54.49675,51.11167,-54.61333,45.55,-0.45051,-0.11658,50.7448,0.309457,189.23,NTB,GR
20422,1,2021-04-16 09:56:00,2021-04-17 17:03:00,53.06667,-54.11,53.06,-54.10667,31.1167,-0.00667,0.00333,0.7743,0.006912,163.3,GEN,MED
20423,1,2021-04-16 16:52:00,2021-04-17 18:36:00,51.21167,-57.18833,51.04,-57.60833,25.7333,-0.17167,-0.42,34.9785,0.377574,237.09,DD,SM
20424,1,2021-04-16 16:52:00,2021-04-17 18:31:00,51.24833,-57.18833,51.305,-57.32167,25.65,0.05667,-0.13334,11.2131,0.121433,304.24,DD,SM
20425,1,2021-04-16 16:52:00,2021-04-17 18:29:00,51.50167,-56.58833,51.40833,-56.99,25.6167,-0.09334,-0.40167,29.7035,0.322094,249.71,DOM,MED
20430,1,2021-04-17 18:44:00,2021-04-21 10:05:00,50.70833,-58.06167,50.38,-58.745,87.35,-0.32833,-0.68333,60.5339,0.192501,233.17,NTB,SM
20430,2,2021-04-21 10:05:00,2021-04-21 14:37:00,50.38,-58.745,50.58167,-58.42833,4.5333,0.20167,0.31667,31.7005,1.942435,44.86,GEN,SM
20432,1,2021-04-17 18:15:00,2021-04-21 15:04:00,51.735,-56.37167,51.735,-56.36167,92.8167,0.0,0.01,0.6886,0.002061,90.0,DOM,SM
20432,2,2021-04-21 15:04:00,2021-05-04 15:03:00,51.735,-56.36167,51.58333,-56.69167,311.9833,-0.15167,-0.33,28.3297,0.025224,233.59,WDG,SM
20432,3,2021-05-04 15:03:00,2021-05-17 14:55:00,51.58333,-56.69167,51.60833,-56.67,311.8667,0.025,0.02167,3.1573,0.002812,28.29,NTB,SM
20432,4,2021-05-17 14:55:00,2021-05-20 12:58:00,51.60833,-56.67,51.45833,-56.39167,70.05,-0.15,0.27833,25.4723,0.101008,130.8,DOM,SM
20433,1,2021-04-17 18:18:00,2021-04-21 14:59:00,51.47833,-56.27667,51.29,-56.76,92.6833,-0.18833,-0.48333,39.5417,0.118509,238.21,NTB,SM
20434,1,2021-04-17 18:19:00,2021-04-21 15:00:00,51.56333,-56.39333,51.41342,-56.93117,92.6833,-0.14991,-0.53784,40.7995,0.122279,246.1,NTB,GR
20435,1,2021-04-17 18:20:00,2021-04-21 15:00:00,51.45,-56.60833,51.41398,-56.94697,92.6667,-0.03602,-0.33864,23.815,0.071388,260.45,NTB,GR
20437,1,2021-04-17 18:25:00,2021-04-21 10:05:00,51.31833,-56.73167,50.935,-57.505,87.6667,-0.38333,-0.77333,68.7696,0.217901,232.0,NTB,SM
20437,2,2021-04-21 10:05:00,2021-04-21 14:45:00,50.935,-57.505,50.92833,-57.48167,4.6667,-0.00667,0.02333,1.7953,0.106865,114.39,GEN,SM
20437,3,2021-04-21 14:45:00,2021-04-22 09:56:00,50.92833,-57.48167,50.89833,-57.48667,19.1833,-0.03,-0.005,3.3542,0.04857,186.0,NTB,SM
20438,1,2021-04-17 18:26:00,2021-04-21 14:55:00,51.3,-56.82,51.40167,-57.71,92.4833,0.10167,-0.89,62.8326,0.188721,280.71,NTB,GR
20439,1,2021-04-17 18:29:00,2021-04-21 10:05:00,51.135,-57.08667,50.94833,-57.78833,87.6,-0.18667,-0.70166,53.2665,0.168907,247.34,NTB,SM
20439,2,2021-04-21 10:05:00,2021-04-21 14:44:00,50.94833,-57.78833,50.95167,-57.78,4.65,0.00334,0.00833,0.6917,0.04132,57.52,GEN,SM
20440,1,2021-04-17 18:32:00,2021-05-04 14:52:00,51.33833,-57.80167,51.4,-57.62833,404.3333,0.06167,0.17334,13.8499,0.009515,60.25,NTB,SM
20444,1,2021-04-17 18:40:00,2021-04-21 14:33:00,50.855,-58.08333,50.61833,-58.83167,91.8833,-0.23667,-0.74834,58.8723,0.17798,243.74,NTB,SM
20446,1,2021-04-17 18:42:00,2021-04-21 10:05:00,50.86333,-57.64333,50.70333,-58.19333,87.3833,-0.16,-0.55,42.5634,0.135302,245.51,NTB,SM
20446,2,2021-04-21 10:05:00,2021-04-21 14:36:00,50.70333,-58.19333,50.70833,-58.16,4.5167,0.005,0.03333,2.412,0.148342,76.66,GEN,SM
20448,1,2021-04-18 15:16:00,2021-04-21 19:15:00,55.42333,-57.80833,55.22333,-57.37333,75.9833,-0.2,0.435,35.3822,0.129349,128.76,NTB,MED
20448,2,2021-04-21 19:15:00,2021-04-27 10:03:00,55.22333,-57.37333,54.98333,-57.12833,134.8,-0.24,0.245,30.9045,0.063684,149.61,NTB,MED
20448,3,2021-04-27 10:03:00,2021-04-30 13:22:00,54.98333,-57.12833,54.81167,-57.19833,75.3167,-0.17166,-0.07,19.6055,0.072308,193.23,GEN,MED
20448,4,2021-04-30 13:22:00,2021-05-01 10:00:00,54.81167,-57.19833,54.80333,-57.19167,20.6333,-0.00834,0.00666,1.0209,0.013743,155.28,GEN,LG
20448,5,2021-05-01 10:00:00,2021-05-04 09:56:00,54.80333,-57.19167,54.49,-56.81167,71.9333,-0.31333,0.38,42.563,0.164361,144.79,GEN,MED
20448,6,2021-05-04 09:56:00,2021-05-10 09:56:00,54.49,-56.81167,54.56833,-56.85333,144.0,0.07833,-0.04166,9.1153,0.017583,342.87,GEN,MED
20449,1,2021-04-19 15:54:00,2021-04-22 10:26:00,58.65,-60.135,58.23333,-59.735,66.5333,-0.41667,0.4,51.8505,0.216477,153.15,NTB,LG
20449,2,2021-04-22 10:26:00,2021-04-30 10:27:00,58.23333,-59.735,58.42167,-59.97,192.0167,0.18834,-0.235,25.0366,0.036219,326.87,GEN,MED
20450,1,2021-04-19 16:04:00,2021-04-21 10:15:00,58.55167,-61.11833,58.55167,-61.11667,42.1833,0.0,0.00166,0.0963,0.000634,90.0,TAB,VLG
20450,2,2021-04-21 10:15:00,2021-04-22 10:26:00,58.55167,-61.11667,58.55167,-61.12667,24.1833,0.0,-0.01,0.5801,0.006664,270.0,GEN,VLG
20451,1,2021-04-19 17:27:00,2021-04-27 10:03:00,56.885,-58.65833,56.59667,-58.135,184.6,-0.28833,0.52333,45.2368,0.06807,134.91,DOM,SM
20451,2,2021-04-27 10:03:00,2021-05-09 10:03:00,56.59667,-58.135,55.73833,-56.99833,288.0,-0.85834,1.13667,118.5774,0.114369,143.13,GEN,SM
20452,1,2021-04-19 17:33:00,2021-04-27 10:03:00,56.675,-58.68333,56.59167,-58.085,184.5,-0.08333,0.59833,37.7467,0.05683,103.96,DOM,SM
20452,2,2021-04-27 10:03:00,2021-05-09 10:03:00,56.59167,-58.085,55.72167,-57.06667,288.0,-0.87,1.01833,115.4761,0.111377,146.48,GEN,SM
20453,1,2021-04-19 17:41:00,2021-04-27 10:03:00,56.67333,-59.6,56.395,-57.92667,184.3667,-0.27833,1.67333,107.1669,0.161464,106.09,RAD,SM
20453,2,2021-04-27 10:03:00,2021-05-02 10:11:00,56.395,-57.92667,56.03667,-58.50333,120.1333,-0.35833,-0.57666,53.4685,0.123632,222.06,GEN,SM
20453,3,2021-05-02 10:11:00,2021-05-05 20:24:00,56.03667,-58.50333,55.925,-58.42,82.2167,-0.11167,0.08333,13.4558,0.045462,157.31,GEN,SM
20453,4,2021-05-05 20:24:00,2021-05-09 10:03:00,55.925,-58.42,55.97167,-57.63167,85.65,0.04667,0.78833,49.3567,0.160072,83.64,NTB,SM
20454,1,2021-04-19 18:07:00,2021-04-27 10:03:00,55.94167,-59.73833,55.60167,-57.78,183.9333,-0.34,1.95833,128.183,0.193583,106.34,NTB,SM
20454,2,2021-04-27 10:03:00,2021-05-10 09:56:00,55.60167,-57.78,55.31333,-55.935,311.8833,-0.28834,1.845,120.6597,0.107465,104.65,GEN,SM
20455,1,2021-04-19 18:29:00,2021-04-27 10:03:00,56.03667,-57.64333,55.88333,-55.62333,183.5667,-0.15334,2.02,126.8785,0.191996,96.89,NTB,LG
20456,1,2021-04-19 18:31:00,2021-04-27 10:03:00,55.96667,-57.72167,55.33333,-57.03333,183.5333,-0.63334,0.68834,82.6109,0.125032,148.2,NTB,MED
20456,2,2021-04-27 10:03:00,2021-05-01 10:00:00,55.33333,-57.03333,55.17,-56.00333,95.95,-0.16333,1.03,67.758,0.196161,105.12,GEN,LG
20456,3,2021-05-01 10:00:00,2021-05-04 09:55:00,55.17,-56.00333,55.19,-55.34333,71.9167,0.02,0.66,41.9637,0.162085,86.69,GEN,MED
20456,4,2021-05-04 09:55:00,2021-05-10 09:56:00,55.19,-55.34333,54.98333,-54.3,144.0167,-0.20667,1.04333,70.2621,0.135521,108.66,GEN,MED
20456,5,2021-05-10 09:56:00,2021-05-11 09:47:00,54.98333,-54.3,54.935,-54.10667,23.85,-0.04833,0.19333,13.4621,0.156791,113.45,GEN,MED
20459,1,2021-04-21 10:15:00,2021-04-23 10:34:00,59.92167,-61.42667,59.94,-61.475,48.3167,0.01833,-0.04833,3.3771,0.019415,307.14,GEN,LG
20459,2,2021-04-23 10:34:00,2021-04-30 10:27:00,59.94,-61.475,60.05,-61.89333,167.8833,0.11,-0.41833,26.2813,0.043485,297.92,GEN,MED
20459,3,2021-04-30 10:27:00,2021-05-19 16:07:00,60.05,-61.89333,60.44,-61.55833,461.6667,0.39,0.335,47.142,0.028365,22.94,GEN,LG
20460,1,2021-04-21 10:15:00,2021-04-30 10:27:00,58.665,-60.57,58.46833,-60.84667,216.2,-0.19667,-0.27667,27.1227,0.034848,216.38,GEN,MED
20460,2,2021-04-30 10:27:00,2021-05-03 10:15:00,58.46833,-60.84667,58.025,-61.33333,71.8,-0.44333,-0.48666,56.9304,0.220251,210.22,GEN,MED
20460,3,2021-05-03 10:15:00,2021-05-05 10:34:00,58.025,-61.33333,57.82167,-61.43333,48.3167,-0.20333,-0.1,23.3677,0.134343,194.68,GEN,LG
20460,4,2021-05-05 10:34:00,2021-05-05 21:49:00,57.82167,-61.43333,57.82167,-61.435,11.25,0.0,-0.00167,0.0989,0.002442,270.0,GEN,MED
20461,1,2021-04-21 10:15:00,2021-05-02 10:07:00,58.72,-60.905,57.98333,-61.03833,263.8667,-0.73667,-0.13333,82.2825,0.08662,185.48,GEN,VLG
20466,1,2021-04-21 15:21:00,2021-05-04 15:08:00,51.96333,-55.405,51.53,-56.15667,311.7833,-0.43333,-0.75167,70.7075,0.062996,227.34,DOM,SM
20467,1,2021-04-21 18:50:00,2021-04-29 09:47:00,55.23833,-55.55833,54.895,-53.665,182.95,-0.34333,1.89333,126.4492,0.191991,106.79,NTB,SM
20468,1,2021-04-21 18:53:00,2021-04-23 09:48:00,55.35,-55.36667,55.045,-54.76,38.9167,-0.305,0.60667,51.3085,0.366227,131.13,NTB,MED
20468,2,2021-04-23 09:48:00,2021-04-29 09:47:00,55.045,-54.76,54.82167,-53.89333,143.9833,-0.22333,0.86667,60.6805,0.117067,113.8,GEN,MED
20468,3,2021-04-29 09:47:00,2021-04-30 13:22:00,54.82167,-53.89333,54.75833,-53.66333,27.5833,-0.06334,0.23,16.3415,0.164567,115.44,GEN,MED
20468,4,2021-04-30 13:22:00,2021-05-16 09:56:00,54.75833,-53.66333,53.36167,-54.80833,380.5667,-1.39666,-1.145,172.3393,0.125791,206.16,GEN,SM
20469,1,2021-04-21 18:58:00,2021-04-22 09:55:00,55.68,-56.03833,55.53167,-55.82667,14.95,-0.14833,0.21166,21.1846,0.39362,141.04,NTB,MED
20470,1,2021-04-21 19:00:00,2021-04-22 09:55:00,55.28167,-55.94167,55.28333,-55.86833,14.9167,0.00166,0.07334,4.6482,0.086559,87.69,NTB,SM
20470,2,2021-04-22 09:55:00,2021-04-29 09:47:00,55.28333,-55.86833,54.96833,-53.50667,167.8667,-0.315,2.36166,154.174,0.25512,102.16,GEN,SM
20471,1,2021-04-21 19:02:00,2021-04-22 09:55:00,55.49167,-56.22833,55.47333,-55.94,14.8833,-0.01834,0.28833,18.2816,0.341202,96.29,DD,MED
20473,1,2021-04-22 10:26:00,2021-04-23 10:34:00,59.57,-61.995,59.60667,-61.655,24.1333,0.03667,0.34,19.5674,0.225224,77.83,GEN,LG
20473,2,2021-04-23 10:34:00,2021-04-30 10:27:00,59.60667,-61.655,59.88,-61.83333,167.8833,0.27333,-0.17833,31.9931,0.052935,341.88,GEN,MED
20473,3,2021-04-30 10:27:00,2021-05-05 19:04:00,59.88,-61.83333,59.955,-62.365,128.6167,0.075,-0.53167,30.7842,0.066486,285.95,GEN,MED
20473,4,2021-05-05 19:04:00,2021-05-13 16:32:00,59.955,-62.365,59.83,-63.10167,189.4667,-0.125,-0.73667,43.3769,0.063595,251.63,RAD,SM
20473,5,2021-05-13 16:32:00,2021-05-19 20:15:00,59.83,-63.10167,59.99,-63.005,147.7167,0.16,0.09667,18.5895,0.034957,16.81,NTB,SM
20473,6,2021-05-19 20:15:00,2021-05-24 10:27:00,59.99,-63.005,59.89,-62.65167,110.2,-0.1,0.35333,22.604,0.056977,119.31,DD,SM
20474,1,2021-04-22 10:26:00,2021-04-23 10:34:00,59.37,-61.31167,59.53167,-61.59667,24.1333,0.16167,-0.285,24.1375,0.277826,318.26,GEN,MED
20474,2,2021-04-23 10:34:00,2021-04-30 10:27:00,59.53167,-61.59667,59.73833,-61.54,167.8833,0.20666,0.05667,23.1993,0.038385,7.87,GEN,MED
20474,3,2021-04-30 10:27:00,2021-05-01 10:34:00,59.73833,-61.54,59.66667,-61.45667,24.1167,-0.07166,0.08333,9.2382,0.106406,149.57,GEN,LG
20474,4,2021-05-01 10:34:00,2021-05-03 10:15:00,59.66667,-61.45667,59.59667,-62.24167,47.6833,-0.07,-0.785,44.81,0.261039,260.34,GEN,LG
20474,5,2021-05-03 10:15:00,2021-05-05 10:34:00,59.59667,-62.24167,59.59667,-62.26167,48.3167,0.0,-0.02,1.1255,0.006471,270.01,GEN,LG
20474,6,2021-05-05 10:34:00,2021-05-05 21:49:00,59.59667,-62.26167,59.59667,-62.26167,11.25,0.0,0.0,0.0,0.0,0.0,GEN,LG
20474,7,2021-05-05 21:49:00,2021-05-13 16:39:00,59.59667,-62.26167,59.49167,-63.15333,186.8333,-0.105,-0.89166,51.5936,0.076708,257.31,GEN,SM
20474,8,2021-05-13 16:39:00,2021-05-19 20:23:00,59.49167,-63.15333,59.61833,-62.895,147.7333,0.12666,0.25833,20.2537,0.038082,45.83,PIN,SM
20474,9,2021-05-19 20:23:00,2021-05-24 10:27:00,59.61833,-62.895,59.545,-62.755,110.0667,-0.07333,0.14,11.3406,0.028621,135.91,DOM,SM
20474,10,2021-05-24 10:27:00,2021-05-29 15:36:00,59.545,-62.755,59.245,-62.51833,125.15,-0.3,0.23667,35.9485,0.07979,158.02,GEN,MED
20475,1,2021-04-22 09:55:00,2021-04-27 10:04:00,54.545,-56.84,54.315,-56.63333,120.15,-0.23,0.20667,28.8577,0.066717,152.32,GEN,MED
20475,2,2021-04-27 10:04:00,2021-04-28 09:56:00,54.315,-56.63333,54.31667,-56.635,23.8667,0.00167,-0.00167,0.215,0.002502,329.74,GEN,MED
20475,3,2021-04-28 09:56:00,2021-05-04 09:55:00,54.31667,-56.635,53.705,-56.31167,143.9833,-0.61167,0.32333,71.2201,0.1374,162.61,GEN,MED
20476,1,2021-04-22 09:55:00,2021-05-04 09:56:00,54.53833,-56.20667,53.91833,-55.9,288.0167,-0.62,0.30667,71.7646,0.069213,163.75,GEN,MED
20477,1,2021-04-22 09:55:00,2021-04-27 10:04:00,54.54,-56.705,53.90667,-56.25667,120.15,-0.63333,0.44833,76.2153,0.176204,157.34,GEN,LG
20477,2,2021-04-27 10:04:00,2021-04-28 09:56:00,53.90667,-56.25667,53.90667,-56.25667,23.8667,0.0,0.0,0.0,0.0,0.0,GEN,LG
20477,3,2021-04-28 09:56:00,2021-05-04 09:56:00,53.90667,-56.25667,53.94167,-56.17,144.0,0.035,0.08667,6.8812,0.013274,55.52,GEN,MED
20477,4,2021-05-04 09:56:00,2021-05-16 09:56:00,53.94167,-56.17,53.73667,-56.04333,288.0,-0.205,0.12667,24.2628,0.023402,159.92,GEN,MED
20477,5,2021-05-16 09:56:00,2021-05-16 17:19:00,53.73667,-56.04333,53.735,-56.03667,7.3833,-0.00167,0.00666,0.4758,0.0179,112.97,GEN,MED
20477,6,2021-05-16 17:19:00,2021-05-28 15:32:00,53.735,-56.03667,53.13333,-55.50667,286.2167,-0.60167,0.53,75.5549,0.073327,152.1,GEN,MED
20477,7,2021-05-28 15:32:00,2021-06-02 20:15:00,53.13333,-55.50667,51.75833,-55.49167,124.7167,-1.375,0.015,152.8964,0.340542,179.61,NTB,SM
20477,8,2021-06-02 20:15:00,2021-06-04 09:47:00,51.75833,-55.49167,51.71667,-55.205,37.5333,-0.04166,0.28667,20.2761,0.15006,103.09,GEN,SM
20477,9,2021-06-04 09:47:00,2021-06-05 14:11:00,51.71667,-55.205,51.83167,-55.16833,28.4,0.115,0.03667,13.0339,0.127484,11.15,GEN,SM
20477,10,2021-06-05 14:11:00,2021-06-05 23:10:00,51.83167,-55.16833,51.80333,-55.17167,8.9833,-0.02834,-0.00334,3.1596,0.0977,184.17,DD,SM
20478,1,2021-04-22 09:55:00,2021-04-27 10:04:00,54.465,-56.70167,54.24667,-56.72833,120.15,-0.21833,-0.02666,24.3386,0.056269,184.08,GEN,MED
20478,2,2021-04-27 10:04:00,2021-04-28 09:56:00,54.24667,-56.72833,54.25333,-56.75667,23.8667,0.00666,-0.02834,1.9845,0.023097,291.92,GEN,MED
20478,3,2021-04-28 09:56:00,2021-05-01 10:00:00,54.25333,-56.75667,54.25333,-56.75667,72.0667,0.0,0.0,0.0,0.0,0.0,GEN,MED
20478,4,2021-05-01 10:00:00,2021-05-04 09:56:00,54.25333,-56.75667,54.095,-56.76,71.9333,-0.15833,-0.00333,17.6068,0.067991,180.71,GEN,MED
20479,1,2021-04-22 09:55:00,2021-04-28 09:56:00,54.10333,-56.875,54.0,-56.97333,144.0167,-0.10333,-0.09833,13.1611,0.025385,209.23,GEN,SM
20479,2,2021-04-28 09:56:00,2021-05-04 09:56:00,54.0,-56.97333,53.97667,-57.06667,144.0,-0.02333,-0.09334,6.6308,0.012791,247.01,GEN,SM
20480,1,2021-04-22 09:55:00,2021-05-04 09:56:00,54.23333,-56.12167,53.99667,-56.12667,288.0167,-0.23666,-0.005,26.3174,0.025382,180.71,GEN,MED
20481,1,2021-04-22 09:55:00,2021-04-27 10:04:00,54.43,-56.69,54.18833,-56.69167,120.15,-0.24167,-0.00167,26.8727,0.062128,180.23,GEN,MED
20481,2,2021-04-27 10:04:00,2021-04-28 09:56:00,54.18833,-56.69167,54.205,-56.75667,23.8667,0.01667,-0.065,4.6167,0.053732,293.7,GEN,MED
20481,3,2021-04-28 09:56:00,2021-05-04 09:56:00,54.205,-56.75667,53.88667,-56.58667,144.0,-0.31833,0.17,37.0959,0.071558,162.52,GEN,MED
20482,1,2021-04-22 09:55:00,2021-04-27 10:04:00,54.285,-56.825,54.26667,-56.75167,120.15,-0.01833,0.07333,5.1789,0.011973,113.15,GEN,MED
20482,2,2021-04-27 10:04:00,2021-04-28 09:56:00,54.26667,-56.75167,54.275,-56.77,23.8667,0.00833,-0.01833,1.5082,0.017553,307.9,GEN,MED
20482,3,2021-04-28 09:56:00,2021-05-01 10:00:00,54.275,-56.77,54.27333,-56.77,72.0667,-0.00167,0.0,0.1857,0.000716,180.0,GEN,MED
20482,4,2021-05-01 10:00:00,2021-05-01 21:32:00,54.27333,-56.77,54.31167,-56.67,11.5333,0.03834,0.1,7.7649,0.187015,56.66,GEN,MED
20482,5,2021-05-01 21:32:00,2021-05-04 09:56:00,54.31167,-56.67,53.93667,-56.60333,60.4,-0.375,0.06667,41.9238,0.192806,174.02,GEN,MED
20485,1,2021-04-22 09:55:00,2021-04-27 10:04:00,54.02,-57.035,54.02,-57.035,120.15,0.0,0.0,0.0,0.0,0.0,GEN,MED
20485,2,2021-04-27 10:04:00,2021-04-28 09:56:00,54.02,-57.035,54.02,-57.035,23.8667,0.0,0.0,0.0,0.0,0.0,GEN,MED
20485,3,2021-04-28 09:56:00,2021-05-04 09:56:00,54.02,-57.035,54.02,-57.035,144.0,0.0,0.0,0.0,0.0,0.0,GEN,MED
20485,4,2021-05-04 09:56:00,2021-05-10 09:56:00,54.02,-57.035,54.30167,-56.90167,144.0,0.28167,0.13333,32.5009,0.062695,15.44,GEN,MED
20485,5,2021-05-10 09:56:00,2021-05-16 09:56:00,54.30167,-56.90167,54.02,-57.035,144.0,-0.28167,-0.13333,32.5009,0.062695,195.55,GEN,MED
20485,6,2021-05-16 09:56:00,2021-05-21 10:03:00,54.02,-57.035,53.90667,-56.26333,120.1167,-0.11333,0.77167,52.0287,0.12032,103.7,GEN,MED
20485,7,2021-05-21 10:03:00,2021-05-28 09:55:00,53.90667,-56.26333,53.735,-56.04333,167.8667,-0.17167,0.22,23.9357,0.039608,142.8,GEN,MED
20485,8,2021-05-28 09:55:00,2021-05-28 15:46:00,53.735,-56.04333,53.73333,-56.04333,5.85,-0.00167,0.0,0.1857,0.008817,180.0,GEN,MED
20486,1,2021-04-22 09:55:00,2021-05-04 09:56:00,54.38333,-56.24,53.985,-56.15667,288.0167,-0.39833,0.08333,44.6229,0.043037,172.99,GEN,SM
20487,1,2021-04-22 09:55:00,2021-04-27 10:04:00,54.27833,-56.80333,54.315,-56.71667,120.15,0.03667,0.08666,6.9463,0.016059,54.02,GEN,SM
20487,2,2021-04-27 10:04:00,2021-05-01 21:32:00,54.315,-56.71667,53.90667,-56.25833,107.4667,-0.40833,0.45834,54.3519,0.140488,146.47,GEN,MED
20487,3,2021-05-01 21:32:00,2021-05-04 09:56:00,53.90667,-56.25833,53.90667,-56.26333,60.4,0.0,-0.005,0.3275,0.001506,270.0,GEN,MED
20488,1,2021-04-22 09:55:00,2021-04-27 10:04:00,54.29167,-56.93,54.3,-56.68333,120.15,0.00833,0.24667,16.034,0.037069,86.59,GEN,SM
20488,2,2021-04-27 10:04:00,2021-05-01 10:00:00,54.3,-56.68333,54.39667,-56.88167,95.9333,0.09667,-0.19834,16.7566,0.048519,309.98,GEN,SM
20488,3,2021-05-01 10:00:00,2021-05-04 09:56:00,54.39667,-56.88167,54.34833,-56.655,71.9333,-0.04834,0.22667,15.635,0.060376,110.02,GEN,SM
20491,1,2021-04-27 10:03:00,2021-04-30 13:22:00,54.77333,-57.155,54.77333,-57.17333,75.3167,0.0,-0.01833,1.1757,0.004336,270.01,GEN,MED
20491,2,2021-04-30 13:22:00,2021-05-01 10:00:00,54.77333,-57.17333,54.77667,-57.16,20.6333,0.00334,0.01333,0.9321,0.012549,66.51,GEN,LG
20491,3,2021-05-01 10:00:00,2021-05-01 21:32:00,54.77667,-57.16,54.71833,-57.00667,11.5333,-0.05834,0.15333,11.7865,0.283875,123.33,GEN,MED
20491,4,2021-05-01 21:32:00,2021-05-04 09:56:00,54.71833,-57.00667,54.405,-56.87333,60.4,-0.31333,0.13334,35.8857,0.165037,166.08,GEN,SM
20492,1,2021-04-27 10:04:00,2021-04-28 09:56:00,54.71667,-56.9,54.71667,-56.9,23.8667,0.0,0.0,0.0,0.0,0.0,GEN,MED
20492,2,2021-04-28 09:56:00,2021-05-01 10:00:00,54.71667,-56.9,54.68833,-56.90667,72.0667,-0.02834,-0.00667,3.1803,0.012258,187.75,GEN,MED
20492,3,2021-05-01 10:00:00,2021-05-01 21:32:00,54.68833,-56.90667,54.56667,-56.855,11.5333,-0.12166,0.05167,13.9308,0.335521,166.17,GEN,MED
20492,4,2021-05-01 21:32:00,2021-05-04 09:56:00,54.56667,-56.855,54.30167,-56.9,60.4,-0.265,-0.045,29.61,0.136176,185.66,GEN,MED
20492,5,2021-05-04 09:56:00,2021-05-10 09:56:00,54.30167,-56.9,54.27,-56.655,144.0,-0.03167,0.245,16.288,0.03142,102.39,GEN,MED
20493,1,2021-04-27 10:04:00,2021-04-28 09:56:00,54.695,-56.88333,54.69833,-56.9,23.8667,0.00333,-0.01667,1.1334,0.013191,289.08,GEN,MED
20493,2,2021-04-28 09:56:00,2021-04-30 13:22:00,54.69833,-56.9,54.46,-56.705,51.4333,-0.23833,0.195,29.3298,0.158402,154.55,GEN,MED
20493,3,2021-04-30 13:22:00,2021-05-01 10:00:00,54.46,-56.705,54.46833,-56.70833,20.6333,0.00833,-0.00333,0.9509,0.012802,346.92,GEN,LG
20493,4,2021-05-01 10:00:00,2021-05-01 21:32:00,54.46833,-56.70833,54.46833,-56.70833,11.5333,0.0,0.0,0.0,0.0,0.0,GEN,LG
20493,5,2021-05-01 21:32:00,2021-05-04 09:56:00,54.46833,-56.70833,54.35667,-56.55667,60.4,-0.11166,0.15166,15.8262,0.072784,141.61,GEN,MED
20494,1,2021-04-27 10:04:00,2021-05-01 10:00:00,54.71167,-56.95167,54.72,-57.00333,95.9333,0.00833,-0.05166,3.445,0.009975,285.62,GEN,MED
20494,2,2021-05-01 10:00:00,2021-05-01 21:32:00,54.72,-57.00333,54.68667,-56.90833,11.5333,-0.03333,0.095,7.1408,0.171984,121.23,GEN,MED
20494,3,2021-05-01 21:32:00,2021-05-04 09:56:00,54.68667,-56.90833,54.46,-56.80167,60.4,-0.22667,0.10666,26.1253,0.12015,164.7,GEN,SM
20495,1,2021-04-27 10:04:00,2021-04-28 09:56:00,54.57833,-56.84833,54.57667,-56.84833,23.8667,-0.00166,0.0,0.1846,0.002148,180.0,GEN,MED
20495,2,2021-04-28 09:56:00,2021-05-01 10:00:00,54.57667,-56.84833,54.57833,-56.85,72.0667,0.00166,-0.00167,0.2137,0.000824,329.75,GEN,MED
20495,3,2021-05-01 10:00:00,2021-05-01 21:32:00,54.57833,-56.85,54.545,-56.84167,11.5333,-0.03333,0.00833,3.7448,0.090194,171.75,GEN,MED
20495,4,2021-05-01 21:32:00,2021-05-04 09:56:00,54.545,-56.84167,54.405,-56.56333,60.4,-0.14,0.27834,23.7856,0.109389,130.77,GEN,SM
20496,1,2021-04-27 10:04:00,2021-04-28 09:56:00,54.53667,-56.825,54.53667,-56.825,23.8667,0.0,0.0,0.0,0.0,0.0,GEN,MED
20496,2,2021-04-28 09:56:00,2021-05-01 10:00:00,54.53667,-56.825,54.53167,-56.84,72.0667,-0.005,-0.015,1.1161,0.004302,240.13,GEN,MED
20496,3,2021-05-01 10:00:00,2021-05-01 21:32:00,54.53167,-56.84,54.44167,-56.74833,11.5333,-0.09,0.09167,11.628,0.280059,149.35,GEN,MED
20496,4,2021-05-01 21:32:00,2021-05-04 09:56:00,54.44167,-56.74833,54.20833,-56.88167,60.4,-0.23334,-0.13334,27.3491,0.125778,198.49,GEN,SM
20496,5,2021-05-04 09:56:00,2021-05-10 09:56:00,54.20833,-56.88167,53.96833,-56.95333,144.0,-0.24,-0.07166,27.0929,0.052263,189.96,GEN,MED
20496,6,2021-05-10 09:56:00,2021-06-02 10:03:00,53.96833,-56.95333,54.07667,-57.155,552.1167,0.10834,-0.20167,17.8515,0.008981,312.52,GEN,MED
20496,7,2021-06-02 10:03:00,2021-06-21 09:56:00,54.07667,-57.155,54.02,-57.035,455.8833,-0.05667,0.12,10.0538,0.006126,128.76,GEN,MED
20497,1,2021-04-27 10:04:00,2021-04-28 09:56:00,54.545,-56.84,54.54667,-56.84,23.8667,0.00167,0.0,0.1857,0.002161,0.0,GEN,MED
20497,2,2021-04-28 09:56:00,2021-05-01 10:00:00,54.54667,-56.84,54.545,-56.84167,72.0667,-0.00167,-0.00167,0.2147,0.000827,210.12,GEN,MED
20497,3,2021-05-01 10:00:00,2021-05-01 21:32:00,54.545,-56.84167,54.535,-56.79667,11.5333,-0.01,0.045,3.1085,0.074869,110.94,GEN,MED
20497,4,2021-05-01 21:32:00,2021-05-04 09:56:00,54.535,-56.79667,54.36333,-56.65333,60.4,-0.17167,0.14334,21.2194,0.097587,154.05,GEN,SM
20498,1,2021-04-27 10:04:00,2021-04-28 09:56:00,54.505,-56.84,54.50667,-56.84,23.8667,0.00167,0.0,0.1857,0.002161,0.0,GEN,MED
20498,2,2021-04-28 09:56:00,2021-04-30 13:22:00,54.50667,-56.84,54.31,-56.66167,51.4333,-0.19667,0.17833,24.7271,0.133544,152.11,GEN,MED
20498,3,2021-04-30 13:22:00,2021-05-04 09:56:00,54.31,-56.66167,53.93,-56.61,92.5667,-0.38,0.05167,42.388,0.1272,175.42,GEN,MED
20499,1,2021-04-27 10:04:00,2021-04-28 09:56:00,54.51,-56.875,54.535,-56.95833,23.8667,0.025,-0.08333,6.0538,0.070458,297.37,GEN,SM
20499,2,2021-04-28 09:56:00,2021-04-30 13:22:00,54.535,-56.95833,54.33167,-56.80167,51.4333,-0.20333,0.15666,24.7758,0.133807,155.8,GEN,MED
20499,3,2021-04-30 13:22:00,2021-05-04 09:56:00,54.33167,-56.80167,53.93,-56.61167,92.5667,-0.40167,0.19,46.3474,0.139081,164.43,GEN,MED
20500,1,2021-04-27 10:04:00,2021-04-28 09:56:00,54.39667,-56.88333,54.33167,-56.82833,23.8667,-0.065,0.055,8.0583,0.093788,153.73,GEN,MED
20500,2,2021-04-28 09:56:00,2021-04-30 13:22:00,54.33167,-56.82833,54.25333,-56.79167,51.4333,-0.07834,0.03666,9.0301,0.048769,164.71,GEN,MED
20500,3,2021-04-30 13:22:00,2021-05-04 09:55:00,54.25333,-56.79167,53.81667,-56.23833,92.55,-0.43666,0.55334,60.5246,0.181657,143.12,GEN,LG
20501,1,2021-04-27 10:04:00,2021-04-28 09:56:00,54.48667,-56.71,54.51,-56.75333,23.8667,0.02333,-0.04333,3.8156,0.044408,312.85,GEN,MED
20501,2,2021-04-28 09:56:00,2021-05-01 10:00:00,54.51,-56.75333,54.435,-56.96333,72.0667,-0.075,-0.21,15.927,0.06139,238.51,GEN,MED
20501,3,2021-05-01 10:00:00,2021-05-01 21:32:00,54.435,-56.96333,54.49333,-56.88667,11.5333,0.05833,0.07666,8.1617,0.196574,37.34,GEN,MED
20501,4,2021-05-01 21:32:00,2021-05-04 09:56:00,54.49333,-56.88667,54.3,-56.75167,60.4,-0.19333,0.135,23.2057,0.106723,157.82,GEN,SM
20502,1,2021-04-27 10:04:00,2021-04-28 09:56:00,54.43667,-56.705,54.43667,-56.705,23.8667,0.0,0.0,0.0,0.0,0.0,GEN,MED
20503,1,2021-04-27 10:04:00,2021-04-28 09:56:00,54.44667,-56.72333,54.36167,-56.8,23.8667,-0.085,-0.07667,10.675,0.124244,207.73,GEN,MED
20503,2,2021-04-28 09:56:00,2021-04-30 13:22:00,54.36167,-56.8,54.20167,-56.63,51.4333,-0.16,0.17,20.9359,0.113069,148.12,GEN,MED
20503,3,2021-04-30 13:22:00,2021-05-04 09:56:00,54.20167,-56.63,53.885,-56.57,92.5667,-0.31667,0.06,35.4293,0.106318,173.63,GEN,SM
20504,1,2021-04-27 10:04:00,2021-04-28 09:56:00,54.32167,-57.04333,54.31833,-57.045,23.8667,-0.00334,-0.00167,0.3869,0.004503,196.26,GEN,MED
20504,2,2021-04-28 09:56:00,2021-04-30 13:22:00,54.31833,-57.045,54.18167,-56.78,51.4333,-0.13666,0.265,22.963,0.124017,131.33,GEN,MED
20504,3,2021-04-30 13:22:00,2021-05-04 09:56:00,54.18167,-56.78,53.88,-56.61167,92.5667,-0.30167,0.16833,35.2997,0.105929,161.79,GEN,SM
20505,1,2021-04-27 10:04:00,2021-05-01 21:32:00,54.31167,-57.04833,53.89333,-56.83333,107.4667,-0.41834,0.215,48.5834,0.125577,163.14,GEN,MED
20505,2,2021-05-01 21:32:00,2021-05-04 09:56:00,53.89333,-56.83333,54.00167,-56.97667,60.4,0.10834,-0.14334,15.2682,0.070218,322.15,GEN,MED
20505,3,2021-05-04 09:56:00,2021-06-02 10:03:00,54.00167,-56.97667,53.78667,-56.785,696.1167,-0.215,0.19167,27.005,0.010776,152.21,GEN,MED
20505,4,2021-06-02 10:03:00,2021-06-03 09:56:00,53.78667,-56.785,53.81,-56.53667,23.8833,0.02333,0.24833,16.5141,0.192069,80.86,GEN,SM
20506,1,2021-04-27 10:04:00,2021-04-28 09:56:00,54.29667,-57.01333,54.29833,-57.01167,23.8667,0.00166,0.00166,0.2137,0.002487,30.27,GEN,MED
20506,2,2021-04-28 09:56:00,2021-05-01 10:00:00,54.29833,-57.01167,54.33333,-56.93833,72.0667,0.035,0.07334,6.1461,0.02369,50.68,GEN,MED
20506,3,2021-05-01 10:00:00,2021-05-01 21:32:00,54.33333,-56.93833,54.30667,-57.085,11.5333,-0.02666,-0.14667,9.9635,0.23997,252.75,GEN,MED
20506,4,2021-05-01 21:32:00,2021-05-04 09:56:00,54.30667,-57.085,54.035,-57.05167,60.4,-0.27167,0.03333,30.2861,0.139285,175.88,GEN,SM
20506,5,2021-05-04 09:56:00,2021-05-10 09:56:00,54.035,-57.05167,54.005,-56.995,144.0,-0.03,0.05667,4.9833,0.009613,132.0,GEN,SM
20506,6,2021-05-10 09:56:00,2021-05-28 15:53:00,54.005,-56.995,54.03333,-56.315,437.95,0.02833,0.68,44.5349,0.028247,85.67,GEN,SM
20507,1,2021-04-27 10:04:00,2021-05-01 10:00:00,54.265,-57.19833,54.27167,-57.25833,95.9333,0.00667,-0.06,3.9662,0.011484,280.8,GEN,MED
20507,2,2021-05-01 10:00:00,2021-05-01 21:32:00,54.27167,-57.25833,54.27167,-57.25833,11.5333,0.0,0.0,0.0,0.0,0.0,GEN,MED
20507,3,2021-05-01 21:32:00,2021-05-04 09:56:00,54.27167,-57.25833,54.06,-57.14167,60.4,-0.21167,0.11666,24.7315,0.113739,162.07,GEN,MED
20509,1,2021-04-27 10:03:00,2021-05-02 10:11:00,56.335,-57.90667,55.99333,-57.445,120.1333,-0.34167,0.46167,47.544,0.109933,142.85,GEN,SM
20509,2,2021-05-02 10:11:00,2021-05-09 10:03:00,55.99333,-57.445,55.62833,-56.955,167.8667,-0.365,0.49,50.839,0.084126,142.77,GEN,MED
20510,1,2021-04-29 21:49:00,2021-05-11 21:49:00,55.97333,-60.42833,55.55667,-59.42833,288.0,-0.41666,1.0,77.844,0.075081,126.11,GEN,MED
20510,2,2021-05-11 21:49:00,2021-05-14 10:11:00,55.55667,-59.42833,55.29,-58.99833,60.3667,-0.26667,0.43,40.1938,0.184952,137.36,GEN,MED
20511,1,2021-04-29 21:49:00,2021-05-02 10:11:00,56.245,-60.545,55.93167,-60.23,60.3667,-0.31333,0.315,39.9468,0.183816,150.58,GEN,MED
20511,2,2021-05-02 10:11:00,2021-05-14 10:11:00,55.93167,-60.23,55.53,-59.49333,288.0,-0.40167,0.73667,64.2044,0.061926,133.77,GEN,MED
20512,1,2021-04-29 21:49:00,2021-05-05 21:48:00,56.33,-60.86,56.02333,-59.84667,143.9833,-0.30667,1.01333,71.3895,0.137727,118.11,GEN,SM
20513,1,2021-04-29 21:49:00,2021-05-02 10:11:00,56.12167,-59.65333,55.85667,-59.17333,60.3667,-0.265,0.48,41.9471,0.19302,134.43,GEN,SM
20513,2,2021-05-02 10:11:00,2021-05-05 20:39:00,55.85667,-59.17333,55.46167,-58.39,82.4667,-0.395,0.78333,65.9042,0.221989,131.47,GEN,SM
20513,3,2021-05-05 20:39:00,2021-05-09 10:03:00,55.46167,-58.39,55.11167,-58.22333,85.4,-0.35,0.16667,40.3238,0.13116,164.76,DOM,SM
20513,4,2021-05-09 10:03:00,2021-05-21 10:03:00,55.11167,-58.22333,54.47333,-57.31833,288.0,-0.63834,0.905,91.6732,0.088419,140.37,GEN,SM
20513,5,2021-05-21 10:03:00,2021-05-28 09:56:00,54.47333,-57.31833,54.29333,-56.74167,167.8833,-0.18,0.57666,42.3675,0.070101,117.96,GEN,MED
20514,1,2021-04-29 21:49:00,2021-05-02 10:11:00,56.33667,-59.91,55.91,-59.52833,60.3667,-0.42667,0.38167,53.014,0.243944,153.34,GEN,MED
20514,2,2021-05-02 10:11:00,2021-05-05 20:37:00,55.91,-59.52833,55.66,-58.30667,82.4333,-0.25,1.22166,81.284,0.273905,109.49,GEN,MED
20514,3,2021-05-05 20:37:00,2021-05-09 10:03:00,55.66,-58.30667,55.66833,-57.285,85.4333,0.00833,1.02167,64.0839,0.208362,88.75,NTB,SM
20515,1,2021-04-29 21:49:00,2021-05-02 10:11:00,56.36333,-59.95167,55.93833,-59.56167,60.3667,-0.425,0.39,53.0731,0.244217,152.76,GEN,MED
20515,2,2021-05-02 10:11:00,2021-05-05 20:36:00,55.93833,-59.56167,55.72,-58.44667,82.4167,-0.21833,1.115,73.7457,0.248553,108.76,GEN,SM
20515,3,2021-05-05 20:36:00,2021-05-09 10:03:00,55.72,-58.44667,55.69833,-57.30333,85.45,-0.02167,1.14334,71.666,0.232969,91.45,NTB,SM
20516,1,2021-04-29 21:49:00,2021-05-02 10:11:00,56.445,-59.92667,56.01333,-59.43,60.3667,-0.43167,0.49667,56.9768,0.262179,147.19,GEN,MED
20516,2,2021-05-02 10:11:00,2021-05-05 20:28:00,56.01333,-59.43,55.83167,-58.57833,82.2833,-0.18166,0.85167,56.7768,0.191671,110.49,GEN,SM
20516,3,2021-05-05 20:28:00,2021-05-09 10:03:00,55.83167,-58.57833,55.68833,-57.34167,85.5833,-0.14334,1.23666,78.9951,0.256394,101.13,NTB,SM
20517,1,2021-04-29 21:49:00,2021-05-02 10:11:00,56.105,-59.99667,55.67167,-59.26167,60.3667,-0.43333,0.735,66.5008,0.306004,136.13,GEN,SM
20517,2,2021-05-02 10:11:00,2021-05-06 21:41:00,55.67167,-59.26167,55.25333,-58.77833,107.5,-0.41834,0.48334,55.6082,0.14369,146.57,GEN,SM
20517,3,2021-05-06 21:41:00,2021-05-09 10:03:00,55.25333,-58.77833,55.22833,-58.635,60.3667,-0.025,0.14333,9.5022,0.043724,106.95,GEN,SM
20517,4,2021-05-09 10:03:00,2021-05-15 10:15:00,55.22833,-58.635,55.24833,-58.43667,144.2,0.02,0.19833,12.7691,0.024598,79.89,GEN,MED
20517,5,2021-05-15 10:15:00,2021-05-21 10:03:00,55.24833,-58.43667,54.89833,-57.76833,143.8,-0.35,0.66834,57.662,0.111385,132.17,GEN,SM
20517,6,2021-05-21 10:03:00,2021-05-28 09:56:00,54.89833,-57.76833,54.45333,-56.73,167.8833,-0.445,1.03833,83.0949,0.137488,126.12,GEN,MED
20518,1,2021-04-29 21:49:00,2021-05-05 21:48:00,56.325,-60.14333,55.83333,-59.665,143.9833,-0.49167,0.47833,62.2083,0.120015,151.3,GEN,MED
20518,2,2021-05-05 21:48:00,2021-05-06 21:41:00,55.83333,-59.665,55.60833,-59.49167,23.8833,-0.225,0.17333,27.2723,0.317194,156.47,GEN,SM
20518,3,2021-05-06 21:41:00,2021-05-09 10:03:00,55.60833,-59.49167,55.22833,-58.83,60.3667,-0.38,0.66167,59.407,0.273362,135.06,GEN,MED
20518,4,2021-05-09 10:03:00,2021-05-11 10:16:00,55.22833,-58.83,55.25167,-58.79167,48.2167,0.02334,0.03833,3.5553,0.020482,43.1,GEN,MED
20518,5,2021-05-11 10:16:00,2021-05-14 10:11:00,55.25167,-58.79167,55.22833,-58.63667,71.9167,-0.02334,0.155,10.1634,0.039256,104.73,GEN,MED
20518,6,2021-05-14 10:11:00,2021-05-15 10:15:00,55.22833,-58.63667,55.22833,-58.63667,24.0667,0.0,0.0,0.0,0.0,0.0,GEN,MED
20518,7,2021-05-15 10:15:00,2021-05-21 10:03:00,55.22833,-58.63667,54.77167,-57.28833,143.8,-0.45666,1.34834,99.8657,0.19291,120.01,GEN,SM
20518,8,2021-05-21 10:03:00,2021-05-28 09:56:00,54.77167,-57.28833,54.25333,-56.71333,167.8833,-0.51834,0.575,68.5537,0.113428,146.98,GEN,MED
20518,9,2021-05-28 09:56:00,2021-06-02 10:03:00,54.25333,-56.71333,53.57667,-55.68333,120.1167,-0.67666,1.03,101.0506,0.233686,137.71,GEN,MED
20518,10,2021-06-02 10:03:00,2021-06-09 09:55:00,53.57667,-55.68333,53.035,-55.505,167.8667,-0.54167,0.17833,61.3853,0.101578,168.8,GEN,MED
20518,11,2021-06-09 09:55:00,2021-06-09 21:21:00,53.035,-55.505,52.87333,-55.46,11.4333,-0.16167,0.045,18.2279,0.442854,170.46,GEN,MED
20518,12,2021-06-09 21:21:00,2021-06-22 17:47:00,52.87333,-55.46,51.85833,-56.05333,308.4333,-1.015,-0.59333,119.8361,0.107925,199.88,GEN,MED
20519,1,2021-04-29 21:49:00,2021-05-05 21:48:00,56.34,-60.225,55.875,-59.69833,143.9833,-0.465,0.52667,61.1547,0.117982,147.5,GEN,MED
20519,2,2021-05-05 21:48:00,2021-05-07 10:19:00,55.875,-59.69833,55.62667,-59.46167,36.5167,-0.24833,0.23666,31.334,0.238353,151.7,GEN,SM
20520,1,2021-04-29 21:49:00,2021-05-05 21:48:00,56.36833,-60.255,55.93333,-59.80667,143.9833,-0.435,0.44833,55.7734,0.1076,149.95,GEN,MED
20521,1,2021-04-29 21:49:00,2021-05-02 10:11:00,56.445,-60.215,56.10667,-59.69833,60.3667,-0.33833,0.51667,49.3221,0.226956,139.49,GEN,MED
20521,2,2021-05-02 10:11:00,2021-05-05 20:26:00,56.10667,-59.69833,55.80333,-58.62667,82.25,-0.30334,1.07166,74.7538,0.252461,116.38,GEN,MED
20521,3,2021-05-05 20:26:00,2021-05-09 10:03:00,55.80333,-58.62667,55.72333,-58.41833,85.6167,-0.08,0.20834,15.78,0.051197,124.23,NTB,SM
20521,4,2021-05-09 10:03:00,2021-05-14 10:11:00,55.72333,-58.41833,55.405,-57.49167,120.1333,-0.31833,0.92666,68.1754,0.157638,120.9,GEN,MED
20522,1,2021-04-30 10:27:00,2021-05-05 10:34:00,60.76333,-64.29167,61.05,-64.22,120.1167,0.28667,0.07167,32.1109,0.074259,6.9,GEN,MED
20524,1,2021-04-30 10:27:00,2021-05-13 16:10:00,59.88167,-59.42333,59.72167,-61.04667,317.7167,-0.16,-1.62334,92.5183,0.080888,259.62,GEN,MED
20524,2,2021-05-13 16:10:00,2021-05-19 15:59:00,59.72167,-61.04667,59.73833,-60.83833,143.8167,0.01666,0.20834,11.8236,0.022837,80.9,DOM,SM
20525,1,2021-04-30 10:27:00,2021-05-13 16:12:00,59.98333,-60.705,59.75,-61.38667,317.75,-0.23333,-0.68167,46.0549,0.040261,236.01,GEN,MED
20525,2,2021-05-13 16:12:00,2021-05-19 15:59:00,59.75,-61.38667,59.77333,-61.105,143.7833,0.02333,0.28167,15.9847,0.030881,80.54,DD,LG
20525,3,2021-05-19 15:59:00,2021-05-31 15:26:00,59.77333,-61.105,58.55333,-60.12,287.45,-1.22,0.985,146.8124,0.141872,157.09,PIN,MED
20526,1,2021-04-30 10:27:00,2021-05-05 18:55:00,59.86833,-60.40667,59.87333,-61.315,128.4667,0.005,-0.90833,50.7006,0.109628,271.02,GEN,SM
20526,2,2021-05-05 18:55:00,2021-05-13 16:07:00,59.87333,-61.315,59.47167,-61.09,189.2,-0.40166,0.225,46.4148,0.068145,164.11,RAD,SM
20526,3,2021-05-13 16:07:00,2021-05-19 15:36:00,59.47167,-61.09,59.325,-61.195,143.4833,-0.14667,-0.105,17.3582,0.033605,200.07,NTB,GR
20526,4,2021-05-19 15:36:00,2021-05-29 15:36:00,59.325,-61.195,58.425,-61.77833,240.0,-0.9,-0.58333,105.5416,0.122155,198.77,NTB,BB
20527,1,2021-04-30 10:27:00,2021-05-15 10:15:00,58.825,-60.70833,57.065,-60.9,359.8,-1.76,-0.19167,196.0295,0.151341,183.39,GEN,MED
20527,2,2021-05-15 10:15:00,2021-05-26 10:11:00,57.065,-60.9,55.945,-59.76833,263.9333,-1.12,1.13167,142.5868,0.150066,150.38,GEN,MED
20527,3,2021-05-26 10:11:00,2021-06-02 10:03:00,55.945,-59.76833,55.12333,-58.485,167.8667,-0.82167,1.28333,121.9351,0.201772,138.0,GEN,MED
20529,1,2021-04-30 10:27:00,2021-05-07 10:19:00,58.76833,-60.69333,57.82167,-61.43333,167.8667,-0.94666,-0.74,113.7986,0.188309,202.65,GEN,MED
20531,1,2021-04-30 10:27:00,2021-05-03 10:15:00,59.06667,-61.53667,59.19333,-61.94167,71.8,0.12666,-0.405,27.0604,0.104691,301.54,GEN,LG
20531,2,2021-05-03 10:15:00,2021-05-13 16:45:00,59.19333,-61.94167,59.05833,-62.92667,246.5,-0.135,-0.985,58.1738,0.065555,255.47,GEN,LG
20531,3,2021-05-13 16:45:00,2021-05-19 15:36:00,59.05833,-62.92667,58.915,-62.89833,142.85,-0.14333,0.02834,16.0201,0.031152,174.17,NTB,LG
20531,4,2021-05-19 15:36:00,2021-05-19 20:29:00,58.915,-62.89833,58.905,-62.785,4.8833,-0.01,0.11333,6.6016,0.37552,99.65,NTB,VLG
20531,5,2021-05-19 20:29:00,2021-05-29 15:36:00,58.905,-62.785,59.205,-62.56,235.1167,0.3,0.225,35.7532,0.042241,20.99,TAB,VLG
20532,1,2021-04-30 10:27:00,2021-05-19 16:08:00,60.16,-61.525,60.43667,-61.47,461.6833,0.27667,0.055,30.9132,0.018599,5.6,GEN,LG
20533,1,2021-04-30 10:27:00,2021-05-05 19:03:00,60.045,-61.56333,59.925,-62.18833,128.6,-0.12,-0.625,37.2368,0.080432,249.27,GEN,MED
20533,2,2021-05-05 19:03:00,2021-05-13 16:31:00,59.925,-62.18833,59.735,-63.04167,189.4667,-0.19,-0.85334,52.1571,0.076468,246.47,RAD,SM
20533,3,2021-05-13 16:31:00,2021-05-19 20:17:00,59.735,-63.04167,59.9,-63.02333,147.7667,0.165,0.01834,18.3758,0.034544,3.19,NTB,SM
20533,4,2021-05-19 20:17:00,2021-05-24 10:27:00,59.9,-63.02333,59.66667,-63.645,110.1667,-0.23333,-0.62167,43.3985,0.109426,233.55,NTB,SM
20534,1,2021-04-30 10:27:00,2021-05-05 10:34:00,60.155,-62.90667,60.29667,-64.16333,120.1167,0.14167,-1.25666,71.1541,0.164549,283.34,GEN,MED
20535,1,2021-04-30 10:27:00,2021-05-05 10:34:00,60.05,-61.89333,60.35833,-63.11333,120.1167,0.30833,-1.22,75.626,0.17489,297.49,GEN,LG
20536,1,2021-04-30 10:27:00,2021-05-05 10:34:00,60.09667,-62.38833,60.28333,-63.43,120.1167,0.18666,-1.04167,61.207,0.141545,290.27,GEN,MED
20537,1,2021-04-30 10:27:00,2021-05-05 10:34:00,60.09333,-63.31667,59.92,-63.76167,120.1167,-0.17333,-0.445,31.358,0.072517,232.27,GEN,MED
20537,2,2021-05-05 10:34:00,2021-05-19 20:13:00,59.92,-63.76167,59.98333,-63.63,345.65,0.06333,0.13167,10.1654,0.008169,46.1,GEN,MED
20537,3,2021-05-19 20:13:00,2021-05-24 10:27:00,59.98333,-63.63,59.68167,-63.59667,110.2333,-0.30166,0.03333,33.5947,0.084656,176.81,BLK,MED
20538,1,2021-04-30 10:27:00,2021-05-13 16:21:00,59.72333,-61.42167,59.59167,-62.27,317.9,-0.13166,-0.84833,49.8502,0.043559,253.29,GEN,MED
20538,2,2021-05-13 16:21:00,2021-05-19 16:02:00,59.59167,-62.27,60.07167,-61.78,143.6833,0.48,0.49,59.9869,0.11597,26.95,RAD,LG
20538,3,2021-05-19 16:02:00,2021-05-24 10:27:00,60.07167,-61.78,59.58833,-61.22333,114.4167,-0.48334,0.55667,62.0982,0.15076,149.7,NTB,MED
20538,4,2021-05-24 10:27:00,2021-05-29 15:36:00,59.58833,-61.22333,59.02667,-62.18667,125.15,-0.56166,-0.96334,83.0043,0.184233,221.62,GEN,MED
20538,5,2021-05-29 15:36:00,2021-05-31 15:26:00,59.02667,-62.18667,58.94833,-62.32667,47.8333,-0.07834,-0.14,11.8411,0.068764,222.7,NTB,MED
20540,1,2021-04-30 10:27:00,2021-05-01 10:34:00,58.91333,-62.895,58.91333,-62.89333,24.1167,0.0,0.00167,0.0959,0.001104,90.0,GEN,MED
20540,2,2021-05-01 10:34:00,2021-05-03 10:15:00,58.91333,-62.89333,58.90833,-62.82333,47.6833,-0.005,0.07,4.0575,0.023637,97.85,GEN,MED
20543,1,2021-04-30 10:27:00,2021-05-01 10:34:00,59.27167,-60.83833,59.23,-60.88833,24.1167,-0.04167,-0.05,5.436,0.062612,211.55,GEN,MED
20544,1,2021-04-30 10:27:00,2021-05-24 10:27:00,59.15833,-60.54167,57.06667,-60.9,576.0,-2.09166,-0.35833,233.5315,0.112621,185.32,GEN,MED
20544,2,2021-05-24 10:27:00,2021-05-26 10:11:00,57.06667,-60.9,56.605,-60.53,47.7333,-0.46167,0.37,56.0521,0.326187,156.17,GEN,MED
20544,3,2021-05-26 10:11:00,2021-06-02 10:03:00,56.605,-60.53,55.56,-58.73333,167.8667,-1.045,1.79667,161.0155,0.266441,135.44,GEN,MED
20545,1,2021-04-30 10:27:00,2021-05-13 18:21:00,59.11833,-60.84333,57.87333,-61.52,319.9,-1.245,-0.67667,143.911,0.124962,196.14,GEN,MED
20545,2,2021-05-13 18:21:00,2021-05-17 21:49:00,57.87333,-61.52,57.87833,-61.525,99.4667,0.005,-0.005,0.6297,0.001759,332.0,DOM,MED
20546,1,2021-04-30 10:27:00,2021-05-13 17:46:00,59.155,-61.39,58.42167,-62.50833,319.3167,-0.73333,-1.11833,103.9281,0.090408,218.8,GEN,MED
20546,2,2021-05-13 17:46:00,2021-05-19 15:36:00,58.42167,-62.50833,58.41833,-62.51167,141.8333,-0.00334,-0.00334,0.4192,0.000821,207.64,PIN,LG
20546,3,2021-05-19 15:36:00,2021-05-29 15:36:00,58.41833,-62.51167,57.87,-61.51333,240.0,-0.54833,0.99834,84.5574,0.097867,135.72,NTB,MED
20550,1,2021-04-30 10:27:00,2021-05-13 18:25:00,58.91,-61.15167,57.73833,-61.50167,319.9667,-1.17167,-0.35,131.8764,0.114488,189.06,GEN,MED
20551,1,2021-04-30 10:27:00,2021-05-01 10:34:00,59.24,-60.65167,59.10667,-61.115,24.1167,-0.13333,-0.46333,30.2788,0.348754,240.88,GEN,SM
20552,1,2021-04-30 10:27:00,2021-05-03 10:15:00,58.825,-60.70667,58.46167,-61.035,71.8,-0.36333,-0.32833,44.6442,0.172718,205.32,GEN,MED
20554,1,2021-04-30 10:27:00,2021-05-01 10:34:00,58.71333,-61.57667,58.68333,-61.80667,24.1167,-0.03,-0.23,13.6996,0.157793,256.01,GEN,VLG
20554,2,2021-05-01 10:34:00,2021-05-13 18:10:00,58.68333,-61.80667,57.81833,-61.425,295.6,-0.865,0.38167,98.7417,0.092788,166.77,GEN,VLG
20555,1,2021-04-30 10:27:00,2021-05-13 17:42:00,59.38333,-60.52167,58.42667,-62.32,319.25,-0.95666,-1.79833,148.2509,0.128992,224.92,GEN,SM
20555,2,2021-05-13 17:42:00,2021-05-29 15:36:00,58.42667,-62.32,58.315,-62.08667,381.9,-0.11167,0.23333,18.4204,0.013398,132.28,NTB,SM
20558,1,2021-04-30 10:27:00,2021-05-03 10:15:00,58.305,-61.03,57.96,-61.41333,71.8,-0.345,-0.38333,44.4755,0.172065,210.56,GEN,MED
20558,2,2021-05-03 10:15:00,2021-05-07 10:19:00,57.96,-61.41333,57.51167,-61.26667,96.0667,-0.44833,0.14666,50.6064,0.146329,170.03,GEN,MED
20559,1,2021-04-30 13:22:00,2021-05-01 10:00:00,54.88667,-57.49667,54.88667,-57.48,20.6333,0.0,0.01667,1.0662,0.014354,89.99,GEN,SM
20559,2,2021-05-01 10:00:00,2021-05-01 21:32:00,54.88667,-57.48,54.885,-57.48,11.5333,-0.00167,0.0,0.1857,0.004472,180.0,GEN,MED
20559,3,2021-05-01 21:32:00,2021-05-04 09:56:00,54.885,-57.48,54.415,-56.91833,60.4,-0.47,0.56167,63.5368,0.292204,145.11,GEN,SM
20577,1,2021-05-01 10:00:00,2021-05-02 10:07:00,57.15333,-58.35167,56.94833,-58.67167,24.1167,-0.205,-0.32,29.9023,0.344417,220.47,GEN,MED
20577,2,2021-05-02 10:07:00,2021-05-09 10:03:00,56.94833,-58.67167,56.14167,-58.11,167.9333,-0.80666,0.56167,96.0768,0.15892,158.77,GEN,MED
20577,3,2021-05-09 10:03:00,2021-05-14 10:11:00,56.14167,-58.11,55.905,-58.08,120.1333,-0.23667,0.03,26.3825,0.061003,175.94,GEN,SM
20578,1,2021-05-01 10:00:00,2021-05-02 10:11:00,56.73333,-58.70833,56.94833,-58.67,24.1833,0.215,0.03833,24.0203,0.275905,5.55,GEN,MED
20578,2,2021-05-02 10:11:00,2021-05-09 10:03:00,56.94833,-58.67,56.835,-58.32167,167.8667,-0.11333,0.34833,24.6253,0.040749,120.63,GEN,MED
20580,1,2021-05-01 10:00:00,2021-05-04 09:55:00,55.03333,-55.715,54.85833,-55.11667,71.9167,-0.175,0.59833,42.8814,0.165629,116.74,GEN,MED
20580,2,2021-05-04 09:55:00,2021-05-05 09:48:00,54.85833,-55.11667,54.795,-54.785,23.8833,-0.06333,0.33167,22.3815,0.26031,108.2,GEN,MED
20580,3,2021-05-05 09:48:00,2021-05-16 09:56:00,54.795,-54.785,54.205,-55.85167,264.1333,-0.59,-1.06667,95.1187,0.100032,226.83,GEN,SM
20581,1,2021-05-01 10:00:00,2021-05-04 09:55:00,55.02667,-55.78167,54.85,-55.085,71.9167,-0.17667,0.69667,48.6439,0.187887,113.53,GEN,MED
20581,2,2021-05-04 09:55:00,2021-05-05 16:22:00,54.85,-55.085,54.86667,-54.72167,30.45,0.01667,0.36333,23.3282,0.21281,85.29,GEN,SM
20585,1,2021-05-01 21:32:00,2021-05-05 21:16:00,55.065,-57.65167,54.58833,-56.89333,95.7333,-0.47667,0.75834,71.8939,0.208606,137.19,GEN,SM
20585,2,2021-05-05 21:16:00,2021-05-10 09:56:00,54.58833,-56.89333,54.19333,-56.835,108.6667,-0.395,0.05833,44.084,0.112689,175.06,GEN,SM
20586,1,2021-05-01 21:32:00,2021-05-05 21:14:00,54.94667,-57.82833,54.66167,-56.96167,95.7,-0.285,0.86666,63.948,0.185615,119.35,GEN,SM
20586,2,2021-05-05 21:14:00,2021-05-10 09:56:00,54.66167,-56.96167,54.66,-56.96667,108.7,-0.00167,-0.005,0.3713,0.000949,240.0,GEN,MED
20586,3,2021-05-10 09:56:00,2021-05-16 09:56:00,54.66,-56.96667,54.29333,-56.72833,144.0,-0.36667,0.23834,43.5828,0.084072,159.21,GEN,MED
20587,1,2021-05-02 10:11:00,2021-05-05 20:23:00,56.265,-59.12833,55.93333,-58.58833,82.2,-0.33167,0.54,49.817,0.168346,137.53,GEN,MED
20587,2,2021-05-05 20:23:00,2021-05-09 10:03:00,55.93333,-58.58833,56.12167,-58.04333,85.6667,0.18834,0.545,39.8161,0.129105,58.04,NTB,SM
20587,3,2021-05-09 10:03:00,2021-05-14 10:11:00,56.12167,-58.04333,55.80667,-57.77667,120.1333,-0.315,0.26666,38.7592,0.089621,154.54,GEN,SM
20588,1,2021-05-02 10:11:00,2021-05-05 20:25:00,55.95667,-58.69667,55.88833,-58.43,82.2333,-0.06834,0.26667,18.2699,0.061714,114.47,GEN,MED
20588,2,2021-05-05 20:25:00,2021-05-09 10:03:00,55.88833,-58.43,56.09667,-57.94333,85.6333,0.20834,0.48667,38.1149,0.123637,52.37,NTB,SM
20588,3,2021-05-09 10:03:00,2021-05-14 10:11:00,56.09667,-57.94333,55.79167,-57.55,120.1333,-0.305,0.39333,41.8336,0.09673,144.0,GEN,SM
20589,1,2021-05-02 10:11:00,2021-05-06 21:41:00,55.30167,-58.87167,55.115,-58.34333,107.5,-0.18667,0.52834,39.4276,0.10188,121.55,GEN,SM
20589,2,2021-05-06 21:41:00,2021-05-09 10:03:00,55.115,-58.34333,55.11333,-58.34333,60.3667,-0.00167,0.0,0.1857,0.000854,180.0,GEN,SM
20589,3,2021-05-09 10:03:00,2021-06-02 10:03:00,55.11333,-58.34333,54.93833,-58.26833,576.0,-0.175,0.075,20.0377,0.009663,166.17,GEN,MED
20590,1,2021-05-02 10:11:00,2021-05-09 10:03:00,55.325,-58.90667,55.075,-58.05333,167.8667,-0.25,0.85334,60.871,0.100727,116.82,GEN,SM
20590,2,2021-05-09 10:03:00,2021-05-21 10:03:00,55.075,-58.05333,54.95833,-57.77333,288.0,-0.11667,0.28,22.0668,0.021284,125.89,GEN,SM
20590,3,2021-05-21 10:03:00,2021-05-28 09:55:00,54.95833,-57.77333,54.62167,-56.96,167.8667,-0.33666,0.81333,64.1897,0.106218,125.34,GEN,MED
20590,4,2021-05-28 09:55:00,2021-05-28 16:05:00,54.62167,-56.96,54.51333,-56.9,6.1667,-0.10834,0.06,12.6526,0.569935,162.18,GEN,MED
20590,5,2021-05-28 16:05:00,2021-06-03 09:56:00,54.51333,-56.9,53.70167,-55.89667,137.85,-0.81166,1.00333,111.4586,0.224597,143.66,NTB,SM
20591,1,2021-05-02 10:11:00,2021-05-05 20:37:00,56.09667,-59.30667,55.63667,-58.49167,82.4333,-0.46,0.815,72.1247,0.24304,134.83,GEN,SM
20591,2,2021-05-05 20:37:00,2021-05-09 10:03:00,55.63667,-58.49167,55.74333,-58.39167,85.4333,0.10666,0.1,13.4144,0.043615,27.81,DOM,MED
20591,3,2021-05-09 10:03:00,2021-05-14 10:11:00,55.74333,-58.39167,55.42667,-57.38833,120.1333,-0.31666,1.00334,72.2195,0.166989,118.77,GEN,MED
20592,1,2021-05-02 10:11:00,2021-05-05 20:25:00,56.08,-59.015,55.84,-58.55,82.2333,-0.24,0.465,39.3686,0.132984,132.48,GEN,MED
20592,2,2021-05-05 20:25:00,2021-05-09 10:03:00,55.84,-58.55,55.78333,-57.99833,85.6333,-0.05667,0.55167,35.0406,0.113665,100.13,NTB,SM
20593,1,2021-05-02 10:11:00,2021-05-05 20:21:00,56.31333,-59.45333,55.94167,-59.14833,82.1667,-0.37166,0.305,45.4442,0.153632,155.29,GEN,MED
20593,2,2021-05-05 20:21:00,2021-05-06 21:41:00,55.94167,-59.14833,55.66167,-58.88833,25.3333,-0.28,0.26,35.1199,0.385086,152.33,NTB,SM
20593,3,2021-05-06 21:41:00,2021-05-09 10:03:00,55.66167,-58.88833,55.71333,-58.475,60.3667,0.05166,0.41333,26.5372,0.122111,77.33,GEN,SM
20593,4,2021-05-09 10:03:00,2021-05-14 10:11:00,55.71333,-58.475,55.34667,-58.12667,120.1333,-0.36666,0.34833,46.2904,0.107035,151.59,GEN,MED
20596,1,2021-05-04 09:56:00,2021-05-21 10:03:00,53.93,-57.095,54.47333,-56.83,408.1167,0.54333,0.265,62.826,0.042761,15.82,GEN,MED
20596,2,2021-05-21 10:03:00,2021-05-28 15:45:00,54.47333,-56.83,53.91667,-56.28667,173.7,-0.55666,0.54333,71.2777,0.113986,150.05,GEN,LG
20597,1,2021-05-04 09:56:00,2021-05-28 15:54:00,53.90167,-57.05833,54.10333,-56.41,581.9667,0.20166,0.64833,47.9389,0.022882,61.85,GEN,SM
20600,1,2021-05-04 09:55:00,2021-05-05 21:26:00,54.7,-55.76,54.4,-55.82,35.5167,-0.3,-0.06,33.5822,0.262648,186.64,GEN,MED
20601,1,2021-05-04 09:55:00,2021-05-05 16:26:00,55.155,-55.57167,54.91333,-54.965,30.5167,-0.24167,0.60667,47.0816,0.42856,124.55,GEN,SM
20601,2,2021-05-05 16:26:00,2021-05-16 15:58:00,54.91333,-54.965,54.485,-55.9,263.5333,-0.42833,-0.935,76.6669,0.080811,231.98,GEN,GEN
20601,3,2021-05-16 15:58:00,2021-05-28 17:59:00,54.485,-55.9,53.76833,-54.72333,290.0167,-0.71667,1.17667,110.582,0.105915,135.63,GEN,SM
20601,4,2021-05-28 17:59:00,2021-06-21 09:56:00,53.76833,-54.72333,53.44667,-54.79167,567.95,-0.32166,-0.06834,36.05,0.017632,187.21,NTB,MED
20607,1,2021-05-04 09:55:00,2021-05-10 09:56:00,54.75167,-56.17,54.14,-55.79167,144.0167,-0.61167,0.37833,72.2794,0.139412,160.06,GEN,MED
20611,1,2021-05-04 09:55:00,2021-05-10 09:56:00,54.63333,-56.64333,53.90667,-56.26167,144.0167,-0.72666,0.38166,84.5158,0.163013,162.79,GEN,MED
20612,1,2021-05-04 09:55:00,2021-05-05 21:19:00,54.63833,-56.77667,54.50167,-56.835,35.4,-0.13666,-0.05833,15.6542,0.122836,193.92,GEN,SM
20612,2,2021-05-05 21:19:00,2021-05-10 09:56:00,54.50167,-56.835,54.11333,-56.65833,108.6167,-0.38834,0.17667,44.6766,0.114257,165.06,GEN,SM
20613,1,2021-05-04 09:55:00,2021-05-05 21:22:00,54.64,-56.82333,54.46167,-56.725,35.45,-0.17833,0.09833,20.8187,0.16313,162.23,GEN,MED
20613,2,2021-05-05 21:22:00,2021-05-10 09:56:00,54.46167,-56.725,54.46333,-56.72833,108.5667,0.00166,-0.00333,0.2835,0.000725,310.62,GEN,SM
20614,1,2021-05-04 09:55:00,2021-05-10 09:56:00,54.57667,-56.28667,53.77,-55.94667,144.0167,-0.80667,0.34,92.3868,0.178195,166.0,GEN,MED
20615,1,2021-05-04 09:55:00,2021-05-05 21:17:00,54.58833,-56.89667,54.54333,-56.84333,35.3667,-0.045,0.05334,6.0714,0.047686,145.48,GEN,SM
20615,2,2021-05-05 21:17:00,2021-05-10 09:56:00,54.54333,-56.84333,54.29333,-56.72667,108.65,-0.25,0.11666,28.8052,0.073644,164.76,GEN,SM
20616,1,2021-05-04 09:55:00,2021-05-10 09:56:00,54.54333,-56.845,54.47833,-56.825,144.0167,-0.065,0.02,7.3421,0.014161,169.86,GEN,MED
20618,1,2021-05-05 18:58:00,2021-05-13 16:16:00,59.99,-61.58667,59.80667,-61.4,189.3,-0.18333,0.18667,22.8896,0.033588,152.87,TAB,GR
20618,2,2021-05-13 16:16:00,2021-05-19 16:01:00,59.80667,-61.4,59.98333,-61.08667,143.75,0.17666,0.31333,26.292,0.050806,41.52,NTB,GR
20618,3,2021-05-19 16:01:00,2021-05-31 15:26:00,59.98333,-61.08667,59.095,-61.17333,287.4167,-0.88833,-0.08666,98.8985,0.095582,182.87,NTB,SM
20619,1,2021-05-05 20:45:00,2021-05-16 15:41:00,55.075,-58.05167,54.76833,-57.285,258.9333,-0.30667,0.76667,59.6912,0.064035,124.52,DD,VLG
20619,2,2021-05-16 15:41:00,2021-05-21 10:03:00,54.76833,-57.285,54.57,-56.85667,114.3667,-0.19833,0.42833,35.2841,0.085699,128.51,GEN,MED
20619,3,2021-05-21 10:03:00,2021-05-28 09:55:00,54.57,-56.85667,53.73,-56.23833,167.8667,-0.84,0.61834,101.7132,0.16831,156.43,GEN,LG
20619,4,2021-05-28 09:55:00,2021-06-02 10:03:00,53.73,-56.23833,53.61167,-56.14667,120.1333,-0.11833,0.09166,14.477,0.033474,155.31,GEN,MED
20619,5,2021-06-02 10:03:00,2021-06-03 09:56:00,53.61167,-56.14667,53.59667,-56.13667,23.8833,-0.015,0.01,1.7937,0.020862,158.41,GEN,MED
20619,6,2021-06-03 09:56:00,2021-06-14 10:03:00,53.59667,-56.13667,53.645,-56.16167,264.1167,0.04833,-0.025,5.6213,0.005912,342.95,GEN,MED
20619,7,2021-06-14 10:03:00,2021-07-11 14:57:00,53.645,-56.16167,53.91167,-56.24,652.9,0.26667,-0.07833,30.0957,0.012804,350.18,GEN,SM
20619,8,2021-07-11 14:57:00,2021-07-15 09:56:00,53.91167,-56.24,53.58167,-55.87333,90.9833,-0.33,0.36667,43.9066,0.13405,146.54,NTB,SM
20619,9,2021-07-15 09:56:00,2021-07-16 14:57:00,53.58167,-55.87333,53.545,-55.84333,29.0167,-0.03667,0.03,4.5334,0.043398,154.07,GEN,SM
20620,1,2021-05-05 21:48:00,2021-05-06 21:41:00,56.07833,-59.9,55.875,-59.69833,23.8833,-0.20333,0.20167,25.8575,0.300739,150.89,GEN,SM
20623,1,2021-05-09 10:03:00,2021-05-16 15:42:00,54.885,-57.48,54.87333,-57.485,173.65,-0.01167,-0.005,1.3365,0.002138,193.85,GEN,SM
20623,2,2021-05-16 15:42:00,2021-05-21 10:03:00,54.87333,-57.485,54.655,-56.965,114.35,-0.21833,0.52,41.2581,0.100224,125.83,GEN,LG
20623,3,2021-05-21 10:03:00,2021-05-28 09:55:00,54.655,-56.965,54.19667,-56.05667,167.8667,-0.45833,0.90833,77.7798,0.128706,130.57,GEN,MED
20623,4,2021-05-28 09:55:00,2021-05-28 15:52:00,54.19667,-56.05667,54.09,-55.915,5.95,-0.10667,0.14167,15.0277,0.701575,142.06,GEN,MED
20625,1,2021-05-09 10:03:00,2021-05-21 10:03:00,54.77667,-57.16167,54.11333,-57.23833,288.0,-0.66334,-0.07666,73.9264,0.071302,183.88,GEN,MED
20625,2,2021-05-21 10:03:00,2021-05-28 09:55:00,54.11333,-57.23833,54.175,-56.76333,167.8667,0.06167,0.475,31.6886,0.052437,77.31,GEN,MED
20625,3,2021-05-28 09:55:00,2021-05-28 15:55:00,54.175,-56.76333,54.095,-56.45167,6.0,-0.08,0.31166,22.1668,1.02624,113.53,GEN,MED
20627,1,2021-05-11 10:16:00,2021-05-14 10:11:00,56.61333,-59.84167,56.01833,-59.77833,71.9167,-0.595,0.06334,66.2762,0.255991,176.59,GEN,MED
20627,2,2021-05-14 10:11:00,2021-05-15 10:15:00,56.01833,-59.77833,55.965,-59.72667,24.0667,-0.05333,0.05166,6.7445,0.077845,151.53,GEN,MED
20627,3,2021-05-15 10:15:00,2021-05-26 10:11:00,55.965,-59.72667,55.19167,-57.46333,263.9333,-0.77333,2.26334,166.2214,0.17494,120.21,GEN,MED
20627,4,2021-05-26 10:11:00,2021-05-28 16:18:00,55.19167,-57.46333,55.02833,-57.20667,54.1167,-0.16334,0.25666,24.4207,0.12535,137.95,GEN,MED
20627,5,2021-05-28 16:18:00,2021-06-02 10:03:00,55.02833,-57.20667,54.55333,-56.86,113.75,-0.475,0.34667,57.3031,0.139934,157.04,NTB,MED
20627,6,2021-06-02 10:03:00,2021-06-03 09:56:00,54.55333,-56.86,54.40167,-56.87167,23.8833,-0.15166,-0.01167,16.8807,0.196333,182.56,GEN,MED
20627,7,2021-06-03 09:56:00,2021-06-09 09:55:00,54.40167,-56.87167,53.645,-56.23,143.9833,-0.75667,0.64167,93.9994,0.181347,153.26,GEN,SM
20627,8,2021-06-09 09:55:00,2021-06-09 21:21:00,53.645,-56.23,53.64667,-56.23,11.4333,0.00167,0.0,0.1857,0.004512,0.0,GEN,SM
20627,9,2021-06-09 21:21:00,2021-06-14 10:03:00,53.64667,-56.23,53.63333,-56.23333,108.7,-0.01334,-0.00333,1.4995,0.003832,188.42,GEN,MED
20627,10,2021-06-14 10:03:00,2021-06-15 09:56:00,53.63333,-56.23333,53.63167,-56.23667,23.8833,-0.00166,-0.00334,0.2873,0.003342,230.03,GEN,MED
20627,11,2021-06-15 09:56:00,2021-07-09 09:56:00,53.63167,-56.23667,53.51667,-55.46167,576.0,-0.115,0.775,52.7431,0.025436,103.72,GEN,MED
20627,12,2021-07-09 09:56:00,2021-07-11 14:57:00,53.51667,-55.46167,52.80667,-55.64833,53.0167,-0.71,-0.18666,79.9231,0.418752,189.03,GEN,MED
20627,13,2021-07-11 14:57:00,2021-07-15 09:56:00,52.80667,-55.64833,52.62833,-55.36333,90.9833,-0.17834,0.285,27.5998,0.084264,135.82,NTB,SM
20630,1,2021-05-13 16:33:00,2021-05-19 20:17:00,59.70833,-63.28,59.77167,-62.95333,147.7333,0.06334,0.32667,19.6128,0.036877,68.81,NTB,MED
20630,2,2021-05-19 20:17:00,2021-05-24 10:27:00,59.77167,-62.95333,59.455,-62.07333,110.1667,-0.31667,0.88,60.7429,0.153159,125.05,NTB,MED
20630,3,2021-05-24 10:27:00,2021-05-29 15:36:00,59.455,-62.07333,58.67333,-62.26,125.15,-0.78167,-0.18667,87.5702,0.194367,187.08,GEN,MED
20631,1,2021-05-13 16:36:00,2021-05-19 20:18:00,59.70333,-63.295,59.74,-62.95,147.7,0.03667,0.345,19.7674,0.037176,77.95,NTB,MED
20631,2,2021-05-19 20:18:00,2021-05-24 10:27:00,59.74,-62.95,59.64333,-62.75333,110.15,-0.09667,0.19667,15.4059,0.038851,134.16,NTB,MED
20631,3,2021-05-24 10:27:00,2021-05-29 15:36:00,59.64333,-62.75333,59.31,-62.49333,125.15,-0.33333,0.26,39.8671,0.088487,158.28,GEN,MED
20631,4,2021-05-29 15:36:00,2021-05-31 15:26:00,59.31,-62.49333,59.245,-62.145,47.8333,-0.065,0.34833,21.0663,0.122336,109.92,NTB,SM
20632,1,2021-05-13 16:36:00,2021-05-19 20:16:00,59.63,-63.26333,59.76333,-62.93667,147.6667,0.13333,0.32666,23.5734,0.044344,50.89,DD,LG
20632,2,2021-05-19 20:16:00,2021-05-24 10:27:00,59.76333,-62.93667,59.34333,-62.165,110.1833,-0.42,0.77167,63.8087,0.160865,136.71,BLK,LG
20632,3,2021-05-24 10:27:00,2021-05-29 15:36:00,59.34333,-62.165,58.57833,-62.255,125.15,-0.765,-0.09,85.2205,0.189152,183.51,GEN,MED
20633,1,2021-05-13 16:38:00,2021-05-19 20:15:00,59.56167,-63.33,60.005,-62.90833,147.6167,0.44333,0.42167,54.6525,0.102842,25.4,TAB,SM
20633,2,2021-05-19 20:15:00,2021-05-24 10:27:00,60.005,-62.90833,59.84833,-63.50833,110.2,-0.15667,-0.6,37.6988,0.095026,242.74,WDG,GR
20634,1,2021-05-13 17:27:00,2021-05-19 15:36:00,58.59167,-62.59167,58.74667,-62.555,142.15,0.155,0.03667,17.3651,0.033934,7.0,NTB,VLG
20634,3,2021-05-19 15:36:00,2021-05-29 15:36:00,58.59833,-62.55167,58.73167,-61.865,240.0,0.13334,0.68667,42.3849,0.049057,69.23,TAB,VLG
20642,1,2021-05-15 10:15:00,2021-05-17 21:49:00,57.82167,-61.435,57.82167,-61.435,59.5667,0.0,0.0,0.0,0.0,0.0,GEN,MED
20643,1,2021-05-15 16:04:00,2021-05-26 10:11:00,57.05833,-60.89167,55.88833,-59.83667,258.1167,-1.17,1.055,145.3358,0.156406,153.08,DD,MED
20643,2,2021-05-26 10:11:00,2021-06-02 10:03:00,55.88833,-59.83667,55.065,-58.84,167.8667,-0.82333,0.99667,111.0217,0.183713,145.14,GEN,MED
20643,3,2021-06-02 10:03:00,2021-06-07 10:11:00,55.065,-58.84,55.35833,-59.25,120.1333,0.29333,-0.41,41.7184,0.096463,321.6,GEN,MED
20644,1,2021-05-15 16:07:00,2021-05-26 10:11:00,57.05333,-61.005,56.125,-59.92833,258.0667,-0.92833,1.07667,122.4764,0.131831,146.99,TAB,MED
20644,2,2021-05-26 10:11:00,2021-06-02 10:03:00,56.125,-59.92833,55.14,-58.63333,167.8667,-0.985,1.295,136.39,0.225692,142.88,GEN,MED
20645,1,2021-05-15 16:08:00,2021-05-26 10:11:00,57.26667,-61.12,56.22833,-60.41,258.05,-1.03834,0.71,123.3051,0.132732,159.15,DOM,MED
20645,2,2021-05-26 10:11:00,2021-06-02 10:03:00,56.22833,-60.41,55.22167,-58.77333,167.8667,-1.00666,1.63667,151.7606,0.251126,136.84,GEN,MED
20646,1,2021-05-15 16:11:00,2021-05-26 10:11:00,57.05333,-61.00667,55.885,-59.76333,258.0,-1.16833,1.24334,150.6908,0.162242,149.03,BLK,LG
20646,2,2021-05-26 10:11:00,2021-06-02 10:03:00,55.885,-59.76333,55.10167,-58.60667,167.8667,-0.78333,1.15666,113.555,0.187905,139.61,GEN,MED
20647,1,2021-05-15 16:15:00,2021-05-26 10:11:00,56.89,-60.775,55.84667,-59.675,257.9333,-1.04333,1.1,134.3398,0.144675,149.26,BLK,MED
20647,2,2021-05-26 10:11:00,2021-06-02 10:03:00,55.84667,-59.675,55.06833,-58.13833,167.8667,-0.77834,1.53667,129.9075,0.214965,131.14,GEN,MED
20647,3,2021-06-02 10:03:00,2021-06-06 21:32:00,55.06833,-58.13833,54.69667,-57.50833,107.4833,-0.37166,0.63,57.7217,0.149175,135.46,GEN,MED
20648,1,2021-05-15 16:15:00,2021-05-26 10:11:00,56.92667,-60.86833,55.875,-59.695,257.9333,-1.05167,1.17333,137.4278,0.148001,147.82,DD,MED
20648,2,2021-05-26 10:11:00,2021-06-02 10:03:00,55.875,-59.695,55.11,-58.22,167.8667,-0.765,1.475,125.9679,0.208446,131.86,GEN,MED
20648,3,2021-06-02 10:03:00,2021-06-06 21:32:00,55.11,-58.22,54.96667,-57.77833,107.4833,-0.14333,0.44167,32.3417,0.083583,119.34,GEN,MED
20648,4,2021-06-06 21:32:00,2021-06-09 09:55:00,54.96667,-57.77833,54.76667,-56.89,60.3833,-0.2,0.88833,61.0396,0.280797,111.0,GEN,MED
20648,5,2021-06-09 09:55:00,2021-06-10 16:56:00,54.76667,-56.89,54.39167,-56.615,31.0167,-0.375,0.275,45.308,0.405768,156.86,GEN,MED
20648,6,2021-06-10 16:56:00,2021-06-14 10:03:00,54.39167,-56.615,54.18667,-56.44333,89.1167,-0.205,0.17167,25.3723,0.079086,153.88,DD,MED
20649,1,2021-05-15 16:17:00,2021-05-26 10:11:00,56.85333,-60.98,55.86667,-59.755,257.9,-0.98666,1.225,133.1518,0.143415,144.97,NTB,SM
20649,2,2021-05-26 10:11:00,2021-06-02 10:03:00,55.86667,-59.755,55.06167,-58.51833,167.8667,-0.805,1.23667,118.697,0.196414,138.44,GEN,MED
20650,1,2021-05-15 16:18:00,2021-06-02 10:03:00,56.70667,-60.87,55.15833,-58.765,425.75,-1.54834,2.105,216.3883,0.141181,141.83,PIN,SM
20651,1,2021-05-15 16:19:00,2021-06-02 10:03:00,56.72667,-60.85667,54.93,-58.29667,425.7333,-1.79667,2.56,255.8458,0.166931,140.26,PIN,MED
20651,2,2021-06-02 10:03:00,2021-06-07 10:11:00,54.93,-58.29667,55.25167,-58.895,120.1333,0.32167,-0.59833,52.2396,0.120791,313.46,GEN,MED
20651,3,2021-06-07 10:11:00,2021-06-07 21:24:00,55.25167,-58.895,55.25167,-58.895,11.2167,0.0,0.0,0.0,0.0,0.0,GEN,MED
20652,1,2021-05-15 16:20:00,2021-06-02 10:03:00,56.61833,-60.75833,54.96833,-58.595,425.7167,-1.65,2.16333,227.901,0.148704,142.71,PIN,MED
20652,2,2021-06-02 10:03:00,2021-06-07 10:11:00,54.96833,-58.595,55.23,-58.94,120.1333,0.26167,-0.345,36.4467,0.084274,323.11,GEN,MED
20653,1,2021-05-15 16:20:00,2021-06-02 10:03:00,56.78833,-60.72333,55.07667,-57.85,425.7167,-1.71166,2.87333,261.2159,0.170442,135.56,PIN,SM
20653,2,2021-06-02 10:03:00,2021-06-06 21:32:00,55.07667,-57.85,54.80667,-57.155,107.4833,-0.27,0.695,53.5896,0.138496,123.79,GEN,SM
20653,3,2021-06-06 21:32:00,2021-06-09 09:55:00,54.80667,-57.155,54.38833,-56.62833,60.3833,-0.41834,0.52667,57.5745,0.264857,143.68,GEN,MED
20654,1,2021-05-15 16:21:00,2021-06-02 10:03:00,56.69,-60.665,55.015,-58.23333,425.7,-1.675,2.43167,240.2311,0.156756,139.81,NTB,MED
20654,2,2021-06-02 10:03:00,2021-06-06 21:32:00,55.015,-58.23333,55.1,-58.37667,107.4833,0.085,-0.14334,13.1404,0.03396,316.05,GEN,MED
20654,3,2021-06-06 21:32:00,2021-06-09 21:26:00,55.1,-58.37667,55.23833,-57.75,71.9,0.13833,0.62667,42.6683,0.164844,68.61,GEN,MED
20655,1,2021-05-15 16:23:00,2021-06-02 10:03:00,56.70833,-60.66833,54.99,-58.13333,425.6667,-1.71833,2.535,248.0532,0.161872,139.31,BLK,MED
20656,1,2021-05-15 16:23:00,2021-06-02 10:03:00,56.66,-60.615,55.04667,-58.21,425.6667,-1.61333,2.405,233.8832,0.152625,139.08,DOM,MED
20656,2,2021-06-02 10:03:00,2021-06-06 21:32:00,55.04667,-58.21,55.11,-58.22167,107.4833,0.06333,-0.01167,7.081,0.0183,353.98,GEN,MED
20656,3,2021-06-06 21:32:00,2021-06-09 21:26:00,55.11,-58.22167,54.93667,-57.51167,71.9,-0.17333,0.71,49.1894,0.190038,112.78,GEN,MED
20656,4,2021-06-09 21:26:00,2021-06-14 10:03:00,54.93667,-57.51167,54.38167,-56.85333,108.6167,-0.555,0.65834,74.8427,0.191404,145.28,GEN,SM
20656,5,2021-06-14 10:03:00,2021-06-15 09:56:00,54.38167,-56.85333,54.31167,-56.79333,23.8833,-0.07,0.06,8.701,0.101198,153.43,GEN,MED
20657,1,2021-05-15 16:24:00,2021-06-02 10:03:00,56.69167,-60.59,54.81333,-57.80333,425.65,-1.87834,2.78667,272.0437,0.177535,138.98,DOM,MED
20657,2,2021-06-02 10:03:00,2021-06-10 15:15:00,54.81333,-57.80333,54.45167,-56.82,197.2,-0.36166,0.98333,74.9836,0.105623,122.03,GEN,MED
20657,3,2021-06-10 15:15:00,2021-06-14 10:03:00,54.45167,-56.82,54.32667,-56.61833,90.8,-0.125,0.20167,19.0706,0.058341,136.71,DOM,SM
20657,4,2021-06-14 10:03:00,2021-06-15 09:56:00,54.32667,-56.61833,54.32833,-56.61833,23.8833,0.00166,0.0,0.1846,0.002147,0.0,GEN,MED
20658,1,2021-05-15 16:24:00,2021-06-02 10:03:00,56.75167,-60.40833,54.75667,-57.16,425.65,-1.995,3.24833,300.8106,0.196308,136.15,TAB,SM
20658,2,2021-06-02 10:03:00,2021-06-03 09:56:00,54.75667,-57.16,54.47667,-56.84833,23.8833,-0.28,0.31167,37.0413,0.430813,147.07,GEN,MED
20658,3,2021-06-03 09:56:00,2021-06-06 21:32:00,54.47667,-56.84833,54.39,-56.63,83.6,-0.08667,0.21833,17.096,0.056805,124.22,GEN,SM
20658,4,2021-06-06 21:32:00,2021-06-09 09:55:00,54.39,-56.63,53.90833,-56.03667,60.3833,-0.48167,0.59333,66.0424,0.303811,143.95,GEN,MED
20659,1,2021-05-15 16:27:00,2021-05-26 10:11:00,56.57333,-60.53667,55.25833,-58.30833,257.7333,-1.315,2.22834,201.6291,0.21731,135.55,NTB,MED
20659,2,2021-05-26 10:11:00,2021-06-02 10:03:00,55.25833,-58.30833,54.68167,-57.55667,167.8667,-0.57666,0.75166,80.0819,0.132516,142.89,GEN,MED
20659,3,2021-06-02 10:03:00,2021-06-10 16:56:00,54.68167,-57.55667,54.54,-56.82,198.8833,-0.14167,0.73667,49.9855,0.069814,108.07,GEN,MED
20659,4,2021-06-10 16:56:00,2021-06-14 10:03:00,54.54,-56.82,54.41,-56.75,89.1167,-0.13,0.07,15.1464,0.047211,162.6,DD,MED
20660,1,2021-05-15 16:28:00,2021-05-26 10:11:00,56.61667,-59.84167,56.62333,-59.87167,257.7167,0.00666,-0.03,1.9791,0.002133,291.99,NTB,MED
20660,2,2021-05-26 10:11:00,2021-06-02 10:03:00,56.62333,-59.87167,55.54333,-57.38,167.8667,-1.08,2.49167,195.739,0.3239,126.8,GEN,MED
20661,1,2021-05-15 16:58:00,2021-05-21 10:03:00,56.15833,-59.85667,55.605,-58.215,137.0833,-0.55333,1.64167,119.4501,0.242047,120.32,DOM,MED
20662,1,2021-05-15 17:00:00,2021-05-17 21:48:00,56.09833,-59.89833,55.865,-59.67833,52.8,-0.23333,0.22,29.3335,0.154322,152.1,NTB,MED
20662,2,2021-05-17 21:48:00,2021-05-21 10:03:00,55.865,-59.67833,55.585,-58.25667,84.25,-0.28,1.42166,94.3111,0.31095,108.69,GEN,MED
20662,3,2021-05-21 10:03:00,2021-06-02 10:03:00,55.585,-58.25667,54.39,-56.62833,288.0,-1.195,1.62834,168.6581,0.162672,141.31,GEN,MED
20663,1,2021-05-15 17:01:00,2021-05-21 10:03:00,56.28167,-59.96333,55.67833,-58.315,137.0333,-0.60334,1.64833,122.5363,0.248391,122.51,PIN,SM
20664,1,2021-05-15 17:03:00,2021-05-21 10:03:00,56.25167,-60.16667,55.61833,-58.255,137.0,-0.63334,1.91167,138.3271,0.280468,119.81,DOM,MED
20665,1,2021-05-15 17:04:00,2021-05-28 16:08:00,56.28333,-60.30167,54.63,-57.145,311.0667,-1.65333,3.15667,270.8949,0.241905,131.42,NTB,SM
20666,1,2021-05-15 17:04:00,2021-06-02 10:03:00,56.28333,-60.305,54.99667,-58.36833,424.9833,-1.28666,1.93667,187.7113,0.122692,138.85,PIN,SM
20667,1,2021-05-15 17:05:00,2021-06-02 10:03:00,56.245,-60.33,55.045,-58.24667,424.9667,-1.2,2.08333,186.7844,0.122091,134.72,NTB,SM
20667,2,2021-06-02 10:03:00,2021-06-06 21:32:00,55.045,-58.24667,55.09667,-58.55833,107.4833,0.05167,-0.31166,20.6572,0.053386,286.28,GEN,SM
20668,1,2021-05-15 17:10:00,2021-06-02 10:03:00,56.11833,-60.18833,54.84167,-57.865,424.8833,-1.27666,2.32333,203.9041,0.133307,133.16,NTB,MED
20669,1,2021-05-15 17:11:00,2021-05-21 10:03:00,56.14833,-60.045,55.48667,-58.68167,136.8667,-0.66166,1.36333,112.5445,0.228415,130.26,TAB,LG
20669,2,2021-05-21 10:03:00,2021-05-28 16:12:00,55.48667,-58.68167,54.77167,-57.28833,174.15,-0.715,1.39334,119.022,0.189846,131.34,GEN,MED
20669,3,2021-05-28 16:12:00,2021-06-02 10:03:00,54.77167,-57.28833,54.29333,-56.73333,113.85,-0.47834,0.555,64.1191,0.156441,145.82,DD,MED
20670,1,2021-05-15 17:12:00,2021-06-02 10:03:00,55.97333,-60.39833,55.19833,-58.745,424.85,-0.775,1.65333,134.9824,0.088255,128.99,NTB,MED
20671,1,2021-05-15 17:13:00,2021-06-02 10:03:00,56.01,-60.21667,54.91167,-58.62833,424.8333,-1.09833,1.58834,157.9236,0.103259,139.99,NTB,SM
20671,2,2021-06-02 10:03:00,2021-06-07 10:11:00,54.91167,-58.62833,55.28833,-58.905,120.1333,0.37666,-0.27667,45.4309,0.105047,337.32,GEN,SM
20671,3,2021-06-07 10:11:00,2021-06-07 21:24:00,55.28833,-58.905,55.25167,-58.74833,11.2167,-0.03666,0.15667,10.7294,0.265711,112.26,GEN,MED
20672,1,2021-05-15 17:15:00,2021-06-02 10:03:00,55.955,-59.86667,54.84833,-57.20333,424.8,-1.10667,2.66334,208.3522,0.136242,125.09,PIN,LG
20672,2,2021-06-02 10:03:00,2021-06-03 09:56:00,54.84833,-57.20333,54.555,-56.85833,23.8833,-0.29333,0.345,39.4363,0.458669,145.66,GEN,LG
20672,3,2021-06-03 09:56:00,2021-06-06 21:32:00,54.555,-56.85833,54.29333,-56.74333,83.6,-0.26167,0.115,30.0324,0.099789,165.61,GEN,SM
20672,4,2021-06-06 21:32:00,2021-06-09 21:21:00,54.29333,-56.74333,53.89333,-56.83333,71.8167,-0.4,-0.09,44.8635,0.173526,187.55,GEN,MED
20672,5,2021-06-09 21:21:00,2021-06-21 09:56:00,53.89333,-56.83333,53.89333,-56.83333,276.5833,0.0,0.0,0.0,0.0,0.0,GEN,MED
20673,1,2021-05-15 17:16:00,2021-05-28 16:08:00,55.95333,-59.86333,54.60333,-57.17167,310.8667,-1.35,2.69166,227.1195,0.202945,130.25,DOM,MED
20673,2,2021-05-28 16:08:00,2021-06-03 09:56:00,54.60333,-57.17167,53.655,-56.34,137.8,-0.94833,0.83167,118.5557,0.238985,152.46,NTB,SM
20674,1,2021-05-15 17:17:00,2021-05-17 21:48:00,55.97667,-59.805,55.88,-59.70167,52.5167,-0.09667,0.10333,12.5291,0.066271,149.04,DOM,SM
20674,2,2021-05-17 21:48:00,2021-05-28 16:08:00,55.88,-59.70167,54.595,-57.18667,258.3333,-1.285,2.515,214.0817,0.230195,130.83,GEN,SM
20674,3,2021-05-28 16:08:00,2021-06-03 09:56:00,54.595,-57.18667,53.93833,-56.37167,137.8,-0.65667,0.815,90.1807,0.181787,143.73,NTB,GR
20675,1,2021-05-15 17:18:00,2021-05-28 09:55:00,55.96,-59.81333,54.555,-56.86,304.6167,-1.405,2.95333,243.7504,0.222274,128.63,TAB,VLG
20675,2,2021-05-28 09:55:00,2021-05-28 16:01:00,54.555,-56.86,54.45333,-56.735,6.1,-0.10167,0.125,13.8903,0.632529,144.43,GEN,LG
20676,1,2021-05-15 17:19:00,2021-05-28 09:55:00,55.95167,-59.80333,54.515,-56.90167,304.6,-1.43667,2.90166,243.6258,0.222173,129.77,DD,MED
20676,2,2021-05-28 09:55:00,2021-05-28 16:03:00,54.515,-56.90167,54.45333,-56.84833,6.1333,-0.06167,0.05334,7.6744,0.34757,153.3,GEN,MED
20676,3,2021-05-28 16:03:00,2021-06-02 10:03:00,54.45333,-56.84833,53.735,-56.04167,114.0,-0.71833,0.80666,95.6387,0.233038,146.31,DD,MED
20677,1,2021-05-15 17:20:00,2021-05-21 10:03:00,55.78833,-59.715,55.26,-58.75,136.7167,-0.52833,0.965,84.5006,0.171686,133.65,DD,MED
20677,2,2021-05-21 10:03:00,2021-06-02 10:03:00,55.26,-58.75,55.03333,-58.32333,288.0,-0.22667,0.42667,37.0185,0.035705,132.74,GEN,MED
20678,1,2021-05-15 17:22:00,2021-05-17 21:48:00,55.755,-59.66,55.60833,-59.49167,52.4333,-0.14667,0.16833,19.4253,0.10291,147.03,NTB,MED
20678,2,2021-05-17 21:48:00,2021-05-21 10:03:00,55.60833,-59.49167,55.27333,-58.78,84.25,-0.335,0.71167,58.3316,0.192323,129.39,GEN,MED
20678,3,2021-05-21 10:03:00,2021-06-02 10:03:00,55.27333,-58.78,55.04333,-58.34333,288.0,-0.23,0.43667,37.7304,0.036391,132.49,GEN,MED
20678,4,2021-06-02 10:03:00,2021-06-06 21:32:00,55.04333,-58.34333,55.06167,-58.315,107.4833,0.01834,0.02833,2.723,0.007037,41.49,GEN,MED
20678,5,2021-06-06 21:32:00,2021-06-09 21:26:00,55.06167,-58.315,55.185,-57.66833,71.9,0.12333,0.64667,43.3434,0.167453,71.29,GEN,MED
20679,1,2021-05-15 17:22:00,2021-05-17 21:48:00,55.75667,-59.65833,55.60333,-59.38833,52.4333,-0.15334,0.27,24.0261,0.127284,135.1,NTB,MED
20679,2,2021-05-17 21:48:00,2021-06-02 10:03:00,55.60333,-59.38833,54.89167,-57.77333,372.25,-0.71166,1.615,129.381,0.096546,127.04,GEN,MED
20679,3,2021-06-02 10:03:00,2021-06-06 21:32:00,54.89167,-57.77333,54.89,-57.77333,107.4833,-0.00167,0.0,0.1857,0.00048,180.0,GEN,MED
20679,4,2021-06-06 21:32:00,2021-06-09 09:55:00,54.89,-57.77333,54.48667,-56.935,60.3833,-0.40333,0.83833,70.1038,0.322494,129.43,GEN,MED
20679,5,2021-06-09 09:55:00,2021-06-09 21:21:00,54.48667,-56.935,54.29333,-56.74167,11.4333,-0.19334,0.19333,24.8769,0.604395,149.71,GEN,MED
20680,1,2021-05-15 17:22:00,2021-06-02 10:03:00,55.735,-59.59,54.86167,-57.75167,424.6833,-0.87333,1.83833,151.5596,0.099132,129.09,PIN,SM
20680,2,2021-06-02 10:03:00,2021-06-06 21:32:00,54.86167,-57.75167,54.545,-56.82333,107.4833,-0.31667,0.92834,69.2629,0.179002,120.18,GEN,SM
20680,3,2021-06-06 21:32:00,2021-06-09 09:55:00,54.545,-56.82333,54.245,-56.715,60.3833,-0.3,0.10833,34.0877,0.156811,168.08,GEN,SM
20681,1,2021-05-15 17:22:00,2021-06-02 10:03:00,55.73333,-59.595,54.765,-57.37667,424.6833,-0.96833,2.21833,177.0805,0.115825,126.53,BLK,MED
20681,2,2021-06-02 10:03:00,2021-06-03 09:56:00,54.765,-57.37667,54.55333,-56.86,23.8833,-0.21167,0.51667,40.7225,0.473628,125.1,GEN,MED
20681,3,2021-06-03 09:56:00,2021-06-06 21:32:00,54.55333,-56.86,54.245,-56.715,83.6,-0.30833,0.145,35.5463,0.11811,164.63,GEN,SM
20682,1,2021-05-15 17:22:00,2021-06-02 10:03:00,55.73333,-59.59167,54.86167,-57.75333,424.6833,-0.87166,1.83834,151.4431,0.099056,129.03,NTB,MED
20682,2,2021-06-02 10:03:00,2021-06-09 09:55:00,54.86167,-57.75333,54.54333,-56.82167,167.8667,-0.31834,0.93166,69.5421,0.115075,120.22,GEN,MED
20682,3,2021-06-09 09:55:00,2021-06-09 21:21:00,54.54333,-56.82167,54.38833,-56.63,11.4333,-0.155,0.19167,21.2246,0.51566,144.22,GEN,MED
20683,1,2021-05-15 17:22:00,2021-05-17 21:48:00,55.73333,-59.59167,55.625,-59.47333,52.4333,-0.10833,0.11834,14.1473,0.074949,148.32,NTB,SM
20683,2,2021-05-17 21:48:00,2021-05-21 10:03:00,55.625,-59.47333,55.22167,-58.835,84.25,-0.40333,0.63833,60.2817,0.198753,137.81,GEN,SM
20683,3,2021-05-21 10:03:00,2021-06-02 10:03:00,55.22167,-58.835,54.78167,-58.5,288.0,-0.44,0.335,53.3871,0.051492,156.27,GEN,SM
20683,4,2021-06-02 10:03:00,2021-06-07 10:11:00,54.78167,-58.5,55.225,-59.115,120.1333,0.44333,-0.615,62.9944,0.145659,321.75,GEN,SM
20684,1,2021-05-15 17:22:00,2021-05-28 09:55:00,55.775,-59.56167,54.62167,-56.96,304.55,-1.15333,2.60167,209.0411,0.190665,126.76,RAD,MED
20684,2,2021-05-28 09:55:00,2021-05-28 16:04:00,54.62167,-56.96,54.55667,-56.85833,6.15,-0.065,0.10167,9.7545,0.440582,137.77,GEN,MED
20684,3,2021-05-28 16:04:00,2021-06-02 10:03:00,54.55667,-56.85833,53.89167,-56.18833,113.9833,-0.665,0.67,85.8174,0.209137,149.23,WDG,MED
20684,4,2021-06-02 10:03:00,2021-06-03 09:56:00,53.89167,-56.18833,53.735,-56.04167,23.8833,-0.15667,0.14666,19.9046,0.231503,151.01,GEN,MED
20685,1,2021-05-15 17:23:00,2021-05-28 09:55:00,55.775,-59.56333,54.64833,-56.965,304.5333,-1.12667,2.59833,207.0237,0.188835,126.16,NTB,SM
20685,2,2021-05-28 09:55:00,2021-05-28 16:06:00,54.64833,-56.965,54.56333,-56.99667,6.1833,-0.085,-0.03167,9.6691,0.434373,192.19,GEN,SM
20686,1,2021-05-15 17:24:00,2021-05-21 10:03:00,55.65333,-59.46667,55.20167,-58.59333,136.65,-0.45166,0.87334,74.557,0.151557,131.99,NTB,SM
20686,2,2021-05-21 10:03:00,2021-06-02 10:03:00,55.20167,-58.59333,55.05,-58.64833,288.0,-0.15167,-0.055,17.2236,0.016612,191.74,GEN,SM
20686,3,2021-06-02 10:03:00,2021-06-06 21:32:00,55.05,-58.64833,54.9,-57.835,107.4833,-0.15,0.81333,54.5192,0.140898,107.48,GEN,SM
20687,1,2021-05-15 17:24:00,2021-05-21 10:03:00,55.81333,-59.55,55.275,-58.47,136.65,-0.53833,1.08,90.5493,0.184066,130.93,NTB,LG
20687,2,2021-05-21 10:03:00,2021-05-28 16:10:00,55.275,-58.47,54.68667,-57.26167,174.1167,-0.58833,1.20833,101.1137,0.161312,129.82,GEN,MED
20687,3,2021-05-28 16:10:00,2021-06-02 10:03:00,54.68667,-57.26167,53.94667,-56.63667,113.8833,-0.74,0.625,91.727,0.223735,153.52,NTB,SM
20687,4,2021-06-02 10:03:00,2021-06-03 09:56:00,53.94667,-56.63667,53.94,-56.37333,23.8833,-0.00667,0.26334,17.2509,0.200639,92.36,GEN,MED
20688,1,2021-05-15 17:25:00,2021-05-21 10:03:00,55.69167,-59.29,55.09833,-58.11333,136.6333,-0.59334,1.17667,99.3668,0.202014,131.12,PIN,MED
20688,2,2021-05-21 10:03:00,2021-05-28 09:55:00,55.09833,-58.11333,54.45333,-56.73,167.8667,-0.645,1.38333,114.0796,0.188774,128.39,GEN,MED
20688,3,2021-05-28 09:55:00,2021-05-28 16:02:00,54.45333,-56.73,54.39,-56.755,6.1167,-0.06333,-0.025,7.2253,0.328126,192.95,GEN,MED
20689,1,2021-05-15 17:25:00,2021-05-21 10:03:00,55.70167,-59.34,55.1,-58.375,136.6333,-0.60167,0.965,90.4883,0.183964,137.28,DOM,MED
20689,2,2021-05-21 10:03:00,2021-06-02 10:03:00,55.1,-58.375,54.91333,-58.01167,288.0,-0.18667,0.36333,31.1069,0.030003,131.71,GEN,MED
20690,1,2021-05-15 17:26:00,2021-05-26 10:11:00,55.82667,-59.53,55.16,-57.36167,256.75,-0.66667,2.16833,155.3978,0.168125,117.59,PIN,SM
20690,2,2021-05-26 10:11:00,2021-05-28 16:15:00,55.16,-57.36167,54.87667,-57.175,54.0667,-0.28333,0.18667,33.6774,0.173024,159.23,GEN,SM
20690,3,2021-05-28 16:15:00,2021-06-02 10:03:00,54.87667,-57.175,54.32833,-56.72667,113.8,-0.54834,0.44833,67.4646,0.164676,154.47,DOM,MED
20690,4,2021-06-02 10:03:00,2021-06-03 09:56:00,54.32833,-56.72667,54.245,-56.715,23.8833,-0.08333,0.01167,9.2968,0.108127,175.32,GEN,MED
20691,1,2021-05-15 17:35:00,2021-05-28 17:54:00,55.655,-57.93667,54.44333,-55.00667,312.3167,-1.21167,2.93,230.1603,0.204707,124.62,BLK,MED
20692,1,2021-05-15 17:36:00,2021-05-21 10:03:00,55.75167,-58.39333,55.51667,-57.38,136.45,-0.235,1.01333,68.7612,0.13998,111.92,NTB,MED
20692,2,2021-05-21 10:03:00,2021-05-28 17:04:00,55.51667,-57.38,54.38833,-55.84833,175.0167,-1.12834,1.53167,159.0743,0.252475,141.43,GEN,MED
20697,1,2021-05-15 17:45:00,2021-05-21 10:03:00,55.36667,-57.68333,55.30667,-57.25,136.3,-0.06,0.43333,28.2052,0.057482,103.5,NTB,MED
20697,2,2021-05-21 10:03:00,2021-05-28 09:55:00,55.30667,-57.25,54.55667,-56.455,167.8667,-0.75,0.795,97.6438,0.161576,148.33,GEN,MED
20698,1,2021-05-15 17:46:00,2021-05-21 10:03:00,55.32833,-57.67333,54.77667,-57.16167,136.2833,-0.55166,0.51166,69.4614,0.141579,151.81,NTB,MED
20698,2,2021-05-21 10:03:00,2021-05-28 09:56:00,54.77667,-57.16167,54.17667,-56.23167,167.8833,-0.6,0.93,89.7839,0.148555,137.61,GEN,MED
20698,3,2021-05-28 09:56:00,2021-05-28 15:49:00,54.17667,-56.23167,54.145,-56.16667,5.8833,-0.03167,0.065,5.5055,0.259937,129.74,GEN,SM
20698,4,2021-05-28 15:49:00,2021-06-03 09:56:00,54.145,-56.16667,53.23833,-55.41833,138.1167,-0.90667,0.74834,112.2117,0.225678,153.65,NTB,SM
20699,1,2021-05-15 17:47:00,2021-05-21 10:03:00,55.28167,-57.77,54.71167,-57.72833,136.2667,-0.57,0.04167,63.4368,0.129315,177.58,WDG,LG
20699,2,2021-05-21 10:03:00,2021-05-28 16:07:00,54.71167,-57.72833,54.60833,-57.14333,174.0667,-0.10334,0.585,39.3415,0.062782,106.74,GEN,MED
20699,3,2021-05-28 16:07:00,2021-06-03 09:56:00,54.60833,-57.14333,53.645,-56.29333,137.8167,-0.96333,0.85,120.5869,0.24305,152.31,NTB,SM
20701,1,2021-05-15 18:10:00,2021-05-16 09:55:00,54.63833,-56.46833,54.60333,-56.58167,15.75,-0.035,-0.11334,8.2698,0.145853,241.97,NTB,LG
20701,2,2021-05-16 09:55:00,2021-05-16 15:53:00,54.60333,-56.58167,54.6,-56.61833,5.9667,-0.00333,-0.03666,2.3901,0.111273,261.1,GEN,MED
20701,3,2021-05-16 15:53:00,2021-05-21 10:03:00,54.6,-56.61833,54.46,-56.73,114.1667,-0.14,-0.11167,17.1539,0.041737,204.88,WDG,MED
20701,4,2021-05-21 10:03:00,2021-05-28 15:43:00,54.46,-56.73,53.90667,-56.04667,173.6667,-0.55333,0.68333,75.9119,0.12142,143.87,GEN,LG
20701,5,2021-05-28 15:43:00,2021-06-03 09:56:00,53.90667,-56.04667,53.25,-55.425,138.2167,-0.65667,0.62167,83.7616,0.168338,150.41,NTB,MED
20705,1,2021-05-15 17:41:00,2021-05-28 17:01:00,55.62175,-57.97629,54.62167,-56.07,311.3333,-1.00008,1.90629,164.484,0.146756,131.75,NTB,GR
20713,1,2021-05-15 17:42:00,2021-05-28 17:50:00,55.5954,-57.85096,54.465,-54.66667,312.1333,-1.1304,3.18429,238.6756,0.212405,120.46,NTB,SM
20714,1,2021-05-16 09:56:00,2021-05-16 17:10:00,53.90667,-56.26333,53.90667,-56.25667,7.2333,0.0,0.00666,0.4363,0.016754,90.0,GEN,MED
20714,2,2021-05-16 17:10:00,2021-05-28 09:55:00,53.90667,-56.25667,53.905,-56.265,280.75,-0.00167,-0.00833,0.5764,0.00057,251.21,GEN,GEN
20714,3,2021-05-28 09:55:00,2021-05-28 15:49:00,53.905,-56.265,53.935,-55.98,5.9,0.03,0.285,18.9588,0.892598,79.75,GEN,MED
20714,4,2021-05-28 15:49:00,2021-06-03 09:56:00,53.935,-55.98,53.15667,-55.575,138.1167,-0.77833,0.405,90.5881,0.182189,162.66,NTB,SM
20714,5,2021-06-03 09:56:00,2021-06-05 14:26:00,53.15667,-55.575,53.04833,-55.49333,52.5,-0.10834,0.08167,13.2232,0.069964,155.62,GEN,SM
20714,6,2021-06-05 14:26:00,2021-06-09 21:21:00,53.04833,-55.49333,52.40833,-55.48333,102.9167,-0.64,0.01,71.1679,0.192086,179.45,GEN,SM
20714,7,2021-06-09 21:21:00,2021-06-12 12:49:00,52.40833,-55.48333,51.89833,-55.73,63.4667,-0.51,-0.24667,59.1536,0.258901,196.63,GEN,SM
20714,8,2021-06-12 12:49:00,2021-06-12 20:24:00,51.89833,-55.73,51.73333,-55.92,7.5833,-0.165,-0.19,22.521,0.824945,215.52,GEN,GEN
20721,1,2021-05-19 20:27:00,2021-05-24 10:27:00,59.22333,-63.31833,59.255,-63.22167,110.0,0.03167,0.09666,6.5284,0.016486,57.31,PIN,MED
20721,2,2021-05-24 10:27:00,2021-05-29 15:36:00,59.255,-63.22167,58.79333,-62.82167,125.15,-0.46167,0.4,56.2079,0.124757,155.8,GEN,MED
20722,1,2021-05-19 20:30:00,2021-05-29 15:36:00,58.82,-62.90667,58.60833,-61.96,235.1,-0.21167,0.94667,59.5159,0.07032,112.89,DOM,MED
20723,1,2021-05-19 20:31:00,2021-05-29 15:36:00,59.09,-63.04167,58.6,-62.36833,235.0833,-0.49,0.67334,66.8506,0.078992,144.3,WDG,MED
20724,1,2021-05-19 20:32:00,2021-05-29 15:36:00,58.82,-62.90667,58.60833,-61.96,235.0667,-0.21167,0.94667,59.5159,0.07033,112.89,NTB,MED
20725,1,2021-05-19 20:33:00,2021-05-29 15:36:00,59.01167,-63.11833,58.78833,-62.81167,235.05,-0.22334,0.30666,30.4461,0.035981,144.52,BLK,LG
20725,2,2021-05-29 15:36:00,2021-05-31 15:26:00,58.78833,-62.81167,58.59667,-62.55,47.8333,-0.19166,0.26167,26.13,0.151742,144.53,NTB,LG
20726,1,2021-05-19 20:36:00,2021-05-29 15:36:00,58.97167,-63.11667,58.76667,-62.85333,235.0,-0.205,0.26334,27.364,0.032345,146.3,DOM,LG
20727,1,2021-05-19 16:00:00,2021-05-31 15:26:00,59.95,-60.775,58.60167,-60.135,287.4333,-1.34833,0.64,154.2712,0.149089,166.09,DOM,MED
20728,1,2021-05-19 16:03:00,2021-05-24 10:27:00,60.12833,-61.47,60.06,-60.70167,114.4,-0.06833,0.76833,43.2676,0.105059,99.78,DOM,MED
20740,1,2021-05-19 15:36:00,2021-05-29 15:36:00,58.94,-62.88333,59.17333,-62.34,240.0,0.23333,0.54333,40.4743,0.046845,49.9,NTB,LG
20741,1,2021-05-19 15:36:00,2021-05-29 15:36:00,58.90667,-62.79,58.90667,-62.79,240.0,0.0,0.0,0.0,0.0,0.0,TAB,VLG
20742,1,2021-05-24 10:27:00,2021-05-26 10:11:00,58.69833,-60.52833,58.29167,-59.83833,47.7333,-0.40666,0.69,60.4333,0.351683,138.14,GEN,MED
20743,1,2021-05-24 10:27:00,2021-05-26 10:11:00,58.57833,-59.98667,58.24,-59.85833,47.7333,-0.33833,0.12834,38.3561,0.223208,168.71,GEN,MED
20743,2,2021-05-26 10:11:00,2021-05-31 15:26:00,58.24,-59.85833,57.81667,-59.88,125.25,-0.42333,-0.02167,47.0894,0.104434,181.56,GEN,MED
20744,1,2021-05-24 10:27:00,2021-05-29 15:36:00,58.48167,-60.59,58.16833,-61.37333,125.15,-0.31334,-0.78333,57.4961,0.127616,233.03,GEN,MED
20745,1,2021-05-24 10:27:00,2021-05-29 15:36:00,58.50167,-60.58,58.28167,-61.28333,125.15,-0.22,-0.70333,47.7335,0.105947,239.47,GEN,MED
20745,2,2021-05-29 15:36:00,2021-05-31 15:26:00,58.28167,-61.28333,57.98667,-61.175,47.8333,-0.295,0.10833,33.4132,0.194037,168.98,NTB,MED
20753,1,2021-05-26 10:11:00,2021-06-02 10:03:00,56.58,-60.56333,55.35667,-58.78,167.8667,-1.22333,1.78333,175.5431,0.29048,140.05,GEN,MED
20754,1,2021-05-26 10:11:00,2021-06-02 10:03:00,56.57667,-60.57833,55.215,-58.89333,167.8667,-1.36167,1.685,184.2749,0.304929,144.55,GEN,MED
20755,1,2021-05-26 10:11:00,2021-06-02 10:03:00,56.35333,-60.41333,55.21667,-58.85167,167.8667,-1.13666,1.56166,159.7059,0.264274,141.66,GEN,MED
20756,1,2021-05-26 10:11:00,2021-06-02 10:03:00,56.32,-60.42,55.22167,-58.835,167.8667,-1.09833,1.585,157.293,0.260281,140.27,GEN,MED
20757,1,2021-05-26 10:11:00,2021-06-02 10:03:00,56.14,-59.975,55.23,-58.54167,167.8667,-0.91,1.43333,135.3149,0.223913,137.8,GEN,MED
20758,1,2021-05-28 09:55:00,2021-05-28 15:51:00,54.27667,-56.005,54.14667,-56.00167,5.9333,-0.13,0.00333,14.457,0.676824,179.14,GEN,MED
20765,1,2021-05-28 15:37:00,2021-06-15 09:57:00,53.61333,-55.695,51.25667,-54.97833,426.3333,-2.35666,0.71667,266.5105,0.173645,169.21,NTB,SM
20766,1,2021-05-28 15:38:00,2021-06-06 21:31:00,53.71167,-55.67833,51.99167,-54.97333,221.8833,-1.72,0.705,197.0243,0.246656,165.82,NTB,SM
20768,1,2021-05-28 18:01:00,2021-06-03 09:56:00,53.81333,-55.44667,53.23,-55.415,135.9167,-0.58333,0.03167,64.8971,0.132633,178.14,NTB,SM
20771,1,2021-05-29 15:36:00,2021-05-31 15:26:00,58.6,-62.36833,58.355,-62.56667,47.8333,-0.245,-0.19834,29.5825,0.171792,203.03,NTB,MED
20785,1,2021-06-02 10:03:00,2021-06-03 09:56:00,53.945,-57.08,53.905,-56.73667,23.8833,-0.04,0.34333,22.9158,0.266525,101.05,GEN,SM
20786,1,2021-06-02 10:03:00,2021-06-03 09:56:00,54.095,-57.18167,53.94667,-57.135,23.8833,-0.14833,0.04667,16.773,0.19508,169.51,GEN,SM
20786,2,2021-06-03 09:56:00,2021-06-09 21:21:00,53.94667,-57.135,54.02,-57.035,155.4167,0.07333,0.1,10.4517,0.01868,38.69,GEN,SM
20787,1,2021-06-02 10:03:00,2021-06-03 09:56:00,54.365,-57.195,54.25,-57.02667,23.8833,-0.115,0.16833,16.8159,0.195579,139.43,GEN,SM
20787,2,2021-06-03 09:56:00,2021-06-15 09:56:00,54.25,-57.02667,54.13833,-56.915,288.0,-0.11167,0.11167,14.3861,0.013875,149.63,GEN,SM
20787,3,2021-06-15 09:56:00,2021-07-11 14:57:00,54.13833,-56.915,53.995,-56.57833,629.0167,-0.14333,0.33667,27.1412,0.011986,125.82,GEN,SM
20787,4,2021-07-11 14:57:00,2021-07-16 14:57:00,53.995,-56.57833,53.89667,-56.54,120.0,-0.09833,0.03833,11.2179,0.025967,167.06,NTB,MED
20787,5,2021-07-16 14:57:00,2021-07-29 21:41:00,53.89667,-56.54,53.81,-56.58167,318.7333,-0.08667,-0.04167,10.0173,0.00873,195.85,NTB,MED
20788,1,2021-06-02 10:03:00,2021-06-03 09:56:00,54.33833,-57.21667,54.15333,-57.00333,23.8833,-0.185,0.21334,24.8052,0.2885,145.94,GEN,SM
20788,2,2021-06-03 09:56:00,2021-06-09 09:55:00,54.15333,-57.00333,54.29333,-56.74167,143.9833,0.14,0.26166,23.0581,0.044484,47.43,GEN,SM
20789,1,2021-06-02 10:03:00,2021-06-10 15:13:00,54.64667,-57.675,54.43,-56.95167,197.1667,-0.21667,0.72333,52.5148,0.073985,117.01,GEN,MED
20789,2,2021-06-10 15:13:00,2021-06-14 10:03:00,54.43,-56.95167,54.28667,-56.75167,90.8333,-0.14333,0.2,20.5412,0.062817,140.8,DD,SM
20789,3,2021-06-14 10:03:00,2021-06-15 09:56:00,54.28667,-56.75167,54.29167,-56.74833,23.8833,0.005,0.00334,0.5967,0.00694,21.3,GEN,MED
20791,1,2021-06-02 10:03:00,2021-06-03 09:56:00,54.47667,-56.84833,54.39,-56.62833,23.8833,-0.08667,0.22,17.1853,0.199876,124.02,GEN,MED
20791,2,2021-06-03 09:56:00,2021-06-06 21:32:00,54.39,-56.62833,54.36333,-56.31,83.6,-0.02667,0.31833,20.8291,0.069209,98.06,GEN,SM
20791,3,2021-06-06 21:32:00,2021-06-21 09:56:00,54.36333,-56.31,53.36333,-54.94667,348.4,-1.0,1.36333,142.6699,0.11375,140.65,GEN,SM
20792,1,2021-06-02 10:03:00,2021-06-03 09:56:00,54.355,-57.09667,54.295,-56.81333,23.8833,-0.06,0.28334,19.5476,0.227351,109.84,GEN,SM
20793,1,2021-06-02 10:03:00,2021-06-14 10:03:00,54.265,-57.01667,54.24667,-56.73167,288.0,-0.01833,0.285,18.6244,0.017963,96.17,GEN,MED
20793,2,2021-06-14 10:03:00,2021-06-15 09:56:00,54.24667,-56.73167,54.24667,-56.73167,23.8833,0.0,0.0,0.0,0.0,0.0,GEN,MED
20794,1,2021-06-02 10:03:00,2021-06-03 09:56:00,54.09833,-57.18333,53.97167,-57.12,23.8833,-0.12666,0.06333,14.6786,0.170721,163.61,GEN,SM
20795,1,2021-06-02 10:03:00,2021-06-03 09:56:00,54.085,-57.255,53.98333,-57.15167,23.8833,-0.10167,0.10333,13.166,0.153128,149.13,GEN,SM
20795,2,2021-06-03 09:56:00,2021-06-06 21:32:00,53.98333,-57.15167,54.02,-57.035,83.6,0.03667,0.11667,8.6469,0.028731,61.82,GEN,SM
20798,1,2021-06-02 10:03:00,2021-06-03 09:56:00,53.98667,-57.15,53.89167,-57.015,23.8833,-0.095,0.135,13.772,0.160177,140.03,GEN,SM
20799,1,2021-06-02 10:03:00,2021-06-03 09:56:00,53.945,-57.07,53.785,-56.78167,23.8833,-0.16,0.28833,25.9607,0.301939,133.14,GEN,SM
20799,2,2021-06-03 09:56:00,2021-06-14 10:03:00,53.785,-56.78167,53.815,-56.61667,264.1167,0.03,0.165,11.3378,0.011924,72.82,GEN,SM
20800,1,2021-06-02 14:32:00,2021-06-09 09:55:00,55.515,-57.29167,54.86667,-55.75833,163.3833,-0.64833,1.53334,121.1153,0.205915,125.9,NTB,MED
20800,2,2021-06-09 09:55:00,2021-06-10 15:22:00,54.86667,-55.75833,54.74667,-55.57667,29.45,-0.12,0.18166,17.7081,0.167026,138.82,GEN,MED
20802,1,2021-06-02 14:38:00,2021-06-16 09:47:00,55.62333,-57.71,54.55333,-54.19833,331.15,-1.07,3.51167,253.134,0.212336,116.58,NTB,SM
20803,1,2021-06-02 14:40:00,2021-06-06 21:32:00,55.625,-57.70833,55.47,-56.81833,102.8667,-0.155,0.89,58.5783,0.158183,106.74,NTB,MED
20803,2,2021-06-06 21:32:00,2021-06-15 09:56:00,55.47,-56.81833,54.56333,-54.435,204.4,-0.90667,2.38333,182.3322,0.247788,122.58,GEN,MED
20803,3,2021-06-15 09:56:00,2021-06-16 09:47:00,54.56333,-54.435,54.58333,-54.335,23.85,0.02,0.1,6.8184,0.079413,70.92,GEN,MED
20805,1,2021-06-02 15:08:00,2021-06-07 10:11:00,56.61333,-59.80167,55.9,-59.18167,115.05,-0.71333,0.62,88.0783,0.212657,153.97,NTB,MED
20806,1,2021-06-02 15:10:00,2021-06-14 10:03:00,56.79,-59.375,55.805,-57.88667,282.8833,-0.985,1.48833,142.9229,0.140343,139.4,NTB,SM
20806,2,2021-06-14 10:03:00,2021-06-19 10:11:00,55.805,-57.88667,55.78833,-57.11667,120.1333,-0.01667,0.77,48.1652,0.11137,91.89,GEN,SM
20807,1,2021-06-02 15:13:00,2021-06-07 10:11:00,56.67167,-59.85667,55.89333,-59.52333,114.9667,-0.77834,0.33334,88.9592,0.21494,166.49,NTB,MED
20808,1,2021-06-02 15:15:00,2021-06-07 10:11:00,57.00333,-60.425,56.555,-60.44,114.9333,-0.44833,-0.015,49.8604,0.120506,181.06,NTB,MED
20809,1,2021-06-02 15:16:00,2021-06-07 10:11:00,57.44,-60.55333,57.42167,-59.64167,114.9167,-0.01833,0.91166,54.6079,0.131999,91.75,NTB,MED
20809,2,2021-06-07 10:11:00,2021-06-15 15:26:00,57.42167,-59.64167,57.165,-59.93667,197.25,-0.25667,-0.295,33.5962,0.047312,211.97,GEN,SM
20809,3,2021-06-15 15:26:00,2021-06-19 10:11:00,57.165,-59.93667,56.72667,-59.97333,90.75,-0.43833,-0.03666,48.7908,0.149344,182.63,NTB,SM
20809,4,2021-06-19 10:11:00,2021-06-23 21:41:00,56.72667,-59.97333,56.16167,-60.13667,107.5,-0.565,-0.16334,63.6222,0.164398,189.15,GEN,SM
20809,5,2021-06-23 21:41:00,2021-06-24 10:20:00,56.16167,-60.13667,56.16,-60.13333,12.65,-0.00167,0.00334,0.2779,0.006103,131.92,GEN,SM
20810,1,2021-06-02 15:19:00,2021-06-07 10:11:00,57.955,-60.65333,57.92667,-59.95333,114.8667,-0.02833,0.7,41.4349,0.1002,94.06,NTB,MED
20810,2,2021-06-07 10:11:00,2021-07-06 08:07:00,57.92667,-59.95333,57.51,-59.16667,693.9333,-0.41667,0.78666,65.7954,0.026338,134.43,GEN,LG
20810,3,2021-07-06 08:07:00,2021-07-25 15:26:00,57.51,-59.16667,57.15167,-59.645,463.3167,-0.35833,-0.47833,49.1104,0.029444,215.98,GEN,LG
20811,1,2021-06-02 15:27:00,2021-06-07 10:11:00,57.83,-59.79833,57.43833,-59.505,114.7333,-0.39167,0.29333,46.9213,0.1136,158.03,NTB,GR
20811,2,2021-06-07 10:11:00,2021-06-15 15:26:00,57.43833,-59.505,57.10333,-59.78,197.25,-0.335,-0.275,40.7543,0.057392,204.05,GEN,SM
20811,3,2021-06-15 15:26:00,2021-06-19 10:11:00,57.10333,-59.78,56.65333,-59.905,90.75,-0.45,-0.125,50.6108,0.154915,188.68,NTB,SM
20811,4,2021-06-19 10:11:00,2021-06-23 21:41:00,56.65333,-59.905,55.95667,-59.64,107.5,-0.69666,0.265,79.171,0.204576,167.97,GEN,SM
20811,5,2021-06-23 21:41:00,2021-06-24 10:20:00,55.95667,-59.64,55.89667,-59.50833,12.65,-0.06,0.13167,10.5733,0.232177,129.07,GEN,SM
20814,1,2021-06-02 15:44:00,2021-06-07 10:11:00,58.68333,-60.84333,57.96833,-59.43167,114.45,-0.715,1.41166,114.5139,0.277933,133.37,TAB,LG
20814,2,2021-06-07 10:11:00,2021-06-29 02:15:00,57.96833,-59.43167,58.03667,-60.38667,520.0667,0.06834,-0.955,56.7791,0.030327,278.1,GEN,VLG
20814,3,2021-06-29 02:15:00,2021-07-06 08:07:00,58.03667,-60.38667,57.53,-59.18167,173.8667,-0.50667,1.205,90.9745,0.145345,127.75,PIN,LG
20814,4,2021-07-06 08:07:00,2021-07-28 21:34:00,57.53,-59.18167,57.59833,-59.28333,541.45,0.06833,-0.10166,9.7205,0.004987,321.45,PIN,LG
20815,1,2021-06-02 15:44:00,2021-06-07 10:11:00,58.82833,-59.91667,57.98167,-60.03167,114.45,-0.84666,-0.115,94.3823,0.229072,184.12,NTB,SM
20815,2,2021-06-07 10:11:00,2021-06-19 10:11:00,57.98167,-60.03167,57.46167,-60.22,288.0,-0.52,-0.18833,58.8929,0.056803,191.03,GEN,SM
20816,1,2021-06-02 15:46:00,2021-06-07 10:11:00,59.00667,-60.09167,58.11333,-59.76333,114.4167,-0.89334,0.32834,101.1435,0.245554,169.01,NTB,SM
20817,1,2021-06-02 15:48:00,2021-06-07 10:11:00,59.035,-60.30667,57.94,-59.66167,114.3833,-1.095,0.645,127.3971,0.309381,162.61,NTB,MED
20818,1,2021-06-02 15:49:00,2021-06-07 10:11:00,59.14167,-60.86167,58.14333,-59.96333,114.3667,-0.99834,0.89834,122.575,0.297715,154.52,NTB,MED
20818,2,2021-06-07 10:11:00,2021-07-06 08:07:00,58.14333,-59.96333,57.51667,-59.00833,693.9333,-0.62666,0.955,89.7324,0.035919,140.54,GEN,MED
20819,1,2021-06-02 15:50:00,2021-06-07 10:11:00,59.04667,-60.44667,57.96167,-60.07333,114.35,-1.085,0.37334,122.5799,0.29777,169.65,NTB,SM
20819,2,2021-06-07 10:11:00,2021-06-15 15:26:00,57.96167,-60.07333,57.32,-60.05167,197.25,-0.64167,0.02166,71.3621,0.100496,178.96,GEN,MED
20819,3,2021-06-15 15:26:00,2021-06-19 10:11:00,57.32,-60.05167,57.34667,-60.235,90.75,0.02667,-0.18333,11.3956,0.034881,285.16,NTB,SM
20819,4,2021-06-19 10:11:00,2021-06-24 10:20:00,57.34667,-60.235,56.63833,-60.66167,120.15,-0.70834,-0.42667,82.8952,0.191648,198.35,GEN,MED
20825,1,2021-06-02 15:56:00,2021-06-24 10:19:00,59.395,-60.97,57.69833,-61.19333,522.3833,-1.69667,-0.22333,189.1053,0.100557,184.02,NTB,LG
20825,2,2021-06-24 10:19:00,2021-06-29 02:15:00,57.69833,-61.19333,57.56833,-61.09,111.9333,-0.13,0.10333,15.7096,0.038985,156.91,GEN,MED
20825,3,2021-06-29 02:15:00,2021-07-06 10:20:00,57.56833,-61.09,56.77333,-60.805,176.0833,-0.795,0.285,90.0538,0.142063,168.88,RAD,RAD
20825,4,2021-07-06 10:20:00,2021-07-12 15:16:00,56.77333,-60.805,56.40167,-60.08,148.9333,-0.37166,0.725,60.6507,0.113121,132.65,GEN,MED
20825,5,2021-07-12 15:16:00,2021-07-13 10:11:00,56.40167,-60.08,56.175,-59.85333,18.9167,-0.22667,0.22667,28.8263,0.423294,150.87,NTB,SM
20827,1,2021-06-02 15:57:00,2021-06-29 02:15:00,59.395,-60.57167,57.94,-60.76167,634.3,-1.455,-0.19,162.161,0.071015,183.97,NTB,SM
20827,2,2021-06-29 02:15:00,2021-07-06 11:04:00,57.94,-60.76167,57.78167,-59.80167,176.8167,-0.15833,0.96,59.4529,0.0934,106.82,RAD,RAD
20827,3,2021-07-06 11:04:00,2021-07-20 15:26:00,57.78167,-59.80167,57.25333,-59.80333,340.3667,-0.52834,-0.00166,58.7488,0.047946,180.1,RAD,RAD
20827,4,2021-07-20 15:26:00,2021-07-25 15:26:00,57.25333,-59.80333,56.92833,-59.70833,120.0,-0.325,0.095,36.5912,0.084702,170.94,NTB,SM
20827,5,2021-07-25 15:26:00,2021-07-30 21:49:00,56.92833,-59.70833,56.64167,-58.87833,126.3833,-0.28666,0.83,59.7649,0.131357,121.88,NTB,SM
20827,6,2021-07-30 21:49:00,2021-08-08 21:24:00,56.64167,-58.87833,55.69667,-56.87167,215.5833,-0.945,2.00666,162.6961,0.209633,129.39,GEN,GEN
20828,1,2021-06-02 15:57:00,2021-06-28 15:36:00,59.42333,-60.875,57.60833,-60.85833,623.65,-1.815,0.01667,201.8211,0.089892,179.72,WDG,MED
20828,2,2021-06-28 15:36:00,2021-06-29 01:35:00,57.60833,-60.85833,57.55333,-60.7,9.9833,-0.055,0.15833,11.2466,0.312928,122.87,NTB,LG
20828,3,2021-06-29 01:35:00,2021-07-06 10:20:00,57.55333,-60.7,56.43167,-60.75833,176.75,-1.12166,-0.05833,124.7729,0.196091,181.65,RAD,RAD
20828,4,2021-07-06 10:20:00,2021-07-12 15:16:00,56.43167,-60.75833,56.27167,-59.915,148.9333,-0.16,0.84333,54.9207,0.102433,108.55,GEN,MED
20828,5,2021-07-12 15:16:00,2021-07-13 10:11:00,56.27167,-59.915,56.14,-59.525,18.9167,-0.13167,0.39,28.2164,0.414337,121.1,NTB,MED
20828,6,2021-07-13 10:11:00,2021-07-20 10:03:00,56.14,-59.525,55.815,-58.20167,167.8667,-0.325,1.32333,89.9119,0.148782,113.15,GEN,MED
20829,1,2021-06-02 15:58:00,2021-06-28 15:36:00,59.39167,-60.90833,57.41667,-60.71333,623.6333,-1.975,0.195,219.9034,0.097949,176.96,TAB,MED
20829,2,2021-06-28 15:36:00,2021-06-29 02:15:00,57.41667,-60.71333,57.33167,-60.7,10.65,-0.085,0.01333,9.4853,0.247399,175.16,NTB,LG
20829,3,2021-06-29 02:15:00,2021-07-06 10:20:00,57.33167,-60.7,56.17167,-60.23,176.0833,-1.16,0.47,132.1295,0.208439,167.28,RAD,RAD
20829,4,2021-07-06 10:20:00,2021-07-12 15:16:00,56.17167,-60.23,55.70333,-59.43,148.9333,-0.46834,0.8,72.0716,0.134422,135.93,GEN,MED
20829,5,2021-07-12 15:16:00,2021-07-13 10:11:00,55.70333,-59.43,55.60167,-59.21667,18.9167,-0.10166,0.21333,17.5188,0.25725,130.1,NTB,LG
20829,6,2021-07-13 10:11:00,2021-07-24 21:32:00,55.60167,-59.21667,54.60667,-57.09833,275.35,-0.995,2.11834,174.3416,0.175879,128.52,GEN,MED
20830,1,2021-06-02 15:58:00,2021-06-24 10:19:00,59.54,-61.165,57.75667,-61.41,522.35,-1.78333,-0.245,198.8028,0.10572,184.19,DD,MED
20830,2,2021-06-24 10:19:00,2021-06-28 15:36:00,57.75667,-61.41,57.65,-61.07,101.2833,-0.10667,0.34,23.4249,0.064245,120.28,GEN,MED
20832,1,2021-06-02 16:00:00,2021-06-28 15:36:00,59.45167,-60.96333,57.41167,-60.79833,623.6,-2.04,0.165,227.0407,0.101134,177.5,NTB,MED
20832,2,2021-06-28 15:36:00,2021-06-29 02:15:00,57.41167,-60.79833,57.39667,-60.75333,10.65,-0.015,0.045,3.1699,0.082678,121.73,NTB,LG
20832,3,2021-06-29 02:15:00,2021-07-06 10:20:00,57.39667,-60.75333,56.625,-60.47833,176.0833,-0.77167,0.275,87.406,0.137886,168.9,RAD,RAD
20832,4,2021-07-06 10:20:00,2021-07-12 15:16:00,56.625,-60.47833,56.08,-59.89167,148.9333,-0.545,0.58666,70.5611,0.131605,148.94,GEN,MED
20832,5,2021-07-12 15:16:00,2021-07-13 10:11:00,56.08,-59.89167,56.07167,-59.78167,18.9167,-0.00833,0.11,6.8889,0.101158,97.68,NTB,LG
20832,6,2021-07-13 10:11:00,2021-07-20 10:03:00,56.07167,-59.78167,55.25667,-58.14333,167.8667,-0.815,1.63834,137.0013,0.226703,130.73,GEN,MED
20832,7,2021-07-20 10:03:00,2021-07-24 21:32:00,55.25667,-58.14333,55.01667,-56.94,107.4833,-0.24,1.20333,81.006,0.20935,108.74,GEN,SM
20833,1,2021-06-02 16:00:00,2021-06-29 03:06:00,59.625,-60.63833,58.08167,-60.86333,635.1,-1.54333,-0.225,172.0974,0.075271,184.41,NTB,SM
20833,2,2021-06-29 03:06:00,2021-07-06 11:04:00,58.08167,-60.86333,57.84,-59.915,175.9667,-0.24167,0.94833,62.0598,0.097966,115.26,RAD,RAD
20833,3,2021-07-06 11:04:00,2021-07-20 15:26:00,57.84,-59.915,57.65333,-59.55667,340.3667,-0.18667,0.35833,29.7149,0.024251,134.16,RAD,RAD
20834,1,2021-06-02 16:04:00,2021-06-29 04:45:00,59.71833,-60.85,58.25667,-60.93833,636.6833,-1.46166,-0.08833,162.6079,0.070944,181.82,NTB,SM
20835,1,2021-06-02 16:06:00,2021-06-21 12:30:00,60.10667,-61.3,59.71167,-60.36833,452.4,-0.395,0.93167,68.0207,0.041765,129.81,DD,LG
20835,2,2021-06-21 12:30:00,2021-07-13 15:35:00,59.71167,-60.36833,58.165,-60.25333,531.0833,-1.54667,0.115,172.1083,0.09002,177.75,NTB,LG
20836,1,2021-06-02 16:12:00,2021-06-21 11:11:00,59.93667,-61.185,59.35333,-60.53167,450.9833,-0.58334,0.65333,74.5325,0.045907,150.21,NTB,SM
20836,2,2021-06-21 11:11:00,2021-06-24 10:19:00,59.35333,-60.53167,59.25833,-60.45167,71.1333,-0.095,0.08,11.4981,0.044901,156.7,NTB,SM
20836,3,2021-06-24 10:19:00,2021-07-06 13:33:00,59.25833,-60.45167,58.275,-59.84,291.2333,-0.98333,0.61167,114.887,0.109579,161.86,GEN,MED
20837,1,2021-06-02 16:13:00,2021-06-09 21:59:00,60.06833,-62.06833,60.395,-62.285,173.7667,0.32667,-0.21667,38.2429,0.061134,341.87,NTB,SM
20838,1,2021-06-02 16:15:00,2021-06-09 21:59:00,60.03167,-62.01167,60.265,-61.895,173.7333,0.23333,0.11667,26.7366,0.042748,13.93,NTB,MED
20838,2,2021-06-09 21:59:00,2021-06-21 14:50:00,60.265,-61.895,59.98083,-60.9034,280.85,-0.28417,0.9916,63.3651,0.062672,119.48,GEN,MED
20838,3,2021-06-21 14:50:00,2021-07-13 15:35:00,59.98083,-60.9034,58.92,-60.18,528.75,-1.06083,0.7234,124.8417,0.065585,160.57,NTB,MED
20839,1,2021-06-02 16:17:00,2021-06-21 14:50:00,59.97,-61.79167,59.9711,-61.03497,454.55,0.0011,0.7567,42.108,0.025732,89.51,NTB,SM
20841,1,2021-06-02 16:20:00,2021-06-09 21:59:00,60.43667,-62.66,60.57333,-62.28333,173.65,0.13666,0.37667,25.6155,0.040976,53.45,NTB,VLG
20842,1,2021-06-02 16:21:00,2021-06-09 21:59:00,59.75333,-62.08667,59.32833,-62.02333,173.6333,-0.425,0.06334,47.3925,0.075818,175.65,NTB,LG
20842,2,2021-06-09 21:59:00,2021-06-28 15:36:00,59.32833,-62.02333,58.43333,-61.43167,449.6167,-0.895,0.59166,105.1665,0.064973,160.88,GEN,MED
20842,3,2021-06-28 15:36:00,2021-06-29 05:55:00,58.43333,-61.43167,58.51833,-61.37333,14.3167,0.085,0.05834,10.0417,0.194834,19.72,NTB,LG
20842,4,2021-06-29 05:55:00,2021-07-13 10:11:00,58.51833,-61.37333,56.57833,-60.46167,340.2667,-1.94,0.91166,222.4651,0.18161,165.46,PIN,SM
20842,5,2021-07-13 10:11:00,2021-07-17 21:41:00,56.57833,-60.46167,56.07333,-60.14,107.5,-0.505,0.32167,59.5526,0.153883,160.41,GEN,MED
20844,1,2021-06-02 16:25:00,2021-06-24 10:19:00,59.755,-62.28333,60.09333,-61.60667,521.9,0.33833,0.67666,53.264,0.028349,44.77,NTB,LG
20846,1,2021-06-02 16:26:00,2021-06-29 07:43:00,59.755,-62.35833,59.95667,-62.10167,639.2833,0.20167,0.25666,26.6132,0.011564,32.47,NTB,MED
20847,1,2021-06-02 16:31:00,2021-06-09 21:59:00,59.95667,-63.86667,59.915,-63.69833,173.4667,-0.04167,0.16834,10.4597,0.016749,116.22,NTB,VLG
20848,1,2021-06-02 16:32:00,2021-06-29 11:40:00,59.85667,-64.01667,59.75333,-63.625,643.1333,-0.10334,0.39167,24.7351,0.010683,117.51,PIN,MED
20848,2,2021-06-29 11:40:00,2021-07-29 10:42:00,59.75333,-63.625,59.045,-63.05167,719.0333,-0.70833,0.57333,85.1858,0.032909,157.36,NTB,MED
20848,3,2021-07-29 10:42:00,2021-07-30 21:51:00,59.045,-63.05167,59.045,-63.05667,35.15,0.0,-0.005,0.286,0.00226,270.0,GEN,GEN
20848,4,2021-07-30 21:51:00,2021-07-31 10:26:00,59.045,-63.05667,59.035,-63.08333,12.5833,-0.01,-0.02666,1.8874,0.041664,233.91,GEN,GEN
20848,5,2021-07-31 10:26:00,2021-08-02 10:43:00,59.035,-63.08333,58.97167,-62.97833,48.2833,-0.06333,0.105,9.2597,0.053272,139.46,GEN,GEN
20848,6,2021-08-02 10:43:00,2021-08-03 10:18:00,58.97167,-62.97833,58.97,-62.97333,23.5833,-0.00167,0.005,0.3415,0.004022,122.94,GEN,GEN
20848,7,2021-08-03 10:18:00,2021-08-03 21:51:00,58.97,-62.97333,58.97,-62.975,11.55,0.0,-0.00167,0.0957,0.002302,270.0,GEN,GEN
20848,8,2021-08-03 21:51:00,2021-08-14 21:42:00,58.97,-62.975,59.33167,-63.21667,263.85,0.36167,-0.24167,42.511,0.044755,341.19,GEN,GEN
20848,9,2021-08-14 21:42:00,2021-08-21 10:34:00,59.33167,-63.21667,59.22,-62.68,156.8667,-0.11167,0.53667,32.9198,0.058294,111.93,GEN,GEN
20848,10,2021-08-21 10:34:00,2021-08-23 21:51:00,59.22,-62.68,59.135,-62.42667,59.2833,-0.085,0.25333,17.2525,0.080838,123.11,GEN,GEN
20848,11,2021-08-23 21:51:00,2021-08-24 10:27:00,59.135,-62.42667,59.12667,-62.48,12.6,-0.00833,-0.05333,3.1804,0.070116,253.09,GEN,GEN
20851,1,2021-06-02 16:35:00,2021-06-09 21:59:00,59.775,-63.21,59.74667,-63.13833,173.4,-0.02833,0.07167,5.1021,0.008173,128.1,NTB,MED
20851,2,2021-06-09 21:59:00,2021-06-29 10:42:00,59.74667,-63.13833,59.59833,-62.79833,468.7167,-0.14834,0.34,25.2289,0.014952,130.68,GEN,MED
20852,1,2021-06-02 16:36:00,2021-06-29 10:42:00,59.75833,-63.65333,59.69333,-62.87167,642.1,-0.065,0.78166,44.4098,0.019212,99.03,NTB,LG
20852,2,2021-06-29 10:42:00,2021-07-29 10:42:00,59.69333,-62.87167,59.28833,-63.06833,720.0,-0.405,-0.19666,46.3821,0.017894,193.93,NTB,LG
20854,1,2021-06-02 16:38:00,2021-06-09 21:59:00,59.48,-62.68,59.14833,-62.38,173.35,-0.33167,0.3,40.6194,0.065089,155.09,NTB,MED
20854,2,2021-06-09 21:59:00,2021-06-28 15:36:00,59.14833,-62.38,58.62167,-62.565,449.6167,-0.52666,-0.185,59.5188,0.036771,190.37,GEN,MED
20854,3,2021-06-28 15:36:00,2021-06-29 07:47:00,58.62167,-62.565,59.07,-62.02833,16.1833,0.44833,0.53667,58.6368,1.006468,31.54,NTB,SM
20855,1,2021-06-02 16:39:00,2021-06-29 09:10:00,59.59667,-62.42,59.28667,-62.8,640.5167,-0.31,-0.38,40.6165,0.017614,212.1,NTB,SM
20856,1,2021-06-02 16:40:00,2021-06-29 09:55:00,59.575,-62.40333,59.27833,-62.77667,641.25,-0.29667,-0.37334,39.1672,0.016967,212.78,NTB,SM
20857,1,2021-06-02 16:41:00,2021-06-09 21:59:00,59.42667,-62.41,59.405,-62.115,173.3,-0.02167,0.295,16.8631,0.027029,98.09,NTB,LG
20857,2,2021-06-09 21:59:00,2021-06-24 10:19:00,59.405,-62.115,59.05667,-61.45,348.3333,-0.34833,0.665,54.1402,0.043174,135.39,GEN,MED
20857,3,2021-06-24 10:19:00,2021-06-28 15:36:00,59.05667,-61.45,58.55333,-61.61333,101.2833,-0.50334,-0.16333,56.7538,0.155652,189.61,GEN,MED
20857,4,2021-06-28 15:36:00,2021-06-29 06:15:00,58.55333,-61.61333,58.835,-60.92833,14.65,0.28167,0.685,50.4708,0.956975,51.35,NTB,LG
20857,5,2021-06-29 06:15:00,2021-07-13 10:11:00,58.835,-60.92833,56.80833,-60.26833,339.9333,-2.02667,0.66,228.7165,0.186896,169.88,DD,MED
20857,6,2021-07-13 10:11:00,2021-07-17 21:41:00,56.80833,-60.26833,56.14833,-60.115,107.5,-0.66,0.15333,73.9901,0.191189,172.63,GEN,MED
20857,7,2021-07-17 21:41:00,2021-07-25 15:26:00,56.14833,-60.115,55.64667,-59.23333,185.75,-0.50166,0.88167,78.3124,0.117111,135.06,GEN,MED
20857,8,2021-07-25 15:26:00,2021-07-28 19:49:00,55.64667,-59.23333,55.52333,-58.18333,76.3833,-0.12334,1.05,67.3972,0.245099,101.31,NTB,LG
20857,9,2021-07-28 19:49:00,2021-07-30 21:49:00,55.52333,-58.18333,55.42833,-57.985,50.0,-0.095,0.19833,16.3648,0.090916,130.12,GEN,SM
20857,10,2021-07-30 21:49:00,2021-08-01 21:34:00,55.42833,-57.985,55.46,-57.78833,47.75,0.03167,0.19667,12.8943,0.075011,74.07,GEN,GEN
20857,11,2021-08-01 21:34:00,2021-08-02 10:10:00,55.46,-57.78833,55.45,-57.685,12.6,-0.01,0.10333,6.6095,0.145712,99.64,GEN,GEN
20857,12,2021-08-02 10:10:00,2021-08-02 21:42:00,55.45,-57.685,55.44667,-57.60667,11.5333,-0.00333,0.07833,4.9537,0.119308,94.25,GEN,GEN
20857,13,2021-08-02 21:42:00,2021-08-03 21:49:00,55.44667,-57.60667,55.45167,-57.55167,24.1167,0.005,0.055,3.5127,0.04046,80.87,GEN,GEN
20857,14,2021-08-03 21:49:00,2021-08-04 09:56:00,55.45167,-57.55167,55.465,-57.46333,12.1167,0.01333,0.08834,5.7635,0.13213,75.06,GEN,GEN
20857,15,2021-08-04 09:56:00,2021-08-04 21:26:00,55.465,-57.46333,55.45,-57.42333,11.5,-0.015,0.04,3.0236,0.073035,123.46,GEN,GEN
20857,16,2021-08-04 21:26:00,2021-08-05 10:02:00,55.45,-57.42333,55.48167,-57.39167,12.6,0.03167,0.03166,4.0477,0.089236,29.53,GEN,GEN
20857,17,2021-08-05 10:02:00,2021-08-05 21:34:00,55.48167,-57.39167,55.52,-57.44333,11.5333,0.03833,-0.05166,5.362,0.129143,322.66,GEN,GEN
20857,18,2021-08-05 21:34:00,2021-08-06 10:10:00,55.52,-57.44333,55.56167,-57.43167,12.6,0.04167,0.01166,4.6912,0.103422,8.99,GEN,GEN
20857,19,2021-08-06 10:10:00,2021-08-08 09:55:00,55.56167,-57.43167,55.49833,-56.72667,47.75,-0.06334,0.705,44.9235,0.261335,98.73,GEN,GEN
20857,20,2021-08-08 09:55:00,2021-08-09 21:32:00,55.49833,-56.72667,55.39167,-56.23667,35.6167,-0.10666,0.49,33.1016,0.258162,110.79,GEN,GEN
20858,1,2021-06-02 16:42:00,2021-06-29 08:10:00,59.50667,-62.36167,59.18167,-62.01167,639.4667,-0.325,0.35,41.2279,0.017909,151.08,NTB,SM
20859,1,2021-06-02 16:43:00,2021-06-09 21:59:00,59.99,-63.12667,59.94167,-63.08833,173.2667,-0.04833,0.03834,5.7822,0.00927,158.33,NTB,LG
20860,1,2021-06-02 16:44:00,2021-06-29 07:52:00,59.23667,-62.77,58.92167,-62.165,639.1333,-0.315,0.605,49.2117,0.021388,135.12,NTB,SM
20862,1,2021-06-02 16:47:00,2021-06-09 21:59:00,58.89167,-62.81833,58.76333,-62.785,173.2,-0.12834,0.03333,14.3991,0.023093,172.33,TAB,VLG
20862,2,2021-06-09 21:59:00,2021-06-28 15:36:00,58.76333,-62.785,58.60167,-62.86167,449.6167,-0.16166,-0.07667,18.5139,0.011438,193.88,GEN,MED
20862,3,2021-06-28 15:36:00,2021-07-25 15:26:00,58.60167,-62.86167,58.22167,-61.93167,647.8333,-0.38,0.93,68.6982,0.029456,127.56,NTB,MED
20862,4,2021-07-25 15:26:00,2021-07-31 10:26:00,58.22167,-61.93167,57.615,-61.35333,139.0,-0.60667,0.57834,75.6121,0.151103,152.9,NTB,MED
20862,5,2021-07-31 10:26:00,2021-08-07 10:17:00,57.615,-61.35333,57.62167,-61.335,167.85,0.00667,0.01833,1.3197,0.002184,55.8,GEN,GEN
20862,6,2021-08-07 10:17:00,2021-08-07 21:50:00,57.62167,-61.335,57.58,-61.23833,11.55,-0.04167,0.09667,7.392,0.177778,128.78,GEN,GEN
20862,7,2021-08-07 21:50:00,2021-08-13 21:34:00,57.58,-61.23833,57.00333,-60.985,143.7333,-0.57667,0.25333,65.9045,0.127367,166.54,GEN,GEN
20862,8,2021-08-13 21:34:00,2021-08-14 10:10:00,57.00333,-60.985,56.96167,-60.94,12.6,-0.04166,0.045,5.3752,0.118501,149.5,GEN,GEN
20862,9,2021-08-14 10:10:00,2021-08-15 10:19:00,56.96167,-60.94,56.91833,-60.92167,24.15,-0.04334,0.01833,4.9458,0.056887,167.0,GEN,GEN
20863,1,2021-06-02 16:49:00,2021-06-09 21:59:00,59.07,-62.46833,58.91667,-62.44,173.1667,-0.15333,0.02833,17.1266,0.027473,174.55,NTB,MED
20863,2,2021-06-09 21:59:00,2021-06-24 10:19:00,58.91667,-62.44,58.26667,-61.80833,348.3333,-0.65,0.63167,81.0161,0.064606,152.87,GEN,MED
20863,3,2021-06-24 10:19:00,2021-06-28 15:36:00,58.26667,-61.80833,57.97333,-61.37333,101.2833,-0.29334,0.435,41.4309,0.113628,141.75,GEN,MED
20863,4,2021-06-28 15:36:00,2021-06-29 02:15:00,57.97333,-61.37333,57.95833,-61.04833,10.65,-0.015,0.325,19.2411,0.501854,94.84,NTB,SM
20864,1,2021-06-02 16:52:00,2021-06-28 15:36:00,58.795,-62.68333,58.13833,-62.31833,622.7333,-0.65667,0.365,76.0407,0.033919,163.64,NTB,SM
20864,2,2021-06-28 15:36:00,2021-06-29 04:49:00,58.13833,-62.31833,58.27667,-61.05667,13.2167,0.13834,1.26166,75.4937,1.586669,77.71,NTB,SM
20865,1,2021-06-02 16:53:00,2021-06-09 21:59:00,58.67,-62.74333,58.7,-62.66833,173.1,0.03,0.075,5.4695,0.008777,52.39,DOM,MED
20865,2,2021-06-09 21:59:00,2021-06-28 15:36:00,58.7,-62.66833,58.62167,-62.615,449.6167,-0.07833,0.05333,9.2398,0.005708,160.48,GEN,MED
20866,1,2021-06-02 16:54:00,2021-06-28 15:36:00,58.805,-62.86667,58.57667,-62.65333,622.7,-0.22833,0.21334,28.2236,0.01259,154.01,TAB,VLG
20866,2,2021-06-28 15:36:00,2021-07-25 15:26:00,58.57667,-62.65333,58.12,-61.95333,647.8333,-0.45667,0.7,65.1672,0.027942,140.89,NTB,LG
20868,1,2021-06-02 16:57:00,2021-06-28 15:36:00,58.625,-62.4,57.80833,-61.415,622.65,-0.81667,0.985,107.5817,0.047995,147.15,NTB,LG
20868,2,2021-06-28 15:36:00,2021-06-29 02:15:00,57.80833,-61.415,57.8,-61.17167,10.65,-0.00833,0.24333,14.4461,0.37679,93.57,NTB,MED
20868,3,2021-06-29 02:15:00,2021-07-13 15:35:00,57.8,-61.17167,57.24667,-61.305,349.3333,-0.55333,-0.13333,62.0403,0.049332,187.43,RAD,RAD
20868,4,2021-07-13 15:35:00,2021-07-20 15:26:00,57.24667,-61.305,57.245,-61.30833,167.85,-0.00167,-0.00333,0.2732,0.000452,227.17,NTB,MED
20868,5,2021-07-20 15:26:00,2021-07-25 15:26:00,57.245,-61.30833,57.44333,-61.595,120.0,0.19833,-0.28667,27.9677,0.06474,322.17,NTB,MED
20869,1,2021-06-02 16:57:00,2021-06-28 15:36:00,58.635,-62.715,58.38167,-62.195,622.65,-0.25333,0.52,41.3011,0.018425,132.78,TAB,VLG
20869,2,2021-06-28 15:36:00,2021-07-13 15:35:00,58.38167,-62.195,57.84833,-61.19,359.9833,-0.53334,1.005,83.6728,0.064565,134.71,NTB,VLG
20869,3,2021-07-13 15:35:00,2021-07-20 15:26:00,57.84833,-61.19,57.33167,-60.945,167.85,-0.51666,0.245,59.2764,0.098097,165.64,NTB,LG
20869,4,2021-07-20 15:26:00,2021-07-25 15:26:00,57.33167,-60.945,57.41167,-61.12333,120.0,0.08,-0.17833,13.9085,0.032195,309.84,NTB,MED
20869,5,2021-07-25 15:26:00,2021-07-30 21:49:00,57.41167,-61.12333,57.01,-60.93667,126.3833,-0.40167,0.18666,46.0563,0.101227,165.8,NTB,SM
20869,6,2021-07-30 21:49:00,2021-07-31 10:26:00,57.01,-60.93667,56.94167,-60.94167,12.6167,-0.06833,-0.005,7.604,0.167415,182.29,GEN,GEN
20869,7,2021-07-31 10:26:00,2021-07-31 21:58:00,56.94167,-60.94167,56.935,-60.94333,11.5333,-0.00667,-0.00166,0.7485,0.018027,187.73,GEN,GEN
20869,8,2021-07-31 21:58:00,2021-08-02 10:10:00,56.935,-60.94333,56.68833,-60.785,36.2,-0.24667,0.15833,29.0722,0.223083,160.57,GEN,GEN
20869,9,2021-08-02 10:10:00,2021-08-03 21:49:00,56.68833,-60.785,56.68667,-60.785,35.65,-0.00166,0.0,0.1846,0.001438,180.0,GEN,GEN
20869,10,2021-08-03 21:49:00,2021-08-04 21:58:00,56.68667,-60.785,56.68833,-60.78333,24.15,0.00166,0.00167,0.2109,0.002426,28.92,GEN,GEN
20869,11,2021-08-04 21:58:00,2021-08-10 21:42:00,56.68833,-60.78333,55.88333,-59.70333,143.7333,-0.805,1.08,111.601,0.215679,142.88,GEN,GEN
20871,1,2021-06-02 17:00:00,2021-06-28 15:36:00,58.43167,-62.39,57.86333,-61.22167,622.6,-0.56834,1.16833,93.2401,0.0416,132.17,PIN,VLG
20871,2,2021-06-28 15:36:00,2021-07-06 10:20:00,57.86333,-61.22167,56.895,-60.85167,186.7333,-0.96833,0.37,109.9334,0.163533,168.2,NTB,MED
20871,3,2021-07-06 10:20:00,2021-07-12 15:16:00,56.895,-60.85167,56.40333,-60.07667,148.9333,-0.49167,0.775,72.3418,0.134926,138.76,GEN,MED
20872,1,2021-06-02 17:01:00,2021-06-28 15:36:00,58.35,-62.61333,58.17167,-62.27,622.5833,-0.17833,0.34333,28.2228,0.012592,134.49,PIN,LG
20873,1,2021-06-02 17:02:00,2021-06-24 10:20:00,58.45333,-61.98,56.56833,-60.69333,521.3,-1.885,1.28667,223.2361,0.118953,159.32,NTB,MED
20876,1,2021-06-02 17:04:00,2021-06-19 10:11:00,58.37333,-61.685,56.41333,-60.575,401.1167,-1.96,1.11,227.8568,0.157793,162.56,NTB,SM
20876,2,2021-06-19 10:11:00,2021-06-23 21:41:00,56.41333,-60.575,55.84,-59.62333,107.5,-0.57333,0.95167,86.8483,0.224414,136.83,GEN,SM
20876,3,2021-06-23 21:41:00,2021-06-24 10:20:00,55.84,-59.62333,55.84167,-59.62333,12.65,0.00167,0.0,0.1857,0.004078,0.0,GEN,SM
20878,1,2021-06-02 17:06:00,2021-06-19 10:11:00,58.22,-61.89333,56.54833,-60.435,401.0833,-1.67167,1.45833,205.3936,0.142249,154.2,NTB,SM
20878,2,2021-06-19 10:11:00,2021-06-23 21:41:00,56.54833,-60.435,55.96833,-59.965,107.5,-0.58,0.47,70.7245,0.182751,155.57,GEN,SM
20878,3,2021-06-23 21:41:00,2021-06-24 10:20:00,55.96833,-59.965,55.96833,-59.965,12.65,0.0,0.0,0.0,0.0,0.0,GEN,SM
20878,4,2021-06-24 10:20:00,2021-07-13 10:11:00,55.96833,-59.965,55.11167,-57.20333,455.85,-0.85666,2.76167,198.1345,0.120736,117.59,GEN,MED
20878,5,2021-07-13 10:11:00,2021-07-16 14:57:00,55.11167,-57.20333,54.66667,-56.96,76.7667,-0.445,0.24333,51.8711,0.187694,162.44,GEN,SM
20878,6,2021-07-16 14:57:00,2021-07-20 10:04:00,54.66667,-56.96,54.255,-57.08,91.1167,-0.41167,-0.12,46.428,0.14154,189.67,DD,MED
20878,7,2021-07-20 10:04:00,2021-07-24 21:32:00,54.255,-57.08,53.89333,-56.83333,107.4667,-0.36167,0.24667,43.3163,0.111963,158.09,GEN,MED
20878,8,2021-07-24 21:32:00,2021-07-28 21:32:00,53.89333,-56.83333,53.89333,-56.835,96.0,0.0,-0.00167,0.1094,0.000317,270.0,GEN,SM
20878,9,2021-07-28 21:32:00,2021-07-29 21:41:00,53.89333,-56.835,54.02,-57.03667,24.15,0.12667,-0.20167,19.2999,0.221991,316.95,GEN,GEN
20878,10,2021-07-29 21:41:00,2021-07-30 21:49:00,54.02,-57.03667,54.02167,-57.03667,24.1333,0.00167,0.0,0.1857,0.002137,0.0,GEN,GEN
20878,11,2021-07-30 21:49:00,2021-08-02 10:10:00,54.02167,-57.03667,54.02,-57.03667,60.35,-0.00167,0.0,0.1857,0.000855,180.0,GEN,GEN
20878,12,2021-08-02 10:10:00,2021-08-04 09:56:00,54.02,-57.03667,54.02,-57.03667,47.7667,0.0,0.0,0.0,0.0,0.0,GEN,GEN
20878,13,2021-08-04 09:56:00,2021-08-05 10:02:00,54.02,-57.03667,54.02,-57.035,24.1,0.0,0.00167,0.1091,0.001257,90.0,GEN,GEN
20878,14,2021-08-05 10:02:00,2021-08-05 21:32:00,54.02,-57.035,53.89333,-56.835,11.5,-0.12667,0.2,19.2254,0.464381,137.03,GEN,GEN
20878,15,2021-08-05 21:32:00,2021-08-10 21:41:00,53.89333,-56.835,53.89333,-56.835,120.15,0.0,0.0,0.0,0.0,0.0,GEN,GEN
20878,16,2021-08-10 21:41:00,2021-08-13 21:32:00,53.89333,-56.835,53.89333,-56.835,71.85,0.0,0.0,0.0,0.0,0.0,GEN,GEN
20878,17,2021-08-13 21:32:00,2021-08-14 21:41:00,53.89333,-56.835,53.89333,-56.835,24.15,0.0,0.0,0.0,0.0,0.0,GEN,GEN
20878,18,2021-08-14 21:41:00,2021-08-16 09:56:00,53.89333,-56.835,53.89333,-56.835,36.25,0.0,0.0,0.0,0.0,0.0,GEN,GEN
20878,19,2021-08-16 09:56:00,2021-08-17 10:02:00,53.89333,-56.835,53.89333,-56.835,24.1,0.0,0.0,0.0,0.0,0.0,GEN,GEN
20878,20,2021-08-17 10:02:00,2021-08-17 21:32:00,53.89333,-56.835,53.89333,-56.83333,11.5,0.0,0.00167,0.1094,0.002643,90.0,GEN,GEN
20879,1,2021-06-02 17:07:00,2021-06-24 10:19:00,58.17,-61.86333,57.43,-61.21,521.2,-0.74,0.65333,90.9347,0.048464,154.53,NTB,MED
20879,2,2021-06-24 10:19:00,2021-06-28 15:36:00,57.43,-61.21,57.37167,-60.76833,101.2833,-0.05833,0.44167,27.2425,0.074715,103.59,GEN,MED
20880,1,2021-06-02 17:08:00,2021-06-28 15:36:00,58.115,-61.83167,57.43167,-61.21167,622.4667,-0.68333,0.62,84.4088,0.037668,153.92,TAB,VLG
20880,2,2021-06-28 15:36:00,2021-07-13 15:35:00,57.43167,-61.21167,56.99833,-61.34667,359.9833,-0.43334,-0.135,48.866,0.037707,189.63,NTB,LG
20880,3,2021-07-13 15:35:00,2021-07-20 15:26:00,56.99833,-61.34667,57.27167,-61.05333,167.85,0.27334,0.29334,35.1724,0.058207,30.09,NTB,MED
20881,1,2021-06-02 17:09:00,2021-06-15 15:26:00,58.09333,-61.72,56.64667,-60.69667,310.2833,-1.44666,1.02333,172.1604,0.154125,158.69,NTB,SM
20881,2,2021-06-15 15:26:00,2021-06-19 10:11:00,56.64667,-60.69667,56.35,-60.47333,90.75,-0.29667,0.22334,35.7228,0.109344,157.34,NTB,MED
20881,3,2021-06-19 10:11:00,2021-06-23 21:41:00,56.35,-60.47333,55.73833,-59.82167,107.5,-0.61167,0.65166,79.1452,0.20451,148.97,GEN,MED
20881,4,2021-06-23 21:41:00,2021-06-24 10:20:00,55.73833,-59.82167,55.66333,-59.64333,12.65,-0.075,0.17834,13.9436,0.306184,126.66,GEN,SM
20882,1,2021-06-02 17:09:00,2021-06-15 15:26:00,58.13833,-61.58833,56.66,-60.735,310.2833,-1.47833,0.85333,172.1453,0.154111,162.36,NTB,SM
20882,2,2021-06-15 15:26:00,2021-06-19 10:11:00,56.66,-60.735,56.41667,-60.615,90.75,-0.24333,0.12,28.0395,0.085826,164.74,NTB,SM
20882,3,2021-06-19 10:11:00,2021-06-24 10:20:00,56.41667,-60.615,55.93833,-59.935,120.15,-0.47834,0.68,67.8258,0.156808,141.36,GEN,MED
20884,1,2021-06-02 17:11:00,2021-06-15 15:26:00,57.98,-61.61167,56.63667,-60.69333,310.25,-1.34333,0.91834,159.225,0.14256,159.35,NTB,SM
20884,2,2021-06-15 15:26:00,2021-06-19 10:11:00,56.63667,-60.69333,56.36667,-60.43667,90.75,-0.27,0.25666,33.9036,0.103776,152.21,NTB,MED
20884,3,2021-06-19 10:11:00,2021-06-23 21:41:00,56.36667,-60.43667,55.96167,-59.88333,107.5,-0.405,0.55334,56.5841,0.146212,142.51,GEN,SM
20884,4,2021-06-23 21:41:00,2021-06-24 10:20:00,55.96167,-59.88333,55.96167,-59.88333,12.65,0.0,0.0,0.0,0.0,0.0,GEN,SM
20885,1,2021-06-02 17:11:00,2021-06-19 10:11:00,57.96333,-61.66667,56.505,-60.55167,401.0,-1.45833,1.115,175.4874,0.121562,157.05,NTB,SM
20885,2,2021-06-19 10:11:00,2021-06-23 21:41:00,56.505,-60.55167,56.11667,-60.25167,107.5,-0.38833,0.3,46.9778,0.12139,156.68,GEN,MED
20885,3,2021-06-23 21:41:00,2021-06-24 10:20:00,56.11667,-60.25167,56.11667,-60.25167,12.65,0.0,0.0,0.0,0.0,0.0,GEN,MED
20886,1,2021-06-02 17:11:00,2021-06-28 15:36:00,57.915,-61.64667,56.93,-61.19833,622.4167,-0.985,0.44834,112.7677,0.050327,166.04,NTB,LG
20886,2,2021-06-28 15:36:00,2021-07-06 10:20:00,56.93,-61.19833,56.03167,-60.23833,186.7333,-0.89833,0.96,115.9834,0.172533,149.05,NTB,LG
20886,3,2021-07-06 10:20:00,2021-07-12 15:16:00,56.03167,-60.23833,55.62833,-60.14333,148.9333,-0.40334,0.095,45.2401,0.084378,172.42,GEN,MED
20887,1,2021-06-02 17:12:00,2021-06-15 15:26:00,57.955,-61.52833,56.505,-60.55167,310.2333,-1.45,0.97666,171.609,0.153656,159.56,NTB,SM
20887,2,2021-06-15 15:26:00,2021-06-19 10:11:00,56.505,-60.55167,56.11167,-60.62333,90.75,-0.39333,-0.07166,43.9591,0.134555,185.8,NTB,SM
20889,1,2021-06-02 17:13:00,2021-06-15 15:26:00,57.85833,-61.58167,56.80333,-60.72667,310.2167,-1.055,0.855,128.0419,0.114653,156.01,NTB,MED
20889,2,2021-06-15 15:26:00,2021-06-19 10:11:00,56.80333,-60.72667,56.45333,-60.55167,90.75,-0.35,0.175,40.3633,0.123549,164.55,NTB,MED
20889,3,2021-06-19 10:11:00,2021-06-23 21:41:00,56.45333,-60.55167,55.83167,-59.64667,107.5,-0.62166,0.905,89.0017,0.229978,140.58,GEN,MED
20889,4,2021-06-23 21:41:00,2021-06-24 10:20:00,55.83167,-59.64667,55.80833,-59.64667,12.65,-0.02334,0.0,2.5953,0.056989,180.0,GEN,SM
20890,1,2021-06-02 17:13:00,2021-06-28 15:36:00,57.86833,-61.51,57.57833,-61.1,622.3833,-0.29,0.41,40.4045,0.018033,142.77,DD,LG
20890,2,2021-06-28 15:36:00,2021-07-13 15:35:00,57.57833,-61.1,57.45667,-60.93,359.9833,-0.12166,0.17,16.9134,0.013051,143.04,NTB,VLG
20890,3,2021-07-13 15:35:00,2021-07-20 15:26:00,57.45667,-60.93,57.28167,-61.03333,167.85,-0.175,-0.10333,20.4216,0.033796,197.7,NTB,LG
20890,4,2021-07-20 15:26:00,2021-07-25 15:26:00,57.28167,-61.03333,57.275,-61.03,120.0,-0.00667,0.00333,0.7682,0.001778,164.9,NTB,LG
20890,5,2021-07-25 15:26:00,2021-07-28 21:34:00,57.275,-61.03,57.10167,-61.00667,78.1333,-0.17333,0.02333,19.3246,0.068702,175.82,NTB,LG
20890,6,2021-07-28 21:34:00,2021-07-31 21:58:00,57.10167,-61.00667,56.59333,-60.83667,72.4,-0.50834,0.17,57.4623,0.220466,169.56,GEN,GEN
20891,1,2021-06-02 17:14:00,2021-06-15 15:26:00,57.88833,-61.41333,56.525,-60.43833,310.2,-1.36333,0.975,162.5658,0.145574,158.42,NTB,SM
20891,2,2021-06-15 15:26:00,2021-06-19 10:11:00,56.525,-60.43833,56.22167,-60.345,90.75,-0.30333,0.09333,34.2149,0.104729,170.29,NTB,SM
20891,3,2021-06-19 10:11:00,2021-06-23 21:41:00,56.22167,-60.345,55.53,-59.31667,107.5,-0.69167,1.02833,100.1472,0.258778,139.74,GEN,SM
20892,1,2021-06-02 17:14:00,2021-06-15 15:26:00,57.83,-61.42167,56.485,-60.535,310.2,-1.345,0.88667,158.8247,0.142224,159.95,WDG,MED
20892,2,2021-06-15 15:26:00,2021-06-19 10:11:00,56.485,-60.535,56.1,-60.59167,90.75,-0.385,-0.05667,42.9526,0.131474,184.69,NTB,MED
20892,3,2021-06-19 10:11:00,2021-06-23 21:41:00,56.1,-60.59167,56.18,-60.33667,107.5,0.08,0.255,18.1305,0.046849,60.51,GEN,SM
20892,4,2021-06-23 21:41:00,2021-06-24 10:20:00,56.18,-60.33667,56.16,-60.17,12.65,-0.02,0.16667,10.5548,0.231769,102.09,GEN,SM
20896,1,2021-06-02 17:17:00,2021-06-28 15:36:00,57.52167,-61.32667,57.51333,-61.24833,622.3167,-0.00834,0.07834,4.7692,0.002129,101.18,NTB,MED
20896,2,2021-06-28 15:36:00,2021-07-13 15:35:00,57.51333,-61.24833,57.48333,-60.895,359.9833,-0.03,0.35333,21.3726,0.016492,98.83,NTB,MED
20897,1,2021-06-02 17:18:00,2021-06-15 15:26:00,57.63167,-61.28833,56.18333,-60.61833,310.1333,-1.44834,0.67,166.1034,0.148774,165.54,NTB,SM
20897,2,2021-06-15 15:26:00,2021-06-19 10:11:00,56.18333,-60.61833,56.125,-60.63833,90.75,-0.05833,-0.02,6.6032,0.020212,190.82,NTB,SM
20897,3,2021-06-19 10:11:00,2021-06-23 21:41:00,56.125,-60.63833,56.10167,-60.29667,107.5,-0.02333,0.34166,21.3401,0.055142,96.84,GEN,SM
20897,4,2021-06-23 21:41:00,2021-06-24 10:20:00,56.10167,-60.29667,56.1,-60.29333,12.65,-0.00167,0.00334,0.2782,0.006109,131.87,GEN,SM
20898,1,2021-06-02 17:19:00,2021-06-15 15:26:00,57.36667,-61.34833,56.61333,-60.65833,310.1167,-0.75334,0.69,93.6157,0.083853,153.19,TAB,LG
20898,2,2021-06-15 15:26:00,2021-06-19 10:11:00,56.61333,-60.65833,56.34667,-60.51833,90.75,-0.26666,0.14,30.8723,0.094497,163.77,NTB,LG
20898,3,2021-06-19 10:11:00,2021-06-23 21:41:00,56.34667,-60.51833,55.66333,-59.64167,107.5,-0.68334,0.87666,93.5085,0.241624,143.98,GEN,MED
20899,1,2021-06-02 17:20:00,2021-06-15 15:26:00,57.60333,-61.09333,56.13167,-60.54167,310.1,-1.47166,0.55166,167.039,0.149628,168.19,WDG,SM
20899,2,2021-06-15 15:26:00,2021-06-19 10:11:00,56.13167,-60.54167,55.96333,-59.875,90.75,-0.16834,0.66667,45.4368,0.139078,114.05,NTB,SM
20899,3,2021-06-19 10:11:00,2021-06-23 21:41:00,55.96333,-59.875,55.25667,-58.86,107.5,-0.70666,1.015,101.1812,0.26145,140.53,GEN,SM
20901,1,2021-06-02 17:20:00,2021-06-07 10:11:00,56.97167,-61.29833,56.355,-60.50833,112.85,-0.61667,0.79,83.8584,0.206416,144.52,NTB,LG
20902,1,2021-06-02 17:21:00,2021-06-28 15:36:00,57.47167,-61.23167,56.93833,-61.14,622.25,-0.53334,0.09167,59.5611,0.026589,174.64,NTB,LG
20902,2,2021-06-28 15:36:00,2021-07-06 10:20:00,56.93833,-61.14,55.95833,-60.11167,186.7333,-0.98,1.02833,125.9672,0.187384,149.46,NTB,LG
20902,3,2021-07-06 10:20:00,2021-07-12 15:16:00,55.95833,-60.11167,55.525,-59.50167,148.9333,-0.43333,0.61,61.4781,0.114664,141.35,GEN,MED
20902,4,2021-07-12 15:16:00,2021-07-13 10:11:00,55.525,-59.50167,55.44833,-59.41667,18.9167,-0.07667,0.085,10.0677,0.147838,147.83,DD,MED
20903,1,2021-06-02 17:21:00,2021-06-07 10:11:00,57.22833,-61.12833,56.43333,-60.58333,112.8333,-0.795,0.545,94.4124,0.232428,159.21,NTB,LG
20904,1,2021-06-02 17:22:00,2021-06-07 10:11:00,57.10167,-61.16333,56.44833,-60.41333,112.8167,-0.65334,0.75,85.823,0.211314,147.52,NTB,MED
20905,1,2021-06-02 17:23:00,2021-06-07 10:11:00,57.13667,-61.12667,56.41667,-60.615,112.8,-0.72,0.51167,85.9146,0.211571,158.51,DD,LG
20906,1,2021-06-02 17:24:00,2021-06-07 10:11:00,57.365,-60.83167,56.62167,-59.87333,112.7833,-0.74333,0.95834,100.9998,0.248756,144.52,NTB,SM
20906,2,2021-06-07 10:11:00,2021-06-20 13:19:00,56.62167,-59.87333,55.33,-56.55,315.1333,-1.29167,3.32333,251.7169,0.221879,123.4,GEN,SM
20907,1,2021-06-02 17:25:00,2021-06-07 10:11:00,57.24833,-61.13167,56.52167,-60.58167,112.7667,-0.72666,0.55,87.4356,0.21538,157.3,NTB,LG
20908,1,2021-06-02 17:25:00,2021-06-07 10:11:00,57.24333,-60.94,56.52333,-60.57667,112.7667,-0.72,0.36333,83.047,0.204569,164.43,NTB,SM
20909,1,2021-06-02 17:25:00,2021-06-07 10:11:00,57.11333,-61.165,56.31333,-60.35667,112.7667,-0.8,0.80833,101.7165,0.250558,150.65,NTB,SM
20912,1,2021-06-02 17:29:00,2021-06-07 10:11:00,57.20333,-60.33333,57.15167,-59.085,112.7,-0.05166,1.24833,75.4571,0.185983,93.84,NTB,SM
20912,2,2021-06-07 10:11:00,2021-06-15 15:26:00,57.15167,-59.085,57.17667,-59.67333,197.25,0.025,-0.58833,35.5812,0.050107,274.73,GEN,SM
20912,3,2021-06-15 15:26:00,2021-06-24 10:20:00,57.17667,-59.67333,56.63833,-60.70333,210.9,-0.53834,-1.03,86.5642,0.114014,226.68,NTB,SM
20912,4,2021-06-24 10:20:00,2021-07-06 10:20:00,56.63833,-60.70333,55.31667,-59.11667,288.0,-1.32166,1.58666,177.0275,0.170744,145.45,GEN,MED
20912,5,2021-07-06 10:20:00,2021-07-25 15:26:00,55.31667,-59.11667,55.51167,-59.43833,461.1,0.195,-0.32166,29.7044,0.017895,317.02,GEN,MED
20913,1,2021-06-02 17:29:00,2021-06-07 10:11:00,56.85333,-61.05333,56.36,-60.46333,112.7,-0.49333,0.59,65.6724,0.161866,146.4,NTB,MED
20914,1,2021-06-02 17:30:00,2021-06-07 10:11:00,56.87333,-61.00167,56.27333,-60.53833,112.6833,-0.6,0.46334,72.5024,0.178727,156.76,WDG,LG
20915,1,2021-06-02 17:31:00,2021-06-07 10:11:00,56.82167,-60.98667,56.30167,-60.30167,112.6667,-0.52,0.685,71.4481,0.176154,143.74,NTB,SM
20916,1,2021-06-02 17:32:00,2021-06-07 10:11:00,56.77667,-61.03333,56.26833,-60.47,112.65,-0.50834,0.56333,66.2485,0.163359,148.33,WDG,MED
20917,1,2021-06-02 17:35:00,2021-06-07 10:11:00,56.73833,-60.88667,56.23833,-60.43667,112.6,-0.5,0.45,62.0825,0.153154,153.39,NTB,MED
20918,1,2021-06-02 17:35:00,2021-06-07 10:11:00,56.70167,-60.755,56.235,-60.36,112.6,-0.46667,0.395,57.2831,0.141314,154.78,NTB,MED
20919,1,2021-06-02 17:37:00,2021-06-07 10:11:00,56.70167,-60.75333,56.205,-60.425,112.5667,-0.49667,0.32833,58.7968,0.145091,159.8,NTB,MED
20920,1,2021-06-02 17:38:00,2021-06-07 10:11:00,56.56333,-60.41833,56.0,-59.91167,112.55,-0.56333,0.50666,70.012,0.172792,153.26,NTB,MED
20921,1,2021-06-02 17:38:00,2021-06-07 10:11:00,56.69833,-60.67667,55.875,-59.7,112.55,-0.82333,0.97667,109.6096,0.270521,146.23,TAB,VLG
20922,1,2021-06-02 17:39:00,2021-06-07 10:11:00,56.70833,-59.87667,55.96333,-59.72,112.5333,-0.745,0.15667,83.4011,0.205868,173.29,NTB,LG
20923,1,2021-06-02 17:39:00,2021-06-07 10:11:00,56.67833,-60.65833,56.12167,-60.075,112.5333,-0.55666,0.58333,71.552,0.176619,149.65,NTB,MED
20924,1,2021-06-02 17:40:00,2021-06-07 10:11:00,56.34667,-60.43,55.64167,-59.88,112.5167,-0.705,0.55,85.5287,0.211151,156.2,NTB,SM
20925,1,2021-06-02 17:40:00,2021-06-07 10:11:00,56.39167,-60.37333,55.875,-59.74333,112.5167,-0.51667,0.63,69.4585,0.171477,145.54,DOM,MED
20926,1,2021-06-02 17:41:00,2021-06-07 10:11:00,56.55833,-60.03333,55.88167,-59.41667,112.5,-0.67666,0.61666,84.3481,0.208267,152.87,NTB,SM
20926,2,2021-06-07 10:11:00,2021-06-07 21:24:00,55.88167,-59.41667,55.72167,-59.23833,11.2167,-0.16,0.17834,20.9942,0.519916,147.86,GEN,SM
20927,1,2021-06-02 17:41:00,2021-06-07 10:11:00,56.37167,-60.42667,55.875,-59.76667,112.5,-0.49667,0.66,68.7267,0.169696,143.2,NTB,MED
20928,1,2021-06-02 17:42:00,2021-06-07 10:11:00,56.39,-60.17,55.73333,-59.63833,112.4833,-0.65667,0.53167,80.1311,0.197884,155.45,NTB,MED
20929,1,2021-06-02 17:42:00,2021-06-07 10:11:00,56.35167,-60.43,55.75833,-59.69167,112.4833,-0.59334,0.73833,80.339,0.198397,144.9,NTB,SM
20930,1,2021-06-02 17:43:00,2021-06-07 10:11:00,56.33833,-60.47667,55.86333,-59.76833,112.4667,-0.475,0.70834,68.6977,0.169674,139.95,NTB,MED
20931,1,2021-06-02 17:48:00,2021-06-07 10:11:00,56.175,-59.72333,55.5,-59.08333,112.3833,-0.675,0.64,85.0312,0.210171,151.7,NTB,MED
20932,1,2021-06-02 17:50:00,2021-06-07 10:11:00,55.945,-59.95167,55.41667,-59.36667,112.35,-0.52833,0.585,69.2549,0.171228,147.78,NTB,MED
20932,2,2021-06-07 10:11:00,2021-06-07 21:24:00,55.41667,-59.36667,55.36,-59.26,11.2167,-0.05667,0.10667,9.2249,0.228452,133.04,GEN,MED
20933,1,2021-06-02 17:51:00,2021-06-07 10:11:00,55.955,-59.895,55.45667,-59.33833,112.3333,-0.49833,0.55667,65.4734,0.161903,147.58,NTB,MED
20934,1,2021-06-02 17:52:00,2021-06-07 10:11:00,55.84667,-60.23167,55.26333,-59.13167,112.3167,-0.58334,1.1,94.8328,0.234537,132.7,NTB,MED
20934,2,2021-06-07 10:11:00,2021-06-07 21:24:00,55.26333,-59.13167,55.25333,-59.03,11.2167,-0.01,0.10167,6.5378,0.161907,99.75,GEN,MED
20935,1,2021-06-02 17:53:00,2021-06-09 21:26:00,56.035,-58.855,55.45333,-57.04333,171.55,-0.58167,1.81167,130.5366,0.211368,118.95,NTB,LG
20936,1,2021-06-02 17:54:00,2021-06-06 21:32:00,55.755,-59.7,55.28667,-58.86833,99.6333,-0.46833,0.83167,73.841,0.205869,134.51,NTB,LG
20936,2,2021-06-06 21:32:00,2021-06-07 10:11:00,55.28667,-58.86833,55.24667,-58.845,12.65,-0.04,0.02333,4.687,0.102919,161.61,GEN,MED
20937,1,2021-06-02 17:55:00,2021-06-07 10:11:00,55.74333,-59.6,55.23,-59.18833,112.2667,-0.51333,0.41167,62.6957,0.155126,155.39,NTB,MED
20938,1,2021-06-02 17:56:00,2021-06-06 21:32:00,55.78333,-59.275,55.22667,-58.16667,99.6,-0.55666,1.10833,93.2864,0.26017,131.11,NTB,MED
20938,2,2021-06-06 21:32:00,2021-06-09 21:26:00,55.22667,-58.16667,55.04833,-57.775,71.9,-0.17834,0.39167,31.8274,0.122962,128.38,GEN,MED
20939,1,2021-06-02 17:57:00,2021-06-06 21:32:00,55.73833,-59.65333,55.18667,-58.65167,99.5833,-0.55166,1.00166,88.0338,0.245562,133.76,NTB,MED
20939,2,2021-06-06 21:32:00,2021-06-07 10:11:00,55.18667,-58.65167,55.185,-58.62833,12.65,-0.00167,0.02334,1.4933,0.032791,97.13,GEN,SM
20940,1,2021-06-02 17:58:00,2021-06-06 21:32:00,55.71333,-59.59,55.25167,-58.895,99.5667,-0.46166,0.695,67.4746,0.188245,139.25,NTB,MED
20940,2,2021-06-06 21:32:00,2021-06-07 10:11:00,55.25167,-58.895,55.27667,-58.69667,12.65,0.025,0.19833,12.8696,0.282601,77.44,GEN,SM
20940,3,2021-06-07 10:11:00,2021-06-07 21:24:00,55.27667,-58.69667,55.275,-58.69667,11.2167,-0.00167,0.0,0.1857,0.004599,180.0,GEN,SM
20942,1,2021-06-02 18:00:00,2021-06-06 21:32:00,55.66167,-59.375,55.34833,-58.21167,99.5333,-0.31334,1.16333,81.1209,0.226392,114.96,NTB,SM
20942,2,2021-06-06 21:32:00,2021-06-07 10:11:00,55.34833,-58.21167,55.37333,-58.06333,12.65,0.025,0.14834,9.7791,0.214736,73.42,GEN,SM
20942,3,2021-06-07 10:11:00,2021-06-09 21:26:00,55.37333,-58.06333,55.24333,-57.47667,59.25,-0.13,0.58666,39.8429,0.186793,111.03,GEN,MED
20943,1,2021-06-02 18:01:00,2021-06-06 21:32:00,55.72167,-59.60833,55.25833,-58.89667,99.5167,-0.46334,0.71166,68.2957,0.190632,138.68,NTB,MED
20943,2,2021-06-06 21:32:00,2021-06-07 10:11:00,55.25833,-58.89667,55.27667,-58.69667,12.65,0.01834,0.2,12.8336,0.28181,80.77,GEN,MED
20943,3,2021-06-07 10:11:00,2021-06-09 21:26:00,55.27667,-58.69667,55.11167,-58.22167,59.25,-0.165,0.475,35.2919,0.165457,121.13,GEN,MED
20944,1,2021-06-02 18:02:00,2021-06-07 10:11:00,55.53333,-58.92667,55.225,-58.73,112.15,-0.30833,0.19667,36.4666,0.090322,160.0,TAB,LG
20945,1,2021-06-02 18:02:00,2021-06-06 21:32:00,55.31333,-59.15667,55.07333,-58.575,99.5,-0.24,0.58167,45.5543,0.127176,125.62,NTB,MED
20946,1,2021-06-02 18:02:00,2021-06-07 10:11:00,55.21333,-59.06667,55.21667,-59.05667,112.15,0.00334,0.01,0.7351,0.001821,59.65,NTB,MED
20947,1,2021-06-02 18:05:00,2021-06-06 21:32:00,55.35167,-58.74667,55.31333,-57.675,99.45,-0.03834,1.07167,67.9155,0.189697,93.16,BLK,SM
20947,2,2021-06-06 21:32:00,2021-06-09 21:26:00,55.31333,-57.675,55.16,-57.34333,71.9,-0.15333,0.33167,27.0718,0.104589,128.9,GEN,MED
20948,1,2021-06-02 18:05:00,2021-06-07 10:11:00,55.28,-58.94167,55.23167,-58.80667,112.1,-0.04833,0.135,10.103,0.025035,122.08,NTB,LG
20960,1,2021-06-02 17:31:00,2021-06-07 10:11:00,56.98648,-60.71296,56.42167,-60.33333,112.6667,-0.56481,0.37963,66.9426,0.165046,159.59,NTB,MED
20961,1,2021-06-02 17:31:00,2021-06-07 10:11:00,56.9606,-60.6889,56.38833,-60.465,112.6667,-0.57227,0.2239,65.0869,0.160471,167.78,NTB,MED
20962,1,2021-06-02 17:31:00,2021-06-07 10:11:00,56.94472,-60.6646,56.38,-60.40333,112.6667,-0.56472,0.26127,64.7919,0.159743,165.62,NTB,MED
20963,1,2021-06-02 17:31:00,2021-06-07 10:11:00,56.96682,-60.68768,56.39667,-60.35667,112.6667,-0.57015,0.33101,66.5432,0.164061,162.17,NTB,MED
20964,1,2021-06-02 17:45:00,2021-06-07 10:11:00,56.25481,-60.082,55.67667,-59.57333,112.4333,-0.57814,0.50867,71.6576,0.177037,153.57,NTB,SM
20965,1,2021-06-02 17:45:00,2021-06-07 10:11:00,56.24917,-60.09426,55.60333,-59.51167,112.4333,-0.64584,0.58259,80.4638,0.198794,152.95,NTB,SM
20966,1,2021-06-02 17:45:00,2021-06-07 10:11:00,56.26098,-60.05589,55.60667,-59.51333,112.4333,-0.65431,0.54256,80.2206,0.198193,154.86,NTB,SM
20967,1,2021-06-02 17:45:00,2021-06-07 10:11:00,56.26721,-60.09776,55.65,-59.66667,112.4333,-0.61721,0.43109,73.6896,0.182057,158.47,NTB,SM
20968,1,2021-06-02 17:46:00,2021-06-07 10:11:00,55.99145,-59.93793,55.49833,-59.34833,112.4167,-0.49312,0.5896,66.0933,0.163314,145.82,NTB,MED
20969,1,2021-06-02 17:46:00,2021-06-07 10:11:00,55.97081,-59.94849,55.52833,-59.39,112.4167,-0.44248,0.55849,60.3517,0.149127,144.38,NTB,MED
20970,1,2021-06-02 17:46:00,2021-06-07 10:11:00,55.97379,-59.96835,55.32667,-59.48667,112.4167,-0.64712,0.48168,78.0447,0.192846,157.02,NTB,MED
20971,1,2021-06-02 17:46:00,2021-06-07 10:11:00,55.99759,-59.90517,55.51667,-59.38,112.4167,-0.48092,0.52517,62.7644,0.155089,148.21,NTB,MED
20972,1,2021-06-02 17:46:00,2021-06-07 10:11:00,55.98131,-59.90988,55.485,-59.33833,112.4167,-0.49631,0.57155,65.7725,0.162522,146.8,NTB,MED
20973,1,2021-06-02 17:46:00,2021-06-07 10:11:00,55.99776,-59.95556,55.45333,-59.50333,112.4167,-0.54443,0.45223,66.8336,0.165144,154.74,NTB,MED
20974,1,2021-06-02 17:48:00,2021-06-07 10:11:00,55.99662,-59.94991,55.45667,-59.43833,112.3833,-0.53995,0.51158,68.0508,0.168201,151.71,NTB,MED
20975,1,2021-06-02 17:48:00,2021-06-07 10:11:00,56.00316,-59.94322,55.56167,-59.395,112.3833,-0.44149,0.54822,59.875,0.147993,144.85,NTB,MED
20976,1,2021-06-02 17:48:00,2021-06-07 10:11:00,55.99204,-59.96532,55.26167,-59.41667,112.3833,-0.73037,0.54865,88.2148,0.21804,156.79,NTB,MED
20977,1,2021-06-02 17:48:00,2021-06-07 10:11:00,55.99122,-59.9533,55.495,-59.34667,112.3833,-0.49622,0.60663,66.979,0.165552,145.22,NTB,MED
20978,1,2021-06-02 17:48:00,2021-06-07 10:11:00,55.99245,-59.95634,55.55333,-59.35333,112.3833,-0.43912,0.60301,61.697,0.152496,142.07,NTB,MED
20979,1,2021-06-02 17:53:00,2021-06-07 10:11:00,55.90386,-59.64696,55.47667,-59.34833,112.3,-0.42719,0.29863,51.0558,0.126288,158.37,NTB,LG
20980,1,2021-06-02 17:53:00,2021-06-07 10:11:00,55.90825,-59.64545,55.30667,-59.11833,112.3,-0.60158,0.52712,74.6371,0.184617,153.45,NTB,MED
20981,1,2021-06-02 17:53:00,2021-06-07 10:11:00,55.89686,-59.62995,55.30167,-58.91833,112.3,-0.59519,0.71162,79.8657,0.197551,145.67,NTB,MED
20982,1,2021-06-02 17:53:00,2021-06-07 10:11:00,55.92627,-59.64429,55.32,-59.14167,112.3,-0.60627,0.50262,74.434,0.184115,154.71,NTB,MED
20982,2,2021-06-07 10:11:00,2021-06-07 21:24:00,55.32,-59.14167,55.31833,-59.14167,11.2167,-0.00167,0.0,0.1857,0.004599,180.0,GEN,MED
20983,1,2021-06-02 17:53:00,2021-06-07 10:11:00,55.93448,-59.65285,55.36333,-59.085,112.3,-0.57115,0.56785,72.8197,0.180122,150.47,NTB,MED
20984,1,2021-06-02 17:53:00,2021-06-07 10:11:00,55.9182,-59.65714,55.29167,-59.0,112.3,-0.62653,0.65714,80.9763,0.200298,149.08,NTB,MED
20984,2,2021-06-07 10:11:00,2021-06-07 21:24:00,55.29167,-59.0,55.29167,-59.00333,11.2167,0.0,-0.00333,0.2108,0.005221,270.0,GEN,MED
20985,1,2021-06-02 17:59:00,2021-06-06 21:32:00,55.69106,-59.58078,55.23167,-58.525,99.55,-0.45939,1.05578,83.9006,0.234111,127.07,NTB,SM
20985,2,2021-06-06 21:32:00,2021-06-07 10:11:00,55.23167,-58.525,55.21333,-58.51333,12.65,-0.01834,0.01167,2.1695,0.047639,160.05,GEN,SM
20985,3,2021-06-07 10:11:00,2021-06-09 21:26:00,55.21333,-58.51333,54.98667,-58.145,59.25,-0.22666,0.36833,34.4139,0.16134,136.93,GEN,MED
20986,1,2021-06-02 17:59:00,2021-06-06 21:32:00,55.68996,-59.60092,55.29,-58.85333,99.55,-0.39996,0.74759,64.7755,0.180745,133.05,NTB,SM
20986,2,2021-06-06 21:32:00,2021-06-07 10:11:00,55.29,-58.85333,55.23833,-58.73333,12.65,-0.05167,0.12,9.5297,0.20926,127.03,GEN,SM
20987,1,2021-06-02 18:03:00,2021-06-07 10:11:00,55.22728,-59.0188,55.24333,-59.00333,112.1333,0.01605,0.01547,2.0365,0.005045,28.79,NTB,MED
20987,2,2021-06-07 10:11:00,2021-06-07 21:24:00,55.24333,-59.00333,55.24333,-59.00333,11.2167,0.0,0.0,0.0,0.0,0.0,GEN,MED
20988,1,2021-06-02 18:03:00,2021-06-06 21:32:00,55.22751,-59.02016,55.14667,-58.875,99.4833,-0.08084,0.14516,12.8731,0.035944,134.23,NTB,MED
20988,2,2021-06-06 21:32:00,2021-06-07 10:11:00,55.14667,-58.875,55.215,-58.855,12.65,0.06833,0.02,7.7033,0.169155,9.48,GEN,SM
20989,1,2021-06-02 18:03:00,2021-06-07 10:11:00,55.23885,-59.03138,55.25167,-58.98833,112.1333,0.01282,0.04305,3.0788,0.007627,62.4,NTB,MED
20990,1,2021-06-02 18:05:00,2021-06-06 21:32:00,55.31519,-58.98733,55.07167,-58.33,99.45,-0.24352,0.65733,49.738,0.138925,122.71,NTB,MED
20991,1,2021-06-02 18:05:00,2021-06-06 21:32:00,55.29912,-59.02886,55.09,-58.55333,99.45,-0.20912,0.47553,38.1001,0.106419,127.42,NTB,MED
20992,1,2021-06-02 18:05:00,2021-06-06 21:32:00,55.31217,-59.02167,55.165,-58.52667,99.45,-0.14717,0.495,35.3928,0.098857,117.34,NTB,MED
20992,2,2021-06-06 21:32:00,2021-06-07 10:11:00,55.165,-58.52667,55.18833,-58.65,12.65,0.02333,-0.12333,8.2497,0.181152,288.38,GEN,SM
20993,1,2021-06-02 18:05:00,2021-06-07 10:11:00,55.31401,-59.0293,55.315,-59.04333,112.1,0.00099,-0.01403,0.8946,0.002217,277.07,NTB,MED
21012,1,2021-06-07 10:11:00,2021-06-14 15:07:00,56.04833,-60.55333,55.32,-59.25333,172.9333,-0.72833,1.3,114.887,0.18454,134.28,GEN,MED
21012,2,2021-06-14 15:07:00,2021-06-19 10:11:00,55.32,-59.25333,55.30667,-59.20167,115.0667,-0.01333,0.05166,3.5894,0.008665,114.37,NTB,MED
21015,1,2021-06-07 10:11:00,2021-06-14 15:07:00,56.02667,-60.55833,55.35333,-59.23167,172.9333,-0.67334,1.32666,111.8891,0.179724,131.45,GEN,SM
21015,2,2021-06-14 15:07:00,2021-06-19 10:11:00,55.35333,-59.23167,55.26,-59.13333,115.0667,-0.09333,0.09834,12.1011,0.029213,149.01,NTB,MED
21025,1,2021-06-07 10:11:00,2021-06-15 15:26:00,55.89,-60.46333,55.84833,-59.935,197.25,-0.04167,0.52833,33.2864,0.046876,97.78,GEN,SM
21025,2,2021-06-15 15:26:00,2021-06-19 10:11:00,55.84833,-59.935,55.56833,-59.64667,90.75,-0.28,0.28833,35.995,0.110177,149.76,NTB,SM
21029,1,2021-06-07 10:11:00,2021-06-07 21:24:00,55.46833,-59.25833,55.47,-59.26167,11.2167,0.00167,-0.00334,0.2807,0.006952,311.42,GEN,MED
21036,1,2021-06-07 10:11:00,2021-06-19 10:11:00,55.34167,-60.09833,55.76,-60.145,288.0,0.41833,-0.04667,46.6087,0.044954,356.41,GEN,SM
21036,2,2021-06-19 10:11:00,2021-06-24 10:20:00,55.76,-60.145,55.42667,-59.36333,120.15,-0.33333,0.78167,61.5296,0.142252,126.72,GEN,MED
21037,1,2021-06-09 21:26:00,2021-06-15 15:26:00,56.75833,-58.695,56.595,-58.63667,138.0,-0.16333,0.05833,18.5077,0.037254,168.88,GEN,LG
21038,1,2021-06-10 15:46:00,2021-06-14 10:03:00,54.24667,-56.72,54.23167,-56.23167,90.2833,-0.015,0.48833,31.7767,0.097769,92.81,TAB,SM
21038,2,2021-06-14 10:03:00,2021-06-20 08:00:00,54.23167,-56.23167,54.33,-55.56667,141.95,0.09833,0.665,44.5327,0.087145,75.52,GEN,SM
21039,1,2021-06-14 10:03:00,2021-06-20 13:19:00,55.27667,-58.32,55.37,-56.61833,147.2667,0.09333,1.70167,108.1503,0.203996,83.79,GEN,SM
21040,1,2021-06-14 10:03:00,2021-06-14 15:07:00,55.21167,-58.51333,55.21333,-58.515,5.0667,0.00166,-0.00167,0.2128,0.011668,330.15,GEN,MED
21040,2,2021-06-14 15:07:00,2021-07-06 14:57:00,55.21333,-58.515,54.695,-56.985,527.8333,-0.51833,1.53,113.4238,0.05969,119.91,NTB,LG
21040,3,2021-07-06 14:57:00,2021-07-11 14:57:00,54.695,-56.985,53.995,-56.57833,120.0,-0.7,0.40667,82.178,0.190227,161.13,NTB,MED
21040,4,2021-07-11 14:57:00,2021-07-16 14:57:00,53.995,-56.57833,53.93,-56.525,120.0,-0.065,0.05333,8.0256,0.018578,154.21,NTB,MED
21041,1,2021-06-14 10:03:00,2021-06-14 15:07:00,55.22333,-58.56833,55.225,-58.56833,5.0667,0.00167,0.0,0.1857,0.010181,0.0,GEN,MED
21042,1,2021-06-14 10:03:00,2021-06-14 15:07:00,55.23833,-58.89333,55.19333,-58.81667,5.0667,-0.045,0.07666,6.9775,0.38254,135.79,GEN,SM
21042,2,2021-06-14 15:07:00,2021-06-19 10:11:00,55.19333,-58.81667,55.175,-58.625,115.0667,-0.01833,0.19167,12.3378,0.029784,99.43,NTB,SM
21043,1,2021-06-14 10:03:00,2021-06-14 15:07:00,55.16333,-58.50833,55.165,-58.50833,5.0667,0.00167,0.0,0.1857,0.010181,0.0,GEN,MED
21043,2,2021-06-14 15:07:00,2021-07-06 14:57:00,55.165,-58.50833,54.77667,-56.65667,527.8333,-0.38833,1.85166,125.8191,0.066214,109.31,NTB,MED
21044,1,2021-06-14 10:03:00,2021-06-14 15:07:00,55.18,-58.55833,55.18167,-58.55667,5.0667,0.00167,0.00166,0.2135,0.011706,29.58,GEN,MED
21045,1,2021-06-14 10:03:00,2021-06-14 15:07:00,55.17333,-58.645,55.175,-58.64667,5.0667,0.00167,-0.00167,0.2138,0.011724,330.27,GEN,MED
21045,2,2021-06-14 15:07:00,2021-06-19 10:11:00,55.175,-58.64667,55.21167,-58.515,115.0667,0.03667,0.13167,9.2989,0.022448,63.94,NTB,MED
21046,1,2021-06-14 10:03:00,2021-06-14 15:07:00,55.2,-58.74833,55.13833,-58.65,5.0667,-0.06167,0.09833,9.2748,0.508489,137.64,GEN,SM
21047,1,2021-06-14 10:03:00,2021-06-14 15:07:00,55.20333,-58.82,55.16,-58.72833,5.0667,-0.04333,0.09167,7.5556,0.414234,129.58,GEN,SM
21048,1,2021-06-14 10:03:00,2021-06-14 15:07:00,55.21,-58.84,55.21167,-58.84,5.0667,0.00167,0.0,0.1857,0.010181,0.0,GEN,MED
21050,1,2021-06-14 10:03:00,2021-06-14 15:07:00,55.13667,-58.45833,55.13667,-58.46,5.0667,0.0,-0.00167,0.1061,0.005819,270.0,GEN,MED
21051,1,2021-06-14 10:03:00,2021-06-14 15:07:00,55.15333,-58.49167,55.15833,-58.455,5.0667,0.005,0.03667,2.3951,0.13131,76.56,GEN,SM
21052,1,2021-06-14 10:03:00,2021-06-14 15:07:00,55.165,-58.63,55.165,-58.63667,5.0667,0.0,-0.00667,0.4237,0.023227,270.0,GEN,MED
21053,1,2021-06-14 10:03:00,2021-06-14 15:07:00,55.16,-58.72833,55.14833,-58.71833,5.0667,-0.01167,0.01,1.4448,0.079212,153.91,GEN,MED
21053,2,2021-06-14 15:07:00,2021-06-19 10:11:00,55.14833,-58.71833,55.16333,-58.50833,115.0667,0.015,0.21,13.4453,0.032458,82.79,NTB,MED
21054,1,2021-06-14 10:03:00,2021-06-14 15:07:00,55.16333,-58.76333,55.13333,-58.65833,5.0667,-0.03,0.105,7.4594,0.408961,116.52,GEN,SM
21055,1,2021-06-14 10:03:00,2021-06-14 15:07:00,55.16333,-58.73333,55.165,-58.74667,5.0667,0.00167,-0.01334,0.8674,0.047557,282.37,GEN,MED
21056,1,2021-06-14 10:03:00,2021-06-19 10:11:00,55.1,-58.34833,55.22,-57.45333,120.1333,0.12,0.895,58.3985,0.135032,76.42,GEN,MED
21056,2,2021-06-19 10:11:00,2021-06-21 09:55:00,55.22,-57.45333,55.11833,-56.615,47.7333,-0.10167,0.83833,54.4286,0.31674,101.64,GEN,MED
21057,1,2021-06-14 10:03:00,2021-06-14 15:07:00,55.12,-58.51667,55.13167,-58.51333,5.0667,0.01167,0.00334,1.3149,0.072089,9.29,GEN,MED
21058,1,2021-06-14 10:03:00,2021-06-14 15:07:00,55.14667,-58.71833,55.11333,-58.655,5.0667,-0.03334,0.06333,5.4729,0.300048,132.61,GEN,SM
21059,1,2021-06-14 10:03:00,2021-06-14 15:07:00,55.14167,-58.79,55.11667,-58.61167,5.0667,-0.025,0.17833,11.6729,0.63996,103.7,GEN,SM
21061,1,2021-06-14 10:03:00,2021-06-14 15:07:00,55.11,-58.52,55.11167,-58.52333,5.0667,0.00167,-0.00333,0.2817,0.015443,311.24,GEN,MED
21062,1,2021-06-14 10:03:00,2021-06-14 15:07:00,55.10333,-58.61833,55.065,-58.56667,5.0667,-0.03833,0.05166,5.3829,0.295116,142.33,GEN,SM
21063,1,2021-06-14 10:03:00,2021-06-14 15:07:00,55.10833,-58.65167,55.1,-58.57333,5.0667,-0.00833,0.07834,5.0688,0.277895,100.5,GEN,MED
21064,1,2021-06-14 10:03:00,2021-06-14 15:07:00,55.11333,-58.655,55.115,-58.56,5.0667,0.00167,0.095,6.0446,0.331392,88.2,GEN,MED
21065,1,2021-06-14 10:03:00,2021-06-14 15:07:00,55.11,-58.705,55.11333,-58.585,5.0667,0.00333,0.12,7.6411,0.418921,87.17,GEN,SM
21067,1,2021-06-14 10:03:00,2021-06-14 15:07:00,55.06667,-58.45,55.08167,-58.49833,5.0667,0.015,-0.04833,3.4997,0.191872,298.48,GEN,MED
21068,1,2021-06-14 10:03:00,2021-06-14 15:07:00,55.07333,-58.49333,55.065,-58.455,5.0667,-0.00833,0.03833,2.6103,0.143108,110.77,GEN,SM
21069,1,2021-06-14 10:03:00,2021-06-14 15:07:00,55.06667,-58.51,55.04167,-58.49833,5.0667,-0.025,0.01167,2.8775,0.157759,165.03,GEN,MED
21070,1,2021-06-14 10:03:00,2021-06-14 15:07:00,55.095,-58.58,55.10667,-58.6,5.0667,0.01167,-0.02,1.8174,0.099636,315.57,GEN,SM
21071,1,2021-06-14 10:03:00,2021-06-14 15:07:00,55.10167,-58.70333,55.10167,-58.705,5.0667,0.0,-0.00167,0.1062,0.005825,270.0,GEN,MED
21072,1,2021-06-14 10:03:00,2021-06-14 15:07:00,55.10167,-58.85667,55.10333,-58.85833,5.0667,0.00166,-0.00166,0.2127,0.011659,330.23,GEN,MED
21072,2,2021-06-14 15:07:00,2021-06-19 10:11:00,55.10333,-58.85833,55.21667,-58.695,115.0667,0.11334,0.16333,16.3242,0.039408,39.4,NTB,MED
21073,1,2021-06-14 10:03:00,2021-06-14 15:07:00,55.10667,-58.85,55.10667,-58.85,5.0667,0.0,0.0,0.0,0.0,0.0,GEN,SM
21073,2,2021-06-14 15:07:00,2021-06-19 10:11:00,55.10667,-58.85,55.21667,-58.68833,115.0667,0.11,0.16167,15.9709,0.038555,39.95,NTB,SM
21078,1,2021-06-14 10:03:00,2021-06-14 15:07:00,55.075,-58.67333,55.095,-58.60333,5.0667,0.02,0.07,4.9793,0.272987,63.44,GEN,MED
21080,1,2021-06-14 10:03:00,2021-06-19 10:11:00,55.07333,-58.85667,55.35667,-59.24833,120.1333,0.28334,-0.39166,40.1238,0.092776,321.9,GEN,SM
21081,1,2021-06-14 10:03:00,2021-06-14 15:07:00,55.085,-58.85667,55.08667,-58.86,5.0667,0.00167,-0.00333,0.2818,0.015448,311.23,GEN,MED
21081,2,2021-06-14 15:07:00,2021-06-19 10:11:00,55.08667,-58.86,55.205,-58.695,115.0667,0.11833,0.165,16.8245,0.040615,38.48,NTB,MED
21082,1,2021-06-14 10:03:00,2021-06-20 10:00:00,54.96,-57.69,54.75167,-55.885,143.95,-0.20833,1.805,117.83,0.227374,100.6,GEN,MED
21083,1,2021-06-14 10:03:00,2021-06-20 10:00:00,54.97333,-57.84,54.75333,-55.97,143.95,-0.22,1.87,122.143,0.235697,100.79,GEN,SM
21084,1,2021-06-14 10:03:00,2021-06-21 09:55:00,54.985,-57.915,54.25,-56.79333,167.8667,-0.735,1.12167,109.062,0.180471,138.08,GEN,MED
21085,1,2021-06-14 10:03:00,2021-06-21 09:55:00,54.98333,-57.97667,54.43333,-56.91333,167.8667,-0.55,1.06334,91.6854,0.151717,131.4,GEN,SM
21087,1,2021-06-14 10:03:00,2021-06-14 15:07:00,55.04333,-58.54333,55.02167,-58.48667,5.0667,-0.02166,0.05666,4.3403,0.237957,123.68,GEN,MED
21088,1,2021-06-14 10:03:00,2021-06-14 15:07:00,55.04833,-58.565,55.045,-58.54333,5.0667,-0.00333,0.02167,1.4293,0.078359,105.01,GEN,SM
21090,1,2021-06-14 10:03:00,2021-06-19 10:11:00,55.04333,-58.79833,55.39,-59.44167,120.1333,0.34667,-0.64334,56.1366,0.129802,313.63,GEN,SM
21091,1,2021-06-14 10:03:00,2021-06-19 10:11:00,55.065,-58.83,55.315,-59.46667,120.1333,0.25,-0.63667,49.0509,0.113418,304.78,GEN,SM
21093,1,2021-06-14 10:03:00,2021-06-21 09:55:00,54.935,-57.83333,54.32667,-56.625,167.8667,-0.60833,1.20833,103.0716,0.170558,130.52,GEN,SM
21101,1,2021-06-14 10:03:00,2021-06-19 10:11:00,55.02667,-58.71667,55.415,-59.29,120.1333,0.38833,-0.57333,56.4526,0.130532,320.13,GEN,SM
21102,1,2021-06-14 10:03:00,2021-06-19 10:11:00,55.02,-58.76667,55.43167,-59.36667,120.1333,0.41167,-0.6,59.5254,0.137637,320.51,GEN,SM
21103,1,2021-06-14 10:03:00,2021-06-19 10:11:00,55.03833,-58.80333,55.45833,-59.29833,120.1333,0.42,-0.495,56.2619,0.130091,326.31,GEN,SM
21107,1,2021-06-14 10:03:00,2021-06-14 15:07:00,54.99,-58.50333,54.98167,-58.51667,5.0667,-0.00833,-0.01334,1.2579,0.068964,222.58,GEN,SM
21109,1,2021-06-14 10:03:00,2021-06-14 15:07:00,54.99833,-58.63,54.99833,-58.63,5.0667,0.0,0.0,0.0,0.0,0.0,GEN,MED
21111,1,2021-06-14 10:03:00,2021-06-14 15:07:00,54.96833,-58.51333,54.96833,-58.51833,5.0667,0.0,-0.005,0.3191,0.017497,270.0,GEN,SM
21121,1,2021-06-14 10:03:00,2021-06-14 15:07:00,55.20667,-58.69667,55.175,-58.625,5.0667,-0.03167,0.07167,5.753,0.315406,127.71,GEN,SM
21122,1,2021-06-14 10:03:00,2021-06-14 15:07:00,55.175,-58.62333,55.19833,-58.64333,5.0667,0.02333,-0.02,2.8882,0.158345,333.93,GEN,SM
21125,1,2021-06-14 10:03:00,2021-06-14 15:07:00,55.1,-58.57167,55.10167,-58.59833,5.0667,0.00167,-0.02666,1.7062,0.093542,276.26,GEN,SM
21126,1,2021-06-14 10:03:00,2021-06-14 15:07:00,55.10833,-58.54333,55.08667,-58.52167,5.0667,-0.02166,0.02166,2.7749,0.152131,150.21,GEN,SM
21127,1,2021-06-14 10:03:00,2021-06-14 15:07:00,55.10167,-58.59667,55.1,-58.57667,5.0667,-0.00167,0.02,1.2858,0.070496,98.3,GEN,LG
21129,1,2021-06-14 10:03:00,2021-06-14 15:07:00,55.095,-58.56167,55.10667,-58.59333,5.0667,0.01167,-0.03166,2.396,0.131358,302.81,GEN,SM
21131,1,2021-06-14 10:03:00,2021-06-14 15:07:00,55.04167,-58.49667,55.04667,-58.41667,5.0667,0.005,0.08,5.1269,0.281081,83.74,GEN,SM
21135,1,2021-06-14 10:03:00,2021-06-14 15:07:00,55.02,-58.485,55.04167,-58.415,5.0667,0.02167,0.07,5.0702,0.277974,61.6,GEN,SM
21137,1,2021-06-14 10:03:00,2021-06-14 15:07:00,55.00667,-58.53333,55.00667,-58.53667,5.0667,0.0,-0.00334,0.213,0.011677,270.0,GEN,SM
21142,1,2021-06-14 10:03:00,2021-06-14 15:07:00,55.21833,-58.70167,55.20667,-58.69833,5.0667,-0.01166,0.00334,1.3137,0.072025,170.72,GEN,LG
21143,1,2021-06-14 10:03:00,2021-06-14 15:07:00,55.25167,-58.89167,55.25167,-58.89167,5.0667,0.0,0.0,0.0,0.0,0.0,GEN,MED
21144,1,2021-06-14 10:03:00,2021-06-14 15:07:00,55.21,-58.75167,55.21833,-58.70167,5.0667,0.00833,0.05,3.3044,0.181161,73.7,GEN,MED
21144,2,2021-06-14 15:07:00,2021-06-19 10:11:00,55.21833,-58.70167,55.22333,-58.56833,115.0667,0.005,0.13334,8.4756,0.020461,86.18,NTB,MED
21144,3,2021-06-19 10:11:00,2021-07-16 14:57:00,55.22333,-58.56833,53.92,-56.45167,652.7667,-1.30333,2.11666,199.024,0.084693,135.86,GEN,MED
21144,4,2021-07-16 14:57:00,2021-07-20 10:04:00,53.92,-56.45167,53.545,-55.85,91.1167,-0.375,0.60167,57.4891,0.175261,136.25,DD,SM
21146,1,2021-06-14 10:03:00,2021-06-15 09:56:00,54.72667,-57.05,54.60833,-56.94667,23.8833,-0.11834,0.10333,14.7413,0.171451,153.17,GEN,MED
21155,1,2021-06-14 10:03:00,2021-06-19 10:11:00,54.79833,-58.60833,55.24667,-58.885,120.1333,0.44834,-0.27667,52.8805,0.122273,340.63,GEN,SM
21156,1,2021-06-14 10:03:00,2021-06-15 09:56:00,54.60167,-57.045,54.45833,-57.00333,23.8833,-0.14334,0.04167,16.1639,0.187996,170.41,GEN,SM
21157,1,2021-06-14 10:03:00,2021-06-15 09:56:00,54.55833,-57.05667,54.35833,-56.97333,23.8833,-0.2,0.08334,22.8821,0.266133,166.35,GEN,MED
21159,1,2021-06-14 10:03:00,2021-06-15 09:56:00,54.54333,-56.82333,54.54333,-56.82333,23.8833,0.0,0.0,0.0,0.0,0.0,GEN,SM
21184,1,2021-06-14 10:03:00,2021-06-19 10:11:00,54.805,-58.63667,55.195,-58.925,120.1333,0.39,-0.28833,47.1038,0.108916,337.14,GEN,SM
21185,1,2021-06-14 10:03:00,2021-06-19 10:11:00,54.86833,-58.64,55.20167,-58.75,120.1333,0.33334,-0.11,37.7227,0.087224,349.34,GEN,MED
21187,1,2021-06-14 15:07:00,2021-06-19 10:11:00,55.37833,-59.23,55.25333,-59.26,115.0667,-0.125,-0.03,14.0284,0.033865,187.79,NTB,MED
21187,2,2021-06-19 10:11:00,2021-07-06 10:20:00,55.25333,-59.26,55.45833,-59.33167,408.15,0.205,-0.07167,23.2408,0.015817,348.79,GEN,SM
21187,3,2021-07-06 10:20:00,2021-07-25 15:26:00,55.45833,-59.33167,55.545,-59.36667,461.1,0.08667,-0.035,9.8861,0.005956,347.13,GEN,MED
21188,1,2021-06-14 15:07:00,2021-06-19 10:11:00,55.35,-59.21,55.315,-59.06833,115.0667,-0.035,0.14167,9.7692,0.023583,113.42,NTB,LG
21189,1,2021-06-14 15:07:00,2021-06-19 10:11:00,55.33833,-59.19167,55.25667,-59.08667,115.0667,-0.08166,0.105,11.2531,0.027166,143.75,NTB,MED
21190,1,2021-06-14 15:07:00,2021-06-19 10:11:00,55.32167,-59.14,55.23667,-59.12,115.0667,-0.085,0.02,9.5361,0.023021,172.36,NTB,SM
21191,1,2021-06-14 15:07:00,2021-06-19 10:11:00,55.32167,-59.14167,55.215,-58.9,115.0667,-0.10667,0.24167,19.3672,0.046754,127.67,NTB,LG
21192,1,2021-06-14 15:07:00,2021-06-19 10:11:00,55.31833,-59.14333,55.31833,-59.14167,115.0667,0.0,0.00166,0.105,0.000254,90.0,NTB,BB
21193,1,2021-06-14 15:07:00,2021-06-19 10:11:00,55.32,-59.14167,55.22,-58.935,115.0667,-0.1,0.20667,17.1771,0.041466,130.26,NTB,LG
21194,1,2021-06-14 15:07:00,2021-06-19 10:11:00,55.28667,-59.0,55.28667,-59.0,115.0667,0.0,0.0,0.0,0.0,0.0,NTB,MED
21195,1,2021-06-14 15:07:00,2021-06-19 10:11:00,55.265,-59.1,55.21667,-59.03167,115.0667,-0.04833,0.06833,6.9025,0.016663,141.1,NTB,LG
21196,1,2021-06-14 15:07:00,2021-06-19 10:11:00,55.24333,-59.00333,55.20167,-58.94333,115.0667,-0.04166,0.06,5.995,0.014472,140.57,NTB,MED
21197,1,2021-06-14 15:07:00,2021-06-19 10:11:00,55.24167,-58.97,55.205,-58.82333,115.0667,-0.03667,0.14667,10.1567,0.024519,113.61,NTB,MED
21198,1,2021-06-14 15:07:00,2021-06-19 10:11:00,55.235,-58.96833,55.26333,-59.035,115.0667,0.02833,-0.06667,5.2707,0.012724,306.73,NTB,SM
21199,1,2021-06-14 15:07:00,2021-06-19 10:11:00,55.22333,-59.035,55.21667,-59.035,115.0667,-0.00666,0.0,0.7406,0.001788,180.0,NTB,MED
21200,1,2021-06-14 15:07:00,2021-06-19 10:11:00,55.21,-59.11333,55.47333,-59.44333,115.0667,0.26333,-0.33,35.9558,0.086799,324.66,NTB,SM
21201,1,2021-06-14 15:07:00,2021-06-19 10:11:00,55.2,-59.09833,55.36,-59.36833,115.0667,0.16,-0.27,24.6765,0.059571,316.25,NTB,MED
21202,1,2021-06-14 15:07:00,2021-06-19 10:11:00,55.19167,-58.83833,55.24167,-59.0,115.0667,0.05,-0.16167,11.6655,0.028161,298.53,NTB,SM
21203,1,2021-06-14 15:07:00,2021-06-19 10:11:00,55.16,-58.975,55.225,-59.18167,115.0667,0.065,-0.20667,14.9772,0.036156,298.94,NTB,BB
21206,1,2021-06-15 15:26:00,2021-06-19 10:11:00,56.55,-60.435,56.225,-60.45667,90.75,-0.325,-0.02167,36.163,0.110692,182.12,NTB,MED
21206,2,2021-06-19 10:11:00,2021-06-24 10:20:00,56.225,-60.45667,55.715,-59.56167,120.15,-0.51,0.895,79.483,0.183759,135.15,GEN,MED
21207,1,2021-06-15 15:26:00,2021-06-19 10:11:00,56.52833,-60.44,56.23,-60.40333,90.75,-0.29833,0.03667,33.2495,0.101774,176.09,NTB,SM
21207,2,2021-06-19 10:11:00,2021-06-23 21:41:00,56.23,-60.40333,55.52167,-59.43333,107.5,-0.70833,0.97,99.3193,0.256639,142.07,GEN,MED
21208,1,2021-06-15 15:26:00,2021-06-19 10:11:00,56.37667,-60.41667,56.14333,-60.12667,90.75,-0.23334,0.29,31.5276,0.096503,145.26,NTB,MED
21209,1,2021-06-15 15:26:00,2021-06-19 10:11:00,56.37667,-60.425,56.075,-60.24667,90.75,-0.30167,0.17833,35.309,0.108078,161.73,NTB,MED
21209,2,2021-06-19 10:11:00,2021-06-24 10:20:00,56.075,-60.24667,55.52833,-59.39167,120.15,-0.54667,0.855,80.9336,0.187112,138.33,GEN,MED
21210,1,2021-06-15 15:26:00,2021-06-19 10:11:00,56.365,-60.36167,55.98167,-60.23333,90.75,-0.38333,0.12834,43.3583,0.132716,169.39,NTB,SM
21210,2,2021-06-19 10:11:00,2021-06-24 10:20:00,55.98167,-60.23333,55.44,-59.32167,120.15,-0.54167,0.91166,83.0005,0.191891,136.15,GEN,MED
21211,1,2021-06-15 15:26:00,2021-06-19 10:11:00,56.36667,-60.47333,55.81833,-60.62833,90.75,-0.54834,-0.155,61.726,0.188938,189.03,NTB,SM
21211,2,2021-06-19 10:11:00,2021-06-24 10:20:00,55.81833,-60.62833,56.255,-60.27167,120.15,0.43667,0.35666,53.3713,0.123391,24.38,GEN,SM
21212,1,2021-06-15 15:26:00,2021-06-19 10:11:00,56.35333,-60.48,56.11667,-60.25167,90.75,-0.23666,0.22833,29.86,0.091399,151.7,NTB,MED
21212,2,2021-06-19 10:11:00,2021-06-24 10:20:00,56.11667,-60.25167,55.52333,-59.43333,120.15,-0.59334,0.81834,83.4626,0.192959,141.89,GEN,MED
21213,1,2021-06-15 15:26:00,2021-06-19 10:11:00,56.33667,-60.53833,55.95833,-60.585,90.75,-0.37834,-0.04667,42.1687,0.129075,183.95,NTB,SM
21213,2,2021-06-19 10:11:00,2021-06-24 10:20:00,55.95833,-60.585,56.22167,-60.34667,120.15,0.26334,0.23833,32.8028,0.075838,26.69,GEN,SM
21214,1,2021-06-15 15:26:00,2021-06-19 10:11:00,56.31,-60.60667,56.01167,-60.49667,90.75,-0.29833,0.11,33.8648,0.103657,168.35,NTB,SM
21215,1,2021-06-15 15:26:00,2021-06-19 10:11:00,56.29167,-60.35667,55.97167,-59.95667,90.75,-0.32,0.4,43.3646,0.132735,144.97,NTB,SM
21216,1,2021-06-15 15:26:00,2021-06-19 10:11:00,56.28333,-60.53833,55.8,-60.715,90.75,-0.48333,-0.17667,54.8526,0.167899,191.61,NTB,SM
21217,1,2021-06-15 15:26:00,2021-06-19 10:11:00,56.26167,-60.46333,55.89167,-60.455,90.75,-0.37,0.00833,41.1454,0.125942,179.28,NTB,SM
21217,2,2021-06-19 10:11:00,2021-06-23 21:41:00,55.89167,-60.455,56.05333,-60.195,107.5,0.16166,0.26,24.1839,0.062491,41.88,GEN,SM
21217,3,2021-06-23 21:41:00,2021-06-24 10:20:00,56.05333,-60.195,55.96167,-60.24167,12.65,-0.09166,-0.04667,10.597,0.232697,195.91,GEN,SM
21218,1,2021-06-15 15:26:00,2021-06-19 10:11:00,56.235,-60.36167,56.02,-60.04667,90.75,-0.215,0.315,30.8648,0.094475,140.63,NTB,MED
21218,2,2021-06-19 10:11:00,2021-06-23 21:41:00,56.02,-60.04667,55.31833,-59.14167,107.5,-0.70167,0.905,96.4781,0.249298,143.59,GEN,MED
21219,1,2021-06-15 15:26:00,2021-06-19 10:11:00,56.23333,-60.40833,55.96333,-59.94333,90.75,-0.27,0.465,41.6303,0.127427,135.96,NTB,SM
21220,1,2021-06-15 15:26:00,2021-06-19 10:11:00,56.225,-60.29833,55.95333,-59.95167,90.75,-0.27167,0.34666,37.0812,0.113502,144.41,NTB,MED
21221,1,2021-06-15 15:26:00,2021-06-19 10:11:00,56.22167,-60.34667,55.95667,-59.875,90.75,-0.265,0.47167,41.5264,0.127109,135.01,NTB,MED
21221,2,2021-06-19 10:11:00,2021-06-23 21:41:00,55.95667,-59.875,55.46333,-58.84333,107.5,-0.49334,1.03167,84.7699,0.219044,129.9,GEN,MED
21222,1,2021-06-15 15:26:00,2021-06-19 10:11:00,56.11833,-60.25333,55.835,-59.665,90.75,-0.28333,0.58833,48.2948,0.147826,130.47,NTB,MED
21223,1,2021-06-15 15:26:00,2021-06-19 10:11:00,56.07667,-60.24833,55.70167,-60.12833,90.75,-0.375,0.12,42.3642,0.129673,169.78,NTB,SM
21223,2,2021-06-19 10:11:00,2021-07-06 10:20:00,55.70167,-60.12833,55.515,-59.27167,408.15,-0.18667,0.85666,57.6696,0.039249,110.74,GEN,SM
21224,1,2021-06-15 15:26:00,2021-06-19 10:11:00,55.93,-59.94167,55.475,-59.69667,90.75,-0.455,0.245,52.8712,0.161834,163.02,NTB,SM
21225,1,2021-06-15 15:26:00,2021-06-19 10:11:00,55.82167,-59.7,55.50833,-59.51167,90.75,-0.31334,0.18833,36.7894,0.112609,161.2,NTB,LG
21226,1,2021-06-15 15:26:00,2021-06-19 10:11:00,55.99333,-60.23,55.64667,-60.14833,90.75,-0.34666,0.08167,38.883,0.119017,172.43,NTB,SM
21226,2,2021-06-19 10:11:00,2021-07-06 10:20:00,55.64667,-60.14833,55.54833,-59.40833,408.15,-0.09834,0.74,47.7593,0.032504,102.93,GEN,SM
21226,3,2021-07-06 10:20:00,2021-07-12 15:16:00,55.54833,-59.40833,55.52,-59.43167,148.9333,-0.02833,-0.02334,3.4757,0.006483,205.01,GEN,MED
21227,1,2021-06-15 15:26:00,2021-06-19 10:11:00,56.38833,-60.725,56.16167,-60.66667,90.75,-0.22666,0.05833,25.4594,0.077929,171.84,NTB,SM
21227,2,2021-06-19 10:11:00,2021-06-24 10:20:00,56.16167,-60.66667,56.17167,-60.45833,120.15,0.01,0.20834,12.9464,0.029931,84.99,GEN,SM
21228,1,2021-06-15 15:26:00,2021-06-19 10:11:00,56.13,-60.415,55.85833,-60.125,90.75,-0.27167,0.29,35.1822,0.10769,149.04,NTB,MED
21229,1,2021-06-15 15:26:00,2021-06-24 10:20:00,56.79333,-59.69667,55.57667,-59.52167,210.9,-1.21666,0.175,135.719,0.178756,175.35,NTB,LG
21230,1,2021-06-15 15:26:00,2021-06-19 10:11:00,56.62333,-59.87333,56.28333,-59.055,90.75,-0.34,0.81833,62.911,0.192565,126.6,NTB,MED
21230,2,2021-06-19 10:11:00,2021-06-28 15:30:00,56.28333,-59.055,55.69,-57.11833,221.3167,-0.59333,1.93667,137.3391,0.172376,117.9,GEN,MED
21231,1,2021-06-15 15:26:00,2021-06-19 10:11:00,56.61,-60.04333,56.01333,-59.13333,90.75,-0.59667,0.91,86.9008,0.265996,139.39,NTB,SM
21232,1,2021-06-15 15:26:00,2021-06-19 10:11:00,56.175,-60.17,55.645,-59.89,90.75,-0.53,0.28,61.4626,0.188132,163.39,NTB,MED
21232,2,2021-06-19 10:11:00,2021-06-24 10:20:00,55.645,-59.89,55.35833,-59.35667,120.15,-0.28667,0.53333,46.3062,0.107056,133.28,GEN,MED
21233,1,2021-06-15 15:26:00,2021-06-19 10:11:00,56.16333,-60.14667,55.805,-59.745,90.75,-0.35833,0.40167,47.0304,0.143956,147.74,PIN,LG
21233,2,2021-06-19 10:11:00,2021-06-23 21:41:00,55.805,-59.745,55.47167,-58.83667,107.5,-0.33333,0.90833,67.996,0.1757,122.66,GEN,MED
21234,1,2021-06-15 15:26:00,2021-06-19 10:11:00,56.145,-60.12333,55.86167,-59.76,90.75,-0.28333,0.36333,38.7665,0.118661,144.21,NTB,MED
21235,1,2021-06-15 15:26:00,2021-06-19 10:11:00,56.09,-60.19167,55.75167,-59.73,90.75,-0.33833,0.46167,47.3574,0.144957,142.41,NTB,MED
21236,1,2021-06-15 15:26:00,2021-06-19 10:11:00,56.02167,-60.04333,55.69,-59.63,90.75,-0.33167,0.41333,45.0064,0.137761,144.86,NTB,MED
21237,1,2021-06-15 15:26:00,2021-06-19 10:11:00,55.98333,-60.01833,55.65833,-59.60667,90.75,-0.325,0.41166,44.3536,0.135763,144.39,NTB,SM
21238,1,2021-06-15 15:26:00,2021-06-19 10:11:00,55.98333,-59.92333,55.58167,-59.63,90.75,-0.40166,0.29333,48.282,0.147787,157.55,NTB,MED
21239,1,2021-06-15 15:26:00,2021-06-19 10:11:00,55.97667,-59.86,55.56333,-59.40667,90.75,-0.41334,0.45333,54.0041,0.165302,148.14,NTB,LG
21239,2,2021-06-19 10:11:00,2021-06-23 21:41:00,55.56333,-59.40667,55.22333,-58.56833,107.5,-0.34,0.83834,65.0551,0.168101,125.18,GEN,MED
21240,1,2021-06-15 15:26:00,2021-06-19 10:11:00,55.96667,-59.93833,55.665,-59.62,90.75,-0.30167,0.31833,38.9965,0.119365,149.21,NTB,MED
21241,1,2021-06-15 15:26:00,2021-06-19 10:11:00,55.95667,-59.87667,55.58833,-59.57167,90.75,-0.36834,0.305,45.182,0.138298,154.9,NTB,MED
21242,1,2021-06-15 15:26:00,2021-06-19 10:11:00,55.95333,-59.95167,55.68167,-59.61667,90.75,-0.27166,0.335,36.7487,0.112484,145.15,NTB,MED
21242,2,2021-06-19 10:11:00,2021-06-23 21:41:00,55.68167,-59.61667,55.22833,-58.84167,107.5,-0.45334,0.775,70.2061,0.181411,135.57,GEN,MED
21243,1,2021-06-15 15:26:00,2021-06-19 10:11:00,55.92167,-59.865,55.54,-59.61667,90.75,-0.38167,0.24833,45.1982,0.138348,159.78,NTB,SM
21244,1,2021-06-15 15:26:00,2021-06-19 10:11:00,55.87,-59.785,55.52833,-59.50167,90.75,-0.34167,0.28333,41.9356,0.128361,154.84,NTB,MED
21245,1,2021-06-15 15:26:00,2021-06-19 10:11:00,55.86833,-59.75,55.52167,-59.36167,90.75,-0.34666,0.38833,45.5862,0.139535,147.57,NTB,LG
21246,1,2021-06-15 15:26:00,2021-06-19 10:11:00,55.845,-59.62833,55.475,-59.36833,90.75,-0.37,0.26,44.2565,0.135465,158.27,NTB,MED
21247,1,2021-06-15 15:26:00,2021-06-19 10:11:00,55.835,-59.66833,55.52833,-59.39167,90.75,-0.30667,0.27666,38.2574,0.117103,152.93,NTB,MED
21248,1,2021-06-15 15:26:00,2021-06-19 10:11:00,55.865,-59.87,55.55333,-59.355,90.75,-0.31167,0.515,47.3489,0.144931,136.84,NTB,LG
21248,2,2021-06-19 10:11:00,2021-06-23 21:41:00,55.55333,-59.355,55.21167,-58.515,107.5,-0.34166,0.84,65.2595,0.168629,125.26,GEN,MED
21249,1,2021-06-15 15:26:00,2021-06-19 10:11:00,55.87333,-59.87667,55.57667,-59.52167,90.75,-0.29666,0.355,39.7786,0.121759,145.88,NTB,MED
21250,1,2021-06-15 15:26:00,2021-06-19 10:11:00,55.90167,-59.99167,55.525,-59.43167,90.75,-0.37667,0.56,54.6324,0.167225,139.82,NTB,MED
21251,1,2021-06-15 15:26:00,2021-06-19 10:11:00,55.98833,-60.09833,55.69167,-59.60833,90.75,-0.29666,0.49,44.9902,0.137711,136.95,NTB,SM
21252,1,2021-06-15 15:26:00,2021-06-19 10:11:00,56.045,-60.19667,55.73833,-59.58333,90.75,-0.30667,0.61334,51.2385,0.156837,131.47,NTB,MED
21253,1,2021-06-15 15:26:00,2021-06-19 10:11:00,56.13667,-60.12333,55.84333,-59.62667,90.75,-0.29334,0.49666,44.9233,0.137506,136.35,NTB,SM
21255,1,2021-06-19 10:11:00,2021-06-23 21:41:00,56.36,-60.35167,55.715,-59.56167,107.5,-0.645,0.79,86.9017,0.224552,145.29,GEN,SM
21255,2,2021-06-23 21:41:00,2021-06-24 10:20:00,55.715,-59.56167,55.66,-59.59667,12.65,-0.055,-0.035,6.4973,0.142673,199.75,GEN,SM
21256,1,2021-06-19 10:11:00,2021-06-23 21:41:00,56.25333,-60.57333,55.66,-59.59667,107.5,-0.59333,0.97666,89.714,0.231819,136.93,GEN,SM
21256,2,2021-06-23 21:41:00,2021-06-24 10:20:00,55.66,-59.59667,55.63167,-59.62667,12.65,-0.02833,-0.03,3.6697,0.080583,210.87,GEN,SM
21257,1,2021-06-19 10:11:00,2021-06-23 21:41:00,56.19667,-60.385,55.53,-59.39167,107.5,-0.66667,0.99333,96.6271,0.249682,139.69,GEN,MED
21257,2,2021-06-23 21:41:00,2021-06-24 10:20:00,55.53,-59.39167,55.445,-59.27333,12.65,-0.085,0.11834,12.0382,0.264343,141.68,GEN,SM
21258,1,2021-06-19 10:11:00,2021-06-24 10:20:00,56.21333,-60.60167,55.665,-59.62,120.15,-0.54833,0.98167,86.3413,0.199615,134.52,GEN,SM
21262,1,2021-06-19 10:11:00,2021-07-06 10:20:00,55.695,-60.09333,55.52,-59.43333,408.15,-0.175,0.66,45.794,0.031166,114.87,GEN,SM
21262,2,2021-07-06 10:20:00,2021-07-12 15:16:00,55.52,-59.43333,55.365,-59.45167,148.9333,-0.155,-0.01834,17.274,0.032218,183.85,GEN,MED
21262,3,2021-07-12 15:16:00,2021-07-25 15:26:00,55.365,-59.45167,55.65,-59.765,312.1667,0.285,-0.31333,37.3305,0.033218,328.22,NTB,SM
21265,1,2021-06-19 10:11:00,2021-06-23 21:41:00,56.18333,-60.31,55.495,-59.34333,107.5,-0.68833,0.96667,97.4718,0.251865,141.34,GEN,SM
21266,1,2021-06-19 10:11:00,2021-07-06 10:20:00,55.59333,-60.10333,55.53833,-59.42333,408.15,-0.055,0.68,43.1908,0.029395,97.86,GEN,SM
21266,2,2021-07-06 10:20:00,2021-07-12 15:16:00,55.53833,-59.42333,55.61667,-59.45167,148.9333,0.07834,-0.02834,8.8913,0.016583,348.45,GEN,SM
21266,3,2021-07-12 15:16:00,2021-07-13 10:11:00,55.61667,-59.45167,55.54667,-59.38667,18.9167,-0.07,0.065,8.7906,0.129084,152.28,NTB,SM
21267,1,2021-06-19 10:11:00,2021-07-06 10:20:00,55.70333,-60.21,55.57667,-59.52167,408.15,-0.12666,0.68833,45.4355,0.030922,107.77,GEN,SM
21267,2,2021-07-06 10:20:00,2021-07-12 15:16:00,55.57667,-59.52167,55.595,-59.77333,148.9333,0.01833,-0.25166,15.9461,0.029741,277.45,GEN,MED
21268,1,2021-06-19 10:11:00,2021-06-24 10:20:00,55.835,-60.08333,55.31833,-59.14167,120.15,-0.51667,0.94166,82.4867,0.190703,133.76,GEN,MED
21269,1,2021-06-19 10:11:00,2021-06-23 21:41:00,56.22667,-60.32833,55.55833,-59.40333,107.5,-0.66834,0.925,94.0693,0.243073,141.8,GEN,MED
21269,2,2021-06-23 21:41:00,2021-06-24 10:20:00,55.55833,-59.40333,55.53167,-59.31667,12.65,-0.02666,0.08666,6.2056,0.136267,118.5,GEN,SM
21270,1,2021-06-21 09:48:00,2021-06-24 10:19:00,59.15333,-60.175,58.765,-59.67667,72.5167,-0.38833,0.49833,51.7776,0.198336,146.29,PIN,MED
21272,1,2021-06-21 11:40:00,2021-06-24 10:19:00,59.40833,-60.80167,59.47833,-61.43,70.65,0.07,-0.62833,36.3624,0.142968,282.63,NTB,MED
21272,2,2021-06-24 10:19:00,2021-06-29 07:39:00,59.47833,-61.43,59.04833,-61.50667,117.3333,-0.43,-0.07667,48.0119,0.113665,185.24,GEN,MED
21272,3,2021-06-29 07:39:00,2021-07-06 15:15:00,59.04833,-61.50667,58.72167,-60.84833,175.6,-0.32666,0.65834,52.4435,0.082959,133.55,DOM,MED
21272,4,2021-07-06 15:15:00,2021-07-13 15:35:00,58.72167,-60.84833,57.84,-60.52667,168.3333,-0.88167,0.32166,99.8241,0.164726,169.0,WDG,SM
21273,1,2021-06-21 12:06:00,2021-06-24 10:19:00,59.50333,-60.83333,59.35833,-61.34333,70.2167,-0.145,-0.51,33.0419,0.130714,241.01,NTB,MED
21273,2,2021-06-24 10:19:00,2021-06-29 07:34:00,59.35833,-61.34333,58.95,-61.59833,117.25,-0.40833,-0.255,47.6749,0.112947,197.86,GEN,SM
21273,3,2021-06-29 07:34:00,2021-07-06 15:15:00,58.95,-61.59833,58.80833,-60.94333,175.6833,-0.14167,0.655,40.8062,0.06452,112.43,NTB,SM
21275,1,2021-06-21 10:31:00,2021-06-29 03:30:00,59.25492,-60.43846,58.22167,-60.88833,184.9833,-1.03325,-0.44987,117.7877,0.176874,192.92,TAB,MED
21282,1,2021-06-21 13:30:00,2021-06-24 10:19:00,59.62595,-60.89778,59.735,-61.04333,68.8167,0.10905,-0.14555,14.6215,0.059019,326.09,NTB,MED
21282,2,2021-06-24 10:19:00,2021-07-13 15:35:00,59.735,-61.04333,57.93833,-60.58833,461.2667,-1.79667,0.455,201.4875,0.121337,172.34,GEN,MED
21282,3,2021-07-13 15:35:00,2021-07-20 15:26:00,57.93833,-60.58833,57.575,-60.46833,167.85,-0.36333,0.12,41.0228,0.067889,169.96,NTB,LG
21282,4,2021-07-20 15:26:00,2021-07-25 15:26:00,57.575,-60.46833,57.74667,-60.49667,120.0,0.17167,-0.02834,19.1631,0.044359,354.97,NTB,LG
21282,5,2021-07-25 15:26:00,2021-07-28 21:34:00,57.74667,-60.49667,57.43,-60.45333,78.1333,-0.31667,0.04334,35.3067,0.125522,175.79,NTB,LG
21282,6,2021-07-28 21:34:00,2021-07-31 21:58:00,57.43,-60.45333,57.20833,-60.25833,72.4,-0.22167,0.195,27.2878,0.104696,154.51,GEN,GEN
21282,7,2021-07-31 21:58:00,2021-08-12 21:58:00,57.20833,-60.25833,56.46667,-59.76667,288.0,-0.74166,0.49166,87.7231,0.084609,159.86,GEN,GEN
21282,8,2021-08-12 21:58:00,2021-08-14 10:10:00,56.46667,-59.76667,56.19833,-59.445,36.2,-0.26834,0.32167,35.8258,0.274906,146.26,GEN,GEN
21283,1,2021-06-21 13:30:00,2021-06-24 10:19:00,59.66957,-60.89562,59.735,-60.68333,68.8167,0.06543,0.21229,13.9554,0.056331,58.49,NTB,MED
21284,1,2021-06-21 14:50:00,2021-07-13 15:35:00,59.89347,-60.95641,58.86,-60.79167,528.75,-1.03347,0.16474,115.2947,0.06057,175.29,NTB,MED
21285,1,2021-06-21 14:50:00,2021-07-13 15:35:00,59.84583,-60.87707,58.33833,-60.66333,528.75,-1.5075,0.21374,168.0701,0.088295,175.74,NTB,MED
21285,2,2021-07-13 15:35:00,2021-07-20 15:26:00,58.33833,-60.66333,58.31667,-60.34333,167.85,-0.02166,0.32,18.8376,0.031175,97.21,NTB,MED
21285,3,2021-07-20 15:26:00,2021-07-25 15:26:00,58.31667,-60.34333,58.17667,-60.175,120.0,-0.14,0.16833,18.422,0.042643,147.6,NTB,SM
21286,1,2021-06-21 14:50:00,2021-07-13 15:35:00,59.91212,-60.95243,58.94667,-59.87333,528.75,-0.96545,1.0791,123.4831,0.064872,149.92,NTB,MED
21287,1,2021-06-21 14:50:00,2021-07-13 15:35:00,59.95541,-60.96465,59.23167,-60.39,528.75,-0.72374,0.57465,86.7307,0.045564,157.86,NTB,LG
21291,1,2021-06-24 10:19:00,2021-06-29 05:13:00,58.68,-61.18,58.34667,-61.12,114.9,-0.33333,0.06,37.228,0.090001,174.6,GEN,SM
21292,1,2021-06-28 13:10:00,2021-07-06 14:57:00,55.15167,-56.925,54.28167,-56.59333,193.7833,-0.87,0.33167,99.057,0.141993,167.45,PIN,VLG
21292,2,2021-07-06 14:57:00,2021-07-11 14:57:00,54.28167,-56.59333,53.92333,-56.27333,120.0,-0.35834,0.32,44.9771,0.104114,152.23,DD,LG
21292,3,2021-07-11 14:57:00,2021-07-15 09:56:00,53.92333,-56.27333,53.94,-56.07333,90.9833,0.01667,0.2,13.2238,0.040373,81.86,NTB,MED
21292,4,2021-07-15 09:56:00,2021-07-20 10:04:00,53.94,-56.07333,53.165,-55.63,120.1333,-0.775,0.44333,91.0159,0.210451,161.05,GEN,SM
21293,1,2021-06-28 13:30:00,2021-07-06 14:57:00,55.13167,-56.925,54.48167,-56.31833,193.45,-0.65,0.60667,82.0693,0.117845,151.48,WDG,LG
21293,2,2021-07-06 14:57:00,2021-07-11 14:57:00,54.48167,-56.31833,53.91333,-56.23833,120.0,-0.56834,0.08,63.4104,0.146783,175.26,DD,MED
21294,1,2021-06-28 13:38:00,2021-07-06 14:57:00,55.095,-56.93667,54.54833,-55.91,193.3167,-0.54667,1.02667,89.5573,0.128685,132.32,WDG,MED
21296,1,2021-06-29 05:27:00,2021-07-06 11:04:00,58.52,-61.05167,57.935,-59.82333,173.6167,-0.585,1.22834,96.9697,0.155147,131.61,RAD,RAD
21296,2,2021-07-06 11:04:00,2021-07-20 15:26:00,57.935,-59.82333,57.65333,-59.55667,340.3667,-0.28167,0.26666,35.0812,0.02863,153.11,RAD,RAD
21302,1,2021-06-29 07:54:00,2021-07-06 17:56:00,59.29167,-62.02667,58.99667,-61.52,178.0333,-0.295,0.50667,43.714,0.068205,138.41,NTB,LG
21302,2,2021-07-06 17:56:00,2021-07-13 15:35:00,58.99667,-61.52,58.895,-61.13,165.65,-0.10167,0.39,25.0646,0.042031,116.64,NTB,MED
21302,3,2021-07-13 15:35:00,2021-07-20 15:26:00,58.895,-61.13,58.44167,-60.34667,167.85,-0.45333,0.78333,67.7661,0.112147,137.72,NTB,MED
21302,4,2021-07-20 15:26:00,2021-07-25 15:26:00,58.44167,-60.34667,58.17667,-60.175,120.0,-0.265,0.17167,31.1263,0.072052,161.13,NTB,SM
21303,1,2021-06-29 08:05:00,2021-07-25 15:26:00,59.37167,-62.01333,57.94167,-61.425,631.35,-1.43,0.58833,162.6075,0.071543,167.67,PIN,LG
21303,2,2021-07-25 15:26:00,2021-07-28 21:34:00,57.94167,-61.425,57.62833,-61.02833,78.1333,-0.31334,0.39667,42.0337,0.149437,145.82,NTB,LG
21303,3,2021-07-28 21:34:00,2021-07-31 10:26:00,57.62833,-61.02833,57.23,-60.91333,60.8667,-0.39833,0.115,44.824,0.204564,171.12,GEN,GEN
21303,4,2021-07-31 10:26:00,2021-08-02 10:10:00,57.23,-60.91333,56.93333,-60.94333,47.7333,-0.29667,-0.03,33.038,0.19226,183.16,GEN,GEN
21303,5,2021-08-02 10:10:00,2021-08-03 10:18:00,56.93333,-60.94333,56.93,-60.94167,24.1333,-0.00333,0.00166,0.3837,0.004417,164.78,GEN,GEN
21303,6,2021-08-03 10:18:00,2021-08-10 21:42:00,56.93,-60.94167,55.99167,-59.94167,179.4,-0.93833,1.0,121.0784,0.187474,149.09,GEN,GEN
21303,7,2021-08-10 21:42:00,2021-08-13 10:02:00,55.99167,-59.94167,55.85833,-59.46667,60.3333,-0.13334,0.475,33.099,0.152389,116.42,GEN,GEN
21310,1,2021-07-06 10:20:00,2021-07-12 15:16:00,56.64167,-60.71167,55.93333,-60.145,148.9333,-0.70834,0.56667,86.1783,0.160732,155.82,GEN,MED
21310,2,2021-07-12 15:16:00,2021-07-13 10:11:00,55.93333,-60.145,55.85833,-60.07167,18.9167,-0.075,0.07333,9.5106,0.139656,151.24,NTB,SM
21311,1,2021-07-06 10:20:00,2021-07-12 15:16:00,56.62,-60.52,56.075,-59.90333,148.9333,-0.545,0.61667,71.5284,0.133409,147.65,GEN,MED
21311,2,2021-07-12 15:16:00,2021-07-13 10:11:00,56.075,-59.90333,55.92167,-59.87833,18.9167,-0.15333,0.025,17.1202,0.251399,174.78,NTB,SM
21312,1,2021-07-06 10:20:00,2021-07-12 15:16:00,56.43,-60.9,56.13167,-60.09833,148.9333,-0.29833,0.80167,59.5742,0.111113,123.5,GEN,MED
21312,2,2021-07-12 15:16:00,2021-07-13 10:11:00,56.13167,-60.09833,56.13,-60.09833,18.9167,-0.00167,0.0,0.1857,0.002727,180.0,NTB,LG
21313,1,2021-07-06 10:20:00,2021-07-12 15:16:00,56.33167,-60.11833,55.61167,-59.39167,148.9333,-0.72,0.72666,91.9454,0.171489,150.24,GEN,MED
21313,2,2021-07-12 15:16:00,2021-07-13 10:11:00,55.61167,-59.39167,55.575,-59.34167,18.9167,-0.03667,0.05,5.1474,0.075586,142.37,NTB,LG
21314,1,2021-07-06 10:20:00,2021-07-12 15:16:00,56.17167,-60.28833,55.64333,-59.64833,148.9333,-0.52834,0.64,71.0108,0.132443,145.56,GEN,MED
21314,2,2021-07-12 15:16:00,2021-07-13 10:11:00,55.64333,-59.64833,55.525,-59.5,18.9167,-0.11833,0.14833,16.1253,0.236789,144.62,NTB,SM
21316,1,2021-07-06 10:20:00,2021-07-12 15:16:00,55.955,-59.92333,55.30333,-59.115,148.9333,-0.65167,0.80833,88.4612,0.16499,144.66,GEN,MED
21316,2,2021-07-12 15:16:00,2021-07-13 10:11:00,55.30333,-59.115,55.19,-58.85333,18.9167,-0.11333,0.26167,20.8304,0.30588,127.12,NTB,MED
21317,1,2021-07-06 10:20:00,2021-07-12 15:16:00,55.96333,-60.03333,55.45,-59.42,148.9333,-0.51333,0.61333,68.8079,0.128335,145.8,GEN,MED
21318,1,2021-07-06 10:20:00,2021-07-13 10:11:00,55.93,-59.74,55.18167,-58.70333,167.85,-0.74833,1.03667,105.7085,0.174939,141.49,GEN,MED
21320,1,2021-07-06 10:20:00,2021-07-13 10:11:00,55.715,-59.47667,55.19833,-58.635,167.85,-0.51667,0.84167,78.2091,0.12943,136.92,GEN,MED
21320,2,2021-07-13 10:11:00,2021-07-20 10:03:00,55.19833,-58.635,54.93667,-57.65667,167.8667,-0.26166,0.97833,68.7508,0.113766,114.63,GEN,MED
21320,3,2021-07-20 10:03:00,2021-07-24 21:32:00,54.93667,-57.65667,54.6,-56.71833,107.4833,-0.33667,0.93834,70.8824,0.183187,121.5,GEN,MED
21320,4,2021-07-24 21:32:00,2021-08-01 21:32:00,54.6,-56.71833,54.18667,-55.62667,192.0,-0.41333,1.09166,84.3022,0.121965,122.59,GEN,SM
21320,5,2021-08-01 21:32:00,2021-08-07 02:00:00,54.18667,-55.62667,54.13333,-54.965,124.4667,-0.05334,0.66167,43.4857,0.097049,97.57,GEN,GEN
21322,1,2021-07-06 10:20:00,2021-07-12 15:16:00,55.39,-59.20333,55.54833,-59.415,148.9333,0.15833,-0.21167,22.0897,0.0412,322.93,GEN,LG
21322,2,2021-07-12 15:16:00,2021-07-13 10:11:00,55.54833,-59.415,55.54833,-59.41333,18.9167,0.0,0.00167,0.105,0.001543,90.0,NTB,LG
21323,1,2021-07-09 09:56:00,2021-07-11 14:57:00,52.58833,-54.88833,52.52833,-54.775,53.0167,-0.06,0.11333,10.1591,0.053228,131.01,GEN,MED
21324,1,2021-07-09 09:56:00,2021-07-11 14:57:00,52.58167,-55.045,52.53167,-54.78333,53.0167,-0.05,0.26167,18.543,0.097155,107.34,GEN,MED
21325,1,2021-07-10 12:00:00,2021-07-13 15:35:00,59.87833,-60.50167,59.31833,-60.32,75.5833,-0.56,0.18167,63.1027,0.23191,170.6,GEN,MED
21326,1,2021-07-10 12:00:00,2021-07-25 15:26:00,58.935,-62.81,58.39333,-61.38833,363.4333,-0.54167,1.42167,101.9106,0.077892,125.62,RAD,RAD
21327,1,2021-07-10 12:00:00,2021-07-20 15:26:00,58.035,-59.825,57.98833,-59.93,243.4333,-0.04667,-0.105,8.0737,0.009213,230.05,GEN,MED
21327,2,2021-07-20 15:26:00,2021-07-25 15:26:00,57.98833,-59.93,58.14333,-59.77333,120.0,0.155,0.15667,19.5439,0.04524,28.06,NTB,MED
21328,1,2021-07-10 12:00:00,2021-07-13 15:35:00,57.32167,-60.57667,57.455,-60.81833,75.5833,0.13333,-0.24166,20.7251,0.076167,315.77,BLK,SM
21329,1,2021-07-12 15:16:00,2021-07-20 10:03:00,56.78333,-59.69667,56.00833,-58.205,186.7833,-0.775,1.49167,125.9049,0.187241,132.57,NTB,MED
21330,1,2021-07-12 15:16:00,2021-07-13 10:11:00,56.78167,-59.72833,56.74167,-59.67667,18.9167,-0.04,0.05166,5.4495,0.080021,144.68,NTB,SM
21331,1,2021-07-12 15:16:00,2021-07-17 21:41:00,56.75333,-59.72333,56.44667,-58.91,126.4167,-0.30666,0.81333,60.342,0.132591,124.07,NTB,SM
21331,2,2021-07-17 21:41:00,2021-07-20 10:03:00,56.44667,-58.91,56.24833,-58.44167,60.3667,-0.19834,0.46833,36.3205,0.167129,127.19,GEN,SM
21331,3,2021-07-20 10:03:00,2021-07-28 19:49:00,56.24833,-58.44167,55.70667,-57.15833,201.7667,-0.54166,1.28334,100.0106,0.137687,126.5,GEN,MED
21331,4,2021-07-28 19:49:00,2021-08-09 21:32:00,55.70667,-57.15833,54.48167,-53.87333,289.7167,-1.225,3.285,249.4476,0.239168,121.74,GEN,MED
21331,5,2021-08-09 21:32:00,2021-08-12 09:57:00,54.48167,-53.87333,54.285,-53.29333,60.4167,-0.19667,0.58,43.4608,0.19982,119.97,GEN,GEN
21331,6,2021-08-12 09:57:00,2021-08-14 09:41:00,54.285,-53.29333,54.20833,-52.70833,47.7333,-0.07667,0.585,38.9522,0.226677,102.4,GEN,GEN
21331,7,2021-08-14 09:41:00,2021-08-15 09:49:00,54.20833,-52.70833,54.08833,-52.845,24.1333,-0.12,-0.13667,16.0396,0.184618,213.76,GEN,GEN
21331,8,2021-08-15 09:49:00,2021-08-16 21:25:00,54.08833,-52.845,53.76667,-52.61333,35.6,-0.32166,0.23167,38.8502,0.303138,156.93,GEN,GEN
21332,1,2021-07-12 15:16:00,2021-07-13 10:11:00,56.72667,-59.745,56.61,-59.66333,18.9167,-0.11667,0.08167,13.8997,0.204107,158.93,NTB,SM
21334,1,2021-07-12 15:16:00,2021-07-13 10:11:00,56.36833,-60.02333,56.15167,-59.72333,18.9167,-0.21666,0.3,30.3922,0.446288,142.31,DD,LG
21334,2,2021-07-13 10:11:00,2021-07-20 10:03:00,56.15167,-59.72333,55.56667,-58.215,167.8667,-0.585,1.50833,114.4143,0.189327,124.02,GEN,MED
21334,3,2021-07-20 10:03:00,2021-07-24 21:32:00,55.56667,-58.215,55.46167,-57.45667,107.4833,-0.105,0.75833,49.1502,0.127023,103.43,GEN,MED
21334,4,2021-07-24 21:32:00,2021-07-28 21:34:00,55.46167,-57.45667,55.62833,-56.98667,96.0333,0.16666,0.47,34.8949,0.100934,57.73,GEN,SM
21334,5,2021-07-28 21:34:00,2021-08-09 21:32:00,55.62833,-56.98667,54.105,-53.46167,287.9667,-1.52333,3.525,282.0289,0.27205,125.45,GEN,GEN
21334,6,2021-08-09 21:32:00,2021-08-12 21:23:00,54.105,-53.46167,53.875,-52.69,71.85,-0.23,0.77167,56.5595,0.218663,116.57,GEN,GEN
21334,7,2021-08-12 21:23:00,2021-08-14 09:41:00,53.875,-52.69,53.70833,-52.53167,36.3,-0.16667,0.15833,21.2515,0.162622,150.64,GEN,GEN
21334,8,2021-08-14 09:41:00,2021-08-16 21:25:00,53.70833,-52.53167,53.675,-52.125,59.7333,-0.03333,0.40667,27.0312,0.125703,97.72,GEN,GEN
21335,1,2021-07-12 15:16:00,2021-07-13 10:11:00,56.35833,-59.94167,56.195,-59.59333,18.9167,-0.16333,0.34834,28.1473,0.413323,130.04,NTB,MED
21338,1,2021-07-12 15:16:00,2021-07-13 10:11:00,56.12167,-60.04333,56.08333,-59.94667,18.9167,-0.03834,0.09666,7.3557,0.108014,125.38,NTB,VLG
21338,2,2021-07-13 10:11:00,2021-07-20 10:03:00,56.08333,-59.94667,55.07,-58.29833,167.8667,-1.01333,1.64834,153.0659,0.253286,136.72,GEN,LG
21338,3,2021-07-20 10:03:00,2021-07-24 21:32:00,55.07,-58.29833,55.01167,-57.2,107.4833,-0.05833,1.09833,70.278,0.181625,94.85,GEN,MED
21339,1,2021-07-12 15:16:00,2021-07-13 10:11:00,56.06667,-59.56833,55.89333,-59.315,18.9167,-0.17334,0.25333,24.8975,0.365602,140.62,DD,LG
21339,2,2021-07-13 10:11:00,2021-07-17 21:41:00,55.89333,-59.315,55.295,-58.145,107.5,-0.59833,1.17,99.146,0.256191,131.66,GEN,MED
21340,1,2021-07-12 15:16:00,2021-07-13 10:11:00,55.955,-59.94167,55.95667,-59.94333,18.9167,0.00167,-0.00166,0.2125,0.003121,330.91,NTB,MED
21343,1,2021-07-13 10:11:00,2021-07-17 21:41:00,56.59333,-59.065,56.53,-58.38167,107.5,-0.06333,0.68333,42.4574,0.109709,99.26,GEN,MED
21344,1,2021-07-13 10:11:00,2021-07-17 21:41:00,56.48333,-60.445,55.955,-59.37667,107.5,-0.52833,1.06833,88.395,0.228411,131.21,GEN,MED
21346,1,2021-07-13 10:11:00,2021-07-17 21:41:00,56.24833,-60.275,55.54667,-59.41333,107.5,-0.70166,0.86167,94.725,0.244767,145.09,GEN,MED
21348,1,2021-07-13 10:11:00,2021-07-20 10:03:00,56.11333,-58.42667,55.33167,-56.45667,167.8667,-0.78166,1.97,150.9048,0.24971,124.35,GEN,MED
21349,1,2021-07-13 10:11:00,2021-07-20 10:03:00,56.01333,-60.22,55.03333,-58.485,167.8667,-0.98,1.735,154.2671,0.255274,134.22,GEN,MED
21355,1,2021-07-13 15:35:00,2021-07-17 21:41:00,56.74833,-61.02667,56.12833,-60.13833,102.1,-0.62,0.88834,87.9468,0.239272,141.25,NTB,MED
21357,1,2021-07-13 15:35:00,2021-07-20 15:26:00,58.875,-60.85833,58.01667,-60.50333,167.85,-0.85833,0.355,97.6514,0.161605,167.64,NTB,VLG
21357,2,2021-07-20 15:26:00,2021-07-25 15:26:00,58.01667,-60.50333,58.01667,-60.5,120.0,0.0,0.00333,0.1961,0.000454,90.0,NTB,VLG
21357,3,2021-07-25 15:26:00,2021-07-31 10:26:00,58.01667,-60.5,58.01667,-60.505,139.0,0.0,-0.005,0.2945,0.000588,270.0,NTB,VLG
21359,1,2021-07-20 15:26:00,2021-07-28 21:34:00,57.615,-60.24167,57.435,-59.91333,198.1333,-0.18,0.32834,28.0158,0.039277,135.46,NTB,SM
21359,2,2021-07-28 21:34:00,2021-07-30 21:49:00,57.435,-59.91333,57.26,-59.89667,48.25,-0.175,0.01666,19.4848,0.112175,177.05,GEN,GEN
21359,3,2021-07-30 21:49:00,2021-08-13 10:02:00,57.26,-59.89667,56.93167,-59.13,324.2167,-0.32833,0.76667,58.9703,0.050524,127.93,GEN,GEN
21359,4,2021-08-13 10:02:00,2021-08-14 10:10:00,56.93167,-59.13,56.82667,-59.085,24.1333,-0.105,0.045,11.9913,0.138022,166.8,GEN,GEN
21359,5,2021-08-14 10:10:00,2021-08-14 21:42:00,56.82667,-59.085,56.805,-59.11167,11.5333,-0.02167,-0.02667,2.9053,0.069973,213.98,GEN,GEN
21359,6,2021-08-14 21:42:00,2021-08-15 10:19:00,56.805,-59.11167,56.78667,-59.11,12.6167,-0.01833,0.00167,2.0407,0.04493,177.14,GEN,GEN
21359,7,2021-08-15 10:19:00,2021-08-15 21:49:00,56.78667,-59.11,56.76333,-59.10167,11.5,-0.02334,0.00833,2.6444,0.063876,168.93,GEN,GEN
21359,8,2021-08-15 21:49:00,2021-08-19 10:19:00,56.76333,-59.10167,56.81333,-59.12167,84.5,0.05,-0.02,5.6916,0.01871,347.65,GEN,GEN
21359,9,2021-08-19 10:19:00,2021-08-21 10:02:00,56.81333,-59.12167,56.56,-58.80333,47.7167,-0.25333,0.31834,34.2264,0.199245,145.26,GEN,GEN
21362,1,2021-07-20 15:26:00,2021-07-25 15:26:00,57.135,-60.47833,56.84,-59.93333,120.0,-0.295,0.545,46.5413,0.107735,134.58,NTB,SM
21364,1,2021-07-20 15:26:00,2021-07-25 15:26:00,56.91333,-60.68,56.39333,-60.235,120.0,-0.52,0.445,63.8993,0.147915,154.62,NTB,MED
21365,1,2021-07-20 15:26:00,2021-07-25 15:26:00,56.87667,-60.01667,57.09667,-60.13833,120.0,0.22,-0.12166,25.5491,0.059141,343.28,NTB,LG
21365,2,2021-07-25 15:26:00,2021-07-30 21:49:00,57.09667,-60.13833,56.895,-60.495,126.3833,-0.20167,-0.35667,31.1374,0.068437,224.08,NTB,LG
21365,3,2021-07-30 21:49:00,2021-08-02 10:10:00,56.895,-60.495,56.69833,-60.37167,60.35,-0.19667,0.12333,23.1222,0.106426,161.0,GEN,GEN
21365,4,2021-08-02 10:10:00,2021-08-07 21:50:00,56.69833,-60.37167,55.835,-59.41,131.6667,-0.86333,0.96167,112.8776,0.238138,147.86,GEN,GEN
21365,5,2021-08-07 21:50:00,2021-08-13 10:02:00,55.835,-59.41,55.425,-58.34333,132.2,-0.41,1.06667,81.004,0.170205,123.81,GEN,GEN
21365,6,2021-08-13 10:02:00,2021-08-15 21:49:00,55.425,-58.34333,55.37667,-58.135,59.7833,-0.04833,0.20833,14.2094,0.066023,112.14,GEN,GEN
21365,7,2021-08-15 21:49:00,2021-08-21 10:02:00,55.37667,-58.135,55.06667,-57.15667,132.2167,-0.31,0.97833,70.9821,0.149128,118.65,GEN,GEN
21365,8,2021-08-21 10:02:00,2021-08-21 21:32:00,55.06667,-57.15667,54.94,-57.07167,11.5,-0.12667,0.085,15.0922,0.364545,158.92,GEN,GEN
21365,9,2021-08-21 21:32:00,2021-08-22 21:41:00,54.94,-57.07167,54.71667,-56.83833,24.15,-0.22333,0.23334,28.9838,0.333377,148.86,GEN,GEN
21366,1,2021-07-20 15:26:00,2021-07-25 15:26:00,56.84167,-60.70667,56.37667,-60.24,120.0,-0.465,0.46667,59.0678,0.136731,150.89,NTB,MED
21367,1,2021-07-20 15:26:00,2021-07-25 15:26:00,56.775,-60.80167,56.295,-60.14,120.0,-0.48,0.66167,67.0421,0.15519,142.48,NTB,MED
21368,1,2021-07-20 15:26:00,2021-07-25 15:26:00,56.72667,-59.625,56.82667,-59.13833,120.0,0.1,0.48667,31.6663,0.073302,69.24,NTB,SM
21368,2,2021-07-25 15:26:00,2021-07-28 19:32:00,56.82667,-59.13833,56.52167,-58.42667,76.1,-0.305,0.71166,55.1386,0.201265,127.66,NTB,SM
21372,1,2021-07-25 15:26:00,2021-07-28 19:49:00,55.81667,-59.545,55.67,-58.355,76.3833,-0.14667,1.19,76.2477,0.277285,101.86,NTB,MED
21372,2,2021-07-28 19:49:00,2021-07-30 21:49:00,55.67,-58.355,55.62,-57.66667,50.0,-0.05,0.68833,43.5485,0.241936,97.05,GEN,SM
21372,3,2021-07-30 21:49:00,2021-08-08 05:48:00,55.62,-57.66667,55.33667,-55.35167,199.9833,-0.28333,2.315,149.2379,0.207292,101.23,GEN,GEN
21374,1,2021-07-25 15:26:00,2021-07-28 21:34:00,55.72833,-59.425,55.48,-58.90667,78.1333,-0.24833,0.51833,42.6912,0.151775,130.09,NTB,LG
21374,2,2021-07-28 21:34:00,2021-08-02 10:10:00,55.48,-58.90667,55.04667,-58.14,108.6,-0.43333,0.76667,68.4194,0.175004,134.45,GEN,GEN
21374,3,2021-08-02 10:10:00,2021-08-03 21:49:00,55.04667,-58.14,55.04667,-58.14167,35.65,0.0,-0.00167,0.1064,0.000829,270.0,GEN,GEN
21374,4,2021-08-03 21:49:00,2021-08-05 10:02:00,55.04667,-58.14167,55.03667,-58.11667,36.2167,-0.01,0.025,1.9425,0.014899,124.91,GEN,GEN
21374,5,2021-08-05 10:02:00,2021-08-05 21:34:00,55.03667,-58.11667,55.04,-58.10667,11.5333,0.00333,0.01,0.737,0.017749,59.83,GEN,GEN
21374,6,2021-08-05 21:34:00,2021-08-06 10:10:00,55.04,-58.10667,55.04167,-58.07833,12.6,0.00167,0.02834,1.8152,0.040017,84.12,GEN,GEN
21375,1,2021-07-25 15:26:00,2021-08-07 21:50:00,57.555,-61.59833,57.535,-61.58333,318.4,-0.02,0.015,2.3973,0.002091,158.07,NTB,LG
21380,1,2021-07-25 15:26:00,2021-07-31 10:26:00,58.15,-61.58667,57.615,-61.11833,139.0,-0.535,0.46834,65.6163,0.131128,154.84,NTB,MED
21380,2,2021-07-31 10:26:00,2021-08-07 10:17:00,57.615,-61.11833,56.98833,-61.06833,167.85,-0.62667,0.05,69.7472,0.115426,177.51,GEN,GEN
21380,3,2021-08-07 10:17:00,2021-08-07 21:50:00,56.98833,-61.06833,56.98833,-61.07,11.55,0.0,-0.00167,0.1012,0.002433,270.0,GEN,GEN
21380,4,2021-08-07 21:50:00,2021-08-08 21:58:00,56.98833,-61.07,56.985,-61.065,24.1333,-0.00333,0.005,0.4784,0.005506,140.71,GEN,GEN
21380,5,2021-08-08 21:58:00,2021-08-13 21:34:00,56.985,-61.065,56.91,-60.90667,119.6,-0.075,0.15833,12.7181,0.029539,130.91,GEN,GEN
21380,6,2021-08-13 21:34:00,2021-08-15 10:19:00,56.91,-60.90667,56.89667,-60.90333,36.75,-0.01333,0.00334,1.496,0.011308,172.21,GEN,GEN
21380,7,2021-08-15 10:19:00,2021-08-16 10:27:00,56.89667,-60.90333,56.88167,-60.86,24.1333,-0.015,0.04333,3.1159,0.035865,122.35,GEN,GEN
21380,8,2021-08-16 10:27:00,2021-08-20 21:58:00,56.88167,-60.86,56.45333,-60.35833,107.5167,-0.42834,0.50167,56.64,0.146334,147.03,GEN,GEN
21381,1,2021-07-25 15:26:00,2021-07-31 10:26:00,58.01333,-61.26167,57.55333,-60.945,139.0,-0.46,0.31667,54.4855,0.108884,159.71,NTB,LG
21381,2,2021-07-31 10:26:00,2021-08-07 10:17:00,57.55333,-60.945,56.90667,-60.91167,167.85,-0.64666,0.03333,71.9333,0.119044,178.39,GEN,GEN
21381,3,2021-08-07 10:17:00,2021-08-07 21:50:00,56.90667,-60.91167,56.90667,-60.91167,11.55,0.0,0.0,0.0,0.0,0.0,GEN,GEN
21381,4,2021-08-07 21:50:00,2021-08-14 21:42:00,56.90667,-60.91167,55.89,-59.73,167.8667,-1.01667,1.18167,134.4115,0.222418,146.76,GEN,GEN
21381,5,2021-08-14 21:42:00,2021-08-15 10:19:00,55.89,-59.73,55.88833,-59.72667,12.6167,-0.00167,0.00333,0.2786,0.006133,131.8,GEN,GEN
21381,6,2021-08-15 10:19:00,2021-08-15 21:49:00,55.88833,-59.72667,55.88667,-59.72833,11.5,-0.00166,-0.00166,0.2116,0.005112,209.29,GEN,GEN
21386,1,2021-07-25 15:26:00,2021-07-28 21:34:00,58.24833,-60.865,58.01667,-60.50333,78.1333,-0.23166,0.36167,33.3819,0.118678,140.35,NTB,MED
21386,2,2021-07-28 21:34:00,2021-07-31 10:26:00,58.01667,-60.50333,57.8,-60.385,60.8667,-0.21667,0.11833,25.0862,0.114486,163.77,GEN,GEN
21386,3,2021-07-31 10:26:00,2021-08-02 10:10:00,57.8,-60.385,57.715,-60.12333,47.7333,-0.085,0.26167,18.174,0.105761,121.23,GEN,GEN
21386,4,2021-08-02 10:10:00,2021-08-12 21:58:00,57.715,-60.12333,57.32333,-59.75333,251.8,-0.39167,0.37,48.8352,0.053873,152.94,GEN,GEN
21386,5,2021-08-12 21:58:00,2021-08-24 10:27:00,57.32333,-59.75333,57.59167,-59.74667,276.4833,0.26834,0.00666,29.8407,0.02998,0.76,GEN,GEN
21387,1,2021-07-25 15:26:00,2021-07-28 21:34:00,58.01333,-61.26167,57.695,-60.60167,78.1333,-0.31833,0.66,52.7034,0.18737,131.91,NTB,LG
21387,2,2021-07-28 21:34:00,2021-07-31 10:26:00,57.695,-60.60167,57.43167,-60.645,60.8667,-0.26333,-0.04333,29.3948,0.134149,185.06,GEN,GEN
21387,3,2021-07-31 10:26:00,2021-07-31 21:58:00,57.43167,-60.645,57.38,-60.77333,11.5333,-0.05167,-0.12833,9.5968,0.231136,233.28,GEN,GEN
21387,4,2021-07-31 21:58:00,2021-08-02 10:10:00,57.38,-60.77333,57.11,-60.83333,36.2,-0.27,-0.06,30.2389,0.232035,186.88,GEN,GEN
21387,5,2021-08-02 10:10:00,2021-08-04 21:58:00,57.11,-60.83333,57.005,-60.805,59.8,-0.105,0.02833,11.8005,0.054815,171.64,GEN,GEN
21387,6,2021-08-04 21:58:00,2021-08-07 21:50:00,57.005,-60.805,56.70167,-60.75167,71.8667,-0.30333,0.05333,33.8842,0.130969,174.49,GEN,GEN
21387,7,2021-08-07 21:50:00,2021-08-13 10:02:00,56.70167,-60.75167,55.97,-59.85333,132.2,-0.73167,0.89834,98.4114,0.206781,145.39,GEN,GEN
21387,8,2021-08-13 10:02:00,2021-08-14 10:10:00,55.97,-59.85333,55.90667,-59.74,24.1333,-0.06333,0.11333,9.9702,0.114758,134.89,GEN,GEN
21388,1,2021-07-25 15:26:00,2021-07-31 10:26:00,58.53167,-60.83333,58.31667,-60.69,139.0,-0.215,0.14333,25.3216,0.050603,160.7,NTB,MED
21388,2,2021-07-31 10:26:00,2021-08-02 10:10:00,58.31667,-60.69,58.01667,-60.50333,47.7333,-0.3,0.18667,35.1091,0.204313,161.75,GEN,GEN
21388,3,2021-08-02 10:10:00,2021-08-02 21:42:00,58.01667,-60.50333,58.01667,-60.505,11.5333,0.0,-0.00167,0.0984,0.002369,270.0,GEN,GEN
21388,4,2021-08-02 21:42:00,2021-08-03 10:18:00,58.01667,-60.505,58.02333,-60.50667,12.6,0.00666,-0.00167,0.7471,0.01647,352.44,GEN,GEN
21390,1,2021-07-25 15:26:00,2021-07-30 21:49:00,56.085,-60.13,55.28333,-58.99167,126.3833,-0.80167,1.13833,114.1818,0.25096,140.85,NTB,SM
21393,1,2021-07-25 15:26:00,2021-08-03 21:49:00,56.04833,-59.88667,56.01,-59.81,222.3833,-0.03833,0.07667,6.3921,0.007984,131.79,NTB,MED
21393,2,2021-08-03 21:49:00,2021-08-04 21:58:00,56.01,-59.81,55.99833,-59.83,24.15,-0.01167,-0.02,1.7972,0.020672,223.79,GEN,GEN
21394,1,2021-07-25 15:26:00,2021-07-28 19:49:00,56.24667,-59.62333,55.78167,-58.69333,76.3833,-0.465,0.93,77.555,0.282039,131.43,NTB,MED
21394,2,2021-07-28 19:49:00,2021-07-30 21:49:00,55.78167,-58.69333,55.815,-58.405,50.0,0.03333,0.28833,18.3988,0.102215,78.26,GEN,MED
