iceberg_number,split,t_ref,t_next,lat,lon,prev_delta_lat,prev_delta_lon,prev_displacement_km,prev_speed_mps,prev_bearing_sin,prev_bearing_cos,prev_dt_hours,forecast_dt_hours,doy_sin,doy_cos,hr_sin,hr_cos,SIZE_BLK,SIZE_DD,SIZE_DOM,SIZE_GEN,SIZE_ISL,SIZE_NTB,SIZE_PIN,SIZE_RAD,SIZE_TAB,SIZE_WDG,SHAPE_BB,SHAPE_GEN,SHAPE_GR,SHAPE_LG,SHAPE_MED,SHAPE_RAD,SHAPE_SM,SHAPE_VLG,target_delta_lat,target_delta_lon,target_displacement_km,target_bearing_deg,target_dt_hours
8,test,2020-10-02 21:42:00,2020-10-22 21:43:00,59.13333,-63.31833,0.295,-0.03834,32.8747,0.076004,-0.06592559795137755,0.9978245414574415,120.15,359.8667,-0.999371,0.035473,-0.707107,0.707107,0,0,0,1,0,0,0,0,0,0,0,1,0,0,0,0,0,0,-0.32166,0.38334,41.8779,148.49,359.8667
10,train,2020-10-03 21:50:00,2020-10-11 10:16:00,56.52167,-60.265,-0.15334,0.30833,25.492,0.117431,0.7448940565916222,-0.6671827669045995,60.3,120.1333,-0.998613,0.052658,-0.707107,0.707107,0,0,0,1,0,0,0,0,0,0,0,1,0,0,0,0,0,0,-0.64666,1.72167,128.8503,123.2,120.1333
10,train,2020-10-06 10:08:00,2020-10-15 21:49:00,56.36833,-59.95667,-0.64666,1.72167,128.8503,0.297934,0.8367643134589617,-0.5475632234925502,120.1333,107.55,-0.994567,0.104101,0.5,-0.866025,0,0,0,1,0,0,0,0,0,0,0,1,0,0,0,0,0,0,-0.79,0.74833,99.7857,151.37,107.55
24,train,2020-10-06 21:42:00,2020-10-07 21:49:00,56.52,-60.265,0.0,0.0,0.0,0.0,0.0,1.0,12.5833,11.5333,-0.994567,0.104101,-0.707107,0.707107,0,0,0,1,0,0,0,0,0,0,0,1,0,0,0,0,0,0,0.0,0.0,0.0,0.0,11.5333
24,train,2020-10-07 10:17:00,2020-10-08 10:25:00,56.52,-60.265,0.0,0.0,0.0,0.0,0.0,1.0,11.5333,12.6,-0.992629,0.121193,0.5,-0.866025,0,0,0,1,0,0,0,0,0,0,0,1,0,0,0,0,0,0,-0.055,0.07667,7.717,142.39,12.6
24,train,2020-10-07 21:49:00,2020-10-08 21:58:00,56.52,-60.265,-0.055,0.07667,7.717,0.170128,0.6102834352365835,-0.792183140868218,12.6,11.55,-0.992629,0.121193,-0.707107,0.707107,0,0,0,1,0,0,0,0,0,0,0,1,0,0,0,0,0,0,0.00167,0.0,0.1857,0.0,11.55
24,train,2020-10-08 10:25:00,2020-10-09 21:34:00,56.465,-60.18833,0.00167,0.0,0.1857,0.004466,0.0,1.0,11.55,23.6,-0.990397,0.13825,0.5,-0.866025,0,0,0,1,0,0,0,0,0,0,0,1,0,0,0,0,0,0,0.0,0.0,0.0,0.0,23.6
24,train,2020-10-08 21:58:00,2020-10-10 10:09:00,56.46667,-60.18833,0.0,0.0,0.0,0.0,0.0,1.0,23.6,12.5833,-0.990397,0.13825,-0.707107,0.707107,0,0,0,1,0,0,0,0,0,0,0,1,0,0,0,0,0,0,-0.05167,0.05,6.5158,151.84,12.5833
24,train,2020-10-09 21:34:00,2020-10-11 10:16:00,56.46667,-60.18833,-0.05167,0.05,6.5158,0.143837,0.47193538388337286,-0.8816331399390869,12.5833,24.1167,-0.987873,0.155266,-0.707107,0.707107,0,0,0,1,0,0,0,0,0,0,0,1,0,0,0,0,0,0,-0.24833,0.51833,42.2563,130.59,24.1167
24,train,2020-10-10 10:09:00,2020-10-15 21:49:00,56.415,-60.13833,-0.24833,0.51833,42.2563,0.486712,0.7593848772977247,-0.6506416895123763,24.1167,107.55,-0.985056,0.172236,0.5,-0.866025,0,0,0,1,0,0,0,0,0,0,0,1,0,0,0,0,0,0,-0.835,2.075,159.6259,124.7,107.55
26,train,2020-10-04 21:21:00,2020-10-18 09:38:00,54.21,-52.99167,-0.72667,1.54167,129.4427,0.176084,0.788010753606722,-0.6156614753256583,204.2,120.0833,-0.997559,0.069828,-0.707107,0.707107,0,0,0,1,0,0,0,0,0,0,0,1,0,0,0,0,0,0,-0.235,-0.49167,41.7975,231.5,120.0833
35,val,2020-10-03 21:13:00,2020-10-04 21:21:00,52.78667,-54.565,-0.24167,0.07833,27.3867,0.378793,0.19337823250590783,-0.9811242832551292,20.0833,4.05,-0.998613,0.052658,-0.707107,0.707107,0,0,0,1,0,0,0,0,0,0,0,1,0,0,0,0,0,0,-0.045,-0.05333,6.169,215.82,4.05
35,val,2020-10-04 17:18:00,2020-10-05 14:17:00,52.545,-54.48667,-0.045,-0.05333,6.169,0.423112,-0.5852407540255098,-0.8108595808323737,4.05,16.9333,-0.997559,0.069828,-0.965926,-0.258819,0,1,0,0,0,0,0,0,0,0,0,0,0,0,1,0,0,0,-0.14333,-0.12333,17.998,207.73,16.9333
35,val,2020-10-04 21:21:00,2020-10-07 09:48:00,52.5,-54.54,-0.14333,-0.12333,17.998,0.295243,-0.46530557300226283,-0.885150113671707,16.9333,43.5167,-0.997559,0.069828,-0.707107,0.707107,0,0,0,1,0,0,0,0,0,0,0,1,0,0,0,0,0,0,-0.03,0.18333,12.8935,104.92,43.5167
35,val,2020-10-05 14:17:00,2020-10-07 21:13:00,52.35667,-54.66333,-0.03,0.18333,12.8935,0.082302,0.9662862641710471,-0.2574701063703537,43.5167,11.4167,-0.99621,0.086977,-0.5,-0.866025,0,1,0,0,0,0,0,0,0,0,0,0,0,0,1,0,0,0,0.10333,0.10833,13.6413,32.58,11.4167
36,test,2020-10-03 21:50:00,2020-10-07 10:17:00,57.30167,-60.95333,-0.00167,-0.00167,0.2111,0.000816,-0.4753171248226872,-0.8798145434409993,71.8667,12.5833,-0.998613,0.052658,-0.707107,0.707107,0,0,0,1,0,0,0,0,0,0,0,1,0,0,0,0,0,0,0.01667,-0.08,5.1498,291.13,12.5833
36,test,2020-10-06 21:42:00,2020-10-08 10:25:00,57.3,-60.955,0.01667,-0.08,5.1498,0.113683,-0.9327649130588994,0.36048525207867205,12.5833,24.1333,-0.994567,0.104101,-0.707107,0.707107,0,0,0,1,0,0,0,0,0,0,0,1,0,0,0,0,0,0,-0.03834,-0.04,4.8938,209.43,24.1333
36,test,2020-10-07 10:17:00,2020-10-08 21:58:00,57.31667,-61.035,-0.03834,-0.04,4.8938,0.056329,-0.49135985278706,-0.870956655103501,24.1333,11.55,-0.992629,0.121193,0.5,-0.866025,0,0,0,1,0,0,0,0,0,0,0,1,0,0,0,0,0,0,0.0,-0.00167,0.1004,270.0,11.55
36,test,2020-10-08 10:25:00,2020-10-09 21:34:00,57.27833,-61.075,0.0,-0.00167,0.1004,0.002414,-1.0,-1.8369701987210297e-16,11.55,23.6,-0.990397,0.13825,0.5,-0.866025,0,0,0,1,0,0,0,0,0,0,0,1,0,0,0,0,0,0,-0.01166,-0.00166,1.3004,184.4,23.6
36,test,2020-10-08 21:58:00,2020-10-10 10:09:00,57.27833,-61.07667,-0.01166,-0.00166,1.3004,0.015306,-0.07671902812681863,-0.9970527522269202,23.6,12.5833,-0.990397,0.13825,-0.707107,0.707107,0,0,0,1,0,0,0,0,0,0,0,1,0,0,0,0,0,0,0.0,0.00166,0.0998,90.0,12.5833
36,test,2020-10-09 21:34:00,2020-10-11 10:16:00,57.26667,-61.07833,0.0,0.00166,0.0998,0.002203,1.0,6.123233995736766e-17,12.5833,24.1167,-0.987873,0.155266,-0.707107,0.707107,0,0,0,1,0,0,0,0,0,0,0,1,0,0,0,0,0,0,0.0,-0.00166,0.0998,270.0,24.1167
36,test,2020-10-10 10:09:00,2020-10-12 10:25:00,57.26667,-61.07667,0.0,-0.00166,0.0998,0.00115,-1.0,-1.8369701987210297e-16,24.1167,24.15,-0.985056,0.172236,0.5,-0.866025,0,0,0,1,0,0,0,0,0,0,0,1,0,0,0,0,0,0,-0.00167,0.0,0.1857,180.0,24.15
36,test,2020-10-11 10:16:00,2020-10-14 10:09:00,57.26667,-61.07833,-0.00167,0.0,0.1857,0.002136,1.2246467991473532e-16,-1.0,24.15,47.7333,-0.981947,0.189155,0.5,-0.866025,0,0,0,1,0,0,0,0,0,0,0,1,0,0,0,0,0,0,0.00167,0.0,0.1857,0.0,47.7333
36,test,2020-10-12 10:25:00,2020-10-16 10:28:00,57.265,-61.07833,0.00167,0.0,0.1857,0.001081,0.0,1.0,47.7333,48.3167,-0.978548,0.206018,0.5,-0.866025,0,0,0,1,0,0,0,0,0,0,0,1,0,0,0,0,0,0,-0.00167,0.00166,0.2108,151.74,48.3167
36,test,2020-10-14 10:09:00,2020-10-19 10:17:00,57.26667,-61.07833,-0.00167,0.00166,0.2108,0.001212,0.4734734044123122,-0.8808081149230036,48.3167,71.8167,-0.970882,0.239557,0.5,-0.866025,0,0,0,1,0,0,0,0,0,0,0,1,0,0,0,0,0,0,0.0,0.00167,0.1004,90.0,71.8167
36,test,2020-10-16 10:28:00,2020-10-22 21:43:00,57.265,-61.07667,0.0,0.00167,0.1004,0.000388,1.0,6.123233995736766e-17,71.8167,83.4333,-0.962068,0.272811,0.5,-0.866025,0,0,0,1,0,0,0,0,0,0,0,1,0,0,0,0,0,0,0.00167,-0.00167,0.2111,331.6,83.4333
36,test,2020-10-19 10:17:00,2020-10-23 10:16:00,57.265,-61.075,0.00167,-0.00167,0.2111,0.000703,-0.47562420907027486,0.8796485728666167,83.4333,12.55,-0.946714,0.322076,0.5,-0.866025,0,0,0,1,0,0,0,0,0,0,0,1,0,0,0,0,0,0,-0.00167,0.00167,0.2111,151.6,12.55
36,test,2020-10-22 21:43:00,2020-10-24 10:24:00,57.26667,-61.07667,-0.00167,0.00167,0.2111,0.004673,0.4756242090702755,-0.8796485728666164,12.55,24.1333,-0.928839,0.370483,-0.707107,0.707107,0,0,0,1,0,0,0,0,0,0,0,1,0,0,0,0,0,0,0.00167,-0.00333,0.2731,312.85,24.1333
36,test,2020-10-23 10:16:00,2020-10-24 21:58:00,57.265,-61.075,0.00167,-0.00333,0.2731,0.003143,-0.7331366608028571,0.6800813455659819,24.1333,11.5667,-0.922329,0.386405,0.5,-0.866025,0,0,0,1,0,0,0,0,0,0,0,1,0,0,0,0,0,0,0.00333,-0.02167,1.3545,285.87,11.5667
36,test,2020-10-24 10:24:00,2020-11-15 10:09:00,57.26667,-61.07833,0.00333,-0.02167,1.3545,0.032528,-0.9618846224207108,0.273455614589583,11.5667,516.1833,-0.915546,0.402214,0.5,-0.866025,0,0,0,1,0,0,0,0,0,0,0,1,0,0,0,0,0,0,-2.33667,3.36333,333.1068,139.84,516.1833
42,train,2020-10-02 21:42:00,2020-11-10 10:34:00,58.11333,-62.22667,-0.18833,0.365,30.0101,0.025668,0.7181262977631888,-0.6959127965923143,324.7667,600.1,-0.999371,0.035473,-0.707107,0.707107,0,0,0,1,0,0,0,0,0,0,0,1,0,0,0,0,0,0,-0.09833,0.37334,24.6344,116.19,600.1
43,train,2020-10-02 21:42:00,2020-10-19 09:48:00,56.22333,-59.1,-0.22666,0.14833,26.829,0.103699,0.343823592217404,-0.9390342578600209,71.8667,324.2333,-0.999371,0.035473,-0.707107,0.707107,0,0,0,1,0,0,0,0,0,0,0,1,0,0,0,0,0,0,-0.365,4.125,260.8574,97.24,324.2333
45,train,2020-10-10 21:43:00,2020-11-05 21:58:00,59.035,-62.83833,-0.25167,0.285,32.4181,0.067834,0.5066357888897408,-0.8621601808342055,132.75,491.5,-0.985056,0.172236,-0.707107,0.707107,0,0,0,1,0,0,0,0,0,0,0,1,0,0,0,0,0,0,-1.795,1.50166,218.4301,155.39,491.5
45,train,2020-10-16 10:28:00,2020-11-07 10:09:00,58.78333,-62.55333,-1.795,1.50166,218.4301,0.123449,0.4164394775570859,-0.9091634404946018,491.5,36.1833,-0.962068,0.272811,0.5,-0.866025,0,0,0,1,0,0,0,0,0,0,0,1,0,0,0,0,0,0,-0.02333,0.03834,3.4825,138.14,36.1833
45,train,2020-11-05 21:58:00,2020-11-08 21:49:00,56.98833,-61.05167,-0.02333,0.03834,3.4825,0.026735,0.667312765280826,-0.7447775998868772,36.1833,35.6667,-0.813668,0.58133,-0.707107,0.707107,0,0,0,1,0,0,0,0,0,0,0,1,0,0,0,0,0,0,-0.005,0.0,0.556,180.0,35.6667
45,train,2020-11-07 10:09:00,2020-11-09 10:25:00,56.965,-61.01333,-0.005,0.0,0.556,0.00433,1.2246467991473532e-16,-1.0,35.6667,12.6,-0.79319,0.608975,0.5,-0.866025,0,0,0,1,0,0,0,0,0,0,0,1,0,0,0,0,0,0,-0.08833,-0.00167,9.8224,180.59,12.6
46,val,2020-10-10 21:43:00,2020-10-16 10:28:00,58.09333,-60.86667,-0.81,0.11334,90.3194,0.297142,0.07550084143950772,-0.9971457380653674,84.4333,48.3167,-0.985056,0.172236,-0.707107,0.707107,0,0,0,1,0,0,0,0,0,0,0,1,0,0,0,0,0,0,-0.04,0.125,8.7339,120.56,48.3167
46,val,2020-10-14 10:09:00,2020-10-22 10:09:00,57.28333,-60.75333,-0.04,0.125,8.7339,0.050212,0.8610971951668264,-0.5084403804536227,48.3167,143.6833,-0.970882,0.239557,0.5,-0.866025,0,0,0,1,0,0,0,0,0,0,0,1,0,0,0,0,0,0,-0.625,0.67,80.5121,149.39,143.6833
46,val,2020-10-16 10:28:00,2020-10-25 10:02:00,57.24333,-60.62833,-0.625,0.67,80.5121,0.155651,0.5091916358202797,-0.8606531694072053,143.6833,71.8833,-0.962068,0.272811,0.5,-0.866025,0,0,0,1,0,0,0,0,0,0,0,1,0,0,0,0,0,0,-0.49833,0.84166,75.8746,136.56,71.8833
47,test,2020-10-11 10:16:00,2020-10-14 21:41:00,55.0,-58.63,0.0,0.0,0.0,0.0,0.0,1.0,11.5667,71.85,-0.981947,0.189155,0.5,-0.866025,0,0,0,1,0,0,0,0,0,0,0,1,0,0,0,0,0,0,0.0,0.0,0.0,0.0,71.85
47,test,2020-10-11 21:50:00,2020-10-15 21:49:00,55.0,-58.63,0.0,0.0,0.0,0.0,0.0,1.0,71.85,24.1333,-0.981947,0.189155,-0.707107,0.707107,0,0,0,1,0,0,0,0,0,0,0,1,0,0,0,0,0,0,0.0,0.0,0.0,0.0,24.1333
47,test,2020-10-14 21:41:00,2020-10-22 21:41:00,55.0,-58.63,0.0,0.0,0.0,0.0,0.0,1.0,24.1333,167.8667,-0.970882,0.239557,-0.707107,0.707107,0,0,0,1,0,0,0,0,0,0,0,1,0,0,0,0,0,0,0.0,0.0,0.0,0.0,167.8667
47,test,2020-10-15 21:49:00,2020-10-25 10:02:00,55.0,-58.63,0.0,0.0,0.0,0.0,0.0,1.0,167.8667,60.35,-0.966618,0.256222,-0.707107,0.707107,0,0,0,1,0,0,0,0,0,0,0,1,0,0,0,0,0,0,-0.00167,0.0,0.1857,180.0,60.35
47,test,2020-10-22 21:41:00,2020-11-07 10:09:00,55.0,-58.63,-0.00167,0.0,0.1857,0.000855,1.2246467991473532e-16,-1.0,60.35,312.1167,-0.928839,0.370483,-0.707107,0.707107,0,0,0,1,0,0,0,0,0,0,0,1,0,0,0,0,0,0,0.0,0.0,0.0,0.0,312.1167
47,test,2020-10-25 10:02:00,2020-11-08 21:49:00,54.99833,-58.63,0.0,0.0,0.0,0.0,0.0,1.0,312.1167,35.6667,-0.908492,0.417903,0.5,-0.866025,0,0,0,1,0,0,0,0,0,0,0,1,0,0,0,0,0,0,0.0,-0.00333,0.2124,270.0,35.6667
47,test,2020-11-07 10:09:00,2020-11-18 10:02:00,54.99833,-58.63,0.0,-0.00333,0.2124,0.001654,-1.0,-1.8369701987210297e-16,35.6667,228.2167,-0.79319,0.608975,0.5,-0.866025,0,0,0,1,0,0,0,0,0,0,0,1,0,0,0,0,0,0,0.00167,0.00333,0.2821,48.83,228.2167
47,test,2020-11-08 21:49:00,2020-11-22 21:32:00,54.99833,-58.63333,0.00167,0.00333,0.2821,0.000343,0.7527596947353757,0.6582954063199165,228.2167,107.5,-0.782597,0.622529,-0.707107,0.707107,0,0,0,1,0,0,0,0,0,0,0,1,0,0,0,0,0,0,-0.00167,0.0,0.1857,180.0,107.5
47,test,2020-11-18 10:02:00,2020-11-23 10:10:00,55.0,-58.63,-0.00167,0.0,0.1857,0.00048,1.2246467991473532e-16,-1.0,107.5,12.6333,-0.664483,0.747303,0.5,-0.866025,0,0,0,1,0,0,0,0,0,0,0,1,0,0,0,0,0,0,0.0,0.0,0.0,0.0,12.6333
47,test,2020-11-22 21:32:00,2020-11-27 10:09:00,54.99833,-58.63,0.0,0.0,0.0,0.0,0.0,1.0,12.6333,95.9833,-0.61153,0.791221,-0.707107,0.707107,0,0,0,1,0,0,0,0,0,0,0,1,0,0,0,0,0,0,0.00167,0.0,0.1857,0.0,95.9833
47,test,2020-11-23 10:10:00,2020-11-28 21:50:00,54.99833,-58.63,0.00167,0.0,0.1857,0.000537,0.0,1.0,95.9833,35.6833,-0.597829,0.801624,0.5,-0.866025,0,0,0,1,0,0,0,0,0,0,0,1,0,0,0,0,0,0,0.0,0.0,0.0,0.0,35.6833
49,val,2020-10-11 14:40:00,2020-11-02 10:34:00,60.24333,-63.815,-0.30666,1.33667,81.5793,0.045346,0.9126202507843834,-0.4088083632440134,499.7333,24.1667,-0.981947,0.189155,-0.5,-0.866025,0,0,0,0,0,0,0,1,0,0,0,0,0,0,0,1,0,0,-0.04834,0.14166,9.5525,124.18,24.1667
49,val,2020-11-01 10:24:00,2020-11-07 21:42:00,59.93667,-62.47833,-0.04834,0.14166,9.5525,0.109799,0.8272767279942327,-0.5617946380299088,24.1667,131.1333,-0.851712,0.52401,0.5,-0.866025,0,0,0,1,0,0,0,0,0,0,0,1,0,0,0,0,0,0,-0.065,0.52667,30.2841,103.58,131.1333
51,train,2020-10-11 21:51:00,2020-10-21 10:32:00,60.26167,-64.215,0.0,0.00167,0.0921,0.002036,1.0,6.123233995736766e-17,12.5667,216.1167,-0.981947,0.189155,-0.707107,0.707107,0,0,0,1,0,0,0,0,0,0,0,1,0,0,0,0,0,0,0.035,-0.08667,6.1624,309.2,216.1167
51,train,2020-10-12 10:25:00,2020-10-22 21:43:00,60.26167,-64.21333,0.035,-0.08667,6.1624,0.007921,-0.7749444887041796,0.6320293026648508,216.1167,35.1833,-0.978548,0.206018,0.5,-0.866025,0,0,0,1,0,0,0,0,0,0,0,1,0,0,0,0,0,0,0.0,0.0,0.0,0.0,35.1833
51,train,2020-10-21 10:32:00,2020-10-24 10:24:00,60.29667,-64.3,0.0,0.0,0.0,0.0,0.0,1.0,35.1833,36.6833,-0.935075,0.35445,0.5,-0.866025,0,0,0,1,0,0,0,0,0,0,0,1,0,0,0,0,0,0,0.0,0.0,0.0,0.0,36.6833
51,train,2020-10-22 21:43:00,2020-10-25 10:31:00,60.29667,-64.3,0.0,0.0,0.0,0.0,0.0,1.0,36.6833,24.1167,-0.928839,0.370483,-0.707107,0.707107,0,0,0,1,0,0,0,0,0,0,0,1,0,0,0,0,0,0,0.0,0.0,0.0,0.0,24.1167
51,train,2020-10-24 10:24:00,2020-11-02 10:34:00,60.29667,-64.3,0.0,0.0,0.0,0.0,0.0,1.0,24.1167,192.05,-0.915546,0.402214,0.5,-0.866025,0,0,0,1,0,0,0,0,0,0,0,1,0,0,0,0,0,0,0.0,0.0,0.0,0.0,192.05
51,train,2020-10-25 10:31:00,2020-11-07 21:42:00,60.29667,-64.3,0.0,0.0,0.0,0.0,0.0,1.0,192.05,131.1333,-0.908492,0.417903,0.5,-0.866025,0,0,0,1,0,0,0,0,0,0,0,1,0,0,0,0,0,0,-0.00167,0.0,0.1857,180.0,131.1333
51,train,2020-11-02 10:34:00,2020-11-10 10:34:00,60.29667,-64.3,-0.00167,0.0,0.1857,0.000393,1.2246467991473532e-16,-1.0,131.1333,60.8667,-0.842572,0.538584,0.5,-0.866025,0,0,0,1,0,0,0,0,0,0,0,1,0,0,0,0,0,0,0.00167,0.0,0.1857,0.0,60.8667
51,train,2020-11-07 21:42:00,2020-11-14 10:34:00,60.295,-64.3,0.00167,0.0,0.1857,0.000847,0.0,1.0,60.8667,96.0,-0.79319,0.608975,-0.707107,0.707107,0,0,0,1,0,0,0,0,0,0,0,1,0,0,0,0,0,0,-0.20667,0.28,27.706,145.92,96.0
51,train,2020-11-10 10:34:00,2020-11-17 10:26:00,60.29667,-64.3,-0.20667,0.28,27.706,0.080168,0.560349912828145,-0.8282559840976039,96.0,71.8667,-0.76072,0.64908,0.5,-0.866025,0,0,0,1,0,0,0,0,0,0,0,1,0,0,0,0,0,0,0.00167,0.0,0.1857,0.0,71.8667
51,train,2020-11-14 10:34:00,2020-11-27 21:42:00,60.09,-64.02,0.00167,0.0,0.1857,0.000718,0.0,1.0,71.8667,251.2667,-0.714292,0.699848,0.5,-0.866025,0,0,0,1,0,0,0,0,0,0,0,1,0,0,0,0,0,0,-0.00167,0.0,0.1857,180.0,251.2667
51,train,2020-11-17 10:26:00,2020-11-29 10:26:00,60.09167,-64.02,-0.00167,0.0,0.1857,0.000205,1.2246467991473532e-16,-1.0,251.2667,36.7333,-0.67724,0.735762,0.5,-0.866025,0,0,0,1,0,0,0,0,0,0,0,1,0,0,0,0,0,0,0.0,0.0,0.0,0.0,36.7333
51,train,2020-11-27 21:42:00,2020-12-06 21:51:00,60.09,-64.02,0.0,0.0,0.0,0.0,0.0,1.0,36.7333,179.4167,-0.541298,0.840831,-0.707107,0.707107,0,0,0,1,0,0,0,0,0,0,0,1,0,0,0,0,0,0,0.0,0.0,0.0,0.0,179.4167
51,train,2020-11-29 10:26:00,2020-12-07 10:23:00,60.09,-64.02,0.0,0.0,0.0,0.0,0.0,1.0,179.4167,12.5333,-0.512055,0.858953,0.5,-0.866025,0,0,0,1,0,0,0,0,0,0,0,1,0,0,0,0,0,0,0.0,0.00167,0.0926,90.0,12.5333
52,val,2020-10-12 09:54:00,2020-10-15 21:49:00,54.02,-57.03667,0.0,0.0,0.0,0.0,0.0,1.0,59.7833,24.1333,-0.978548,0.206018,0.707107,-0.707107,0,0,0,1,0,0,0,0,0,0,0,1,0,0,0,0,0,0,0.0,0.0,0.0,0.0,24.1333
52,val,2020-10-14 21:41:00,2020-10-16 09:55:00,54.02,-57.03667,0.0,0.0,0.0,0.0,0.0,1.0,24.1333,12.1,-0.970882,0.239557,-0.707107,0.707107,0,0,0,1,0,0,0,0,0,0,0,1,0,0,0,0,0,0,0.0,0.0,0.0,0.0,12.1
52,val,2020-10-15 21:49:00,2020-10-19 21:49:00,54.02,-57.03667,0.0,0.0,0.0,0.0,0.0,1.0,12.1,83.9,-0.966618,0.256222,-0.707107,0.707107,0,0,0,1,0,0,0,0,0,0,0,1,0,0,0,0,0,0,0.00167,0.0,0.1857,0.0,83.9
52,val,2020-10-16 09:55:00,2020-10-20 09:54:00,54.02,-57.03667,0.00167,0.0,0.1857,0.000615,0.0,1.0,83.9,12.0833,-0.962068,0.272811,0.707107,-0.707107,0,0,0,1,0,0,0,0,0,0,0,1,0,0,0,0,0,0,-0.00167,0.0,0.1857,180.0,12.0833
52,val,2020-10-19 21:49:00,2020-10-21 10:00:00,54.02167,-57.03667,-0.00167,0.0,0.1857,0.004269,1.2246467991473532e-16,-1.0,12.0833,24.1,-0.946714,0.322076,-0.707107,0.707107,0,0,0,1,0,0,0,0,0,0,0,1,0,0,0,0,0,0,0.0,0.0,0.0,0.0,24.1
52,val,2020-10-20 09:54:00,2020-10-22 10:09:00,54.02,-57.03667,0.0,0.0,0.0,0.0,0.0,1.0,24.1,24.15,-0.941034,0.338313,0.707107,-0.707107,0,0,0,1,0,0,0,0,0,0,0,1,0,0,0,0,0,0,0.0,0.0,0.0,0.0,24.15
52,val,2020-10-21 10:00:00,2020-10-22 21:41:00,54.02,-57.03667,0.0,0.0,0.0,0.0,0.0,1.0,24.15,11.5333,-0.935075,0.35445,0.5,-0.866025,0,0,0,1,0,0,0,0,0,0,0,1,0,0,0,0,0,0,0.0,0.0,0.0,0.0,11.5333
52,val,2020-10-22 10:09:00,2020-10-23 09:46:00,54.02,-57.03667,0.0,0.0,0.0,0.0,0.0,1.0,11.5333,12.0833,-0.928839,0.370483,0.5,-0.866025,0,0,0,1,0,0,0,0,0,0,0,1,0,0,0,0,0,0,0.0,0.0,0.0,0.0,12.0833
52,val,2020-10-22 21:41:00,2020-10-24 09:54:00,54.02,-57.03667,0.0,0.0,0.0,0.0,0.0,1.0,12.0833,24.1333,-0.928839,0.370483,-0.707107,0.707107,0,0,0,1,0,0,0,0,0,0,0,1,0,0,0,0,0,0,0.0,0.0,0.0,0.0,24.1333
52,val,2020-10-23 09:46:00,2020-10-25 10:02:00,54.02,-57.03667,0.0,0.0,0.0,0.0,0.0,1.0,24.1333,24.1333,-0.922329,0.386405,0.707107,-0.707107,0,0,0,1,0,0,0,0,0,0,0,1,0,0,0,0,0,0,0.0,0.0,0.0,0.0,24.1333
52,val,2020-10-24 09:54:00,2020-10-26 10:09:00,54.02,-57.03667,0.0,0.0,0.0,0.0,0.0,1.0,24.1333,24.1167,-0.915546,0.402214,0.707107,-0.707107,0,0,0,1,0,0,0,0,0,0,0,1,0,0,0,0,0,0,-0.12667,0.20167,19.2999,136.79,24.1167
53,train,2020-10-14 17:00:00,2020-10-22 21:41:00,57.26667,-61.06667,-0.33834,0.09,38.0124,0.076811,0.14366534655625413,-0.9896263275594841,137.4667,59.2167,-0.970882,0.239557,-0.965926,-0.258819,0,0,0,0,0,0,1,0,0,0,0,0,0,1,0,0,0,0,-0.33666,0.49,47.8887,141.21,59.2167
56,train,2020-10-15 19:45:00,2020-10-19 21:49:00,55.28333,-58.73333,0.085,0.14,12.9525,0.041578,0.6830188573425389,0.7304007396727447,86.5333,11.5333,-0.966618,0.256222,-0.965926,0.258819,0,0,0,1,0,0,0,0,0,0,0,1,0,0,0,0,0,0,0.03834,-0.01667,4.3913,346.13,11.5333
56,train,2020-10-19 10:17:00,2020-10-22 21:41:00,55.36833,-58.59333,0.03834,-0.01667,4.3913,0.105764,-0.2397197436093404,0.9708421316176343,11.5333,71.8667,-0.946714,0.322076,0.5,-0.866025,0,0,0,1,0,0,0,0,0,0,0,1,0,0,0,0,0,0,-0.295,0.34,39.2449,146.56,71.8667
56,train,2020-10-19 21:49:00,2020-10-24 09:54:00,55.40667,-58.61,-0.295,0.34,39.2449,0.151689,0.5510634396475261,-0.834463351791939,71.8667,36.2167,-0.946714,0.322076,-0.707107,0.707107,0,0,0,1,0,0,0,0,0,0,0,1,0,0,0,0,0,0,-0.11,0.265,20.8436,125.82,36.2167
59,test,2020-10-19 21:14:00,2020-11-09 21:23:00,53.13333,-55.41667,-1.84666,-0.16833,205.6591,0.206547,-0.05686703891776932,-0.9983817605929732,276.5833,227.5667,-0.946714,0.322076,-0.707107,0.707107,0,0,0,1,0,0,0,0,0,0,0,1,0,0,0,0,0,0,0.01333,0.03167,2.6545,56.04,227.5667
61,train,2020-10-21 10:32:00,2020-11-02 10:34:00,59.72833,-63.725,0.0,0.00167,0.0936,0.000739,1.0,6.123233995736766e-17,35.1833,252.85,-0.935075,0.35445,0.5,-0.866025,0,0,0,1,0,0,0,0,0,0,0,1,0,0,0,0,0,0,0.00167,0.0,0.1857,0.0,252.85
61,train,2020-10-22 21:43:00,2020-11-07 21:42:00,59.72833,-63.72333,0.00167,0.0,0.1857,0.000204,0.0,1.0,252.85,131.1333,-0.928839,0.370483,-0.707107,0.707107,0,0,0,1,0,0,0,0,0,0,0,1,0,0,0,0,0,0,-0.00167,0.0,0.1857,180.0,131.1333
61,train,2020-11-02 10:34:00,2020-11-09 10:25:00,59.73,-63.72333,-0.00167,0.0,0.1857,0.000393,1.2246467991473532e-16,-1.0,131.1333,36.7167,-0.842572,0.538584,0.5,-0.866025,0,0,0,1,0,0,0,0,0,0,0,1,0,0,0,0,0,0,0.0,-0.00167,0.0936,270.0,36.7167
61,train,2020-11-07 21:42:00,2020-11-10 10:34:00,59.72833,-63.72333,0.0,-0.00167,0.0936,0.000708,-1.0,-1.8369701987210297e-16,36.7167,24.15,-0.79319,0.608975,-0.707107,0.707107,0,0,0,1,0,0,0,0,0,0,0,1,0,0,0,0,0,0,0.0,0.00167,0.0936,90.0,24.15
61,train,2020-11-09 10:25:00,2020-11-13 10:25:00,59.72833,-63.725,0.0,0.00167,0.0936,0.001077,1.0,6.123233995736766e-17,24.15,71.85,-0.771773,0.635898,0.5,-0.866025,0,0,0,1,0,0,0,0,0,0,0,1,0,0,0,0,0,0,0.0,-0.00167,0.0936,270.0,71.85
61,train,2020-11-10 10:34:00,2020-11-17 10:26:00,59.72833,-63.72333,0.0,-0.00167,0.0936,0.000362,-1.0,-1.8369701987210297e-16,71.85,96.0167,-0.76072,0.64908,0.5,-0.866025,0,0,0,1,0,0,0,0,0,0,0,1,0,0,0,0,0,0,0.00167,0.00167,0.208,26.75,96.0167
61,train,2020-11-13 10:25:00,2020-11-22 10:34:00,59.72833,-63.725,0.00167,0.00167,0.208,0.000602,0.45009844103743496,0.892978943411137,96.0167,120.1333,-0.726225,0.687457,0.5,-0.866025,0,0,0,1,0,0,0,0,0,0,0,1,0,0,0,0,0,0,-0.00167,0.0,0.1857,180.0,120.1333
61,train,2020-11-17 10:26:00,2020-11-23 10:40:00,59.73,-63.72333,-0.00167,0.0,0.1857,0.000429,1.2246467991473532e-16,-1.0,120.1333,24.1,-0.67724,0.735762,0.5,-0.866025,0,0,0,1,0,0,0,0,0,0,0,1,0,0,0,0,0,0,0.0,-0.00167,0.0936,270.0,24.1
61,train,2020-11-22 10:34:00,2020-11-27 21:42:00,59.72833,-63.72333,0.0,-0.00167,0.0936,0.001079,-1.0,-1.8369701987210297e-16,24.1,107.0333,-0.61153,0.791221,0.5,-0.866025,0,0,0,1,0,0,0,0,0,0,0,1,0,0,0,0,0,0,0.0,0.0,0.0,0.0,107.0333
61,train,2020-11-23 10:40:00,2020-11-29 10:26:00,59.72833,-63.725,0.0,0.0,0.0,0.0,0.0,1.0,107.0333,36.7333,-0.597829,0.801624,0.5,-0.866025,0,0,0,1,0,0,0,0,0,0,0,1,0,0,0,0,0,0,0.0,0.0,0.0,0.0,36.7333
61,train,2020-11-27 21:42:00,2020-12-06 21:51:00,59.72833,-63.725,0.0,0.0,0.0,0.0,0.0,1.0,36.7333,179.4167,-0.541298,0.840831,-0.707107,0.707107,0,0,0,1,0,0,0,0,0,0,0,1,0,0,0,0,0,0,0.0,0.00167,0.0936,90.0,179.4167
61,train,2020-11-29 10:26:00,2020-12-07 10:23:00,59.72833,-63.725,0.0,0.00167,0.0936,0.000145,1.0,6.123233995736766e-17,179.4167,12.5333,-0.512055,0.858953,0.5,-0.866025,0,0,0,1,0,0,0,0,0,0,0,1,0,0,0,0,0,0,0.0,-0.00167,0.0936,270.0,12.5333
61,train,2020-12-06 21:51:00,2020-12-08 10:34:00,59.72833,-63.72333,0.0,-0.00167,0.0936,0.002075,-1.0,-1.8369701987210297e-16,12.5333,24.1833,-0.405165,0.914244,-0.707107,0.707107,0,0,0,1,0,0,0,0,0,0,0,1,0,0,0,0,0,0,0.0,0.0,0.0,0.0,24.1833
61,train,2020-12-07 10:23:00,2020-12-31 10:26:00,59.72833,-63.725,0.0,0.0,0.0,0.0,0.0,1.0,24.1833,551.8667,-0.389378,0.921078,0.5,-0.866025,0,0,0,1,0,0,0,0,0,0,0,1,0,0,0,0,0,0,-0.07333,1.12667,63.7458,96.86,551.8667
61,train,2020-12-08 10:34:00,2021-01-29 21:49:00,59.72833,-63.725,-0.07333,1.12667,63.7458,0.032086,0.9928409713293225,-0.11944373424272801,551.8667,707.3833,-0.373477,0.92764,0.5,-0.866025,0,0,0,1,0,0,0,0,0,0,0,1,0,0,0,0,0,0,-1.45167,0.275,162.1876,174.3,707.3833
61,train,2020-12-31 10:26:00,2021-01-31 15:26:00,59.655,-62.59833,-1.45167,0.275,162.1876,0.063688,0.09931974974363872,-0.9950555699612263,707.3833,41.6167,0.012901,0.999917,0.5,-0.866025,0,0,0,1,0,0,0,0,0,0,0,1,0,0,0,0,0,0,-0.17833,0.38333,30.0024,131.21,41.6167
61,train,2021-01-29 21:49:00,2021-02-10 21:49:00,58.20333,-62.32333,-0.17833,0.38333,30.0024,0.200256,0.7522999344381011,-0.6588207712606129,41.6167,246.3833,0.478434,0.878124,-0.707107,0.707107,0,0,0,1,0,0,0,0,0,0,0,0,0,0,0,0,1,0,-0.85333,0.81333,106.5432,152.6,246.3833
64,train,2020-10-22 21:43:00,2020-10-25 10:31:00,60.26167,-64.21333,0.0,-0.00167,0.0921,0.000698,-1.0,-1.8369701987210297e-16,36.6833,24.1167,-0.928839,0.370483,-0.707107,0.707107,0,0,0,1,0,0,0,0,0,0,0,1,0,0,0,0,0,0,0.0,0.0,0.0,0.0,24.1167
64,train,2020-10-24 10:24:00,2020-10-26 10:42:00,60.26167,-64.215,0.0,0.0,0.0,0.0,0.0,1.0,24.1167,24.1833,-0.915546,0.402214,0.5,-0.866025,0,0,0,1,0,0,0,0,0,0,0,1,0,0,0,0,0,0,0.0,0.00167,0.0921,90.0,24.1833
64,train,2020-10-25 10:31:00,2020-11-02 10:34:00,60.26167,-64.215,0.0,0.00167,0.0921,0.001058,1.0,6.123233995736766e-17,24.1833,167.8667,-0.908492,0.417903,0.5,-0.866025,0,0,0,1,0,0,0,0,0,0,0,1,0,0,0,0,0,0,0.00166,0.0,0.1846,0.0,167.8667
64,train,2020-10-26 10:42:00,2020-11-07 21:42:00,60.26167,-64.21333,0.00166,0.0,0.1846,0.000305,0.0,1.0,167.8667,131.1333,-0.901169,0.433469,0.5,-0.866025,0,0,0,1,0,0,0,0,0,0,0,1,0,0,0,0,0,0,-0.00166,0.0,0.1846,180.0,131.1333
64,train,2020-11-02 10:34:00,2020-11-09 10:25:00,60.26333,-64.21333,-0.00166,0.0,0.1846,0.000391,1.2246467991473532e-16,-1.0,131.1333,36.7167,-0.842572,0.538584,0.5,-0.866025,0,0,0,1,0,0,0,0,0,0,0,1,0,0,0,0,0,0,0.0,0.0,0.0,0.0,36.7167
64,train,2020-11-07 21:42:00,2020-11-10 10:34:00,60.26167,-64.21333,0.0,0.0,0.0,0.0,0.0,1.0,36.7167,24.15,-0.79319,0.608975,-0.707107,0.707107,0,0,0,1,0,0,0,0,0,0,0,1,0,0,0,0,0,0,0.0,0.0,0.0,0.0,24.15
64,train,2020-11-09 10:25:00,2020-11-13 10:25:00,60.26167,-64.21333,0.0,0.0,0.0,0.0,0.0,1.0,24.15,71.85,-0.771773,0.635898,0.5,-0.866025,0,0,0,1,0,0,0,0,0,0,0,1,0,0,0,0,0,0,0.0,0.0,0.0,0.0,71.85
64,train,2020-11-10 10:34:00,2020-11-14 10:34:00,60.26167,-64.21333,0.0,0.0,0.0,0.0,0.0,1.0,71.85,24.15,-0.76072,0.64908,0.5,-0.866025,0,0,0,1,0,0,0,0,0,0,0,1,0,0,0,0,0,0,0.0,0.0,0.0,0.0,24.15
64,train,2020-11-13 10:25:00,2020-11-17 10:26:00,60.26167,-64.21333,0.0,0.0,0.0,0.0,0.0,1.0,24.15,71.8667,-0.726225,0.687457,0.5,-0.866025,0,0,0,1,0,0,0,0,0,0,0,1,0,0,0,0,0,0,0.0,0.0,0.0,0.0,71.8667
64,train,2020-11-14 10:34:00,2020-11-21 10:25:00,60.26167,-64.21333,0.0,0.0,0.0,0.0,0.0,1.0,71.8667,95.9833,-0.714292,0.699848,0.5,-0.866025,0,0,0,1,0,0,0,0,0,0,0,1,0,0,0,0,0,0,0.0,0.0,0.0,0.0,95.9833
64,train,2020-11-17 10:26:00,2020-11-22 10:34:00,60.26167,-64.21333,0.0,0.0,0.0,0.0,0.0,1.0,95.9833,24.15,-0.67724,0.735762,0.5,-0.866025,0,0,0,1,0,0,0,0,0,0,0,1,0,0,0,0,0,0,0.0,0.0,0.0,0.0,24.15
64,train,2020-11-21 10:25:00,2020-11-23 10:40:00,60.26167,-64.21333,0.0,0.0,0.0,0.0,0.0,1.0,24.15,24.1,-0.62505,0.780585,0.5,-0.866025,0,0,0,1,0,0,0,0,0,0,0,1,0,0,0,0,0,0,0.0,0.0,0.0,0.0,24.1
64,train,2020-11-22 10:34:00,2020-11-25 10:25:00,60.26167,-64.21333,0.0,0.0,0.0,0.0,0.0,1.0,24.1,47.75,-0.61153,0.791221,0.5,-0.866025,0,0,0,1,0,0,0,0,0,0,0,1,0,0,0,0,0,0,0.0,0.0,0.0,0.0,47.75
64,train,2020-11-23 10:40:00,2020-11-27 21:42:00,60.26167,-64.21333,0.0,0.0,0.0,0.0,0.0,1.0,47.75,59.2833,-0.597829,0.801624,0.5,-0.866025,0,0,0,1,0,0,0,0,0,0,0,1,0,0,0,0,0,0,0.0,0.0,0.0,0.0,59.2833
64,train,2020-11-25 10:25:00,2020-11-29 10:26:00,60.26167,-64.21333,0.0,0.0,0.0,0.0,0.0,1.0,59.2833,36.7333,-0.569901,0.821713,0.5,-0.866025,0,0,0,1,0,0,0,0,0,0,0,1,0,0,0,0,0,0,0.0,0.0,0.0,0.0,36.7333
64,train,2020-11-27 21:42:00,2020-11-30 10:33:00,60.26167,-64.21333,0.0,0.0,0.0,0.0,0.0,1.0,36.7333,24.1167,-0.541298,0.840831,-0.707107,0.707107,0,0,0,1,0,0,0,0,0,0,0,1,0,0,0,0,0,0,0.0,0.0,0.0,0.0,24.1167
65,train,2020-10-23 09:46:00,2020-10-25 10:02:00,53.89333,-56.835,0.0,0.0,0.0,0.0,0.0,1.0,24.1333,24.1333,-0.922329,0.386405,0.707107,-0.707107,0,0,0,1,0,0,0,0,0,0,0,1,0,0,0,0,0,0,0.0,0.0,0.0,0.0,24.1333
65,train,2020-10-24 09:54:00,2020-11-03 10:09:00,53.89333,-56.835,0.0,0.0,0.0,0.0,0.0,1.0,24.1333,216.1167,-0.915546,0.402214,0.707107,-0.707107,0,0,0,1,0,0,0,0,0,0,0,1,0,0,0,0,0,0,0.0,0.00167,0.1094,90.0,216.1167
65,train,2020-10-25 10:02:00,2020-11-05 21:23:00,53.89333,-56.835,0.0,0.00167,0.1094,0.000141,1.0,6.123233995736766e-17,216.1167,59.2333,-0.908492,0.417903,0.5,-0.866025,0,0,0,1,0,0,0,0,0,0,0,1,0,0,0,0,0,0,0.0,-0.00167,0.1094,270.0,59.2333
65,train,2020-11-03 10:09:00,2020-11-13 21:23:00,53.89333,-56.83333,0.0,-0.00167,0.1094,0.000513,-1.0,-1.8369701987210297e-16,59.2333,192.0,-0.833183,0.552997,0.5,-0.866025,0,0,0,1,0,0,0,0,0,0,0,1,0,0,0,0,0,0,0.0,0.0,0.0,0.0,192.0
65,train,2020-11-05 21:23:00,2020-11-14 21:32:00,53.89333,-56.835,0.0,0.0,0.0,0.0,0.0,1.0,192.0,24.15,-0.813668,0.58133,-0.707107,0.707107,0,0,0,1,0,0,0,0,0,0,0,1,0,0,0,0,0,0,0.00167,0.0,0.1857,0.0,24.15
65,train,2020-11-13 21:23:00,2020-11-18 10:02:00,53.89333,-56.835,0.00167,0.0,0.1857,0.002136,0.0,1.0,24.15,84.5,-0.726225,0.687457,-0.707107,0.707107,0,0,0,1,0,0,0,0,0,0,0,1,0,0,0,0,0,0,-0.00167,0.0,0.1857,180.0,84.5
65,train,2020-11-14 21:32:00,2020-11-22 21:32:00,53.895,-56.835,-0.00167,0.0,0.1857,0.00061,1.2246467991473532e-16,-1.0,84.5,107.5,-0.714292,0.699848,-0.707107,0.707107,0,0,0,1,0,0,0,0,0,0,0,1,0,0,0,0,0,0,0.0,0.0,0.0,0.0,107.5
65,train,2020-11-18 10:02:00,2020-11-25 21:24:00,53.89333,-56.835,0.0,0.0,0.0,0.0,0.0,1.0,107.5,71.8667,-0.664483,0.747303,0.5,-0.866025,0,0,0,1,0,0,0,0,0,0,0,1,0,0,0,0,0,0,0.12667,-0.20167,19.2999,316.95,71.8667
65,train,2020-11-22 21:32:00,2020-11-28 21:50:00,53.89333,-56.835,0.12667,-0.20167,19.2999,0.074598,-0.6826363268002784,0.7307582673720657,71.8667,72.4333,-0.61153,0.791221,-0.707107,0.707107,0,0,0,1,0,0,0,0,0,0,0,1,0,0,0,0,0,0,0.00167,0.0,0.1857,0.0,72.4333
65,train,2020-11-25 21:24:00,2020-11-30 21:32:00,54.02,-57.03667,0.00167,0.0,0.1857,0.000712,0.0,1.0,72.4333,47.7,-0.569901,0.821713,-0.707107,0.707107,0,0,0,1,0,0,0,0,0,0,0,1,0,0,0,0,0,0,-0.00167,0.0,0.1857,180.0,47.7
65,train,2020-11-28 21:50:00,2020-12-01 21:41:00,54.02167,-57.03667,-0.00167,0.0,0.1857,0.001081,1.2246467991473532e-16,-1.0,47.7,24.15,-0.526755,0.850017,-0.707107,0.707107,0,0,0,1,0,0,0,0,0,0,0,1,0,0,0,0,0,0,0.0,0.0,0.0,0.0,24.15
65,train,2020-11-30 21:32:00,2020-12-03 09:53:00,54.02,-57.03667,0.0,0.0,0.0,0.0,0.0,1.0,24.15,36.2,-0.497204,0.867634,-0.707107,0.707107,0,0,0,1,0,0,0,0,0,0,0,1,0,0,0,0,0,0,0.0,0.0,0.0,0.0,36.2
65,train,2020-12-01 21:41:00,2020-12-03 21:21:00,54.02,-57.03667,0.0,0.0,0.0,0.0,0.0,1.0,36.2,11.4667,-0.482206,0.876058,-0.707107,0.707107,0,0,0,1,0,0,0,0,0,0,0,1,0,0,0,0,0,0,0.0,0.0,0.0,0.0,11.4667
65,train,2020-12-03 09:53:00,2020-12-06 21:49:00,54.02,-57.03667,0.0,0.0,0.0,0.0,0.0,1.0,11.4667,72.4667,-0.451786,0.892126,0.707107,-0.707107,0,0,0,1,0,0,0,0,0,0,0,1,0,0,0,0,0,0,0.0,0.0,0.0,0.0,72.4667
65,train,2020-12-03 21:21:00,2020-12-07 21:21:00,54.02,-57.03667,0.0,0.0,0.0,0.0,0.0,1.0,72.4667,23.5333,-0.451786,0.892126,-0.707107,0.707107,0,0,0,1,0,0,0,0,0,0,0,1,0,0,0,0,0,0,0.0,0.0,0.0,0.0,23.5333
65,train,2020-12-06 21:49:00,2020-12-08 10:01:00,54.02,-57.03667,0.0,0.0,0.0,0.0,0.0,1.0,23.5333,12.6667,-0.405165,0.914244,-0.707107,0.707107,0,0,0,1,0,0,0,0,0,0,0,1,0,0,0,0,0,0,0.0,0.0,0.0,0.0,12.6667
65,train,2020-12-07 21:21:00,2020-12-20 21:32:00,54.02,-57.03667,0.0,0.0,0.0,0.0,0.0,1.0,12.6667,299.5167,-0.389378,0.921078,-0.707107,0.707107,0,0,0,1,0,0,0,0,0,0,0,1,0,0,0,0,0,0,0.0,0.0,0.0,0.0,299.5167
65,train,2020-12-08 10:01:00,2020-12-23 21:21:00,54.02,-57.03667,0.0,0.0,0.0,0.0,0.0,1.0,299.5167,71.8167,-0.373477,0.92764,0.5,-0.866025,0,0,0,1,0,0,0,0,0,0,0,1,0,0,0,0,0,0,-0.12667,0.20167,19.2999,136.79,71.8167
65,train,2020-12-20 21:32:00,2020-12-25 10:08:00,54.02,-57.03667,-0.12667,0.20167,19.2999,0.07465,0.6846743245287168,-0.7288491403103563,71.8167,36.7833,-0.175413,0.984495,-0.707107,0.707107,0,0,0,1,0,0,0,0,0,0,0,1,0,0,0,0,0,0,0.0,0.00167,0.1094,90.0,36.7833
65,train,2020-12-23 21:21:00,2020-12-27 21:21:00,53.89333,-56.835,0.0,0.00167,0.1094,0.000826,1.0,6.123233995736766e-17,36.7833,59.2167,-0.124395,0.992233,-0.707107,0.707107,0,0,0,1,0,0,0,0,0,0,0,1,0,0,0,0,0,0,0.0,-0.00167,0.1094,270.0,59.2167
65,train,2020-12-25 10:08:00,2020-12-28 21:32:00,53.89333,-56.83333,0.0,-0.00167,0.1094,0.000513,-1.0,-1.8369701987210297e-16,59.2167,24.1833,-0.09019,0.995925,0.5,-0.866025,0,0,0,1,0,0,0,0,0,0,0,1,0,0,0,0,0,0,0.0,0.0,0.0,0.0,24.1833
66,train,2020-10-24 21:26:00,2020-10-26 10:09:00,55.11833,-58.18333,-0.01333,0.13666,8.8172,0.194383,0.9859377637269815,-0.16711291409414988,12.6,24.1167,-0.915546,0.402214,-0.707107,0.707107,0,0,0,1,0,0,0,0,0,0,0,1,0,0,0,0,0,0,0.0,0.0,0.0,0.0,24.1167
66,train,2020-10-25 10:02:00,2020-10-26 21:42:00,55.105,-58.04667,0.0,0.0,0.0,0.0,0.0,1.0,24.1167,11.55,-0.908492,0.417903,0.5,-0.866025,0,0,0,1,0,0,0,0,0,0,0,1,0,0,0,0,0,0,-0.00167,0.00334,0.2822,131.15,11.55
73,test,2020-11-04 10:17:00,2020-11-29 10:26:00,59.29167,-62.045,-1.88334,1.555,228.2122,0.110056,0.4081711345437909,-0.9129054304391198,576.0,24.15,-0.823547,0.567248,0.5,-0.866025,0,0,0,1,0,0,0,0,0,0,0,1,0,0,0,0,0,0,-0.18666,0.27833,26.6481,141.04,24.15
74,train,2020-11-04 21:51:00,2020-11-07 21:42:00,59.10333,-62.025,-0.12,0.09,14.3019,0.315716,0.3604852520786719,-0.9327649130588995,12.5833,59.2667,-0.823547,0.567248,-0.707107,0.707107,0,0,0,1,0,0,0,0,0,0,0,1,0,0,0,0,0,0,-0.34333,0.48667,47.3577,143.51,59.2667
75,val,2020-11-07 10:09:00,2020-11-10 10:02:00,54.02,-57.03667,0.0,0.0,0.0,0.0,0.0,1.0,35.6667,36.2167,-0.79319,0.608975,0.5,-0.866025,0,0,0,1,0,0,0,0,0,0,0,1,0,0,0,0,0,0,0.0,0.0,0.0,0.0,36.2167
75,val,2020-11-08 21:49:00,2020-11-11 10:09:00,54.02,-57.03667,0.0,0.0,0.0,0.0,0.0,1.0,36.2167,24.1167,-0.782597,0.622529,-0.707107,0.707107,0,0,0,1,0,0,0,0,0,0,0,1,0,0,0,0,0,0,0.0,0.0,0.0,0.0,24.1167
75,val,2020-11-10 10:02:00,2020-11-13 21:23:00,54.02,-57.03667,0.0,0.0,0.0,0.0,0.0,1.0,24.1167,59.2333,-0.76072,0.64908,0.5,-0.866025,0,0,0,1,0,0,0,0,0,0,0,1,0,0,0,0,0,0,0.0,0.0,0.0,0.0,59.2333
75,val,2020-11-11 10:09:00,2020-11-14 21:32:00,54.02,-57.03667,0.0,0.0,0.0,0.0,0.0,1.0,59.2333,24.15,-0.749442,0.66207,0.5,-0.866025,0,0,0,1,0,0,0,0,0,0,0,1,0,0,0,0,0,0,0.0,0.0,0.0,0.0,24.15
75,val,2020-11-13 21:23:00,2020-11-18 10:02:00,54.02,-57.03667,0.0,0.0,0.0,0.0,0.0,1.0,24.15,84.5,-0.726225,0.687457,-0.707107,0.707107,0,0,0,1,0,0,0,0,0,0,0,1,0,0,0,0,0,0,0.0,0.0,0.0,0.0,84.5
75,val,2020-11-14 21:32:00,2020-11-23 10:10:00,54.02,-57.03667,0.0,0.0,0.0,0.0,0.0,1.0,84.5,120.1333,-0.714292,0.699848,-0.707107,0.707107,0,0,0,1,0,0,0,0,0,0,0,1,0,0,0,0,0,0,0.0,0.0,0.0,0.0,120.1333
75,val,2020-11-18 10:02:00,2020-11-25 21:24:00,54.02,-57.03667,0.0,0.0,0.0,0.0,0.0,1.0,120.1333,59.2333,-0.664483,0.747303,0.5,-0.866025,0,0,0,1,0,0,0,0,0,0,0,1,0,0,0,0,0,0,-0.12667,0.20167,19.2999,136.79,59.2333
75,val,2020-11-23 10:10:00,2020-11-29 21:23:00,54.02,-57.03667,-0.12667,0.20167,19.2999,0.090508,0.6846743245287168,-0.7288491403103563,59.2333,95.9833,-0.597829,0.801624,0.5,-0.866025,0,0,0,1,0,0,0,0,0,0,0,1,0,0,0,0,0,0,0.0,0.0,0.0,0.0,95.9833
75,val,2020-11-25 21:24:00,2020-11-30 21:32:00,53.89333,-56.835,0.0,0.0,0.0,0.0,0.0,1.0,95.9833,24.15,-0.569901,0.821713,-0.707107,0.707107,0,0,0,1,0,0,0,0,0,0,0,1,0,0,0,0,0,0,0.0,0.0,0.0,0.0,24.15
75,val,2020-11-29 21:23:00,2020-12-01 21:41:00,53.89333,-56.835,0.0,0.0,0.0,0.0,0.0,1.0,24.15,24.15,-0.512055,0.858953,-0.707107,0.707107,0,0,0,1,0,0,0,0,0,0,0,1,0,0,0,0,0,0,0.0,0.0,0.0,0.0,24.15
95,train,2021-07-28 19:49:00,2021-08-01 10:02:00,56.29667,-58.96333,0.00833,0.00666,1.0133,0.005629,0.4054606969251093,0.9141124784450788,50.0,36.2167,-0.438307,-0.898825,-0.965926,0.258819,0,0,0,1,0,0,0,0,0,0,0,0,0,0,0,0,1,0,0.00167,0.0,0.1857,0.0,36.2167
95,train,2021-07-30 21:49:00,2021-08-01 21:34:00,56.305,-58.95667,0.00167,0.0,0.1857,0.001424,0.0,1.0,36.2167,11.5333,-0.468965,-0.883217,-0.707107,0.707107,0,0,0,1,0,0,0,0,0,0,0,1,0,0,0,0,0,0,-0.00167,0.0,0.1857,180.0,11.5333
95,train,2021-08-01 10:02:00,2021-08-02 10:10:00,56.30667,-58.95667,-0.00167,0.0,0.1857,0.004472,1.2246467991473532e-16,-1.0,11.5333,12.6,-0.499069,-0.866562,0.5,-0.866025,0,0,0,1,0,0,0,0,0,0,0,1,0,0,0,0,0,0,-0.03333,-0.00333,3.7118,183.18,12.6
96,train,2021-07-28 19:49:00,2021-08-08 09:55:00,55.97833,-57.98167,-0.26666,0.56667,46.1591,0.256439,0.7690649915474088,-0.6391705866012485,50.0,204.1,-0.438307,-0.898825,-0.965926,0.258819,0,0,0,1,0,0,0,0,0,0,0,0,0,0,1,0,0,0,-0.83667,3.17,221.1848,113.56,204.1
96,train,2021-07-30 21:49:00,2021-08-16 21:25:00,55.71167,-57.415,-0.83667,3.17,221.1848,0.30103,0.9166420025785162,-0.3997091931752977,204.1,203.5,-0.468965,-0.883217,-0.707107,0.707107,0,0,0,1,0,0,0,0,0,0,0,1,0,0,0,0,0,0,-0.80167,1.35833,125.0909,134.89,203.5
97,val,2021-07-28 19:49:00,2021-08-07 09:48:00,55.68167,-58.075,0.00166,0.475,29.7779,0.165433,0.999953926969049,0.009599163462400048,50.0,179.9833,-0.438307,-0.898825,-0.965926,0.258819,0,0,0,1,0,0,0,0,0,0,0,0,0,0,1,0,0,0,-0.46666,2.41167,160.682,107.84,179.9833
99,val,2021-07-28 21:34:00,2021-07-31 10:26:00,59.66167,-61.23,-0.205,-0.095,23.4148,0.134707,-0.2292003909224143,-0.9733792584604485,48.2833,12.5833,-0.438307,-0.898825,-0.707107,0.707107,0,0,0,1,0,0,0,0,0,0,0,1,0,0,0,0,0,0,-0.01,-0.01,1.2473,206.95,12.5833
99,val,2021-07-30 21:51:00,2021-08-15 10:19:00,59.45667,-61.325,-0.01,-0.01,1.2473,0.027535,-0.4532127770962872,-0.8914023663176305,12.5833,359.8833,-0.468965,-0.883217,-0.707107,0.707107,0,0,0,1,0,0,0,0,0,0,0,1,0,0,0,0,0,0,-0.54667,0.32667,63.5728,162.83,359.8833
99,val,2021-07-31 10:26:00,2021-08-17 21:35:00,59.44667,-61.335,-0.54667,0.32667,63.5728,0.049069,0.2952078269511187,-0.9554330635407162,359.8833,59.2667,-0.484089,-0.875019,0.5,-0.866025,0,0,0,1,0,0,0,0,0,0,0,1,0,0,0,0,0,0,-0.21167,0.015,23.5525,177.89,59.2667
99,val,2021-08-15 10:19:00,2021-08-19 10:19:00,58.9,-61.00833,-0.21167,0.015,23.5525,0.110388,0.03681812385535671,-0.9993219830243761,59.2667,36.7333,-0.691351,-0.722519,0.5,-0.866025,0,0,0,1,0,0,0,0,0,0,0,1,0,0,0,0,0,0,-0.26666,0.00166,29.6514,179.81,36.7333
99,val,2021-08-17 21:35:00,2021-08-28 10:25:00,58.68833,-60.99333,-0.26666,0.00166,29.6514,0.224224,0.003316119501058952,-0.9999945016606114,36.7333,216.1,-0.715795,-0.69831,-0.707107,0.707107,0,0,0,1,0,0,0,0,0,0,0,1,0,0,0,0,0,0,-0.84167,0.52167,98.5072,161.6,216.1
99,val,2021-08-19 10:19:00,2021-08-31 10:18:00,58.42167,-60.99167,-0.84167,0.52167,98.5072,0.126622,0.31564903694710256,-0.9488760116444965,216.1,71.8833,-0.739392,-0.673275,0.5,-0.866025,0,0,0,1,0,0,0,0,0,0,0,1,0,0,0,0,0,0,-0.245,0.03667,27.3309,175.38,71.8833
99,val,2021-08-28 10:25:00,2021-09-01 10:25:00,57.58,-60.47,-0.245,0.03667,27.3309,0.105614,0.08054686090266311,-0.9967508230238523,71.8833,24.1167,-0.83437,-0.551205,0.5,-0.866025,0,0,0,1,0,0,0,0,0,0,0,1,0,0,0,0,0,0,-0.15667,-0.25167,23.0779,221.09,24.1167
100,train,2021-07-28 21:34:00,2021-08-14 21:42:00,59.685,-61.09833,-0.055,0.36,21.1265,0.096415,0.9579728251585539,-0.2868589657963279,60.8667,347.2667,-0.438307,-0.898825,-0.707107,0.707107,0,0,0,1,0,0,0,0,0,0,0,1,0,0,0,0,0,0,-1.44667,0.705,165.8761,165.57,347.2667
100,train,2021-07-31 10:26:00,2021-08-22 10:09:00,59.63,-60.73833,-1.44667,0.705,165.8761,0.132684,0.24919700200904238,-0.9684528146428742,347.2667,180.45,-0.484089,-0.875019,0.5,-0.866025,0,0,0,1,0,0,0,0,0,0,0,1,0,0,0,0,0,0,-0.58333,0.00833,64.8652,179.56,180.45
100,train,2021-08-14 21:42:00,2021-08-24 10:27:00,58.18333,-60.03333,-0.58333,0.00833,64.8652,0.099851,0.007679373227782782,-0.9999705131786779,180.45,48.3,-0.67882,-0.734304,-0.707107,0.707107,0,0,0,1,0,0,0,0,0,0,0,1,0,0,0,0,0,0,0.05667,0.25333,16.3454,67.22,48.3
101,test,2021-07-28 21:34:00,2021-07-31 10:26:00,59.43833,-61.50667,-0.12333,-0.49833,31.3812,0.180539,-0.9010770213220917,-0.4336590845875441,48.2833,12.5833,-0.438307,-0.898825,-0.707107,0.707107,0,0,0,1,0,0,0,0,0,0,0,1,0,0,0,0,0,0,-0.00333,-0.065,3.7071,264.3,12.5833
101,test,2021-07-30 21:51:00,2021-08-02 21:43:00,59.315,-62.005,-0.00333,-0.065,3.7071,0.081835,-0.9950555699612262,-0.09931974974363922,12.5833,59.2833,-0.468965,-0.883217,-0.707107,0.707107,0,0,0,1,0,0,0,0,0,0,0,1,0,0,0,0,0,0,-0.26834,-0.01667,29.8532,181.83,59.2833
101,test,2021-07-31 10:26:00,2021-08-14 21:42:00,59.31167,-62.07,-0.26834,-0.01667,29.8532,0.13988,-0.0319340951597067,-0.999489976721293,59.2833,287.9833,-0.484089,-0.875019,0.5,-0.866025,0,0,0,1,0,0,0,0,0,0,0,1,0,0,0,0,0,0,-0.86166,0.24834,96.8855,171.36,287.9833
101,test,2021-08-02 21:43:00,2021-08-15 10:19:00,59.04333,-62.08667,-0.86166,0.24834,96.8855,0.093452,0.15022558912075668,-0.9886517447379141,287.9833,12.6167,-0.513901,-0.857849,-0.707107,0.707107,0,0,0,1,0,0,0,0,0,0,0,1,0,0,0,0,0,0,-0.07334,0.085,9.5597,148.51,12.6167
101,test,2021-08-14 21:42:00,2021-08-16 10:27:00,58.18167,-61.83833,-0.07334,0.085,9.5597,0.210473,0.522349742976569,-0.8527313445700893,12.6167,24.1333,-0.67882,-0.734304,-0.707107,0.707107,0,0,0,1,0,0,0,0,0,0,0,1,0,0,0,0,0,0,-0.12833,0.085,15.1211,160.65,24.1333
101,test,2021-08-15 10:19:00,2021-08-17 10:34:00,58.10833,-61.75333,-0.12833,0.085,15.1211,0.174045,0.33133788846257095,-0.9435121640281936,24.1333,24.1167,-0.691351,-0.722519,0.5,-0.866025,0,0,0,1,0,0,0,0,0,0,0,1,0,0,0,0,0,0,-0.065,0.12,10.1185,135.54,24.1167
101,test,2021-08-16 10:27:00,2021-08-20 10:27:00,57.98,-61.66833,-0.065,0.12,10.1185,0.116546,0.7004111507838066,-0.7137396022764212,24.1167,71.8833,-0.703677,-0.71052,0.5,-0.866025,0,0,0,1,0,0,0,0,0,0,0,1,0,0,0,0,0,0,-0.495,0.40666,60.12,156.11,71.8833
101,test,2021-08-17 10:34:00,2021-08-22 21:42:00,57.915,-61.54833,-0.495,0.40666,60.12,0.232321,0.40498201319283117,-0.9143246518552813,71.8833,59.25,-0.715795,-0.69831,0.5,-0.866025,0,0,0,1,0,0,0,0,0,0,0,1,0,0,0,0,0,0,-0.00167,0.01334,0.8201,103.08,59.25
101,test,2021-08-20 10:27:00,2021-08-24 10:27:00,57.42,-61.14167,-0.00167,0.01334,0.8201,0.003845,0.9740550241708108,-0.2263113118860858,59.25,36.75,-0.750864,-0.660457,0.5,-0.866025,0,0,0,1,0,0,0,0,0,0,0,1,0,0,0,0,0,0,-0.085,0.11833,11.8174,143.06,36.75
101,test,2021-08-22 21:42:00,2021-08-24 21:58:00,57.41833,-61.12833,-0.085,0.11833,11.8174,0.089323,0.6009783641725033,-0.7992652912497464,36.75,11.5167,-0.773138,-0.634237,-0.707107,0.707107,0,0,0,1,0,0,0,0,0,0,0,1,0,0,0,0,0,0,-0.045,0.035,5.4273,157.2,11.5167
101,test,2021-08-24 10:27:00,2021-08-26 10:10:00,57.33333,-61.01,-0.045,0.035,5.4273,0.130905,0.38751558645210316,-0.9218631515885004,11.5167,36.2,-0.794497,-0.607268,0.5,-0.866025,0,0,0,1,0,0,0,0,0,0,0,1,0,0,0,0,0,0,-0.28666,0.15333,33.19,163.75,36.2
101,test,2021-08-24 21:58:00,2021-08-27 21:49:00,57.28833,-60.975,-0.28666,0.15333,33.19,0.254681,0.2798290140309923,-0.9600498543859286,36.2,35.65,-0.794497,-0.607268,-0.707107,0.707107,0,0,0,1,0,0,0,0,0,0,0,1,0,0,0,0,0,0,0.00166,0.0,0.1846,0.0,35.65
102,val,2021-07-28 21:34:00,2021-08-07 21:50:00,58.855,-61.355,-0.83833,0.29333,94.7684,0.115097,0.18223552549214772,-0.9832549075639545,228.7167,11.55,-0.438307,-0.898825,-0.707107,0.707107,0,0,0,1,0,0,0,0,0,0,0,1,0,0,0,0,0,0,-0.09334,-0.05,10.7897,195.88,11.55
103,val,2021-07-28 21:34:00,2021-08-22 10:09:00,59.10667,-60.50667,-1.035,0.55667,119.5215,0.086459,0.2739592186924326,-0.9617413095492113,384.0,204.5833,-0.438307,-0.898825,-0.707107,0.707107,0,0,0,1,0,0,0,0,0,0,0,1,0,0,0,0,0,0,-0.50167,-0.06333,55.9091,183.87,204.5833
103,val,2021-08-13 21:34:00,2021-08-22 21:42:00,58.07167,-59.95,-0.50167,-0.06333,55.9091,0.075912,-0.06749289509889664,-0.9977197547964906,204.5833,11.55,-0.666089,-0.745872,-0.707107,0.707107,0,0,0,1,0,0,0,0,0,0,0,1,0,0,0,0,0,0,-0.04333,-0.185,12.0439,246.5,11.55
103,val,2021-08-22 10:09:00,2021-08-25 21:34:00,57.57,-60.01333,-0.04333,-0.185,12.0439,0.289656,-0.9170600743851238,-0.3987490689252466,11.55,71.8667,-0.773138,-0.634237,0.5,-0.866025,0,0,0,1,0,0,0,0,0,0,0,1,0,0,0,0,0,0,0.19666,-0.09167,22.5385,346.02,71.8667
103,val,2021-08-22 21:42:00,2021-08-31 10:18:00,57.52667,-60.19833,0.19666,-0.09167,22.5385,0.087115,-0.24158318376499058,0.9703801138327036,71.8667,132.7333,-0.773138,-0.634237,-0.707107,0.707107,0,0,0,1,0,0,0,0,0,0,0,1,0,0,0,0,0,0,-0.405,0.1,45.4281,172.4,132.7333
105,train,2021-07-28 21:34:00,2021-07-31 10:26:00,57.33667,-60.185,-0.58,-0.245,66.1735,0.380965,-0.2256312380999376,-0.9742127818877605,48.25,12.6167,-0.438307,-0.898825,-0.707107,0.707107,0,0,0,1,0,0,0,0,0,0,0,1,0,0,0,0,0,0,-0.08,0.00667,8.9049,177.38,12.6167
105,train,2021-07-30 21:49:00,2021-08-04 21:58:00,56.75667,-60.43,-0.08,0.00667,8.9049,0.196057,0.045711691869968436,-0.9989546742602414,12.6167,107.5333,-0.468965,-0.883217,-0.707107,0.707107,0,0,0,1,0,0,0,0,0,0,0,1,0,0,0,0,0,0,-0.595,0.56333,74.7001,152.1,107.5333
105,train,2021-07-31 10:26:00,2021-08-05 10:02:00,56.67667,-60.42333,-0.595,0.56333,74.7001,0.192964,0.4679298142605734,-0.8837656300886935,107.5333,12.0667,-0.484089,-0.875019,0.5,-0.866025,0,0,0,1,0,0,0,0,0,0,0,1,0,0,0,0,0,0,-0.08,0.12,11.6054,139.99,12.0667
105,train,2021-08-04 21:58:00,2021-08-06 10:10:00,56.08167,-59.86,-0.08,0.12,11.6054,0.26716,0.6429212998731355,-0.7659322438502232,12.0667,24.1333,-0.543105,-0.839665,-0.707107,0.707107,0,0,0,1,0,0,0,0,0,0,0,1,0,0,0,0,0,0,0.04333,0.06833,6.4221,41.36,24.1333
106,train,2021-07-29 10:42:00,2021-07-31 10:26:00,58.98333,-62.94167,0.0,0.0,0.0,0.0,0.0,1.0,35.15,12.5833,-0.453703,-0.891153,0.5,-0.866025,0,0,0,1,0,0,0,0,0,0,0,1,0,0,0,0,0,0,0.0,0.0,0.0,0.0,12.5833
106,train,2021-07-30 21:51:00,2021-08-08 21:58:00,58.98333,-62.94167,0.0,0.0,0.0,0.0,0.0,1.0,12.5833,203.5333,-0.468965,-0.883217,-0.707107,0.707107,0,0,0,1,0,0,0,0,0,0,0,1,0,0,0,0,0,0,-0.32833,0.39167,42.9104,148.13,203.5333
106,train,2021-07-31 10:26:00,2021-08-14 21:42:00,58.98333,-62.94167,-0.32833,0.39167,42.9104,0.058563,0.527993741769315,-0.849248260906337,203.5333,143.7333,-0.484089,-0.875019,0.5,-0.866025,0,0,0,1,0,0,0,0,0,0,0,1,0,0,0,0,0,0,-0.265,0.095,29.9785,169.36,143.7333
107,train,2021-07-29 21:41:00,2021-08-13 21:32:00,53.83,-57.03833,0.0,0.0,0.0,0.0,0.0,1.0,24.1333,335.7167,-0.453703,-0.891153,-0.707107,0.707107,0,0,0,1,0,0,0,0,0,0,0,1,0,0,0,0,0,0,0.19,0.00166,21.1273,0.29,335.7167
107,train,2021-07-30 21:49:00,2021-08-14 21:41:00,53.83,-57.03833,0.19,0.00166,21.1273,0.017481,0.005061433219812096,0.9999871908648437,335.7167,24.15,-0.468965,-0.883217,-0.707107,0.707107,0,0,0,1,0,0,0,0,0,0,0,1,0,0,0,0,0,0,0.0,0.0,0.0,0.0,24.15
107,train,2021-08-13 21:32:00,2021-08-15 21:49:00,54.02,-57.03667,0.0,0.0,0.0,0.0,0.0,1.0,24.15,24.1333,-0.666089,-0.745872,-0.707107,0.707107,0,0,0,1,0,0,0,0,0,0,0,1,0,0,0,0,0,0,0.0,0.0,0.0,0.0,24.1333
107,train,2021-08-14 21:41:00,2021-08-16 09:56:00,54.02,-57.03667,0.0,0.0,0.0,0.0,0.0,1.0,24.1333,12.1167,-0.67882,-0.734304,-0.707107,0.707107,0,0,0,1,0,0,0,0,0,0,0,1,0,0,0,0,0,0,0.0,0.0,0.0,0.0,12.1167
107,train,2021-08-15 21:49:00,2021-08-17 10:02:00,54.02,-57.03667,0.0,0.0,0.0,0.0,0.0,1.0,12.1167,24.1,-0.691351,-0.722519,-0.707107,0.707107,0,0,0,1,0,0,0,0,0,0,0,1,0,0,0,0,0,0,0.0,0.0,0.0,0.0,24.1
108,train,2021-07-30 21:51:00,2021-08-13 21:34:00,59.79333,-61.67833,-0.35166,0.435,46.1248,0.058634,0.5331716207371888,-0.8460071056678421,218.5167,117.2,-0.468965,-0.883217,-0.707107,0.707107,0,0,0,1,0,0,0,0,0,0,0,1,0,0,0,0,0,0,-0.225,0.05666,25.2244,172.66,117.2
108,train,2021-08-09 00:22:00,2021-08-15 10:19:00,59.44167,-61.24333,-0.225,0.05666,25.2244,0.059785,0.12775705053444403,-0.9918054930472706,117.2,36.75,-0.61323,-0.789905,0.0,1.0,0,0,0,1,0,0,0,0,0,0,0,1,0,0,0,0,0,0,0.095,0.07834,11.4634,22.82,36.75
108,train,2021-08-13 21:34:00,2021-08-16 10:27:00,59.21667,-61.18667,0.095,0.07834,11.4634,0.086647,0.38783735378172934,0.9217278269704055,36.75,24.1333,-0.666089,-0.745872,-0.707107,0.707107,0,0,0,1,0,0,0,0,0,0,0,1,0,0,0,0,0,0,-0.30834,-0.045,34.3817,184.3,24.1333
108,train,2021-08-15 10:19:00,2021-08-17 21:35:00,59.31167,-61.10833,-0.30834,-0.045,34.3817,0.395738,-0.0749787268263278,-0.9971851335251157,24.1333,35.1333,-0.691351,-0.722519,0.5,-0.866025,0,0,0,1,0,0,0,0,0,0,0,1,0,0,0,0,0,0,-0.17,0.10833,19.8998,161.74,35.1333
108,train,2021-08-16 10:27:00,2021-08-19 10:19:00,59.00333,-61.15333,-0.17,0.10833,19.8998,0.157335,0.3133295554797057,-0.9496444543421975,35.1333,36.7333,-0.703677,-0.71052,0.5,-0.866025,0,0,0,1,0,0,0,0,0,0,0,1,0,0,0,0,0,0,-0.185,0.20333,23.6815,150.22,36.7333
110,train,2021-07-30 21:51:00,2021-08-13 21:34:00,59.85667,-60.56667,-0.08834,-0.09166,11.0795,0.014084,-0.46314135636123954,-0.8862844261453946,218.5167,117.2,-0.468965,-0.883217,-0.707107,0.707107,0,0,0,1,0,0,0,0,0,0,0,1,0,0,0,0,0,0,-0.28833,0.37333,38.3214,146.62,117.2
110,train,2021-08-09 00:22:00,2021-08-14 21:42:00,59.76833,-60.65833,-0.28833,0.37333,38.3214,0.090826,0.5501892896743655,-0.8350399664253305,117.2,24.1333,-0.61323,-0.789905,0.0,1.0,0,0,0,1,0,0,0,0,0,0,0,1,0,0,0,0,0,0,-0.085,0.02,9.519,173.17,24.1333
110,train,2021-08-13 21:34:00,2021-08-15 10:19:00,59.48,-60.285,-0.085,0.02,9.519,0.109565,0.1189238675764411,-0.9929033758229756,24.1333,12.6167,-0.666089,-0.745872,-0.707107,0.707107,0,0,0,1,0,0,0,0,0,0,0,1,0,0,0,0,0,0,-0.08167,-0.02167,9.164,187.71,12.6167
110,train,2021-08-14 21:42:00,2021-08-15 21:51:00,59.395,-60.265,-0.08167,-0.02167,9.164,0.201761,-0.13415914257335732,-0.9909597996205404,12.6167,11.5333,-0.67882,-0.734304,-0.707107,0.707107,0,0,0,1,0,0,0,0,0,0,0,1,0,0,0,0,0,0,-0.125,-0.01,13.911,182.35,11.5333
110,train,2021-08-15 10:19:00,2021-08-16 10:27:00,59.31333,-60.28667,-0.125,-0.01,13.911,0.335043,-0.04100373874394505,-0.999158993058171,11.5333,12.6,-0.691351,-0.722519,0.5,-0.866025,0,0,0,1,0,0,0,0,0,0,0,1,0,0,0,0,0,0,-0.16333,-0.015,18.1816,182.71,12.6
110,train,2021-08-15 21:51:00,2021-08-17 21:35:00,59.18833,-60.29667,-0.16333,-0.015,18.1816,0.40083,-0.047280789163114526,-0.9988816381214108,12.6,35.1333,-0.691351,-0.722519,-0.707107,0.707107,0,0,0,1,0,0,0,0,0,0,0,1,0,0,0,0,0,0,-0.32667,-0.28333,39.81,204.28,35.1333
110,train,2021-08-16 10:27:00,2021-08-19 10:19:00,59.025,-60.31167,-0.32667,-0.28333,39.81,0.314753,-0.4111961937808664,-0.9115468667162036,35.1333,36.7333,-0.703677,-0.71052,0.5,-0.866025,0,0,0,1,0,0,0,0,0,0,0,1,0,0,0,0,0,0,-0.43,0.01333,47.8201,179.07,36.7333
110,train,2021-08-17 21:35:00,2021-08-22 10:09:00,58.69833,-60.595,-0.43,0.01333,47.8201,0.361616,0.016230849315290716,-0.9998682710889991,36.7333,71.8333,-0.715795,-0.69831,-0.707107,0.707107,0,0,0,1,0,0,0,0,0,0,0,1,0,0,0,0,0,0,-0.71166,0.54167,85.3559,157.76,71.8333
110,train,2021-08-19 10:19:00,2021-08-22 21:42:00,58.26833,-60.58167,-0.71166,0.54167,85.3559,0.330069,0.3784870742945485,-0.925606576571252,71.8333,11.55,-0.739392,-0.673275,0.5,-0.866025,0,0,0,1,0,0,0,0,0,0,0,1,0,0,0,0,0,0,-0.05334,-0.22667,14.7741,246.43,11.55
110,train,2021-08-22 10:09:00,2021-08-24 10:27:00,57.55667,-60.04,-0.05334,-0.22667,14.7741,0.355317,-0.9165722262029002,-0.39986917129663724,11.55,36.75,-0.773138,-0.634237,0.5,-0.866025,0,0,0,1,0,0,0,0,0,0,0,1,0,0,0,0,0,0,-0.00333,-0.03166,1.9273,258.94,36.75
110,train,2021-08-22 21:42:00,2021-08-25 21:34:00,57.50333,-60.26667,-0.00333,-0.03166,1.9273,0.014568,-0.9814268305341971,-0.19183684814862934,36.75,35.1167,-0.773138,-0.634237,-0.707107,0.707107,0,0,0,1,0,0,0,0,0,0,0,1,0,0,0,0,0,0,0.045,-0.07,6.5197,320.16,35.1167
110,train,2021-08-24 10:27:00,2021-08-26 10:10:00,57.5,-60.29833,0.045,-0.07,6.5197,0.051572,-0.6406459065335612,0.7678364555305977,35.1167,12.6,-0.794497,-0.607268,0.5,-0.866025,0,0,0,1,0,0,0,0,0,0,0,1,0,0,0,0,0,0,-0.01667,0.02666,2.4429,139.34,12.6
110,train,2021-08-25 21:34:00,2021-08-26 21:42:00,57.545,-60.36833,-0.01667,0.02666,2.4429,0.053856,0.6515689673474031,-0.7585894019756925,12.6,11.5333,-0.804826,-0.593511,-0.707107,0.707107,0,0,0,1,0,0,0,0,0,0,0,1,0,0,0,0,0,0,0.0,0.00834,0.4979,90.0,11.5333
110,train,2021-08-26 10:10:00,2021-08-27 10:17:00,57.52833,-60.34167,0.0,0.00834,0.4979,0.011991,1.0,6.123233995736766e-17,11.5333,12.5833,-0.814916,-0.579579,0.5,-0.866025,0,0,0,1,0,0,0,0,0,0,0,1,0,0,0,0,0,0,-0.02833,0.05333,4.4797,134.66,12.5833
110,train,2021-08-26 21:42:00,2021-08-31 10:18:00,57.52833,-60.33333,-0.02833,0.05333,4.4797,0.098889,0.7112903627557938,-0.7028982997921757,12.5833,96.0167,-0.814916,-0.579579,-0.707107,0.707107,0,0,0,1,0,0,0,0,0,0,0,1,0,0,0,0,0,0,-0.165,-0.205,22.0749,213.87,96.0167
110,train,2021-08-27 10:17:00,2021-09-01 10:25:00,57.5,-60.28,-0.165,-0.205,22.0749,0.063863,-0.5573104391288479,-0.8303042059618937,96.0167,24.1167,-0.824765,-0.565476,0.5,-0.866025,0,0,0,1,0,0,0,0,0,0,0,1,0,0,0,0,0,0,-0.16,-0.23667,22.7849,218.76,24.1167
110,train,2021-08-31 10:18:00,2021-09-03 10:09:00,57.335,-60.485,-0.16,-0.23667,22.7849,0.262438,-0.6260595781701602,-0.7797752269605652,24.1167,47.7333,-0.861693,-0.50743,0.5,-0.866025,0,0,0,1,0,0,0,0,0,0,0,1,0,0,0,0,0,0,-0.34833,-0.09333,39.1427,188.34,47.7333
114,val,2021-07-30 21:49:00,2021-08-03 21:49:00,56.19,-58.97333,-0.28333,0.58,47.8528,0.278376,0.7555105440841496,-0.6551364878997903,47.75,48.25,-0.468965,-0.883217,-0.707107,0.707107,0,0,0,1,0,0,0,0,0,0,0,1,0,0,0,0,0,0,-0.025,0.13,8.5689,108.88,48.25
114,val,2021-08-01 21:34:00,2021-08-08 09:55:00,55.90667,-58.39333,-0.025,0.13,8.5689,0.049332,0.9461983696954759,-0.32358715238034935,48.25,108.1,-0.499069,-0.866562,-0.707107,0.707107,0,0,0,1,0,0,0,0,0,0,0,1,0,0,0,0,0,0,-0.09667,1.04833,66.3413,98.89,108.1
115,test,2021-07-30 21:49:00,2021-08-05 21:34:00,56.19667,-58.995,-0.21834,0.95667,64.1235,0.134719,0.9281613938075555,-0.3721779507778717,132.2167,11.5333,-0.468965,-0.883217,-0.707107,0.707107,0,0,0,1,0,0,0,0,0,0,0,1,0,0,0,0,0,0,0.015,0.03,2.5028,48.2,11.5333
115,test,2021-08-05 10:02:00,2021-08-06 10:10:00,55.97833,-58.03833,0.015,0.03,2.5028,0.06028,0.7454759996828623,0.6665324702494524,11.5333,12.6,-0.557468,-0.830198,0.5,-0.866025,0,0,0,1,0,0,0,0,0,0,0,1,0,0,0,0,0,0,-0.02833,0.04833,4.3548,136.31,12.6
115,test,2021-08-05 21:34:00,2021-08-13 10:02:00,55.99333,-58.00833,-0.02833,0.04833,4.3548,0.096005,0.6907562189839596,-0.7230877166257107,12.6,167.8667,-0.557468,-0.830198,-0.707107,0.707107,0,0,0,1,0,0,0,0,0,0,0,1,0,0,0,0,0,0,-0.85,1.62833,139.3823,132.02,167.8667
115,test,2021-08-06 10:10:00,2021-08-13 21:34:00,55.965,-57.96,-0.85,1.62833,139.3823,0.230643,0.7429112095630296,-0.6693899720682976,167.8667,11.5333,-0.571667,-0.820486,0.5,-0.866025,0,0,0,1,0,0,0,0,0,0,0,1,0,0,0,0,0,0,0.00167,0.04167,2.6565,85.97,11.5333
116,train,2021-07-30 21:49:00,2021-08-16 09:56:00,56.105,-59.62833,-0.225,0.33833,32.6905,0.094591,0.6454576877239505,-0.7637960286346421,96.0,300.1167,-0.468965,-0.883217,-0.707107,0.707107,0,0,0,1,0,0,0,0,0,0,0,1,0,0,0,0,0,0,-0.485,3.045,198.5532,104.5,300.1167
117,train,2021-07-30 21:49:00,2021-08-02 10:10:00,56.01333,-60.02667,0.0,0.0,0.0,0.0,0.0,1.0,24.15,36.2,-0.468965,-0.883217,-0.707107,0.707107,0,0,0,1,0,0,0,0,0,0,0,1,0,0,0,0,0,0,0.0,0.00167,0.1038,90.0,36.2
117,train,2021-07-31 21:58:00,2021-08-11 21:49:00,56.01333,-60.02667,0.0,0.00167,0.1038,0.000797,1.0,6.123233995736766e-17,36.2,227.65,-0.484089,-0.875019,-0.707107,0.707107,0,0,0,1,0,0,0,0,0,0,0,1,0,0,0,0,0,0,-0.98333,1.98667,166.1032,130.34,227.65
117,train,2021-08-02 10:10:00,2021-08-15 21:49:00,56.01333,-60.025,-0.98333,1.98667,166.1032,0.202679,0.7622165994259001,-0.6473220647866229,227.65,96.0,-0.513901,-0.857849,0.5,-0.866025,0,0,0,1,0,0,0,0,0,0,0,1,0,0,0,0,0,0,-0.145,0.78833,52.851,107.44,96.0
117,train,2021-08-11 21:49:00,2021-08-16 09:56:00,55.03,-58.03833,-0.145,0.78833,52.851,0.152925,0.954031326133758,-0.2997069047510636,96.0,12.1167,-0.640038,-0.768343,-0.707107,0.707107,0,0,0,1,0,0,0,0,0,0,0,1,0,0,0,0,0,0,-0.07167,0.07333,9.2492,149.47,12.1167
118,train,2021-07-30 21:49:00,2021-08-02 10:10:00,55.97167,-59.85,-0.00167,0.005,0.3623,0.004168,0.8586916741814512,-0.5124925450106143,24.15,36.2,-0.468965,-0.883217,-0.707107,0.707107,0,0,0,1,0,0,0,0,0,0,0,1,0,0,0,0,0,0,-0.00167,0.0,0.1857,180.0,36.2
118,train,2021-07-31 21:58:00,2021-08-02 21:42:00,55.97,-59.845,-0.00167,0.0,0.1857,0.001425,1.2246467991473532e-16,-1.0,36.2,11.5333,-0.484089,-0.875019,-0.707107,0.707107,0,0,0,1,0,0,0,0,0,0,0,1,0,0,0,0,0,0,0.0,0.00167,0.1039,90.0,11.5333
118,train,2021-08-02 10:10:00,2021-08-03 10:18:00,55.96833,-59.845,0.0,0.00167,0.1039,0.002503,1.0,6.123233995736766e-17,11.5333,12.6,-0.513901,-0.857849,0.5,-0.866025,0,0,0,1,0,0,0,0,0,0,0,1,0,0,0,0,0,0,0.0,0.0,0.0,0.0,12.6
118,train,2021-08-02 21:42:00,2021-08-03 21:49:00,55.96833,-59.84333,0.0,0.0,0.0,0.0,0.0,1.0,12.6,11.5167,-0.513901,-0.857849,-0.707107,0.707107,0,0,0,1,0,0,0,0,0,0,0,1,0,0,0,0,0,0,0.0,0.0,0.0,0.0,11.5167
118,train,2021-08-03 10:18:00,2021-08-04 21:58:00,55.96833,-59.84333,0.0,0.0,0.0,0.0,0.0,1.0,11.5167,24.15,-0.528581,-0.848883,0.5,-0.866025,0,0,0,1,0,0,0,0,0,0,0,1,0,0,0,0,0,0,0.00167,0.0,0.1857,0.0,24.15
118,train,2021-08-03 21:49:00,2021-08-07 21:50:00,55.96833,-59.84333,0.00167,0.0,0.1857,0.002136,0.0,1.0,24.15,71.8667,-0.528581,-0.848883,-0.707107,0.707107,0,0,0,1,0,0,0,0,0,0,0,1,0,0,0,0,0,0,-0.37,0.89166,69.2872,126.06,71.8667
120,train,2021-07-30 21:49:00,2021-08-05 21:32:00,55.01167,-57.225,-0.25667,0.545,45.0531,0.094653,0.7762665071696718,-0.6304048777147888,132.2167,11.5,-0.468965,-0.883217,-0.707107,0.707107,0,0,0,1,0,0,0,0,0,0,0,1,0,0,0,0,0,0,-0.075,0.165,13.4854,128.13,11.5
121,train,2021-07-31 10:26:00,2021-08-02 10:10:00,56.56833,-60.29833,-0.07833,0.01166,8.7392,0.210482,0.08193850863004083,-0.9966373868180366,11.5333,36.2,-0.484089,-0.875019,0.5,-0.866025,0,0,0,1,0,0,0,0,0,0,0,1,0,0,0,0,0,0,-0.16333,0.235,23.2132,141.38,36.2
121,train,2021-07-31 21:58:00,2021-08-04 21:58:00,56.49,-60.28667,-0.16333,0.235,23.2132,0.178125,0.6241523608032369,-0.78130264974832,36.2,59.8,-0.484089,-0.875019,-0.707107,0.707107,0,0,0,1,0,0,0,0,0,0,0,1,0,0,0,0,0,0,-0.465,0.59834,63.6462,144.08,59.8
123,train,2021-07-31 10:26:00,2021-08-20 10:27:00,59.675,-61.91333,-0.53167,0.0,59.119,0.080684,1.2246467991473532e-16,-1.0,203.5333,276.4833,-0.484089,-0.875019,0.5,-0.866025,0,0,0,1,0,0,0,0,0,0,0,1,0,0,0,0,0,0,-0.19833,-0.01167,22.0634,181.74,276.4833
123,train,2021-08-08 21:58:00,2021-08-22 21:42:00,59.14333,-61.91333,-0.19833,-0.01167,22.0634,0.022167,-0.03036406122413657,-0.9995389055889605,276.4833,59.25,-0.599551,-0.800336,-0.707107,0.707107,0,0,0,1,0,0,0,0,0,0,0,1,0,0,0,0,0,0,-0.29833,0.59333,47.6314,133.89,59.25
123,train,2021-08-20 10:27:00,2021-08-24 10:27:00,58.945,-61.925,-0.29833,0.59333,47.6314,0.223307,0.7206721221545228,-0.6932760578220603,59.25,36.75,-0.750864,-0.660457,0.5,-0.866025,0,0,0,1,0,0,0,0,0,0,0,1,0,0,0,0,0,0,-0.10667,-0.00166,11.8616,180.47,36.75
123,train,2021-08-22 21:42:00,2021-08-25 10:32:00,58.64667,-61.33167,-0.10667,-0.00166,11.8616,0.089656,-0.00820295548752151,-0.9999663551946484,36.75,24.0833,-0.773138,-0.634237,-0.707107,0.707107,0,0,0,1,0,0,0,0,0,0,0,1,0,0,0,0,0,0,0.04333,-0.07334,6.427,318.59,24.0833
123,train,2021-08-24 10:27:00,2021-08-25 21:34:00,58.54,-61.33333,0.04333,-0.07334,6.427,0.074129,-0.661442774329839,0.7499956375118763,24.0833,11.0333,-0.794497,-0.607268,0.5,-0.866025,0,0,0,1,0,0,0,0,0,0,0,1,0,0,0,0,0,0,-0.09833,-0.00666,10.9406,182.03,11.0333
123,train,2021-08-25 10:32:00,2021-08-26 21:42:00,58.58333,-61.40667,-0.09833,-0.00666,10.9406,0.275444,-0.035422771708014736,-0.9993724166918566,11.0333,24.1333,-0.804826,-0.593511,0.5,-0.866025,0,0,0,1,0,0,0,0,0,0,0,1,0,0,0,0,0,0,0.00667,-0.07667,4.5172,279.48,24.1333
123,train,2021-08-25 21:34:00,2021-08-27 10:17:00,58.485,-61.41333,0.00667,-0.07667,4.5172,0.051994,-0.986343153931003,0.16470331719015754,24.1333,12.5833,-0.804826,-0.593511,-0.707107,0.707107,0,0,0,1,0,0,0,0,0,0,0,1,0,0,0,0,0,0,0.00833,0.06,3.6073,75.1,12.5833
123,train,2021-08-26 21:42:00,2021-08-31 10:18:00,58.49167,-61.49,0.00833,0.06,3.6073,0.079632,0.9663760793213293,0.2571327931546963,12.5833,96.0167,-0.814916,-0.579579,-0.707107,0.707107,0,0,0,1,0,0,0,0,0,0,0,1,0,0,0,0,0,0,-0.31833,0.24667,38.2122,157.76,96.0167
123,train,2021-08-27 10:17:00,2021-09-01 10:25:00,58.5,-61.43,-0.31833,0.24667,38.2122,0.110548,0.3784870742945485,-0.925606576571252,96.0167,24.1167,-0.824765,-0.565476,0.5,-0.866025,0,0,0,1,0,0,0,0,0,0,0,1,0,0,0,0,0,0,0.055,-0.03667,6.482,340.66,24.1167
123,train,2021-08-31 10:18:00,2021-09-02 21:34:00,58.18167,-61.18333,0.055,-0.03667,6.482,0.07466,-0.331173209478893,0.9435699790282909,24.1167,35.15,-0.861693,-0.50743,0.5,-0.866025,0,0,0,1,0,0,0,0,0,0,0,1,0,0,0,0,0,0,-0.18,-0.05167,20.2435,188.64,35.15
123,train,2021-09-01 10:25:00,2021-09-03 10:09:00,58.23667,-61.22,-0.18,-0.05167,20.2435,0.159977,-0.15022558912075687,-0.9886517447379141,35.15,12.5833,-0.870294,-0.492533,0.5,-0.866025,0,0,0,1,0,0,0,0,0,0,0,1,0,0,0,0,0,0,-0.08334,-0.08166,10.4408,207.46,12.5833
125,train,2021-07-31 10:26:00,2021-08-04 10:25:00,58.715,-62.58833,0.0,0.0,0.0,0.0,0.0,1.0,71.8667,24.1167,-0.484089,-0.875019,0.5,-0.866025,0,0,0,1,0,0,0,0,0,0,0,1,0,0,0,0,0,0,-0.00167,0.0,0.1857,180.0,24.1167
125,train,2021-08-03 10:18:00,2021-08-07 10:17:00,58.715,-62.58833,-0.00167,0.0,0.1857,0.002139,1.2246467991473532e-16,-1.0,24.1167,71.8667,-0.528581,-0.848883,0.5,-0.866025,0,0,0,1,0,0,0,0,0,0,0,1,0,0,0,0,0,0,0.0,0.0,0.0,0.0,71.8667
125,train,2021-08-04 10:25:00,2021-08-07 21:50:00,58.71333,-62.58833,0.0,0.0,0.0,0.0,0.0,1.0,71.8667,11.55,-0.543105,-0.839665,0.5,-0.866025,0,0,0,1,0,0,0,0,0,0,0,1,0,0,0,0,0,0,0.00167,0.0,0.1857,0.0,11.55
125,train,2021-08-07 10:17:00,2021-08-08 21:58:00,58.71333,-62.58833,0.00167,0.0,0.1857,0.004466,0.0,1.0,11.55,24.1333,-0.585696,-0.810531,0.5,-0.866025,0,0,0,1,0,0,0,0,0,0,0,1,0,0,0,0,0,0,-0.00333,0.00333,0.4172,152.55,24.1333
125,train,2021-08-07 21:50:00,2021-08-14 21:42:00,58.715,-62.58833,-0.00333,0.00333,0.4172,0.004802,0.4609743745354624,-0.8874134470592832,24.1333,143.7333,-0.585696,-0.810531,-0.707107,0.707107,0,0,0,1,0,0,0,0,0,0,0,1,0,0,0,0,0,0,-0.28334,0.07833,31.8317,171.76,143.7333
126,train,2021-07-31 21:58:00,2021-08-16 21:25:00,55.83833,-59.72,-0.80166,1.65833,137.4315,0.177093,0.7688418320734596,-0.6394390019805847,215.5667,167.8833,-0.484089,-0.875019,-0.707107,0.707107,0,0,0,1,0,0,0,0,0,0,0,1,0,0,0,0,0,0,-0.99834,1.66,154.2368,135.35,167.8833
129,train,2021-08-01 21:34:00,2021-08-08 09:55:00,55.20833,-57.01,-0.03,-0.085,6.3431,0.139838,-0.8509028085693622,-0.5253231485179112,12.6,143.75,-0.499069,-0.866562,-0.707107,0.707107,0,0,0,1,0,0,0,0,0,0,0,1,0,0,0,0,0,0,-0.785,1.29833,120.6166,135.83,143.75
129,train,2021-08-02 10:10:00,2021-08-08 21:24:00,55.17833,-57.095,-0.785,1.29833,120.6166,0.233076,0.6967896337894534,-0.7172755441554935,143.75,11.4833,-0.513901,-0.857849,0.5,-0.866025,0,0,0,1,0,0,0,0,0,0,0,1,0,0,0,0,0,0,-0.03,0.045,4.4296,138.84,11.4833
129,train,2021-08-08 09:55:00,2021-08-09 21:32:00,54.39333,-55.79667,-0.03,0.045,4.4296,0.10715,0.6581640149426765,-0.7528745774925173,11.4833,24.1333,-0.599551,-0.800336,0.707107,-0.707107,0,0,0,1,0,0,0,0,0,0,0,1,0,0,0,0,0,0,-0.055,0.005,6.1243,176.96,24.1333
130,train,2021-08-02 10:10:00,2021-08-03 21:49:00,56.03667,-60.04333,0.0,0.0,0.0,0.0,0.0,1.0,24.1333,11.5167,-0.513901,-0.857849,0.5,-0.866025,0,0,0,1,0,0,0,0,0,0,0,1,0,0,0,0,0,0,0.0,-0.00167,0.1037,270.0,11.5167
130,train,2021-08-03 10:18:00,2021-08-04 21:58:00,56.03667,-60.04333,0.0,-0.00167,0.1037,0.002502,-1.0,-1.8369701987210297e-16,11.5167,24.15,-0.528581,-0.848883,0.5,-0.866025,0,0,0,1,0,0,0,0,0,0,0,1,0,0,0,0,0,0,0.0,0.0,0.0,0.0,24.15
130,train,2021-08-03 21:49:00,2021-08-06 10:10:00,56.03667,-60.045,0.0,0.0,0.0,0.0,0.0,1.0,24.15,36.2,-0.528581,-0.848883,-0.707107,0.707107,0,0,0,1,0,0,0,0,0,0,0,1,0,0,0,0,0,0,0.0,0.0,0.0,0.0,36.2
131,train,2021-08-02 10:10:00,2021-08-13 21:32:00,55.18,-57.75667,-0.12,0.36334,26.6803,0.088863,0.8672445477434425,-0.4978824102228073,83.4,191.9667,-0.513901,-0.857849,0.5,-0.866025,0,0,0,1,0,0,0,0,0,0,0,1,0,0,0,0,0,0,-0.80833,1.155,116.6096,139.95,191.9667
132,train,2021-08-02 10:10:00,2021-08-20 09:56:00,55.32,-56.615,-0.17667,0.48,36.2258,0.130262,0.8420760587726923,-0.5393587963886834,77.25,354.5167,-0.513901,-0.857849,0.5,-0.866025,0,0,0,1,0,0,0,0,0,0,0,1,0,0,0,0,0,0,-0.29166,1.74167,115.7221,105.56,354.5167
134,val,2021-08-02 21:42:00,2021-08-15 10:19:00,58.08,-62.005,-0.04667,0.04167,5.7394,0.126529,0.42735786338719256,-0.9040825496607783,12.6,288.0167,-0.513901,-0.857849,-0.707107,0.707107,0,0,0,1,0,0,0,0,0,0,0,1,0,0,0,0,0,0,0.045,-0.14334,9.8058,300.74,288.0167
134,val,2021-08-03 10:18:00,2021-08-16 10:27:00,58.03333,-61.96333,0.045,-0.14334,9.8058,0.009457,-0.8594956358894387,0.5111430835754402,288.0167,24.1333,-0.528581,-0.848883,0.5,-0.866025,0,0,0,1,0,0,0,0,0,0,0,1,0,0,0,0,0,0,-0.06666,0.15667,11.8301,128.73,24.1333
135,test,2021-08-02 21:42:00,2021-08-14 10:10:00,55.98,-60.025,-0.88333,2.17667,168.524,0.177409,0.8216469379421637,-0.569996762596303,263.8667,12.6,-0.513901,-0.857849,-0.707107,0.707107,0,0,0,1,0,0,0,0,0,0,0,1,0,0,0,0,0,0,-0.05334,0.16166,11.8791,119.89,12.6
138,train,2021-08-03 10:18:00,2021-08-20 10:27:00,59.12833,-62.29167,-0.22833,-0.12,26.3021,0.05549,-0.2620207474967041,-0.9650622404183413,131.6667,276.4833,-0.528581,-0.848883,0.5,-0.866025,0,0,0,1,0,0,0,0,0,0,0,1,0,0,0,0,0,0,-0.48333,0.02167,53.7585,178.65,276.4833
138,train,2021-08-08 21:58:00,2021-08-26 21:42:00,58.9,-62.41167,-0.48333,0.02167,53.7585,0.05401,0.023559764833610143,-0.9997224302180006,276.4833,155.25,-0.599551,-0.800336,-0.707107,0.707107,0,0,0,1,0,0,0,0,0,0,0,1,0,0,0,0,0,0,0.0,0.0,0.0,0.0,155.25
138,train,2021-08-20 10:27:00,2021-08-27 10:17:00,58.41667,-62.39,0.0,0.0,0.0,0.0,0.0,1.0,155.25,12.5833,-0.750864,-0.660457,0.5,-0.866025,0,0,0,1,0,0,0,0,0,0,0,1,0,0,0,0,0,0,0.0,0.0,0.0,0.0,12.5833
138,train,2021-08-26 21:42:00,2021-08-28 21:58:00,58.41667,-62.39,0.0,0.0,0.0,0.0,0.0,1.0,12.5833,35.6833,-0.814916,-0.579579,-0.707107,0.707107,0,0,0,1,0,0,0,0,0,0,0,1,0,0,0,0,0,0,0.0,0.0,0.0,0.0,35.6833
139,train,2021-08-03 10:18:00,2021-08-17 10:34:00,59.00833,-62.32833,-0.58,-0.065,64.6022,0.06516,-0.05860945631109672,-0.998280988314872,275.4,60.8667,-0.528581,-0.848883,0.5,-0.866025,0,0,0,1,0,0,0,0,0,0,0,1,0,0,0,0,0,0,-0.01166,0.005,1.3288,167.34,60.8667
139,train,2021-08-14 21:42:00,2021-08-24 10:27:00,58.42833,-62.39333,-0.01166,0.005,1.3288,0.006064,0.21916509924262387,-0.9756877878061049,60.8667,167.8833,-0.67882,-0.734304,-0.707107,0.707107,0,0,0,1,0,0,0,0,0,0,0,1,0,0,0,0,0,0,-0.11334,0.775,46.9298,105.25,167.8833
139,train,2021-08-17 10:34:00,2021-08-25 10:32:00,58.41667,-62.38833,-0.11334,0.775,46.9298,0.07765,0.9647873238288129,-0.26303121445797484,167.8833,24.0833,-0.715795,-0.69831,0.5,-0.866025,0,0,0,1,0,0,0,0,0,0,0,1,0,0,0,0,0,0,-0.05333,0.04166,6.4108,157.65,24.0833
139,train,2021-08-24 10:27:00,2021-08-26 21:42:00,58.30333,-61.61333,-0.05333,0.04166,6.4108,0.073942,0.3802634127332048,-0.9248782281665497,24.0833,35.1667,-0.794497,-0.607268,0.5,-0.866025,0,0,0,1,0,0,0,0,0,0,0,1,0,0,0,0,0,0,-0.04833,0.01,5.4059,173.78,35.1667
139,train,2021-08-25 10:32:00,2021-08-27 10:17:00,58.25,-61.57167,-0.04833,0.01,5.4059,0.0427,0.10834637327094247,-0.9941132045189992,35.1667,12.5833,-0.804826,-0.593511,0.5,-0.866025,0,0,0,1,0,0,0,0,0,0,0,1,0,0,0,0,0,0,-0.02667,0.01834,3.1544,160.07,12.5833
139,train,2021-08-26 21:42:00,2021-08-28 10:25:00,58.20167,-61.56167,-0.02667,0.01834,3.1544,0.069633,0.34087183724407455,-0.9401097758101705,12.5833,24.1333,-0.814916,-0.579579,-0.707107,0.707107,0,0,0,1,0,0,0,0,0,0,0,1,0,0,0,0,0,0,-0.03,0.04833,4.3778,139.62,24.1333
139,train,2021-08-27 10:17:00,2021-08-28 21:58:00,58.175,-61.54333,-0.03,0.04833,4.3778,0.05039,0.6478540345658754,-0.7617644976610012,24.1333,11.55,-0.824765,-0.565476,0.5,-0.866025,0,0,0,1,0,0,0,0,0,0,0,1,0,0,0,0,0,0,0.0,-0.02667,1.5651,270.01,11.55
139,train,2021-08-28 10:25:00,2021-08-31 10:18:00,58.145,-61.495,0.0,-0.02667,1.5651,0.037642,-0.9999999847691291,0.00017453292431314225,11.55,60.3333,-0.83437,-0.551205,0.5,-0.866025,0,0,0,1,0,0,0,0,0,0,0,1,0,0,0,0,0,0,-0.27,0.25834,33.6593,153.01,60.3333
139,train,2021-08-28 21:58:00,2021-09-01 10:25:00,58.145,-61.52167,-0.27,0.25834,33.6593,0.154969,0.45383498285062734,-0.8910857469070924,60.3333,24.1167,-0.83437,-0.551205,-0.707107,0.707107,0,0,0,1,0,0,0,0,0,0,0,1,0,0,0,0,0,0,-0.15333,-0.085,17.7779,196.49,24.1167
140,train,2021-08-03 10:18:00,2021-08-20 10:27:00,59.03,-62.18167,-0.05,0.065,6.6906,0.077063,0.5567306416752782,-0.830693079674938,24.1167,384.0333,-0.528581,-0.848883,0.5,-0.866025,0,0,0,1,0,0,0,0,0,0,0,1,0,0,0,0,0,0,-0.465,0.92667,74.3715,133.65,384.0333
140,train,2021-08-04 10:25:00,2021-08-22 10:09:00,58.98,-62.11667,-0.465,0.92667,74.3715,0.053794,0.7235697791884493,-0.6902512402344372,384.0333,47.7,-0.543105,-0.839665,0.5,-0.866025,0,0,0,1,0,0,0,0,0,0,0,1,0,0,0,0,0,0,-0.30667,-0.16167,35.3799,195.53,47.7
140,train,2021-08-20 10:27:00,2021-08-22 21:42:00,58.515,-61.19,-0.30667,-0.16167,35.3799,0.206033,-0.26774289514817334,-0.9634903954361321,47.7,11.55,-0.750864,-0.660457,0.5,-0.866025,0,0,0,1,0,0,0,0,0,0,0,1,0,0,0,0,0,0,0.015,-0.055,3.6275,297.4,11.55
140,train,2021-08-22 10:09:00,2021-08-25 21:34:00,58.20833,-61.35167,0.015,-0.055,3.6275,0.087241,-0.8878153851364016,0.4601997847838511,11.55,71.8667,-0.773138,-0.634237,0.5,-0.866025,0,0,0,1,0,0,0,0,0,0,0,1,0,0,0,0,0,0,-0.335,0.49167,47.1623,141.96,71.8667
140,train,2021-08-22 21:42:00,2021-08-26 21:42:00,58.22333,-61.40667,-0.335,0.49167,47.1623,0.182291,0.6162114605356706,-0.7875807488153171,71.8667,24.1333,-0.773138,-0.634237,-0.707107,0.707107,0,0,0,1,0,0,0,0,0,0,0,1,0,0,0,0,0,0,0.075,-0.02667,8.487,349.32,24.1333
140,train,2021-08-25 21:34:00,2021-08-28 10:25:00,57.88833,-60.915,0.075,-0.02667,8.487,0.097686,-0.18532360750964766,0.9826775465530949,24.1333,36.7167,-0.804826,-0.593511,-0.707107,0.707107,0,0,0,1,0,0,0,0,0,0,0,1,0,0,0,0,0,0,-0.27666,0.22334,33.4852,156.64,36.7167
140,train,2021-08-26 21:42:00,2021-08-31 10:18:00,57.96333,-60.94167,-0.27666,0.22334,33.4852,0.25333,0.3965070803065547,-0.9180316635425879,36.7167,71.8833,-0.814916,-0.579579,-0.707107,0.707107,0,0,0,1,0,0,0,0,0,0,0,1,0,0,0,0,0,0,-0.36667,0.18,42.166,165.15,71.8833
140,train,2021-08-28 10:25:00,2021-09-01 10:25:00,57.68667,-60.71833,-0.36667,0.18,42.166,0.162941,0.2562893731329966,-0.9666001020169073,71.8833,24.1167,-0.83437,-0.551205,0.5,-0.866025,0,0,0,1,0,0,0,0,0,0,0,1,0,0,0,0,0,0,-0.15,-0.23334,21.8006,220.18,24.1167
140,train,2021-08-31 10:18:00,2021-09-03 10:09:00,57.32,-60.53833,-0.15,-0.23334,21.8006,0.251101,-0.6451910332955677,-0.7640212893336138,24.1167,47.7333,-0.861693,-0.50743,0.5,-0.866025,0,0,0,1,0,0,0,0,0,0,0,1,0,0,0,0,0,0,-0.30833,-0.05333,34.4364,185.4,47.7333
141,val,2021-08-03 10:18:00,2021-08-05 10:02:00,55.89667,-59.14,-0.02667,0.09,6.3483,0.153118,0.8844995619179461,-0.46654102174081263,11.5167,36.2167,-0.528581,-0.848883,0.5,-0.866025,0,0,0,1,0,0,0,0,0,0,0,1,0,0,0,0,0,0,0.00333,0.07667,4.7974,85.54,36.2167
141,val,2021-08-03 21:49:00,2021-08-05 21:34:00,55.87,-59.05,0.00333,0.07667,4.7974,0.036796,0.9969718655679232,0.07776309707062125,36.2167,11.5333,-0.528581,-0.848883,-0.707107,0.707107,0,0,0,1,0,0,0,0,0,0,0,1,0,0,0,0,0,0,-0.03833,0.005,4.2735,175.81,11.5333
141,val,2021-08-05 10:02:00,2021-08-15 09:48:00,55.87333,-58.97333,-0.03833,0.005,4.2735,0.102927,0.07306413179998016,-0.9973272445112061,11.5333,228.2333,-0.557468,-0.830198,0.5,-0.866025,0,0,0,1,0,0,0,0,0,0,0,1,0,0,0,0,0,0,-0.20333,2.09166,132.8862,98.93,228.2333
141,val,2021-08-05 21:34:00,2021-08-16 09:56:00,55.835,-58.96833,-0.20333,2.09166,132.8862,0.161733,0.9878787241768515,-0.15522765964452376,228.2333,24.1333,-0.557468,-0.830198,-0.707107,0.707107,0,0,0,1,0,0,0,0,0,0,0,1,0,0,0,0,0,0,-0.12834,0.29,23.154,127.93,24.1333
142,train,2021-08-03 10:18:00,2021-08-09 21:32:00,56.30833,-59.97333,-0.28166,0.655,51.2369,0.298166,0.7943086013543276,-0.6075144819792627,47.7333,107.5,-0.528581,-0.848883,0.5,-0.866025,0,0,0,1,0,0,0,0,0,0,0,1,0,0,0,0,0,0,-0.35667,1.08166,78.3055,119.98,107.5
142,train,2021-08-05 10:02:00,2021-08-10 21:42:00,56.02667,-59.31833,-0.35667,1.08166,78.3055,0.20234,0.8661998839448093,-0.49969766965035856,107.5,24.1667,-0.557468,-0.830198,0.5,-0.866025,0,0,0,1,0,0,0,0,0,0,0,1,0,0,0,0,0,0,0.0,0.0,0.0,0.0,24.1667
142,train,2021-08-09 21:32:00,2021-08-11 21:49:00,55.67,-58.23667,0.0,0.0,0.0,0.0,0.0,1.0,24.1667,24.1167,-0.61323,-0.789905,-0.707107,0.707107,0,0,0,1,0,0,0,0,0,0,0,1,0,0,0,0,0,0,0.0,0.00167,0.1047,90.0,24.1167
142,train,2021-08-10 21:42:00,2021-08-13 10:02:00,55.67,-58.23667,0.0,0.00167,0.1047,0.001206,1.0,6.123233995736766e-17,24.1167,36.2167,-0.626727,-0.779239,-0.707107,0.707107,0,0,0,1,0,0,0,0,0,0,0,1,0,0,0,0,0,0,0.0,-0.00167,0.1047,270.0,36.2167
143,test,2021-08-03 21:51:00,2021-08-07 10:17:00,59.135,-62.32667,-0.01333,-0.00166,1.4853,0.03283,-0.0638356160555813,-0.9979604271326616,12.5667,71.8667,-0.528581,-0.848883,-0.707107,0.707107,0,0,0,1,0,0,0,0,0,0,0,1,0,0,0,0,0,0,-0.00667,0.0,0.7417,180.0,71.8667
143,test,2021-08-04 10:25:00,2021-08-07 21:50:00,59.12167,-62.32833,-0.00667,0.0,0.7417,0.002867,1.2246467991473532e-16,-1.0,71.8667,11.55,-0.543105,-0.839665,0.5,-0.866025,0,0,0,1,0,0,0,0,0,0,0,1,0,0,0,0,0,0,0.00167,0.0,0.1857,0.0,11.55
143,test,2021-08-07 10:17:00,2021-08-08 21:58:00,59.115,-62.32833,0.00167,0.0,0.1857,0.004466,0.0,1.0,11.55,24.1333,-0.585696,-0.810531,0.5,-0.866025,0,0,0,1,0,0,0,0,0,0,0,1,0,0,0,0,0,0,-0.03334,-0.035,4.2117,208.34,24.1333
143,test,2021-08-07 21:50:00,2021-08-20 10:27:00,59.11667,-62.32833,-0.03334,-0.035,4.2117,0.048477,-0.47470278261708676,-0.8801461629613543,24.1333,276.4833,-0.585696,-0.810531,-0.707107,0.707107,0,0,0,1,0,0,0,0,0,0,0,1,0,0,0,0,0,0,0.05,0.21833,13.6481,65.87,276.4833
143,test,2021-08-08 21:58:00,2021-08-22 21:42:00,59.08333,-62.36333,0.05,0.21833,13.6481,0.013712,0.9126202507843835,0.40880836324401326,276.4833,59.25,-0.599551,-0.800336,-0.707107,0.707107,0,0,0,1,0,0,0,0,0,0,0,1,0,0,0,0,0,0,-0.47333,0.75,68.0145,140.38,59.25
143,test,2021-08-20 10:27:00,2021-08-24 10:27:00,59.13333,-62.145,-0.47333,0.75,68.0145,0.318868,0.6376929107694711,-0.7702906928909107,59.25,36.75,-0.750864,-0.660457,0.5,-0.866025,0,0,0,1,0,0,0,0,0,0,0,1,0,0,0,0,0,0,0.01667,-0.21167,12.3784,278.7,36.75
143,test,2021-08-22 21:42:00,2021-08-25 10:32:00,58.66,-61.395,0.01667,-0.21167,12.3784,0.093563,-0.9884938868086836,0.15126082024721935,36.75,24.0833,-0.773138,-0.634237,-0.707107,0.707107,0,0,0,1,0,0,0,0,0,0,0,1,0,0,0,0,0,0,-0.13834,-0.25,21.1259,223.38,24.0833
143,test,2021-08-24 10:27:00,2021-08-26 21:42:00,58.67667,-61.60667,-0.13834,-0.25,21.1259,0.243667,-0.6868338465444082,-0.7268144654869029,24.0833,35.1667,-0.794497,-0.607268,0.5,-0.866025,0,0,0,1,0,0,0,0,0,0,0,1,0,0,0,0,0,0,-0.235,0.15334,27.6142,161.07,35.1667
143,test,2021-08-25 10:32:00,2021-08-27 10:17:00,58.53833,-61.85667,-0.235,0.15334,27.6142,0.218122,0.3244127429091096,-0.945915626384398,35.1667,12.5833,-0.804826,-0.593511,0.5,-0.866025,0,0,0,1,0,0,0,0,0,0,0,1,0,0,0,0,0,0,0.00334,0.09833,5.7566,86.26,12.5833
143,test,2021-08-26 21:42:00,2021-08-31 10:18:00,58.30333,-61.70333,0.00334,0.09833,5.7566,0.127077,0.9978703230397468,0.06522896899807146,12.5833,96.0167,-0.814916,-0.579579,-0.707107,0.707107,0,0,0,1,0,0,0,0,0,0,0,1,0,0,0,0,0,0,-0.25,0.26167,31.7505,151.0,96.0167
143,test,2021-08-27 10:17:00,2021-09-01 10:25:00,58.30667,-61.605,-0.25,0.26167,31.7505,0.091855,0.48480962024633717,-0.8746197071393957,96.0167,24.1167,-0.824765,-0.565476,0.5,-0.866025,0,0,0,1,0,0,0,0,0,0,0,1,0,0,0,0,0,0,-0.01834,-0.19334,11.5586,259.92,24.1167
145,train,2021-08-04 10:25:00,2021-08-15 21:51:00,59.96833,-63.20167,0.135,0.295,22.2206,0.024563,0.7357425748043749,0.6772612964138943,251.2833,24.15,-0.543105,-0.839665,0.5,-0.866025,0,0,0,1,0,0,0,0,0,0,0,1,0,0,0,0,0,0,0.02834,0.26834,15.1963,77.92,24.15
145,train,2021-08-14 21:42:00,2021-08-16 10:27:00,60.10333,-62.90667,0.02834,0.26834,15.1963,0.174791,0.9778563478690789,0.2092772394030152,24.15,12.6,-0.67882,-0.734304,-0.707107,0.707107,0,0,0,1,0,0,0,0,0,0,0,1,0,0,0,0,0,0,0.02666,-0.14,8.2972,290.99,12.6
145,train,2021-08-15 21:51:00,2021-08-19 10:19:00,60.13167,-62.63833,0.02666,-0.14,8.2972,0.182918,-0.9336429592841731,0.35820500356512613,12.6,71.8667,-0.691351,-0.722519,-0.707107,0.707107,0,0,0,1,0,0,0,0,0,0,0,1,0,0,0,0,0,0,0.035,0.085,6.1026,50.34,71.8667
145,train,2021-08-16 10:27:00,2021-08-20 10:27:00,60.15833,-62.77833,0.035,0.085,6.1026,0.023588,0.7698453115755293,0.6382305196754353,71.8667,24.1333,-0.703677,-0.71052,0.5,-0.866025,0,0,0,1,0,0,0,0,0,0,0,1,0,0,0,0,0,0,-0.06333,0.07,8.0367,151.16,24.1333
145,train,2021-08-19 10:19:00,2021-08-23 21:51:00,60.19333,-62.69333,-0.06333,0.07,8.0367,0.092503,0.48236533412453536,-0.8759701390087024,24.1333,83.4,-0.739392,-0.673275,0.5,-0.866025,0,0,0,1,0,0,0,0,0,0,0,1,0,0,0,0,0,0,-0.14833,-0.065,16.8835,192.37,83.4
145,train,2021-08-20 10:27:00,2021-08-24 10:27:00,60.13,-62.62333,-0.14833,-0.065,16.8835,0.056233,-0.2142239133458794,-0.9767845796032906,83.4,12.6,-0.750864,-0.660457,0.5,-0.866025,0,0,0,1,0,0,0,0,0,0,0,1,0,0,0,0,0,0,0.05,0.04166,6.0227,22.59,12.6
145,train,2021-08-23 21:51:00,2021-08-24 21:59:00,59.98167,-62.68833,0.05,0.04166,6.0227,0.132776,0.38413418622770257,0.923277275238149,12.6,11.5333,-0.783934,-0.620844,-0.707107,0.707107,0,0,0,1,0,0,0,0,0,0,0,1,0,0,0,0,0,0,0.02833,0.15334,9.0776,69.63,11.5333
145,train,2021-08-24 10:27:00,2021-08-25 10:32:00,60.03167,-62.64667,0.02833,0.15334,9.0776,0.218632,0.9374643729001508,0.3480812398606493,11.5333,12.55,-0.794497,-0.607268,0.5,-0.866025,0,0,0,1,0,0,0,0,0,0,0,1,0,0,0,0,0,0,-0.025,0.06,4.3386,129.82,12.55
145,train,2021-08-24 21:59:00,2021-08-26 21:43:00,60.06,-62.49333,-0.025,0.06,4.3386,0.09603,0.7680600363549533,-0.640377842023307,12.55,35.1833,-0.794497,-0.607268,-0.707107,0.707107,0,0,0,1,0,0,0,0,0,0,0,1,0,0,0,0,0,0,0.04167,-0.06334,5.8162,322.84,35.1833
145,train,2021-08-25 10:32:00,2021-08-27 10:17:00,60.035,-62.43333,0.04167,-0.06334,5.8162,0.04592,-0.6040428847840084,0.7969518136887658,35.1833,12.5667,-0.804826,-0.593511,0.5,-0.866025,0,0,0,1,0,0,0,0,0,0,0,1,0,0,0,0,0,0,0.03333,-0.075,5.57,311.74,12.5667
145,train,2021-08-26 21:43:00,2021-09-02 10:33:00,60.07667,-62.49667,0.03333,-0.075,5.57,0.123121,-0.7461735819730099,0.6657514442835013,12.5667,144.2667,-0.814916,-0.579579,-0.707107,0.707107,0,0,0,1,0,0,0,0,0,0,0,1,0,0,0,0,0,0,-0.07833,-0.30333,18.9487,242.77,144.2667
147,train,2021-08-04 10:25:00,2021-08-20 10:27:00,58.06333,-60.435,0.055,-0.055,6.9175,0.054641,-0.4670040806548547,0.8842551603760727,35.1667,348.8667,-0.543105,-0.839665,0.5,-0.866025,0,0,0,1,0,0,0,0,0,0,0,1,0,0,0,0,0,0,-0.03666,-0.24333,14.8677,254.19,348.8667
147,train,2021-08-05 21:35:00,2021-08-22 10:09:00,58.11833,-60.49,-0.03666,-0.24333,14.8677,0.011838,-0.9621704570061186,-0.2724481816137465,348.8667,47.7,-0.557468,-0.830198,-0.707107,0.707107,0,0,0,1,0,0,0,0,0,0,0,1,0,0,0,0,0,0,-0.56,0.70666,75.036,145.78,47.7
147,train,2021-08-20 10:27:00,2021-08-22 21:42:00,58.08167,-60.73333,-0.56,0.70666,75.036,0.436967,0.5623720491861977,-0.8268843197776318,47.7,11.55,-0.750864,-0.660457,0.5,-0.866025,0,0,0,1,0,0,0,0,0,0,0,1,0,0,0,0,0,0,-0.03834,-0.21,13.2502,251.32,11.55
147,train,2021-08-22 10:09:00,2021-08-25 21:34:00,57.52167,-60.02667,-0.03834,-0.21,13.2502,0.318667,-0.9473221350826141,-0.32028233229842296,11.55,71.8667,-0.773138,-0.634237,0.5,-0.866025,0,0,0,1,0,0,0,0,0,0,0,1,0,0,0,0,0,0,-0.06,-0.21833,14.6661,243.03,71.8667
147,train,2021-08-22 21:42:00,2021-08-26 10:10:00,57.48333,-60.23667,-0.06,-0.21833,14.6661,0.056687,-0.8912441109100572,-0.45352390760371364,71.8667,12.6,-0.773138,-0.634237,-0.707107,0.707107,0,0,0,1,0,0,0,0,0,0,0,1,0,0,0,0,0,0,-0.115,-0.16167,16.0468,217.23,12.6
147,train,2021-08-25 21:34:00,2021-08-31 10:18:00,57.42333,-60.455,-0.115,-0.16167,16.0468,0.353766,-0.6050160940559848,-0.7962132414957941,12.6,120.1333,-0.804826,-0.593511,-0.707107,0.707107,0,0,0,1,0,0,0,0,0,0,0,1,0,0,0,0,0,0,-0.32333,-0.195,37.828,198.2,120.1333
148,test,2021-08-04 10:17:00,2021-08-07 21:50:00,60.87667,-63.5,-0.54334,0.0,60.4167,0.346386,1.2246467991473532e-16,-1.0,48.45,35.1,-0.543105,-0.839665,0.5,-0.866025,0,0,0,0,1,0,0,0,0,0,0,0,0,0,0,0,0,1,-0.14666,0.33,24.4394,131.71,35.1
148,test,2021-08-06 10:44:00,2021-08-08 10:27:00,60.33333,-63.5,-0.14666,0.33,24.4394,0.193411,0.7465220663143017,-0.6653606574676814,35.1,12.6167,-0.571667,-0.820486,0.5,-0.866025,0,0,0,0,1,0,0,0,0,0,0,0,0,0,0,0,0,1,-0.00167,0.215,11.8877,90.8,12.6167
148,test,2021-08-07 21:50:00,2021-08-08 21:58:00,60.18667,-63.17,-0.00167,0.215,11.8877,0.261728,0.9999025240093042,-0.01396218033914523,12.6167,11.5167,-0.585696,-0.810531,-0.707107,0.707107,0,0,0,1,0,0,0,0,0,0,0,1,0,0,0,0,0,0,-0.08167,0.30167,19.0085,118.41,11.5167
148,test,2021-08-08 10:27:00,2021-08-10 10:42:00,60.185,-62.955,-0.08167,0.30167,19.0085,0.458478,0.8795655473847195,-0.4757777294638945,11.5167,36.7333,-0.599551,-0.800336,0.5,-0.866025,0,0,0,0,1,0,0,0,0,0,0,0,0,0,0,0,0,1,-0.1,0.25333,17.927,128.23,36.7333
148,test,2021-08-08 21:58:00,2021-08-11 21:51:00,60.10333,-62.65333,-0.1,0.25333,17.927,0.135564,0.7855329875880062,-0.6188197842757303,36.7333,35.15,-0.599551,-0.800336,-0.707107,0.707107,0,0,0,0,1,0,0,0,0,0,0,0,0,0,0,0,0,1,0.03,0.32667,18.4559,79.45,35.15
148,test,2021-08-10 10:42:00,2021-08-13 21:34:00,60.00333,-62.4,0.03,0.32667,18.4559,0.14585,0.98309550269175,0.1830935077692692,35.15,47.7167,-0.626727,-0.779239,0.5,-0.866025,0,0,0,0,1,0,0,0,0,0,0,0,0,0,0,0,0,1,0.03167,-0.02,3.6924,342.51,47.7167
148,test,2021-08-11 21:51:00,2021-08-14 21:42:00,60.03333,-62.07333,0.03167,-0.02,3.6924,0.021495,-0.3005393399158805,0.9537694192848326,47.7167,24.1333,-0.640038,-0.768343,-0.707107,0.707107,0,0,0,0,1,0,0,0,0,0,0,0,0,0,0,0,0,1,0.17167,-0.08167,19.6167,346.71,24.1333
148,test,2021-08-13 21:34:00,2021-08-15 10:19:00,60.065,-62.09333,0.17167,-0.08167,19.6167,0.22579,-0.22987988192970082,0.9732190092080953,24.1333,12.6167,-0.666089,-0.745872,-0.707107,0.707107,0,0,0,0,1,0,0,0,0,0,0,0,0,0,0,0,0,1,0.00333,-0.065,3.6068,275.92,12.6167
148,test,2021-08-14 21:42:00,2021-08-15 21:51:00,60.23667,-62.175,0.00333,-0.065,3.6068,0.07941,-0.994666875152874,0.10313974730246783,12.6167,11.5333,-0.67882,-0.734304,-0.707107,0.707107,0,0,0,0,1,0,0,0,0,0,0,0,0,0,0,0,0,1,-0.01667,-0.04667,3.174,234.29,11.5333
148,test,2021-08-15 10:19:00,2021-08-16 10:27:00,60.24,-62.24,-0.01667,-0.04667,3.174,0.076446,-0.8119816673689912,-0.5836829377810121,11.5333,12.6,-0.691351,-0.722519,0.5,-0.866025,0,0,0,0,1,0,0,0,0,0,0,0,0,0,0,0,0,1,-0.015,0.04667,3.0703,122.88,12.6
148,test,2021-08-15 21:51:00,2021-08-17 10:34:00,60.22333,-62.28667,-0.015,0.04667,3.0703,0.067688,0.839809417029283,-0.5428813342425173,12.6,24.1167,-0.691351,-0.722519,-0.707107,0.707107,0,0,0,1,0,0,0,0,0,0,0,1,0,0,0,0,0,0,-0.01666,0.06167,3.8789,118.5,24.1167
151,train,2021-08-04 21:58:00,2021-08-07 21:50:00,55.975,-59.84667,-0.00667,0.00667,0.8499,0.006522,0.48831665317395323,-0.8726665149030236,36.2,35.6667,-0.543105,-0.839665,-0.707107,0.707107,0,0,0,1,0,0,0,0,0,0,0,1,0,0,0,0,0,0,-0.18666,0.36333,30.7324,132.33,35.6667
151,train,2021-08-06 10:10:00,2021-08-09 21:32:00,55.96833,-59.84,-0.18666,0.36333,30.7324,0.239349,0.7392786050796454,-0.6733996911727045,35.6667,47.7,-0.571667,-0.820486,0.5,-0.866025,0,0,0,1,0,0,0,0,0,0,0,1,0,0,0,0,0,0,-0.335,0.59,52.539,134.91,47.7
152,train,2021-08-05 10:02:00,2021-08-07 09:48:00,53.22167,-55.35,-0.09667,0.03,10.9336,0.264097,0.1830935077692695,-0.98309550269175,11.5,36.2667,-0.557468,-0.830198,0.5,-0.866025,0,0,0,1,0,0,0,0,0,0,0,1,0,0,0,0,0,0,-0.23167,-0.06333,26.1067,189.37,36.2667
152,train,2021-08-05 21:32:00,2021-08-09 21:32:00,53.125,-55.32,-0.23167,-0.06333,26.1067,0.199959,-0.1628093719009993,-0.9866575436397383,36.2667,59.7333,-0.557468,-0.830198,-0.707107,0.707107,0,0,0,1,0,0,0,0,0,0,0,1,0,0,0,0,0,0,-0.515,-0.05167,57.3714,183.5,59.7333
152,train,2021-08-07 09:48:00,2021-08-16 21:25:00,52.89333,-55.38333,-0.515,-0.05167,57.3714,0.266794,-0.06104853953485694,-0.9981347984218669,59.7333,167.8833,-0.585696,-0.810531,0.707107,-0.707107,0,0,0,1,0,0,0,0,0,0,0,1,0,0,0,0,0,0,-0.53,0.31333,62.6968,159.92,167.8833
153,train,2021-08-05 10:02:00,2021-08-08 21:24:00,54.435,-56.09667,-0.01,0.125,8.1613,0.197133,0.9907951537823761,-0.13536972793559707,11.5,71.8667,-0.557468,-0.830198,0.5,-0.866025,0,0,0,1,0,0,0,0,0,0,0,1,0,0,0,0,0,0,-0.12833,0.645,44.159,108.59,71.8667
153,train,2021-08-05 21:32:00,2021-08-09 21:32:00,54.425,-55.97167,-0.12833,0.645,44.159,0.170683,0.9478240644752361,-0.3187938876478711,71.8667,24.1333,-0.557468,-0.830198,-0.707107,0.707107,0,0,0,1,0,0,0,0,0,0,0,1,0,0,0,0,0,0,-0.12834,0.04167,14.5255,169.24,24.1333
162,train,2021-08-06 21:43:00,2021-08-11 21:51:00,59.74,-61.53667,-0.08,-0.00333,8.8976,0.067283,-0.020942419883356867,-0.9997806834748455,36.7333,83.4,-0.571667,-0.820486,-0.707107,0.707107,0,0,0,1,0,0,0,0,0,0,0,1,0,0,0,0,0,0,-0.275,0.76667,52.9583,124.94,83.4
162,train,2021-08-08 10:27:00,2021-08-13 21:34:00,59.66,-61.54,-0.275,0.76667,52.9583,0.176387,0.8197522428684554,-0.5727183079945471,83.4,47.7167,-0.599551,-0.800336,0.5,-0.866025,0,0,0,1,0,0,0,0,0,0,0,1,0,0,0,0,0,0,-0.14167,-0.18834,19.0363,214.24,47.7167
162,train,2021-08-11 21:51:00,2021-08-14 21:42:00,59.385,-60.77333,-0.14167,-0.18834,19.0363,0.110818,-0.5626606519969367,-0.8266879645273554,47.7167,24.1333,-0.640038,-0.768343,-0.707107,0.707107,0,0,0,1,0,0,0,0,0,0,0,1,0,0,0,0,0,0,-0.22833,0.23667,28.7566,151.89,24.1333
162,train,2021-08-13 21:34:00,2021-08-17 21:35:00,59.24333,-60.96167,-0.22833,0.23667,28.7566,0.330992,0.47116583422703046,-0.8820446455010916,24.1333,71.8833,-0.666089,-0.745872,-0.707107,0.707107,0,0,0,1,0,0,0,0,0,0,0,1,0,0,0,0,0,0,-0.31667,-0.18333,36.7565,196.75,71.8833
162,train,2021-08-14 21:42:00,2021-08-20 10:27:00,59.015,-60.725,-0.31667,-0.18333,36.7565,0.142038,-0.2881962681340892,-0.9575713608048144,71.8833,60.8667,-0.67882,-0.734304,-0.707107,0.707107,0,0,0,1,0,0,0,0,0,0,0,1,0,0,0,0,0,0,-0.28,0.23166,33.9103,156.56,60.8667
162,train,2021-08-17 21:35:00,2021-08-22 10:09:00,58.69833,-60.90833,-0.28,0.23166,33.9103,0.154757,0.3977885073979497,-0.9174771405229186,60.8667,47.7,-0.715795,-0.69831,-0.707107,0.707107,0,0,0,1,0,0,0,0,0,0,0,1,0,0,0,0,0,0,-0.49,0.36,58.4318,158.67,47.7
162,train,2021-08-20 10:27:00,2021-08-22 21:42:00,58.41833,-60.67667,-0.49,0.36,58.4318,0.340274,0.363739013042995,-0.9315009019805123,47.7,11.55,-0.750864,-0.660457,0.5,-0.866025,0,0,0,1,0,0,0,0,0,0,0,1,0,0,0,0,0,0,-0.04333,-0.05833,5.9236,215.6,11.55
163,val,2021-08-06 21:43:00,2021-08-14 21:42:00,59.05667,-61.90667,-0.06,-0.11166,9.238,0.053184,-0.6922691342517263,-0.7216394153331464,48.25,143.7333,-0.571667,-0.820486,-0.707107,0.707107,0,0,0,1,0,0,0,0,0,0,0,1,0,0,0,0,0,0,-0.30167,0.1,34.0339,170.23,143.7333
163,val,2021-08-08 21:58:00,2021-08-20 10:27:00,58.99667,-62.01833,-0.30167,0.1,34.0339,0.065774,0.16969351748854758,-0.9854968848871943,143.7333,132.75,-0.599551,-0.800336,-0.707107,0.707107,0,0,0,1,0,0,0,0,0,0,0,1,0,0,0,0,0,0,-0.16,0.69666,44.0912,113.5,132.75
163,val,2021-08-14 21:42:00,2021-08-22 10:09:00,58.695,-61.91833,-0.16,0.69666,44.0912,0.09226,0.917060074385124,-0.39874906892524614,132.75,47.7,-0.67882,-0.734304,-0.707107,0.707107,0,0,0,1,0,0,0,0,0,0,0,1,0,0,0,0,0,0,-0.19667,0.18,24.2487,154.33,47.7
163,val,2021-08-20 10:27:00,2021-08-22 21:42:00,58.535,-61.22167,-0.19667,0.18,24.2487,0.141211,0.4331872223389692,-0.9013039611597458,47.7,11.55,-0.750864,-0.660457,0.5,-0.866025,0,0,0,1,0,0,0,0,0,0,0,1,0,0,0,0,0,0,0.10667,0.0,11.8612,0.0,11.55
163,val,2021-08-22 10:09:00,2021-08-24 10:27:00,58.33833,-61.04167,0.10667,0.0,11.8612,0.285261,0.0,1.0,11.55,36.75,-0.773138,-0.634237,0.5,-0.866025,0,0,0,1,0,0,0,0,0,0,0,1,0,0,0,0,0,0,0.025,0.12167,7.6038,68.5,36.75
163,val,2021-08-22 21:42:00,2021-08-25 21:34:00,58.445,-61.04167,0.025,0.12167,7.6038,0.057474,0.9304175679820246,0.3665012267242973,36.75,35.1167,-0.773138,-0.634237,-0.707107,0.707107,0,0,0,1,0,0,0,0,0,0,0,1,0,0,0,0,0,0,-0.19333,0.07333,21.9184,168.72,35.1167
163,val,2021-08-24 10:27:00,2021-08-26 10:10:00,58.47,-60.92,-0.19333,0.07333,21.9184,0.173378,0.19560383322204808,-0.9806829969102356,35.1167,12.6,-0.794497,-0.607268,0.5,-0.866025,0,0,0,1,0,0,0,0,0,0,0,1,0,0,0,0,0,0,-0.11167,-0.07666,13.2037,199.91,12.6
163,val,2021-08-25 21:34:00,2021-08-28 10:25:00,58.27667,-60.84667,-0.11167,-0.07666,13.2037,0.291088,-0.3405436562652774,-0.9402287052507367,12.6,48.25,-0.804826,-0.593511,-0.707107,0.707107,0,0,0,1,0,0,0,0,0,0,0,1,0,0,0,0,0,0,-0.10667,0.055,12.2933,164.74,48.25
165,train,2021-08-06 21:43:00,2021-08-07 21:50:00,57.735,-61.52333,0.02,0.03666,3.1111,0.068768,0.6990395791467099,0.7150829789516673,12.5667,11.55,-0.571667,-0.820486,-0.707107,0.707107,0,0,0,1,0,0,0,0,0,0,0,1,0,0,0,0,0,0,-0.06167,0.06667,7.918,149.97,11.55
170,train,2021-08-07 21:50:00,2021-08-13 21:34:00,56.39667,-60.20333,-0.53167,1.05,87.9118,0.339795,0.7452432905470464,-0.6667926498504693,71.8667,71.8667,-0.585696,-0.810531,-0.707107,0.707107,0,0,0,1,0,0,0,0,0,0,0,1,0,0,0,0,0,0,-0.195,0.92,61.4975,110.26,71.8667
170,train,2021-08-10 21:42:00,2021-08-14 10:10:00,55.865,-59.15333,-0.195,0.92,61.4975,0.237699,0.9381309128108865,-0.3462807970832529,71.8667,12.6,-0.626727,-0.779239,-0.707107,0.707107,0,0,0,1,0,0,0,0,0,0,0,1,0,0,0,0,0,0,-0.00333,0.00333,0.4251,150.58,12.6
170,train,2021-08-13 21:34:00,2021-08-14 21:42:00,55.67,-58.23333,-0.00333,0.00333,0.4251,0.009372,0.49120783469125595,-0.8710424003100697,12.6,11.5333,-0.666089,-0.745872,-0.707107,0.707107,0,0,0,1,0,0,0,0,0,0,0,1,0,0,0,0,0,0,0.00333,-0.005,0.4852,319.74,11.5333
170,train,2021-08-14 10:10:00,2021-08-15 10:19:00,55.66667,-58.23,0.00333,-0.005,0.4852,0.011686,-0.646257178996815,0.7631196882501975,11.5333,12.6167,-0.67882,-0.734304,0.5,-0.866025,0,0,0,1,0,0,0,0,0,0,0,1,0,0,0,0,0,0,0.0,-0.00167,0.1047,270.0,12.6167
170,train,2021-08-14 21:42:00,2021-08-15 21:49:00,55.67,-58.235,0.0,-0.00167,0.1047,0.002306,-1.0,-1.8369701987210297e-16,12.6167,11.5,-0.67882,-0.734304,-0.707107,0.707107,0,0,0,1,0,0,0,0,0,0,0,1,0,0,0,0,0,0,0.0,0.00167,0.1047,90.0,11.5
172,test,2021-08-07 21:50:00,2021-08-14 21:42:00,60.19,-63.06,-0.05333,0.28,16.5866,0.365183,0.9346396146899064,-0.3555963872880366,12.6167,155.25,-0.585696,-0.810531,-0.707107,0.707107,0,0,0,1,0,0,0,0,0,0,0,1,0,0,0,0,0,0,0.155,0.45167,30.3232,55.17,155.25
172,test,2021-08-08 10:27:00,2021-08-15 10:19:00,60.13667,-62.78,0.155,0.45167,30.3232,0.054255,0.8208502716607448,0.5711434421530912,155.25,12.6167,-0.599551,-0.800336,0.5,-0.866025,0,0,0,1,0,0,0,0,0,0,0,1,0,0,0,0,0,0,-0.05834,0.02166,6.5962,169.56,12.6167
172,test,2021-08-14 21:42:00,2021-08-15 21:51:00,60.29167,-62.32833,-0.05834,0.02166,6.5962,0.145227,0.18120576362713725,-0.9834452049953297,12.6167,11.5333,-0.67882,-0.734304,-0.707107,0.707107,0,0,0,1,0,0,0,0,0,0,0,1,0,0,0,0,0,0,-0.035,-0.01333,3.9609,190.72,11.5333
172,test,2021-08-15 10:19:00,2021-08-16 10:27:00,60.23333,-62.30667,-0.035,-0.01333,3.9609,0.095396,-0.18600960063859284,-0.9825479268057468,11.5333,12.6,-0.691351,-0.722519,0.5,-0.866025,0,0,0,1,0,0,0,0,0,0,0,1,0,0,0,0,0,0,-0.02166,0.07333,4.7153,120.68,12.6
174,val,2021-08-07 21:50:00,2021-08-15 10:19:00,56.02667,-60.05,-0.745,1.57667,129.014,0.213486,0.7739507437561497,-0.6332458023858529,167.8667,12.6167,-0.585696,-0.810531,-0.707107,0.707107,0,0,0,1,0,0,0,0,0,0,0,1,0,0,0,0,0,0,-0.05834,0.01666,6.5725,170.75,12.6167
174,val,2021-08-14 21:42:00,2021-08-15 21:49:00,55.28167,-58.47333,-0.05834,0.01666,6.5725,0.144704,0.16074256560382594,-0.9869963665602319,12.6167,11.5,-0.67882,-0.734304,-0.707107,0.707107,0,0,0,1,0,0,0,0,0,0,0,1,0,0,0,0,0,0,-0.08,0.06334,9.7623,155.65,11.5
174,val,2021-08-15 10:19:00,2021-08-17 10:02:00,55.22333,-58.45667,-0.08,0.06334,9.7623,0.235804,0.41230955121065477,-0.9110438156205598,11.5,36.2167,-0.691351,-0.722519,0.5,-0.866025,0,0,0,1,0,0,0,0,0,0,0,1,0,0,0,0,0,0,-0.035,0.05666,5.3031,137.19,36.2167
174,val,2021-08-15 21:49:00,2021-08-17 21:34:00,55.14333,-58.39333,-0.035,0.05666,5.3031,0.040674,0.6795693539319416,-0.7336112684497993,36.2167,11.5333,-0.691351,-0.722519,-0.707107,0.707107,0,0,0,1,0,0,0,0,0,0,0,1,0,0,0,0,0,0,0.0,0.0,0.0,0.0,11.5333
175,train,2021-08-08 10:27:00,2021-08-10 10:42:00,60.29667,-64.085,-0.11167,0.28,19.8243,0.478156,0.7808667188358014,-0.6246976608044963,11.5167,36.7333,-0.599551,-0.800336,0.5,-0.866025,0,0,0,1,0,0,0,0,0,0,0,1,0,0,0,0,0,0,-0.065,0.04667,7.6753,160.32,36.7333
175,train,2021-08-08 21:58:00,2021-08-11 21:51:00,60.185,-63.805,-0.065,0.04667,7.6753,0.058041,0.33676660267638836,-0.9415881558950301,36.7333,35.15,-0.599551,-0.800336,-0.707107,0.707107,0,0,0,1,0,0,0,0,0,0,0,1,0,0,0,0,0,0,0.005,0.2,11.0922,87.04,35.15
175,train,2021-08-10 10:42:00,2021-08-14 21:42:00,60.12,-63.75833,0.005,0.2,11.0922,0.087658,0.9986658287817988,0.05163876861005652,35.15,71.85,-0.626727,-0.779239,0.5,-0.866025,0,0,0,1,0,0,0,0,0,0,0,1,0,0,0,0,0,0,-0.07167,0.03166,8.1604,167.56,71.85
175,train,2021-08-11 21:51:00,2021-08-16 10:27:00,60.125,-63.55833,-0.07167,0.03166,8.1604,0.031549,0.21541712066077642,-0.9765221267980673,71.85,36.75,-0.640038,-0.768343,-0.707107,0.707107,0,0,0,1,0,0,0,0,0,0,0,1,0,0,0,0,0,0,-0.025,0.24667,13.9765,101.37,36.75
175,train,2021-08-14 21:42:00,2021-08-17 10:34:00,60.05333,-63.52667,-0.025,0.24667,13.9765,0.105643,0.9803745333849524,-0.1971440445213521,36.75,24.1167,-0.67882,-0.734304,-0.707107,0.707107,0,0,0,1,0,0,0,0,0,0,0,1,0,0,0,0,0,0,0.06,-0.02333,6.7962,349.03,24.1167
175,train,2021-08-16 10:27:00,2021-08-20 10:27:00,60.02833,-63.28,0.06,-0.02333,6.7962,0.078279,-0.19029499045299925,0.9817269562401212,24.1167,71.8833,-0.703677,-0.71052,0.5,-0.866025,0,0,0,1,0,0,0,0,0,0,0,1,0,0,0,0,0,0,0.00667,-0.09,5.0447,278.49,71.8833
175,train,2021-08-17 10:34:00,2021-08-28 21:58:00,60.08833,-63.30333,0.00667,-0.09,5.0447,0.019494,-0.9890416459071093,0.1476367930475201,71.8833,203.5167,-0.715795,-0.69831,0.5,-0.866025,0,0,0,1,0,0,0,0,0,0,0,1,0,0,0,0,0,0,0.05333,-0.11167,8.569,313.84,203.5167
176,train,2021-08-08 10:27:00,2021-08-14 21:42:00,60.27833,-63.68667,-0.10666,0.01834,11.9032,0.068527,0.085243026778223,-0.9963601890810808,48.25,107.0,-0.599551,-0.800336,0.5,-0.866025,0,0,0,1,0,0,0,0,0,0,0,1,0,0,0,0,0,0,-0.08834,-0.1,11.2767,209.46,107.0
176,train,2021-08-10 10:42:00,2021-08-21 10:34:00,60.17167,-63.66833,-0.08834,-0.1,11.2767,0.029275,-0.49181581724988926,-0.8706992603091055,107.0,156.8667,-0.626727,-0.779239,0.5,-0.866025,0,0,0,1,0,0,0,0,0,0,0,1,0,0,0,0,0,0,0.03167,0.43666,24.4592,81.53,156.8667
176,train,2021-08-14 21:42:00,2021-08-24 10:27:00,60.08333,-63.76833,0.03167,0.43666,24.4592,0.043312,0.9890931206129159,0.1472915433967746,156.8667,71.8833,-0.67882,-0.734304,-0.707107,0.707107,0,0,0,1,0,0,0,0,0,0,0,1,0,0,0,0,0,0,0.255,-0.535,40.9362,314.07,71.8833
176,train,2021-08-21 10:34:00,2021-08-25 10:32:00,60.115,-63.33167,0.255,-0.535,40.9362,0.158189,-0.7184905783955596,0.6955366911650414,71.8833,24.0833,-0.762114,-0.647443,0.5,-0.866025,0,0,0,1,0,0,0,0,0,0,0,1,0,0,0,0,0,0,0.05833,0.045,6.941,20.84,24.0833
178,val,2021-08-08 21:58:00,2021-08-14 21:42:00,59.915,-63.645,0.04,0.27333,15.8626,0.061298,0.9593139745400575,0.2823414568428765,71.8833,71.85,-0.599551,-0.800336,-0.707107,0.707107,0,0,0,1,0,0,0,0,0,0,0,1,0,0,0,0,0,0,0.02333,-0.04333,3.5419,317.11,71.85
178,val,2021-08-11 21:51:00,2021-08-16 10:27:00,59.955,-63.37167,0.02333,-0.04333,3.5419,0.013693,-0.6805930057366356,0.7326616958340131,71.85,36.75,-0.640038,-0.768343,-0.707107,0.707107,0,0,0,1,0,0,0,0,0,0,0,1,0,0,0,0,0,0,0.00167,0.18,10.0156,88.86,36.75
178,val,2021-08-14 21:42:00,2021-08-17 10:34:00,59.97833,-63.415,0.00167,0.18,10.0156,0.075703,0.9998020661306034,0.01989544070827757,36.75,24.1167,-0.67882,-0.734304,-0.707107,0.707107,0,0,0,1,0,0,0,0,0,0,0,1,0,0,0,0,0,0,0.06667,0.01167,7.4417,4.99,24.1167
178,val,2021-08-16 10:27:00,2021-08-21 10:34:00,59.98,-63.235,0.06667,0.01167,7.4417,0.085714,0.08698187264635691,0.9962098944654851,24.1167,96.0,-0.703677,-0.71052,0.5,-0.866025,0,0,0,1,0,0,0,0,0,0,0,1,0,0,0,0,0,0,-0.18167,0.355,28.2606,135.47,96.0
178,val,2021-08-17 10:34:00,2021-08-23 21:51:00,60.04667,-63.22333,-0.18167,0.355,28.2606,0.081773,0.7012826252655339,-0.7128833561675296,96.0,59.2833,-0.715795,-0.69831,0.5,-0.866025,0,0,0,1,0,0,0,0,0,0,0,1,0,0,0,0,0,0,0.01167,-0.13167,7.4628,280.07,59.2833
178,val,2021-08-21 10:34:00,2021-08-24 10:27:00,59.865,-62.86833,0.01167,-0.13167,7.4628,0.034968,-0.9845948668197384,0.17485121741704196,59.2833,12.6,-0.762114,-0.647443,0.5,-0.866025,0,0,0,1,0,0,0,0,0,0,0,1,0,0,0,0,0,0,-0.03167,0.13333,8.2349,115.26,12.6
178,val,2021-08-23 21:51:00,2021-08-24 21:59:00,59.87667,-63.0,-0.03167,0.13333,8.2349,0.181546,0.9043806813891327,-0.42672659060589135,12.6,11.5333,-0.783934,-0.620844,-0.707107,0.707107,0,0,0,1,0,0,0,0,0,0,0,1,0,0,0,0,0,0,0.00167,0.13834,7.7294,88.56,11.5333
178,val,2021-08-24 10:27:00,2021-08-25 10:32:00,59.845,-62.86667,0.00167,0.13834,7.7294,0.186161,0.9996841892832999,0.02513009544333753,11.5333,12.55,-0.794497,-0.607268,0.5,-0.866025,0,0,0,1,0,0,0,0,0,0,0,1,0,0,0,0,0,0,-0.00667,0.08166,4.6215,99.2,12.55
178,val,2021-08-24 21:59:00,2021-08-26 21:43:00,59.84667,-62.72833,-0.00667,0.08166,4.6215,0.10229,0.9871362650729879,-0.1598811876918348,12.55,35.1833,-0.794497,-0.607268,-0.707107,0.707107,0,0,0,1,0,0,0,0,0,0,0,1,0,0,0,0,0,0,-0.04833,0.07167,6.7034,143.26,35.1833
178,val,2021-08-25 10:32:00,2021-08-27 21:51:00,59.84,-62.64667,-0.04833,0.07167,6.7034,0.052924,0.5981847462866082,-0.8013582278294933,35.1833,24.1333,-0.804826,-0.593511,0.5,-0.866025,0,0,0,1,0,0,0,0,0,0,0,1,0,0,0,0,0,0,-0.01334,-0.01167,1.6207,203.77,24.1333
178,val,2021-08-26 21:43:00,2021-08-28 21:58:00,59.79167,-62.575,-0.01334,-0.01167,1.6207,0.018655,-0.4030661692953565,-0.9151708382425475,24.1333,24.1167,-0.814916,-0.579579,-0.707107,0.707107,0,0,0,1,0,0,0,0,0,0,0,1,0,0,0,0,0,0,-0.00166,-0.035,1.9677,264.63,24.1167
178,val,2021-08-27 21:51:00,2021-08-31 10:18:00,59.77833,-62.58667,-0.00166,-0.035,1.9677,0.022664,-0.9956111031289762,-0.09358702541647097,24.1167,60.3333,-0.824765,-0.565476,-0.707107,0.707107,0,0,0,1,0,0,0,0,0,0,0,1,0,0,0,0,0,0,0.06166,-0.27666,16.9222,294.02,60.3333
178,val,2021-08-28 21:58:00,2021-09-01 10:25:00,59.77667,-62.62167,0.06166,-0.27666,16.9222,0.077911,-0.9134034241169092,0.40705550581156075,60.3333,24.1167,-0.83437,-0.551205,-0.707107,0.707107,0,0,0,1,0,0,0,0,0,0,0,1,0,0,0,0,0,0,-0.03333,-0.16834,10.1132,248.58,24.1167
180,train,2021-08-09 00:22:00,2021-08-15 10:19:00,59.85833,-60.90667,-0.11666,0.31,21.6546,0.04256,0.8020884501190091,-0.597205256327911,141.3333,12.6167,-0.61323,-0.789905,0.0,1.0,0,0,0,1,0,0,0,0,0,0,0,1,0,0,0,0,0,0,-0.04667,0.04834,5.8547,152.4,12.6167
180,train,2021-08-14 21:42:00,2021-08-15 21:51:00,59.74167,-60.59667,-0.04667,0.04834,5.8547,0.1289,0.4632960351198616,-0.8862035792312147,12.6167,11.5333,-0.67882,-0.734304,-0.707107,0.707107,0,0,0,1,0,0,0,0,0,0,0,1,0,0,0,0,0,0,0.02667,-0.04,3.7186,322.91,11.5333
180,train,2021-08-15 10:19:00,2021-08-22 10:09:00,59.695,-60.54833,0.02667,-0.04,3.7186,0.089561,-0.6030687739024162,0.797689196331401,11.5333,156.3,-0.691351,-0.722519,0.5,-0.866025,0,0,0,1,0,0,0,0,0,0,0,1,0,0,0,0,0,0,-0.69667,0.07166,77.5724,176.97,156.3
180,train,2021-08-15 21:51:00,2021-08-24 10:27:00,59.72167,-60.58833,-0.69667,0.07166,77.5724,0.137862,0.052858830246626146,-0.9986019948232421,156.3,48.3,-0.691351,-0.722519,-0.707107,0.707107,0,0,0,1,0,0,0,0,0,0,0,1,0,0,0,0,0,0,-0.19,0.055,21.3615,171.48,48.3
180,train,2021-08-22 10:09:00,2021-08-26 10:10:00,59.025,-60.51667,-0.19,0.055,21.3615,0.122852,0.1481546337809381,-0.9889642078908802,48.3,47.7167,-0.773138,-0.634237,0.5,-0.866025,0,0,0,1,0,0,0,0,0,0,0,1,0,0,0,0,0,0,-0.165,0.44834,31.7078,125.16,47.7167
180,train,2021-08-24 10:27:00,2021-08-26 21:42:00,58.835,-60.46167,-0.165,0.44834,31.7078,0.184584,0.817547124842473,-0.5758617009854066,47.7167,11.5333,-0.794497,-0.607268,0.5,-0.866025,0,0,0,1,0,0,0,0,0,0,0,1,0,0,0,0,0,0,0.08333,-0.015,9.3063,354.67,11.5333
181,val,2021-08-09 00:22:00,2021-08-15 10:19:00,59.835,-60.83833,-0.35,0.275,41.8713,0.09924,0.37088163062403406,-0.9286801473411918,117.2,36.75,-0.61323,-0.789905,0.0,1.0,0,0,0,1,0,0,0,0,0,0,0,1,0,0,0,0,0,0,-0.03833,0.01,4.2994,172.45,36.75
181,val,2021-08-13 21:34:00,2021-08-15 21:51:00,59.485,-60.56333,-0.03833,0.01,4.2994,0.032497,0.1313913412686984,-0.9913305782833557,36.75,11.5333,-0.666089,-0.745872,-0.707107,0.707107,0,0,0,1,0,0,0,0,0,0,0,1,0,0,0,0,0,0,-0.04667,0.06666,6.4146,143.97,11.5333
181,val,2021-08-15 10:19:00,2021-08-16 10:27:00,59.44667,-60.55333,-0.04667,0.06666,6.4146,0.154495,0.5882087720084804,-0.8087091198522961,11.5333,12.6,-0.691351,-0.722519,0.5,-0.866025,0,0,0,1,0,0,0,0,0,0,0,1,0,0,0,0,0,0,-0.20167,-0.00333,22.4255,180.48,12.6
181,val,2021-08-15 21:51:00,2021-08-17 21:35:00,59.4,-60.48667,-0.20167,-0.00333,22.4255,0.494389,-0.008377482414770415,-0.9999649082784806,12.6,35.1333,-0.691351,-0.722519,-0.707107,0.707107,0,0,0,1,0,0,0,0,0,0,0,1,0,0,0,0,0,0,-0.30166,0.07333,33.8042,172.84,35.1333
181,val,2021-08-16 10:27:00,2021-08-27 10:17:00,59.19833,-60.49,-0.30166,0.07333,33.8042,0.267269,0.12464057635380427,-0.9922019586385583,35.1333,228.7,-0.703677,-0.71052,0.5,-0.866025,0,0,0,1,0,0,0,0,0,0,0,1,0,0,0,0,0,0,-0.44167,0.305,52.1803,160.12,228.7
182,train,2021-08-09 00:22:00,2021-08-15 10:19:00,59.84667,-60.865,-0.03834,0.125,8.184,0.016085,0.8540959291746691,-0.5201155100237432,141.3333,12.6167,-0.61323,-0.789905,0.0,1.0,0,0,0,1,0,0,0,0,0,0,0,1,0,0,0,0,0,0,0.015,0.03667,2.6429,50.85,12.6167
182,train,2021-08-14 21:42:00,2021-08-23 21:51:00,59.80833,-60.74,0.015,0.03667,2.6429,0.058188,0.7754957431722345,0.6313527954493776,12.6167,203.5333,-0.67882,-0.734304,-0.707107,0.707107,0,0,0,1,0,0,0,0,0,0,0,1,0,0,0,0,0,0,-0.325,-0.37834,41.9229,210.62,203.5333
182,train,2021-08-15 10:19:00,2021-08-24 10:27:00,59.82333,-60.70333,-0.325,-0.37834,41.9229,0.057215,-0.5093418403793236,-0.8605642855934724,203.5333,12.6,-0.691351,-0.722519,0.5,-0.866025,0,0,0,1,0,0,0,0,0,0,0,1,0,0,0,0,0,0,-0.04833,-0.01833,5.4729,190.91,12.6
182,train,2021-08-23 21:51:00,2021-08-25 21:34:00,59.49833,-61.08167,-0.04833,-0.01833,5.4729,0.120654,-0.18926682423548488,-0.9819256943597179,12.6,35.1167,-0.783934,-0.620844,-0.707107,0.707107,0,0,0,1,0,0,0,0,0,0,0,1,0,0,0,0,0,0,-0.01333,-0.30833,17.4929,265.27,35.1167
182,train,2021-08-24 10:27:00,2021-08-27 21:51:00,59.45,-61.1,-0.01333,-0.30833,17.4929,0.138371,-0.9965943473003078,-0.08246033548969714,35.1167,48.2833,-0.794497,-0.607268,0.5,-0.866025,0,0,0,1,0,0,0,0,0,0,0,1,0,0,0,0,0,0,-0.17834,-0.005,19.8325,180.82,48.2833
182,train,2021-08-25 21:34:00,2021-08-29 21:35:00,59.43667,-61.40833,-0.17834,-0.005,19.8325,0.114098,-0.014311211306291687,-0.999897589371505,48.2833,47.7333,-0.804826,-0.593511,-0.707107,0.707107,0,0,0,1,0,0,0,0,0,0,0,1,0,0,0,0,0,0,-0.105,-0.06,12.1648,196.33,47.7333
182,train,2021-08-27 21:51:00,2021-08-31 10:18:00,59.25833,-61.41333,-0.105,-0.06,12.1648,0.070792,-0.2811692233003311,-0.9596582036687273,47.7333,36.7167,-0.824765,-0.565476,-0.707107,0.707107,0,0,0,1,0,0,0,0,0,0,0,1,0,0,0,0,0,0,0.00167,-0.14334,8.1743,271.36,36.7167
182,train,2021-08-29 21:35:00,2021-09-01 10:25:00,59.15333,-61.47333,0.00167,-0.14334,8.1743,0.061843,-0.9997183030367047,0.023734248954022114,36.7167,24.1167,-0.843728,-0.536771,-0.707107,0.707107,0,0,0,1,0,0,0,0,0,0,0,1,0,0,0,0,0,0,-0.06833,-0.12,10.2287,222.08,24.1167
182,train,2021-08-31 10:18:00,2021-09-02 21:34:00,59.155,-61.61667,-0.06833,-0.12,10.2287,0.117815,-0.6701675796914286,-0.7422098188049877,24.1167,35.15,-0.861693,-0.50743,0.5,-0.866025,0,0,0,1,0,0,0,0,0,0,0,1,0,0,0,0,0,0,-0.145,0.04167,16.2988,171.57,35.15
183,train,2021-08-09 00:22:00,2021-08-14 21:42:00,59.82667,-60.95333,-0.06667,0.105,9.4585,0.037813,0.6216947501101928,-0.7832596234234374,69.4833,71.85,-0.61323,-0.789905,0.0,1.0,0,0,0,1,0,0,0,0,0,0,0,1,0,0,0,0,0,0,0.3,0.355,38.7873,30.53,71.85
183,train,2021-08-11 21:51:00,2021-08-15 10:19:00,59.76,-60.84833,0.3,0.355,38.7873,0.149955,0.5079894413412567,0.8613632958779924,71.85,12.6167,-0.640038,-0.768343,-0.707107,0.707107,0,0,0,1,0,0,0,0,0,0,0,1,0,0,0,0,0,0,-0.13833,0.14833,17.4539,151.73,12.6167
183,train,2021-08-14 21:42:00,2021-08-15 21:51:00,60.06,-60.49333,-0.13833,0.14833,17.4539,0.384279,0.4736271272169563,-0.8807254648096722,12.6167,11.5333,-0.67882,-0.734304,-0.707107,0.707107,0,0,0,1,0,0,0,0,0,0,0,1,0,0,0,0,0,0,0.06833,0.04333,7.9717,17.6,11.5333
183,train,2021-08-15 10:19:00,2021-08-23 21:51:00,59.92167,-60.345,0.06833,0.04333,7.9717,0.191996,0.3023698907504445,0.953190667792947,11.5333,192.0,-0.691351,-0.722519,0.5,-0.866025,0,0,0,1,0,0,0,0,0,0,0,1,0,0,0,0,0,0,-0.325,-0.085,36.4492,187.53,192.0
183,train,2021-08-15 21:51:00,2021-08-24 10:27:00,59.99,-60.30167,-0.325,-0.085,36.4492,0.052733,-0.13104529361957243,-0.9913763821173873,192.0,12.6,-0.691351,-0.722519,-0.707107,0.707107,0,0,0,1,0,0,0,0,0,0,0,1,0,0,0,0,0,0,-0.06667,0.18,12.5438,126.15,12.6
183,train,2021-08-23 21:51:00,2021-08-25 21:34:00,59.665,-60.38667,-0.06667,0.18,12.5438,0.276539,0.8074754054847398,-0.5899012371043606,12.6,35.1167,-0.783934,-0.620844,-0.707107,0.707107,0,0,0,1,0,0,0,0,0,0,0,1,0,0,0,0,0,0,-0.27666,-0.035,30.8267,183.69,35.1167
183,train,2021-08-24 10:27:00,2021-08-27 21:51:00,59.59833,-60.20667,-0.27666,-0.035,30.8267,0.243843,-0.06435813813899958,-0.997926866085527,35.1167,48.2833,-0.794497,-0.607268,0.5,-0.866025,0,0,0,1,0,0,0,0,0,0,0,1,0,0,0,0,0,0,-0.295,0.05334,32.943,174.68,48.2833
183,train,2021-08-25 21:34:00,2021-08-28 10:25:00,59.32167,-60.24167,-0.295,0.05334,32.943,0.189524,0.09271815530050025,-0.9956923941045609,48.2833,12.5667,-0.804826,-0.593511,-0.707107,0.707107,0,0,0,1,0,0,0,0,0,0,0,1,0,0,0,0,0,0,-0.13334,0.09333,15.7628,160.11,12.5667
192,test,2021-08-10 21:42:00,2021-08-17 21:34:00,55.955,-58.82167,0.01667,0.185,11.6623,0.134328,0.987080395871597,0.1602257535041457,24.1167,143.75,-0.626727,-0.779239,-0.707107,0.707107,0,0,0,1,0,0,0,0,0,0,0,1,0,0,0,0,0,0,-0.16334,0.695,46.9894,112.45,143.75
193,test,2021-08-11 21:49:00,2021-08-13 21:34:00,55.92833,-58.35833,0.095,0.525,34.3301,0.263308,0.950298606946276,0.3113399390312255,36.2167,11.5333,-0.640038,-0.768343,-0.707107,0.707107,0,0,0,1,0,0,0,0,0,0,0,1,0,0,0,0,0,0,-0.01666,0.29666,18.5318,95.61,11.5333
195,test,2021-08-13 10:02:00,2021-08-14 10:10:00,56.13,-57.96167,0.01,0.08834,5.5855,0.134526,0.9798550523842469,0.199709980514407,11.5333,12.6,-0.666089,-0.745872,0.5,-0.866025,0,0,0,1,0,0,0,0,0,0,0,1,0,0,0,0,0,0,-0.02667,0.125,8.2952,110.9,12.6
195,test,2021-08-13 21:34:00,2021-08-14 21:42:00,56.14,-57.87333,-0.02667,0.125,8.2952,0.182874,0.9342044743210295,-0.3567379993196253,12.6,11.5333,-0.666089,-0.745872,-0.707107,0.707107,0,0,0,1,0,0,0,0,0,0,0,1,0,0,0,0,0,0,-0.05,0.16166,11.4669,118.94,11.5333
196,train,2021-08-13 21:34:00,2021-08-15 10:19:00,60.08,-62.10333,0.20667,-0.13334,24.1342,0.277788,-0.30453183161164876,0.9525021593336439,24.1333,12.6167,-0.666089,-0.745872,-0.707107,0.707107,0,0,0,1,0,0,0,0,0,0,0,1,0,0,0,0,0,0,-0.06334,0.005,7.0485,177.75,12.6167
196,train,2021-08-14 21:42:00,2021-08-15 21:51:00,60.28667,-62.23667,-0.06334,0.005,7.0485,0.155185,0.039259815759068506,-0.9992290362407229,12.6167,11.5333,-0.67882,-0.734304,-0.707107,0.707107,0,0,0,1,0,0,0,0,0,0,0,1,0,0,0,0,0,0,0.07667,0.06834,9.3215,23.82,11.5333
196,train,2021-08-15 10:19:00,2021-08-17 10:34:00,60.22333,-62.23167,0.07667,0.06834,9.3215,0.224505,0.40386465293505763,0.9148187482281096,11.5333,36.7167,-0.691351,-0.722519,0.5,-0.866025,0,0,0,1,0,0,0,0,0,0,0,1,0,0,0,0,0,0,-0.10833,0.075,12.7369,161.01,36.7167
196,train,2021-08-15 21:51:00,2021-08-23 21:51:00,60.3,-62.16333,-0.10833,0.075,12.7369,0.096361,0.32540312537647853,-0.945575383560306,36.7167,155.2833,-0.691351,-0.722519,-0.707107,0.707107,0,0,0,1,0,0,0,0,0,0,0,1,0,0,0,0,0,0,-0.36667,0.73166,57.5862,134.76,155.2833
196,train,2021-08-17 10:34:00,2021-08-24 10:27:00,60.19167,-62.08833,-0.36667,0.73166,57.5862,0.103013,0.7100624910579248,-0.7041386644636228,155.2833,12.6,-0.715795,-0.69831,0.5,-0.866025,0,0,0,1,0,0,0,0,0,0,0,1,0,0,0,0,0,0,0.00333,-0.13166,7.3676,272.94,12.6
196,train,2021-08-23 21:51:00,2021-08-29 21:35:00,59.825,-61.35667,0.00333,-0.13166,7.3676,0.162425,-0.9986837932699102,0.051290165334334385,12.6,131.1333,-0.783934,-0.620844,-0.707107,0.707107,0,0,0,1,0,0,0,0,0,0,0,1,0,0,0,0,0,0,-0.03833,0.06666,5.6621,138.8,131.1333
197,train,2021-08-13 21:34:00,2021-08-15 10:19:00,60.08333,-62.095,0.22334,-0.055,25.0196,0.287979,-0.12100313719447346,0.992652124759271,24.1333,12.6167,-0.666089,-0.745872,-0.707107,0.707107,0,0,0,1,0,0,0,0,0,0,0,1,0,0,0,0,0,0,-0.06834,0.03667,7.8635,165.08,12.6167
197,train,2021-08-14 21:42:00,2021-08-15 21:51:00,60.30667,-62.15,-0.06834,0.03667,7.8635,0.173128,0.25747010637035367,-0.9662862641710471,12.6167,11.5333,-0.67882,-0.734304,-0.707107,0.707107,0,0,0,1,0,0,0,0,0,0,0,1,0,0,0,0,0,0,0.00334,0.07,3.8814,84.48,11.5333
197,train,2021-08-15 10:19:00,2021-08-16 10:27:00,60.23833,-62.11333,0.00334,0.07,3.8814,0.093482,0.9953626812457439,0.09619320549437764,11.5333,12.6,-0.691351,-0.722519,0.5,-0.866025,0,0,0,1,0,0,0,0,0,0,0,1,0,0,0,0,0,0,0.01,-0.01334,1.3335,326.5,12.6
197,train,2021-08-15 21:51:00,2021-08-17 10:34:00,60.24167,-62.04333,0.01,-0.01334,1.3335,0.029399,-0.5519369853120584,0.833885822067168,12.6,24.1167,-0.691351,-0.722519,-0.707107,0.707107,0,0,0,1,0,0,0,0,0,0,0,1,0,0,0,0,0,0,-0.07167,0.045,8.348,162.66,24.1167
197,train,2021-08-16 10:27:00,2021-08-19 10:19:00,60.25167,-62.05667,-0.07167,0.045,8.348,0.096152,0.29804135033600265,-0.9545529600236397,24.1167,47.75,-0.703677,-0.71052,0.5,-0.866025,0,0,0,1,0,0,0,0,0,0,0,1,0,0,0,0,0,0,-0.00667,0.25167,13.9372,92.94,47.75
197,train,2021-08-17 10:34:00,2021-08-23 21:51:00,60.18,-62.01167,-0.00667,0.25167,13.9372,0.081077,0.9986837932699102,-0.051290165334334066,47.75,107.5333,-0.715795,-0.69831,0.5,-0.866025,0,0,0,1,0,0,0,0,0,0,0,1,0,0,0,0,0,0,-0.34333,0.57833,49.9116,139.65,107.5333
197,train,2021-08-19 10:19:00,2021-08-24 10:27:00,60.17333,-61.76,-0.34333,0.57833,49.9116,0.128931,0.6474550868194019,-0.7621036088037378,107.5333,12.6,-0.739392,-0.673275,0.5,-0.866025,0,0,0,1,0,0,0,0,0,0,0,1,0,0,0,0,0,0,-0.155,0.19334,20.3551,147.77,12.6
197,train,2021-08-23 21:51:00,2021-08-25 21:34:00,59.83,-61.18167,-0.155,0.19334,20.3551,0.448746,0.5333192687106624,-0.8459140367802891,12.6,35.1167,-0.783934,-0.620844,-0.707107,0.707107,0,0,0,1,0,0,0,0,0,0,0,1,0,0,0,0,0,0,-0.06167,-0.04667,7.3418,200.95,35.1167
197,train,2021-08-24 10:27:00,2021-08-29 21:35:00,59.675,-60.98833,-0.06167,-0.04667,7.3418,0.058075,-0.35755311057858635,-0.9338928060091143,35.1167,96.0167,-0.794497,-0.607268,0.5,-0.866025,0,0,0,1,0,0,0,0,0,0,0,1,0,0,0,0,0,0,0.0,-0.28667,16.124,270.12,96.0167
197,train,2021-08-25 21:34:00,2021-08-31 10:18:00,59.61333,-61.035,0.0,-0.28667,16.124,0.046647,-0.9999978067553793,0.0020943935712190603,96.0167,36.7167,-0.804826,-0.593511,-0.707107,0.707107,0,0,0,1,0,0,0,0,0,0,0,1,0,0,0,0,0,0,0.06334,-0.08166,8.406,326.95,36.7167
197,train,2021-08-29 21:35:00,2021-09-01 10:25:00,59.61333,-61.32167,0.06334,-0.08166,8.406,0.063595,-0.5453707056764863,0.8381949614438943,36.7167,24.1167,-0.843728,-0.536771,-0.707107,0.707107,0,0,0,1,0,0,0,0,0,0,0,1,0,0,0,0,0,0,-0.10834,0.275,19.6021,127.8,24.1167
199,train,2021-08-13 21:34:00,2021-08-15 10:19:00,60.00833,-62.045,0.135,-0.12167,16.4587,0.189442,-0.4092861540295112,0.9124060741357058,24.1333,12.6167,-0.666089,-0.745872,-0.707107,0.707107,0,0,0,1,0,0,0,0,0,0,0,1,0,0,0,0,0,0,-0.04166,0.02834,4.8911,161.27,12.6167
199,train,2021-08-14 21:42:00,2021-08-15 21:51:00,60.14333,-62.16667,-0.04166,0.02834,4.8911,0.107687,0.3211089047557415,-0.947042275342853,12.6167,11.5333,-0.67882,-0.734304,-0.707107,0.707107,0,0,0,1,0,0,0,0,0,0,0,1,0,0,0,0,0,0,0.06333,-0.05667,7.7095,336.01,11.5333
199,train,2021-08-15 10:19:00,2021-08-16 10:27:00,60.10167,-62.13833,0.06333,-0.05667,7.7095,0.185682,-0.4065771931206313,0.9136164326642493,11.5333,12.6,-0.691351,-0.722519,0.5,-0.866025,0,0,0,1,0,0,0,0,0,0,0,1,0,0,0,0,0,0,0.01333,0.00833,1.5522,17.26,12.6
200,train,2021-08-13 21:34:00,2021-08-15 10:19:00,59.99833,-62.03667,0.13834,-0.09666,16.2908,0.187509,-0.32853697716880237,0.9444911088161634,24.1333,12.6167,-0.666089,-0.745872,-0.707107,0.707107,0,0,0,1,0,0,0,0,0,0,0,1,0,0,0,0,0,0,-0.05167,-0.005,5.7521,182.76,12.6167
200,train,2021-08-14 21:42:00,2021-08-17 10:34:00,60.13667,-62.13333,-0.05167,-0.005,5.7521,0.126643,-0.04815245972043413,-0.9988399975085459,12.6167,48.25,-0.67882,-0.734304,-0.707107,0.707107,0,0,0,1,0,0,0,0,0,0,0,1,0,0,0,0,0,0,0.015,0.325,18.0956,84.57,48.25
200,train,2021-08-15 10:19:00,2021-08-21 10:34:00,60.085,-62.13833,0.015,0.325,18.0956,0.104178,0.9955125531382248,0.09462957542023055,48.25,96.0,-0.691351,-0.722519,0.5,-0.866025,0,0,0,1,0,0,0,0,0,0,0,1,0,0,0,0,0,0,-0.325,0.71833,53.9161,131.78,96.0
200,train,2021-08-17 10:34:00,2021-08-23 21:51:00,60.1,-61.81333,-0.325,0.71833,53.9161,0.156007,0.7457086179846888,-0.6662722094334758,96.0,59.2833,-0.715795,-0.69831,0.5,-0.866025,0,0,0,1,0,0,0,0,0,0,0,1,0,0,0,0,0,0,-0.02667,0.39,22.0394,97.56,59.2833
200,train,2021-08-21 10:34:00,2021-08-24 10:27:00,59.775,-61.095,-0.02667,0.39,22.0394,0.103268,0.9913076310695066,-0.13156435909228245,59.2833,12.6,-0.762114,-0.647443,0.5,-0.866025,0,0,0,1,0,0,0,0,0,0,0,1,0,0,0,0,0,0,-0.11666,0.14833,15.413,147.25,12.6
201,train,2021-08-13 21:34:00,2021-08-15 10:19:00,60.03167,-61.97167,0.12666,-0.14166,16.1255,0.185607,-0.48603034675635004,0.8739419328719169,24.1333,12.6167,-0.666089,-0.745872,-0.707107,0.707107,0,0,0,1,0,0,0,0,0,0,0,1,0,0,0,0,0,0,0.01334,0.03666,2.5126,53.8,12.6167
201,train,2021-08-14 21:42:00,2021-08-15 21:51:00,60.15833,-62.11333,0.01334,0.03666,2.5126,0.055319,0.8069603121438019,0.5906056676199254,12.6167,11.5333,-0.67882,-0.734304,-0.707107,0.707107,0,0,0,1,0,0,0,0,0,0,0,1,0,0,0,0,0,0,0.015,-0.00166,1.6704,356.85,11.5333
201,train,2021-08-15 10:19:00,2021-08-16 10:27:00,60.17167,-62.07667,0.015,-0.00166,1.6704,0.040232,-0.05495017991244524,0.9984890974505379,11.5333,12.6,-0.691351,-0.722519,0.5,-0.866025,0,0,0,1,0,0,0,0,0,0,0,1,0,0,0,0,0,0,0.00666,-0.00334,0.7632,346.0,12.6
201,train,2021-08-15 21:51:00,2021-08-17 10:34:00,60.18667,-62.07833,0.00666,-0.00334,0.7632,0.016826,-0.24192189559966787,0.9702957262759965,12.6,24.1167,-0.691351,-0.722519,-0.707107,0.707107,0,0,0,1,0,0,0,0,0,0,0,1,0,0,0,0,0,0,-0.08333,0.21667,15.1539,127.6,24.1167
201,train,2021-08-16 10:27:00,2021-08-23 21:51:00,60.19333,-62.08167,-0.08333,0.21667,15.1539,0.174544,0.7922896433551907,-0.6101451639012676,24.1167,155.2833,-0.703677,-0.71052,0.5,-0.866025,0,0,0,1,0,0,0,0,0,0,0,1,0,0,0,0,0,0,-0.245,0.70333,47.6693,124.55,155.2833
201,train,2021-08-17 10:34:00,2021-08-24 10:27:00,60.11,-61.865,-0.245,0.70333,47.6693,0.085273,0.823631592193872,-0.5671252069342246,155.2833,12.6,-0.715795,-0.69831,0.5,-0.866025,0,0,0,1,0,0,0,0,0,0,0,1,0,0,0,0,0,0,-0.09167,0.03667,10.3973,168.61,12.6
201,train,2021-08-23 21:51:00,2021-08-29 21:35:00,59.865,-61.16167,-0.09167,0.03667,10.3973,0.229218,0.19748624777390567,-0.9803056574049664,12.6,131.1333,-0.783934,-0.620844,-0.707107,0.707107,0,0,0,1,0,0,0,0,0,0,0,1,0,0,0,0,0,0,0.005,0.07,3.9574,81.89,131.1333
202,val,2021-08-13 21:34:00,2021-08-15 10:19:00,60.025,-62.05167,0.14833,-0.06166,16.844,0.193876,-0.2024454697658259,0.9792935370823674,24.1333,12.6167,-0.666089,-0.745872,-0.707107,0.707107,0,0,0,1,0,0,0,0,0,0,0,1,0,0,0,0,0,0,0.00667,-0.035,2.0727,290.98,12.6167
202,val,2021-08-14 21:42:00,2021-08-15 21:51:00,60.17333,-62.11333,0.00667,-0.035,2.0727,0.045635,-0.9337054636307535,0.35804204667340356,12.6167,11.5333,-0.67882,-0.734304,-0.707107,0.707107,0,0,0,1,0,0,0,0,0,0,0,1,0,0,0,0,0,0,0.02833,-0.00334,3.1556,356.65,11.5333
202,val,2021-08-15 10:19:00,2021-08-16 10:27:00,60.18,-62.14833,0.02833,-0.00334,3.1556,0.076001,-0.058435222518246586,0.9982912023899855,11.5333,12.6,-0.691351,-0.722519,0.5,-0.866025,0,0,0,1,0,0,0,0,0,0,0,1,0,0,0,0,0,0,-0.00833,0.03167,1.9799,117.88,12.6
203,train,2021-08-13 21:34:00,2021-08-17 10:34:00,60.05,-61.525,-0.13833,0.29667,22.5602,0.170523,0.7330179530505349,-0.6802092916930816,36.75,48.25,-0.666089,-0.745872,-0.707107,0.707107,0,0,0,1,0,0,0,0,0,0,0,1,0,0,0,0,0,0,0.14,0.235,20.3281,39.92,48.25
203,train,2021-08-15 10:19:00,2021-08-23 21:51:00,59.91167,-61.22833,0.14,0.235,20.3281,0.11703,0.6417173836404885,0.7669411969203416,48.25,155.2833,-0.691351,-0.722519,0.5,-0.866025,0,0,0,1,0,0,0,0,0,0,0,1,0,0,0,0,0,0,-0.13834,0.355,25.0318,127.76,155.2833
204,test,2021-08-13 21:34:00,2021-08-15 21:51:00,59.96667,-61.915,0.09333,-0.23167,16.5368,0.190341,-0.7774753662986408,0.6289133921286733,24.1333,24.15,-0.666089,-0.745872,-0.707107,0.707107,0,0,0,1,0,0,0,0,0,0,0,1,0,0,0,0,0,0,0.0,-0.00833,0.4623,270.0,24.15
204,test,2021-08-14 21:42:00,2021-08-16 10:27:00,60.06,-62.14667,0.0,-0.00833,0.4623,0.005317,-1.0,-1.8369701987210297e-16,24.15,12.6,-0.67882,-0.734304,-0.707107,0.707107,0,0,0,1,0,0,0,0,0,0,0,1,0,0,0,0,0,0,0.00833,0.01833,1.3757,47.67,12.6
204,test,2021-08-15 21:51:00,2021-08-17 10:34:00,60.06,-62.155,0.00833,0.01833,1.3757,0.030328,0.7392786050796455,0.6733996911727044,12.6,24.1167,-0.691351,-0.722519,-0.707107,0.707107,0,0,0,1,0,0,0,0,0,0,0,1,0,0,0,0,0,0,0.015,0.31,17.2764,84.33,24.1167
204,test,2021-08-16 10:27:00,2021-08-17 21:35:00,60.06833,-62.13667,0.015,0.31,17.2764,0.198991,0.9951074372581445,0.09879872627482512,24.1167,11.0167,-0.703677,-0.71052,0.5,-0.866025,0,0,0,1,0,0,0,0,0,0,0,1,0,0,0,0,0,0,0.01334,-0.11333,6.4564,283.33,11.0167
204,test,2021-08-17 10:34:00,2021-08-19 10:19:00,60.08333,-61.82667,0.01334,-0.11333,6.4564,0.162794,-0.9730582856206201,0.2305592608963252,11.0167,36.7333,-0.715795,-0.69831,0.5,-0.866025,0,0,0,1,0,0,0,0,0,0,0,1,0,0,0,0,0,0,-0.01834,-0.00833,2.091,192.77,36.7333
204,test,2021-08-17 21:35:00,2021-08-23 21:51:00,60.09667,-61.94,-0.01834,-0.00833,2.091,0.015812,-0.22103788026546914,-0.9752652231509888,36.7333,107.5333,-0.715795,-0.69831,-0.707107,0.707107,0,0,0,1,0,0,0,0,0,0,0,1,0,0,0,0,0,0,-0.50166,0.005,55.7827,179.71,107.5333
204,test,2021-08-19 10:19:00,2021-08-24 10:27:00,60.07833,-61.94833,-0.50166,0.005,55.7827,0.144097,0.005061433219811904,-0.9999871908648437,107.5333,12.6,-0.739392,-0.673275,0.5,-0.866025,0,0,0,1,0,0,0,0,0,0,0,1,0,0,0,0,0,0,0.07,0.07,8.7229,26.8,12.6
204,test,2021-08-23 21:51:00,2021-08-24 21:59:00,59.57667,-61.94333,0.07,0.07,8.7229,0.192303,0.45087754068943076,0.8925858184521255,12.6,11.5333,-0.783934,-0.620844,-0.707107,0.707107,0,0,0,1,0,0,0,0,0,0,0,1,0,0,0,0,0,0,-0.02667,0.12833,7.7995,112.29,11.5333
204,test,2021-08-24 10:27:00,2021-08-25 21:34:00,59.64667,-61.87333,-0.02667,0.12833,7.7995,0.18785,0.9252759318872036,-0.37929467419180446,11.5333,23.5833,-0.794497,-0.607268,0.5,-0.866025,0,0,0,1,0,0,0,0,0,0,0,1,0,0,0,0,0,0,-0.05833,0.09,8.2297,141.97,23.5833
204,test,2021-08-24 21:59:00,2021-08-26 21:43:00,59.62,-61.745,-0.05833,0.09,8.2297,0.096934,0.6160739923790097,-0.7876882860079791,23.5833,24.15,-0.794497,-0.607268,-0.707107,0.707107,0,0,0,1,0,0,0,0,0,0,0,1,0,0,0,0,0,0,-0.06,-0.01667,6.7376,188.03,24.15
204,test,2021-08-25 21:34:00,2021-08-27 10:17:00,59.56167,-61.655,-0.06,-0.01667,6.7376,0.077497,-0.1396915850071334,-0.9901950621358374,24.15,12.5667,-0.804826,-0.593511,-0.707107,0.707107,0,0,0,1,0,0,0,0,0,0,0,1,0,0,0,0,0,0,-0.09,-0.005,10.0115,181.62,12.5667
204,test,2021-08-26 21:43:00,2021-08-27 21:51:00,59.50167,-61.67167,-0.09,-0.005,10.0115,0.221298,-0.028270566770273148,-0.9996003076502565,12.5667,11.5667,-0.814916,-0.579579,-0.707107,0.707107,0,0,0,1,0,0,0,0,0,0,0,1,0,0,0,0,0,0,-0.03667,-0.09,6.5259,231.37,11.5667
204,test,2021-08-27 10:17:00,2021-08-28 10:25:00,59.41167,-61.67667,-0.03667,-0.09,6.5259,0.156723,-0.7811937027116521,-0.6242887143330872,11.5667,12.5667,-0.824765,-0.565476,0.5,-0.866025,0,0,0,1,0,0,0,0,0,0,0,1,0,0,0,0,0,0,0.005,-0.06,3.4436,279.32,12.5667
205,train,2021-08-13 21:34:00,2021-08-17 10:34:00,59.985,-61.88667,0.08,-0.24833,16.4153,0.188943,-0.8394302097344096,0.5434674994746651,24.1333,60.8667,-0.666089,-0.745872,-0.707107,0.707107,0,0,0,1,0,0,0,0,0,0,0,1,0,0,0,0,0,0,0.015,0.31833,17.7381,84.47,60.8667
205,train,2021-08-14 21:42:00,2021-08-17 21:35:00,60.065,-62.135,0.015,0.31833,17.7381,0.080952,0.9953458772040493,0.09636692758878151,60.8667,11.0167,-0.67882,-0.734304,-0.707107,0.707107,0,0,0,1,0,0,0,0,0,0,0,1,0,0,0,0,0,0,-0.00333,-0.15666,8.6971,267.63,11.0167
205,train,2021-08-17 10:34:00,2021-08-19 10:19:00,60.08,-61.81667,-0.00333,-0.15666,8.6971,0.219293,-0.9991446191812813,-0.04135250852236746,11.0167,36.7333,-0.715795,-0.69831,0.5,-0.866025,0,0,0,1,0,0,0,0,0,0,0,1,0,0,0,0,0,0,-0.04,-0.03667,4.8913,204.6,36.7333
205,train,2021-08-17 21:35:00,2021-08-21 10:34:00,60.07667,-61.97333,-0.04,-0.03667,4.8913,0.036988,-0.416280792260401,-0.9092361090470686,36.7333,48.25,-0.715795,-0.69831,-0.707107,0.707107,0,0,0,1,0,0,0,0,0,0,0,1,0,0,0,0,0,0,-0.27167,0.31667,34.991,149.55,48.25
205,train,2021-08-19 10:19:00,2021-08-23 21:51:00,60.03667,-62.01,-0.27167,0.31667,34.991,0.201445,0.506786256510824,-0.8620717430769583,48.25,59.2833,-0.739392,-0.673275,0.5,-0.866025,0,0,0,1,0,0,0,0,0,0,0,1,0,0,0,0,0,0,-0.02667,0.10833,6.7539,116.0,59.2833
205,train,2021-08-21 10:34:00,2021-08-24 10:27:00,59.765,-61.69333,-0.02667,0.10833,6.7539,0.031646,0.8987940462991669,-0.4383711467890775,59.2833,12.6,-0.762114,-0.647443,0.5,-0.866025,0,0,0,1,0,0,0,0,0,0,0,1,0,0,0,0,0,0,-0.05166,0.03667,6.1013,160.29,12.6
205,train,2021-08-23 21:51:00,2021-08-25 21:34:00,59.73833,-61.585,-0.05166,0.03667,6.1013,0.134509,0.33725957089616865,-0.9414116962513968,12.6,35.1167,-0.783934,-0.620844,-0.707107,0.707107,0,0,0,1,0,0,0,0,0,0,0,1,0,0,0,0,0,0,-0.13,0.19833,18.2575,142.26,35.1167
205,train,2021-08-24 10:27:00,2021-08-29 21:35:00,59.68667,-61.54833,-0.13,0.19833,18.2575,0.144419,0.6120792693463173,-0.7907964137731521,35.1167,96.0167,-0.794497,-0.607268,0.5,-0.866025,0,0,0,1,0,0,0,0,0,0,0,1,0,0,0,0,0,0,-0.01667,-0.32167,18.2222,264.3,96.0167
205,train,2021-08-25 21:34:00,2021-08-31 10:18:00,59.55667,-61.35,-0.01667,-0.32167,18.2222,0.052717,-0.9950555699612262,-0.09931974974363922,96.0167,36.7167,-0.804826,-0.593511,-0.707107,0.707107,0,0,0,1,0,0,0,0,0,0,0,1,0,0,0,0,0,0,0.00167,0.235,13.2476,89.1,36.7167
205,train,2021-08-29 21:35:00,2021-09-01 10:25:00,59.54,-61.67167,0.00167,0.235,13.2476,0.100224,0.9998766324816606,0.01570731731182087,36.7167,24.1167,-0.843728,-0.536771,-0.707107,0.707107,0,0,0,1,0,0,0,0,0,0,0,1,0,0,0,0,0,0,-0.08667,-0.18,14.0029,226.59,24.1167
205,train,2021-08-31 10:18:00,2021-09-02 10:33:00,59.54167,-61.43667,-0.08667,-0.18,14.0029,0.161286,-0.7264547405120909,-0.6872143115415384,24.1167,24.1333,-0.861693,-0.50743,0.5,-0.866025,0,0,0,1,0,0,0,0,0,0,0,1,0,0,0,0,0,0,-0.145,-0.02,16.163,184.03,24.1333
205,train,2021-09-01 10:25:00,2021-09-02 21:34:00,59.455,-61.61667,-0.145,-0.02,16.163,0.186038,-0.0702787874734894,-0.9975273891133296,24.1333,11.0167,-0.870294,-0.492533,0.5,-0.866025,0,0,0,1,0,0,0,0,0,0,0,1,0,0,0,0,0,0,-0.11333,-0.06166,13.0801,195.57,11.0167
206,train,2021-08-13 21:34:00,2021-08-15 10:19:00,59.93,-61.40333,-0.135,0.66333,39.9592,0.459936,0.9286154021410173,-0.37104371023705107,24.1333,12.6167,-0.666089,-0.745872,-0.707107,0.707107,0,0,0,1,0,0,0,0,0,0,0,1,0,0,0,0,0,0,-0.065,0.04333,7.6241,161.42,12.6167
206,train,2021-08-14 21:42:00,2021-08-16 10:27:00,59.795,-60.74,-0.065,0.04333,7.6241,0.167857,0.3186284562866555,-0.9478796900685144,12.6167,24.1333,-0.67882,-0.734304,-0.707107,0.707107,0,0,0,1,0,0,0,0,0,0,0,1,0,0,0,0,0,0,-0.11667,0.245,18.9087,133.22,24.1333
206,train,2021-08-15 10:19:00,2021-08-19 10:19:00,59.73,-60.69667,-0.11667,0.245,18.9087,0.217641,0.7287296309972869,-0.684801522272372,24.1333,71.8667,-0.691351,-0.722519,0.5,-0.866025,0,0,0,1,0,0,0,0,0,0,0,1,0,0,0,0,0,0,-0.20166,0.06667,22.7368,170.45,71.8667
206,train,2021-08-16 10:27:00,2021-08-25 21:34:00,59.61333,-60.45167,-0.20166,0.06667,22.7368,0.087882,0.16590823946156114,-0.9861411947985772,71.8667,155.25,-0.703677,-0.71052,0.5,-0.866025,0,0,0,1,0,0,0,0,0,0,0,1,0,0,0,0,0,0,-0.56,0.18167,63.1257,170.47,155.25
206,train,2021-08-19 10:19:00,2021-08-26 10:10:00,59.41167,-60.385,-0.56,0.18167,63.1257,0.112946,0.16556400114606767,-0.9861990476189403,155.25,12.6,-0.739392,-0.673275,0.5,-0.866025,0,0,0,1,0,0,0,0,0,0,0,1,0,0,0,0,0,0,-0.12,0.10333,14.6113,155.91,12.6
206,train,2021-08-25 21:34:00,2021-08-26 21:42:00,58.85167,-60.20333,-0.12,0.10333,14.6113,0.322118,0.4081711345437909,-0.9129054304391198,12.6,11.5333,-0.804826,-0.593511,-0.707107,0.707107,0,0,0,1,0,0,0,0,0,0,0,1,0,0,0,0,0,0,0.03666,0.04167,4.7323,30.51,11.5333
207,val,2021-08-13 21:34:00,2021-08-15 10:19:00,59.93167,-61.40667,-0.16334,0.59834,38.0336,0.437772,0.8807254648096723,-0.47362712721695616,24.1333,12.6167,-0.666089,-0.745872,-0.707107,0.707107,0,0,0,1,0,0,0,0,0,0,0,1,0,0,0,0,0,0,-0.09166,0.05333,10.6216,163.63,12.6167
207,val,2021-08-14 21:42:00,2021-08-15 21:51:00,59.76833,-60.80833,-0.09166,0.05333,10.6216,0.233853,0.2818391225405884,-0.9594616766737227,12.6167,11.5333,-0.67882,-0.734304,-0.707107,0.707107,0,0,0,1,0,0,0,0,0,0,0,1,0,0,0,0,0,0,-0.21334,0.27167,28.2283,147.06,11.5333
207,val,2021-08-15 10:19:00,2021-08-16 10:27:00,59.67667,-60.755,-0.21334,0.27167,28.2283,0.679873,0.5437604827787924,-0.8392404526523818,11.5333,12.6,-0.691351,-0.722519,0.5,-0.866025,0,0,0,1,0,0,0,0,0,0,0,1,0,0,0,0,0,0,-0.18666,0.06833,21.1136,169.41,12.6
207,val,2021-08-15 21:51:00,2021-08-17 21:35:00,59.46333,-60.48333,-0.18666,0.06833,21.1136,0.465466,0.183779793230083,-0.9829674397457466,12.6,35.1333,-0.691351,-0.722519,-0.707107,0.707107,0,0,0,1,0,0,0,0,0,0,0,1,0,0,0,0,0,0,-0.34667,0.15,39.4879,167.41,35.1333
207,val,2021-08-16 10:27:00,2021-08-24 10:27:00,59.27667,-60.415,-0.34667,0.15,39.4879,0.312207,0.21797290846768363,-0.9759548202525252,35.1333,156.8667,-0.703677,-0.71052,0.5,-0.866025,0,0,0,1,0,0,0,0,0,0,0,1,0,0,0,0,0,0,-0.885,0.645,105.3047,158.87,156.8667
208,train,2021-08-13 21:34:00,2021-08-23 21:51:00,59.93833,-61.36333,-0.16666,0.505,33.7437,0.388395,0.8378140166334822,-0.5459557431994567,24.1333,216.15,-0.666089,-0.745872,-0.707107,0.707107,0,0,0,1,0,0,0,0,0,0,0,1,0,0,0,0,0,0,-0.73667,0.16166,82.4233,173.56,216.15
208,train,2021-08-14 21:42:00,2021-08-25 21:34:00,59.77167,-60.85833,-0.73667,0.16166,82.4233,0.105923,0.11216268587326908,-0.9936898569964848,216.15,47.7167,-0.67882,-0.734304,-0.707107,0.707107,0,0,0,1,0,0,0,0,0,0,0,1,0,0,0,0,0,0,-0.205,-0.09666,23.46,193.72,47.7167
208,train,2021-08-23 21:51:00,2021-08-26 10:10:00,59.035,-60.69667,-0.205,-0.09666,23.46,0.13657,-0.23717726624950308,-0.9714663887003051,47.7167,12.6,-0.783934,-0.620844,-0.707107,0.707107,0,0,0,1,0,0,0,0,0,0,0,1,0,0,0,0,0,0,-0.02167,0.05166,3.8277,128.99,12.6
208,train,2021-08-25 21:34:00,2021-08-26 21:42:00,58.83,-60.79333,-0.02167,0.05166,3.8277,0.084385,0.7772557867485408,-0.6291847439074686,12.6,11.5333,-0.804826,-0.593511,-0.707107,0.707107,0,0,0,1,0,0,0,0,0,0,0,1,0,0,0,0,0,0,0.03667,0.09667,6.8982,53.72,11.5333
208,train,2021-08-26 10:10:00,2021-08-28 10:25:00,58.80833,-60.74167,0.03667,0.09667,6.8982,0.166142,0.8061348847280657,0.591731820696224,11.5333,36.7167,-0.814916,-0.579579,0.5,-0.866025,0,0,0,1,0,0,0,0,0,0,0,1,0,0,0,0,0,0,-0.23667,0.18667,28.437,157.65,36.7167
208,train,2021-08-26 21:42:00,2021-08-31 10:18:00,58.845,-60.645,-0.23667,0.18667,28.437,0.215138,0.3802634127332048,-0.9248782281665497,36.7167,71.8833,-0.814916,-0.579579,-0.707107,0.707107,0,0,0,1,0,0,0,0,0,0,0,1,0,0,0,0,0,0,-0.37333,0.21166,43.3033,163.37,71.8833
208,train,2021-08-28 10:25:00,2021-09-01 10:25:00,58.60833,-60.45833,-0.37333,0.21166,43.3033,0.167336,0.286190104747121,-0.9581728570278079,71.8833,24.1167,-0.83437,-0.551205,0.5,-0.866025,0,0,0,1,0,0,0,0,0,0,0,1,0,0,0,0,0,0,-0.05167,-0.23666,15.0069,247.59,24.1167
208,train,2021-08-31 10:18:00,2021-09-02 21:34:00,58.235,-60.24667,-0.05167,-0.23666,15.0069,0.17285,-0.9244795102035183,-0.38123173426914886,24.1167,35.15,-0.861693,-0.50743,0.5,-0.866025,0,0,0,1,0,0,0,0,0,0,0,1,0,0,0,0,0,0,-0.11333,0.02,12.6563,174.67,35.15
208,train,2021-09-01 10:25:00,2021-09-03 10:09:00,58.18333,-60.48333,-0.11333,0.02,12.6563,0.100018,0.09289193499358159,-0.995676196568517,35.15,12.5833,-0.870294,-0.492533,0.5,-0.866025,0,0,0,1,0,0,0,0,0,0,0,1,0,0,0,0,0,0,-0.06167,-0.04834,7.4242,202.56,12.5833
210,train,2021-08-13 21:34:00,2021-08-23 21:51:00,59.965,-61.265,-0.20667,0.32667,29.3382,0.337686,0.6236067565976993,-0.7817381998634183,24.1333,216.15,-0.666089,-0.745872,-0.707107,0.707107,0,0,0,1,0,0,0,0,0,0,0,1,0,0,0,0,0,0,-0.44833,-0.16334,50.6954,190.54,216.15
210,train,2021-08-14 21:42:00,2021-08-24 10:27:00,59.75833,-60.93833,-0.44833,-0.16334,50.6954,0.065149,-0.18292192244763159,-0.983127443563683,216.15,12.6,-0.67882,-0.734304,-0.707107,0.707107,0,0,0,1,0,0,0,0,0,0,0,1,0,0,0,0,0,0,-0.04667,-0.01333,5.2444,188.31,12.6
210,train,2021-08-23 21:51:00,2021-08-25 10:32:00,59.31,-61.10167,-0.04667,-0.01333,5.2444,0.115617,-0.1445289036319524,-0.9895005790877264,12.6,24.0833,-0.783934,-0.620844,-0.707107,0.707107,0,0,0,1,0,0,0,0,0,0,0,1,0,0,0,0,0,0,-0.08666,-0.02167,9.7147,187.3,24.0833
210,train,2021-08-24 10:27:00,2021-08-25 21:34:00,59.26333,-61.115,-0.08666,-0.02167,9.7147,0.11205,-0.1270646086013504,-0.9918944425900297,24.0833,11.0333,-0.794497,-0.607268,0.5,-0.866025,0,0,0,1,0,0,0,0,0,0,0,1,0,0,0,0,0,0,-0.02834,0.00834,3.1869,171.42,11.0333
210,train,2021-08-25 10:32:00,2021-08-26 10:10:00,59.17667,-61.13667,-0.02834,0.00834,3.1869,0.080235,0.14919019325351723,-0.9888085184892867,11.0333,12.6,-0.804826,-0.593511,0.5,-0.866025,0,0,0,1,0,0,0,0,0,0,0,1,0,0,0,0,0,0,-0.03333,0.03166,4.1228,154.0,12.6
210,train,2021-08-25 21:34:00,2021-08-26 21:42:00,59.14833,-61.12833,-0.03333,0.03166,4.1228,0.090891,0.4383711467890773,-0.898794046299167,12.6,11.5333,-0.804826,-0.593511,-0.707107,0.707107,0,0,0,1,0,0,0,0,0,0,0,1,0,0,0,0,0,0,0.01,0.01,1.2499,27.16,11.5333
210,train,2021-08-26 10:10:00,2021-08-31 10:18:00,59.115,-61.09667,0.01,0.01,1.2499,0.030102,0.4564768859517415,0.8897352710732562,11.5333,108.6,-0.814916,-0.579579,0.5,-0.866025,0,0,0,1,0,0,0,0,0,0,0,1,0,0,0,0,0,0,-0.30833,0.05,34.4043,175.2,108.6
210,train,2021-08-26 21:42:00,2021-09-01 10:25:00,59.125,-61.08667,-0.30833,0.05,34.4043,0.088,0.08367784333231573,-0.9964928592495044,108.6,24.1167,-0.814916,-0.579579,-0.707107,0.707107,0,0,0,1,0,0,0,0,0,0,0,1,0,0,0,0,0,0,-0.16667,-0.22666,22.6844,215.31,24.1167
210,train,2021-08-31 10:18:00,2021-09-02 10:33:00,58.81667,-61.03667,-0.16667,-0.22666,22.6844,0.261281,-0.5780000584624693,-0.8160367224686534,24.1167,24.1333,-0.861693,-0.50743,0.5,-0.866025,0,0,0,1,0,0,0,0,0,0,0,1,0,0,0,0,0,0,-0.23333,-0.18167,28.0061,202.2,24.1333
210,train,2021-09-01 10:25:00,2021-09-02 21:34:00,58.65,-61.26333,-0.23333,-0.18167,28.0061,0.322354,-0.3778407868184669,-0.9258705848099948,24.1333,11.0167,-0.870294,-0.492533,0.5,-0.866025,0,0,0,1,0,0,0,0,0,0,0,1,0,0,0,0,0,0,-0.09167,0.05833,10.7458,161.52,11.0167
211,val,2021-08-13 21:34:00,2021-08-16 10:27:00,59.92667,-61.34,-0.17167,0.36833,28.0674,0.323059,0.7350329451469041,-0.6780313927456959,24.1333,36.75,-0.666089,-0.745872,-0.707107,0.707107,0,0,0,1,0,0,0,0,0,0,0,1,0,0,0,0,0,0,-0.175,0.055,19.7027,170.96,36.75
211,val,2021-08-14 21:42:00,2021-08-17 21:35:00,59.755,-60.97167,-0.175,0.055,19.7027,0.148924,0.1571239634031678,-0.9875788880512179,36.75,35.1333,-0.67882,-0.734304,-0.707107,0.707107,0,0,0,1,0,0,0,0,0,0,0,1,0,0,0,0,0,0,0.17333,0.05,19.4769,8.27,35.1333
211,val,2021-08-16 10:27:00,2021-08-19 10:19:00,59.58,-60.91667,0.17333,0.05,19.4769,0.153992,0.14383806674503213,0.9896012381535563,35.1333,36.7333,-0.703677,-0.71052,0.5,-0.866025,0,0,0,1,0,0,0,0,0,0,0,1,0,0,0,0,0,0,-0.14166,0.14334,17.6877,152.88,36.7333
211,val,2021-08-17 21:35:00,2021-08-22 10:09:00,59.75333,-60.86667,-0.14166,0.14334,17.6877,0.133755,0.45585562236349997,-0.8900537352090525,36.7333,71.8333,-0.715795,-0.69831,-0.707107,0.707107,0,0,0,1,0,0,0,0,0,0,0,1,0,0,0,0,0,0,-0.62334,0.13333,69.7243,173.71,71.8333
211,val,2021-08-19 10:19:00,2021-08-25 21:34:00,59.61167,-60.72333,-0.62334,0.13333,69.7243,0.269622,0.10956083050748722,-0.9939800925665009,71.8333,83.4167,-0.739392,-0.673275,0.5,-0.866025,0,0,0,1,0,0,0,0,0,0,0,1,0,0,0,0,0,0,-0.45,-0.06667,50.1852,184.42,83.4167
211,val,2021-08-22 10:09:00,2021-08-26 10:10:00,58.98833,-60.59,-0.45,-0.06667,50.1852,0.167117,-0.07706706051260848,-0.9970259114907425,83.4167,12.6,-0.773138,-0.634237,0.5,-0.866025,0,0,0,1,0,0,0,0,0,0,0,1,0,0,0,0,0,0,-0.02166,-0.06,4.2348,235.36,12.6
211,val,2021-08-25 21:34:00,2021-08-31 10:18:00,58.53833,-60.65667,-0.02166,-0.06,4.2348,0.09336,-0.82273973825379,-0.5684182642193029,12.6,120.1333,-0.804826,-0.593511,-0.707107,0.707107,0,0,0,1,0,0,0,0,0,0,0,1,0,0,0,0,0,0,-0.18334,-0.04166,20.5303,186.8,120.1333
211,val,2021-08-26 10:10:00,2021-09-01 10:25:00,58.51667,-60.71667,-0.18334,-0.04166,20.5303,0.047471,-0.11840396830650099,-0.9929655081065369,120.1333,24.1167,-0.814916,-0.579579,0.5,-0.866025,0,0,0,1,0,0,0,0,0,0,0,1,0,0,0,0,0,0,-0.05333,-0.05,6.6104,206.24,24.1167
212,train,2021-08-13 21:34:00,2021-08-15 21:51:00,59.91667,-61.31833,-0.16167,0.32666,25.618,0.294867,0.7142284075306498,-0.6999126958958753,24.1333,24.15,-0.666089,-0.745872,-0.707107,0.707107,0,0,0,1,0,0,0,0,0,0,0,1,0,0,0,0,0,0,-0.08333,-0.13,11.79,218.25,24.15
212,train,2021-08-14 21:42:00,2021-08-17 21:35:00,59.755,-60.99167,-0.08333,-0.13,11.79,0.13561,-0.6190939493098341,-0.7853169308807448,24.15,47.7333,-0.67882,-0.734304,-0.707107,0.707107,0,0,0,1,0,0,0,0,0,0,0,1,0,0,0,0,0,0,0.13,0.17334,17.416,33.83,47.7333
212,train,2021-08-15 21:51:00,2021-08-23 21:51:00,59.67167,-61.12167,0.13,0.17334,17.416,0.10135,0.5567306416752781,0.8306930796749382,47.7333,144.2667,-0.691351,-0.722519,-0.707107,0.707107,0,0,0,1,0,0,0,0,0,0,0,1,0,0,0,0,0,0,-0.195,0.26333,26.2362,145.62,144.2667
212,train,2021-08-17 21:35:00,2021-08-24 10:27:00,59.80167,-60.94833,-0.195,0.26333,26.2362,0.050516,0.5646789500660772,-0.8253106586929996,144.2667,12.6,-0.715795,-0.69831,-0.707107,0.707107,0,0,0,1,0,0,0,0,0,0,0,1,0,0,0,0,0,0,0.01833,0.185,10.6025,78.84,12.6
213,test,2021-08-13 21:34:00,2021-08-15 21:51:00,59.90833,-61.13833,-0.06666,0.24666,15.6342,0.179952,0.8813859143088522,-0.4723969412029979,24.1333,24.15,-0.666089,-0.745872,-0.707107,0.707107,0,0,0,1,0,0,0,0,0,0,0,1,0,0,0,0,0,0,-0.02167,-0.19,10.8875,257.3,24.15
213,test,2021-08-14 21:42:00,2021-08-16 10:27:00,59.84167,-60.89167,-0.02167,-0.19,10.8875,0.12523,-0.9755345439458567,-0.21984620435283725,24.15,12.6,-0.67882,-0.734304,-0.707107,0.707107,0,0,0,1,0,0,0,0,0,0,0,1,0,0,0,0,0,0,-0.04667,0.155,10.1049,120.83,12.6
213,test,2021-08-15 21:51:00,2021-08-17 10:34:00,59.82,-61.08167,-0.04667,0.155,10.1049,0.222771,0.8586916741814512,-0.5124925450106143,12.6,24.1167,-0.691351,-0.722519,-0.707107,0.707107,0,0,0,1,0,0,0,0,0,0,0,1,0,0,0,0,0,0,0.08167,0.03834,9.3308,13.26,24.1167
213,test,2021-08-16 10:27:00,2021-08-22 10:09:00,59.77333,-60.92667,0.08167,0.03834,9.3308,0.107473,0.22937027415993763,0.9733392406205531,24.1167,119.5833,-0.703677,-0.71052,0.5,-0.866025,0,0,0,1,0,0,0,0,0,0,0,1,0,0,0,0,0,0,-0.34333,0.46666,46.298,145.34,119.5833
213,test,2021-08-17 10:34:00,2021-08-24 10:27:00,59.855,-60.88833,-0.34333,0.46666,46.298,0.107545,0.5687054199298404,-0.8225412727288667,119.5833,48.3,-0.715795,-0.69831,0.5,-0.866025,0,0,0,1,0,0,0,0,0,0,0,1,0,0,0,0,0,0,0.00833,-0.02833,1.8471,300.11,48.3
213,test,2021-08-22 10:09:00,2021-08-25 21:34:00,59.51167,-60.42167,0.00833,-0.02833,1.8471,0.010623,-0.8650638772571638,0.5016617269284179,48.3,35.1167,-0.773138,-0.634237,0.5,-0.866025,0,0,0,1,0,0,0,0,0,0,0,1,0,0,0,0,0,0,-0.215,0.185,26.0981,156.27,35.1167
213,test,2021-08-24 10:27:00,2021-08-26 10:10:00,59.52,-60.45,-0.215,0.185,26.0981,0.20644,0.4024271613486554,-0.9154520084684196,35.1167,12.6,-0.794497,-0.607268,0.5,-0.866025,0,0,0,1,0,0,0,0,0,0,0,1,0,0,0,0,0,0,-0.03833,-0.09333,6.8016,231.24,12.6
213,test,2021-08-25 21:34:00,2021-08-26 21:42:00,59.305,-60.265,-0.03833,-0.09333,6.8016,0.149946,-0.7797752269605653,-0.6260595781701601,12.6,11.5333,-0.804826,-0.593511,-0.707107,0.707107,0,0,0,1,0,0,0,0,0,0,0,1,0,0,0,0,0,0,0.025,-0.175,10.3222,285.7,11.5333
213,test,2021-08-26 10:10:00,2021-09-02 21:34:00,59.26667,-60.35833,0.025,-0.175,10.3222,0.248607,-0.9626917464264789,0.2706004459758633,11.5333,167.8667,-0.814916,-0.579579,0.5,-0.866025,0,0,0,1,0,0,0,0,0,0,0,1,0,0,0,0,0,0,-1.07834,0.51,123.4608,166.0,167.8667
214,train,2021-08-13 21:34:00,2021-08-23 21:51:00,59.94,-61.04,-0.02667,0.13,7.8272,0.090092,0.9258046250507311,-0.37800237596432523,24.1333,216.15,-0.666089,-0.745872,-0.707107,0.707107,0,0,0,1,0,0,0,0,0,0,0,1,0,0,0,0,0,0,-0.17166,0.35,27.3304,134.15,216.15
214,train,2021-08-14 21:42:00,2021-08-24 10:27:00,59.91333,-60.91,-0.17166,0.35,27.3304,0.035123,0.7175187259176972,-0.6965392149458955,216.15,12.6,-0.67882,-0.734304,-0.707107,0.707107,0,0,0,1,0,0,0,0,0,0,0,1,0,0,0,0,0,0,-0.09834,0.09667,12.2064,153.57,12.6
214,train,2021-08-23 21:51:00,2021-09-03 10:09:00,59.74167,-60.56,-0.09834,0.09667,12.2064,0.269101,0.44510411179482046,-0.8954788270324118,12.6,239.7,-0.783934,-0.620844,-0.707107,0.707107,0,0,0,1,0,0,0,0,0,0,0,1,0,0,0,0,0,0,-1.31166,0.41666,147.7896,170.53,239.7
215,train,2021-08-13 21:34:00,2021-08-23 21:51:00,59.95833,-60.985,-0.16833,0.12333,19.9428,0.229545,0.34595330652840506,-0.9382517304551393,24.1333,216.15,-0.666089,-0.745872,-0.707107,0.707107,0,0,0,1,0,0,0,0,0,0,0,1,0,0,0,0,0,0,-0.29667,0.19167,34.7022,161.83,216.15
215,train,2021-08-14 21:42:00,2021-08-24 10:27:00,59.79,-60.86167,-0.29667,0.19167,34.7022,0.044596,0.3118374715177346,-0.9501354594779768,216.15,12.6,-0.67882,-0.734304,-0.707107,0.707107,0,0,0,1,0,0,0,0,0,0,0,1,0,0,0,0,0,0,-0.08166,0.15333,12.5515,136.27,12.6
215,train,2021-08-23 21:51:00,2021-08-25 21:34:00,59.49333,-60.67,-0.08166,0.15333,12.5515,0.276708,0.6912608610672918,-0.7226053016388035,12.6,35.1167,-0.783934,-0.620844,-0.707107,0.707107,0,0,0,1,0,0,0,0,0,0,0,1,0,0,0,0,0,0,-0.22667,0.045,25.3337,174.19,35.1167
215,train,2021-08-24 10:27:00,2021-08-26 10:10:00,59.41167,-60.51667,-0.22667,0.045,25.3337,0.200393,0.10122993508322577,-0.9948630560248208,35.1167,12.6,-0.794497,-0.607268,0.5,-0.866025,0,0,0,1,0,0,0,0,0,0,0,1,0,0,0,0,0,0,-0.07,-0.11,9.9963,218.91,12.6
215,train,2021-08-25 21:34:00,2021-08-26 21:42:00,59.185,-60.47167,-0.07,-0.11,9.9963,0.220376,-0.6280988771374525,-0.7781335364438878,12.6,11.5333,-0.804826,-0.593511,-0.707107,0.707107,0,0,0,1,0,0,0,0,0,0,0,1,0,0,0,0,0,0,-0.02167,0.06334,4.3457,123.65,11.5333
215,train,2021-08-26 10:10:00,2021-08-28 10:25:00,59.115,-60.58167,-0.02167,0.06334,4.3457,0.104665,0.8324379983891648,-0.5541181993382287,11.5333,36.7167,-0.814916,-0.579579,0.5,-0.866025,0,0,0,1,0,0,0,0,0,0,0,1,0,0,0,0,0,0,-0.29666,0.16166,34.2656,164.23,36.7167
216,train,2021-08-13 21:34:00,2021-08-15 10:19:00,59.68333,-61.57833,-0.045,-0.14834,9.7188,0.111865,-0.8578855937371176,-0.513840741921379,24.1333,12.6167,-0.666089,-0.745872,-0.707107,0.707107,0,0,0,1,0,0,0,0,0,0,0,1,0,0,0,0,0,0,-0.03,-0.065,4.9484,227.64,12.6167
216,train,2021-08-14 21:42:00,2021-08-15 21:51:00,59.63833,-61.72667,-0.03,-0.065,4.9484,0.108947,-0.7389259125032585,-0.6737866842192911,12.6167,11.5333,-0.67882,-0.734304,-0.707107,0.707107,0,0,0,1,0,0,0,0,0,0,0,1,0,0,0,0,0,0,-0.01,-0.01166,1.291,210.54,11.5333
216,train,2021-08-15 10:19:00,2021-08-16 10:27:00,59.60833,-61.79167,-0.01,-0.01166,1.291,0.031095,-0.5081397698590608,-0.8612746218759617,11.5333,12.6,-0.691351,-0.722519,0.5,-0.866025,0,0,0,1,0,0,0,0,0,0,0,1,0,0,0,0,0,0,0.04167,-0.05167,5.4692,327.93,12.6
216,train,2021-08-15 21:51:00,2021-08-19 10:19:00,59.59833,-61.80333,0.04167,-0.05167,5.4692,0.120574,-0.5309549546945646,0.8474000448933744,12.6,71.8667,-0.691351,-0.722519,-0.707107,0.707107,0,0,0,1,0,0,0,0,0,0,0,1,0,0,0,0,0,0,0.07333,0.25167,16.3128,59.9,71.8667
216,train,2021-08-16 10:27:00,2021-08-21 10:34:00,59.64,-61.855,0.07333,0.25167,16.3128,0.063052,0.8651514205697045,0.5015107371594574,71.8667,48.25,-0.703677,-0.71052,0.5,-0.866025,0,0,0,1,0,0,0,0,0,0,0,1,0,0,0,0,0,0,-0.27833,0.4,38.2777,143.78,48.25
216,train,2021-08-19 10:19:00,2021-08-22 21:42:00,59.71333,-61.60333,-0.27833,0.4,38.2777,0.220367,0.5908873139200469,-0.8067541027155374,48.25,35.1333,-0.739392,-0.673275,0.5,-0.866025,0,0,0,1,0,0,0,0,0,0,0,1,0,0,0,0,0,0,-0.34,-0.12334,38.4505,190.56,35.1333
216,train,2021-08-21 10:34:00,2021-08-23 21:51:00,59.435,-61.20333,-0.34,-0.12334,38.4505,0.304005,-0.18326508751355972,-0.9830635318730154,35.1333,24.15,-0.762114,-0.647443,0.5,-0.866025,0,0,0,1,0,0,0,0,0,0,0,1,0,0,0,0,0,0,0.02667,0.24667,14.3911,78.0,24.15
216,train,2021-08-22 21:42:00,2021-08-24 10:27:00,59.095,-61.32667,0.02667,0.24667,14.3911,0.165529,0.9781476007338056,0.20791169081775945,24.15,12.6,-0.773138,-0.634237,-0.707107,0.707107,0,0,0,1,0,0,0,0,0,0,0,1,0,0,0,0,0,0,0.035,-0.04833,4.7692,324.71,12.6
216,train,2021-08-23 21:51:00,2021-08-26 10:10:00,59.12167,-61.08,0.035,-0.04833,4.7692,0.105141,-0.5777151727019918,0.8162384328306943,12.6,47.7167,-0.783934,-0.620844,-0.707107,0.707107,0,0,0,1,0,0,0,0,0,0,0,1,0,0,0,0,0,0,-0.23167,0.20666,28.3434,155.26,47.7167
216,train,2021-08-24 10:27:00,2021-08-26 21:42:00,59.15667,-61.12833,-0.23167,0.20666,28.3434,0.164998,0.41850123027705305,-0.9082162299015544,47.7167,11.5333,-0.794497,-0.607268,0.5,-0.866025,0,0,0,1,0,0,0,0,0,0,0,1,0,0,0,0,0,0,-0.01833,-0.00166,2.0404,182.68,11.5333
216,train,2021-08-26 10:10:00,2021-08-28 10:25:00,58.925,-60.92167,-0.01833,-0.00166,2.0404,0.049143,-0.04675776950317615,-0.9989062573590616,11.5333,36.7167,-0.814916,-0.579579,0.5,-0.866025,0,0,0,1,0,0,0,0,0,0,0,1,0,0,0,0,0,0,-0.08,0.03333,9.0996,167.83,36.7167
216,train,2021-08-26 21:42:00,2021-08-31 10:18:00,58.90667,-60.92333,-0.08,0.03333,9.0996,0.068843,0.21081299374532847,-0.9775264097036622,36.7167,71.8833,-0.814916,-0.579579,-0.707107,0.707107,0,0,0,1,0,0,0,0,0,0,0,1,0,0,0,0,0,0,-0.415,0.19333,47.4842,166.28,71.8833
216,train,2021-08-28 10:25:00,2021-09-01 10:25:00,58.82667,-60.89,-0.415,0.19333,47.4842,0.183492,0.2371772662495029,-0.9714663887003052,71.8833,24.1167,-0.83437,-0.551205,0.5,-0.866025,0,0,0,1,0,0,0,0,0,0,0,1,0,0,0,0,0,0,-0.06667,-0.00666,7.4235,183.0,24.1167
217,train,2021-08-13 21:34:00,2021-08-15 10:19:00,59.99667,-61.86667,0.17166,0.13,20.4039,0.234852,0.3524950554456785,0.9358136758384908,24.1333,12.6167,-0.666089,-0.745872,-0.707107,0.707107,0,0,0,1,0,0,0,0,0,0,0,1,0,0,0,0,0,0,-0.03166,-0.06166,4.9028,224.13,12.6167
217,train,2021-08-14 21:42:00,2021-08-15 21:51:00,60.16833,-61.73667,-0.03166,-0.06166,4.9028,0.107943,-0.6962887112311471,-0.7177618202524207,12.6167,11.5333,-0.67882,-0.734304,-0.707107,0.707107,0,0,0,1,0,0,0,0,0,0,0,1,0,0,0,0,0,0,0.04,0.0,4.4478,0.0,11.5333
217,train,2021-08-15 10:19:00,2021-08-16 10:27:00,60.13667,-61.79833,0.04,0.0,4.4478,0.107124,0.0,1.0,11.5333,12.6,-0.691351,-0.722519,0.5,-0.866025,0,0,0,1,0,0,0,0,0,0,0,1,0,0,0,0,0,0,0.02,0.11833,6.9094,71.17,12.6
217,train,2021-08-15 21:51:00,2021-08-17 10:34:00,60.17667,-61.79833,0.02,0.11833,6.9094,0.152323,0.9464803924353345,0.3227613154258965,12.6,24.1167,-0.691351,-0.722519,-0.707107,0.707107,0,0,0,1,0,0,0,0,0,0,0,1,0,0,0,0,0,0,-0.095,-0.09667,11.8412,206.9,24.1167
217,train,2021-08-16 10:27:00,2021-08-19 10:19:00,60.19667,-61.68,-0.095,-0.09667,11.8412,0.136388,-0.4524347093117827,-0.8917975296052141,24.1167,47.75,-0.703677,-0.71052,0.5,-0.866025,0,0,0,1,0,0,0,0,0,0,0,1,0,0,0,0,0,0,-0.00834,0.26834,14.9039,93.45,47.75
217,train,2021-08-17 10:34:00,2021-08-21 10:34:00,60.10167,-61.77667,-0.00834,0.26834,14.9039,0.086701,0.9981876932544915,-0.060177479469293416,47.75,48.25,-0.715795,-0.69831,0.5,-0.866025,0,0,0,1,0,0,0,0,0,0,0,1,0,0,0,0,0,0,-0.24833,0.555,41.429,131.56,48.25
217,train,2021-08-19 10:19:00,2021-08-23 21:51:00,60.09333,-61.50833,-0.24833,0.555,41.429,0.238509,0.7482614161630711,-0.6634039893470911,48.25,59.2833,-0.739392,-0.673275,0.5,-0.866025,0,0,0,1,0,0,0,0,0,0,0,1,0,0,0,0,0,0,-0.09333,0.265,18.0948,124.88,59.2833
217,train,2021-08-21 10:34:00,2021-08-24 10:27:00,59.845,-60.95333,-0.09333,0.265,18.0948,0.084785,0.8203515424890737,-0.5718595515822023,59.2833,12.6,-0.762114,-0.647443,0.5,-0.866025,0,0,0,1,0,0,0,0,0,0,0,1,0,0,0,0,0,0,-0.11167,0.2,16.7364,137.81,12.6
218,train,2021-08-13 21:34:00,2021-08-15 10:19:00,59.95167,-61.46333,-0.08334,-0.12334,11.5394,0.13282,-0.5966451474642323,-0.8025051825423837,24.1333,12.6167,-0.666089,-0.745872,-0.707107,0.707107,0,0,0,1,0,0,0,0,0,0,0,1,0,0,0,0,0,0,-0.08,-0.03,9.0522,190.69,12.6167
218,train,2021-08-14 21:42:00,2021-08-15 21:51:00,59.86833,-61.58667,-0.08,-0.03,9.0522,0.1993,-0.1854951142728643,-0.9826451865148972,12.6167,11.5333,-0.67882,-0.734304,-0.707107,0.707107,0,0,0,1,0,0,0,0,0,0,0,1,0,0,0,0,0,0,-0.025,-0.08166,5.3498,238.73,11.5333
218,train,2021-08-15 10:19:00,2021-08-16 10:27:00,59.78833,-61.61667,-0.025,-0.08166,5.3498,0.128848,-0.854730732563891,-0.5190716470881397,11.5333,12.6,-0.691351,-0.722519,0.5,-0.866025,0,0,0,1,0,0,0,0,0,0,0,1,0,0,0,0,0,0,0.04167,-0.05334,5.5117,327.23,12.6
218,train,2021-08-15 21:51:00,2021-08-20 10:27:00,59.76333,-61.69833,0.04167,-0.05334,5.5117,0.12151,-0.541268016402262,0.8408501260153087,12.6,96.0,-0.691351,-0.722519,-0.707107,0.707107,0,0,0,1,0,0,0,0,0,0,0,1,0,0,0,0,0,0,0.07833,0.40167,24.0682,68.61,96.0
218,train,2021-08-16 10:27:00,2021-08-21 10:34:00,59.805,-61.75167,0.07833,0.40167,24.0682,0.069642,0.9311194846939218,0.36471427888598695,96.0,24.1167,-0.703677,-0.71052,0.5,-0.866025,0,0,0,1,0,0,0,0,0,0,0,1,0,0,0,0,0,0,-0.21,0.20667,26.0589,153.56,24.1167
218,train,2021-08-20 10:27:00,2021-08-23 21:51:00,59.88333,-61.35,-0.21,0.20667,26.0589,0.300148,0.44526039555383945,-0.8954011280712341,24.1167,59.2833,-0.750864,-0.660457,0.5,-0.866025,0,0,0,1,0,0,0,0,0,0,0,1,0,0,0,0,0,0,-0.18166,-0.39334,29.973,227.8,59.2833
218,train,2021-08-21 10:34:00,2021-08-24 10:27:00,59.67333,-61.14333,-0.18166,-0.39334,29.973,0.140442,-0.74080459628675,-0.6717205893229903,59.2833,12.6,-0.762114,-0.647443,0.5,-0.866025,0,0,0,0,1,0,0,0,0,0,0,0,0,0,0,0,0,1,-0.06834,-0.25166,16.1235,241.99,12.6
218,train,2021-08-23 21:51:00,2021-08-24 21:59:00,59.49167,-61.53667,-0.06834,-0.25166,16.1235,0.355457,-0.8828656411661311,-0.46962565906082704,12.6,11.5333,-0.783934,-0.620844,-0.707107,0.707107,0,0,0,0,1,0,0,0,0,0,0,0,0,0,0,0,0,1,0.01834,-0.175,10.1039,281.72,11.5333
218,train,2021-08-24 10:27:00,2021-08-25 10:32:00,59.42333,-61.78833,0.01834,-0.175,10.1039,0.243351,-0.9791519648458349,0.20312909623818265,11.5333,12.55,-0.794497,-0.607268,0.5,-0.866025,0,0,0,0,1,0,0,0,0,0,0,0,0,0,0,0,0,1,0.05,-0.02,5.6734,348.52,12.55
218,train,2021-08-24 21:59:00,2021-08-25 21:34:00,59.44167,-61.96333,0.05,-0.02,5.6734,0.125573,-0.1990258640276095,0.9799942374565594,12.55,11.0333,-0.794497,-0.607268,-0.707107,0.707107,0,0,0,0,1,0,0,0,0,0,0,0,0,0,0,0,0,1,0.06,0.08333,8.1608,35.13,11.0333
218,train,2021-08-25 10:32:00,2021-08-26 21:43:00,59.49167,-61.98333,0.06,0.08333,8.1608,0.205459,0.575433555393529,0.8178485332426552,11.0333,24.15,-0.804826,-0.593511,0.5,-0.866025,0,0,0,0,1,0,0,0,0,0,0,0,0,0,0,0,0,1,-0.02,0.17167,9.9286,102.87,24.15
218,train,2021-08-25 21:34:00,2021-08-27 10:17:00,59.55167,-61.9,-0.02,0.17167,9.9286,0.114201,0.9748779540551212,-0.22273970166385007,24.15,12.5667,-0.804826,-0.593511,-0.707107,0.707107,0,0,0,0,1,0,0,0,0,0,0,0,0,0,0,0,0,1,-0.05834,0.01166,6.5204,174.2,12.5667
218,train,2021-08-26 21:43:00,2021-08-28 21:58:00,59.53167,-61.72833,-0.05834,0.01166,6.5204,0.144129,0.10105629718294638,-0.9948807088287882,12.5667,35.6833,-0.814916,-0.579579,-0.707107,0.707107,0,0,0,0,1,0,0,0,0,0,0,0,0,0,0,0,0,1,-0.05,-0.04333,6.0753,203.79,35.6833
218,train,2021-08-27 10:17:00,2021-08-29 21:35:00,59.47333,-61.71667,-0.05,-0.04333,6.0753,0.047293,-0.4033855996195849,-0.9150300858548576,35.6833,23.6167,-0.824765,-0.565476,0.5,-0.866025,0,0,0,0,1,0,0,0,0,0,0,0,0,0,0,0,0,1,0.07667,0.06667,9.3204,23.81,23.6167
218,train,2021-08-28 21:58:00,2021-08-31 10:18:00,59.42333,-61.76,0.07667,0.06667,9.3204,0.109626,0.4037049807925023,0.914889221973527,23.6167,36.7167,-0.83437,-0.551205,-0.707107,0.707107,0,0,0,0,1,0,0,0,0,0,0,0,0,0,0,0,0,1,0.06833,0.19,13.1329,54.57,36.7167
218,train,2021-08-29 21:35:00,2021-09-01 10:25:00,59.5,-61.69333,0.06833,0.19,13.1329,0.099356,0.8148243730938934,0.5797078928323675,36.7167,24.1167,-0.843728,-0.536771,-0.707107,0.707107,0,0,0,0,1,0,0,0,0,0,0,0,0,0,0,0,0,1,-0.01666,0.01333,1.9989,157.93,24.1167
218,train,2021-08-31 10:18:00,2021-09-02 10:33:00,59.56833,-61.50333,-0.01666,0.01333,1.9989,0.023024,0.37573908233284353,-0.9267254944198269,24.1167,24.1333,-0.861693,-0.50743,0.5,-0.866025,0,0,0,0,1,0,0,0,0,0,0,0,0,0,0,0,0,1,-0.16,-0.15,19.7055,205.53,24.1333
221,train,2021-08-14 21:42:00,2021-08-17 10:34:00,60.05667,-63.58667,-0.04334,-0.08166,6.6177,0.05002,-0.6858183529273761,-0.7277727576572105,36.75,24.1167,-0.67882,-0.734304,-0.707107,0.707107,0,0,0,1,0,0,0,0,0,0,0,1,0,0,0,0,0,0,0.04834,-0.01334,5.426,352.16,24.1167
221,train,2021-08-16 10:27:00,2021-08-23 21:51:00,60.01333,-63.66833,0.04834,-0.01334,5.426,0.062497,-0.136407211779988,0.990652851696501,24.1167,155.2833,-0.703677,-0.71052,0.5,-0.866025,0,0,0,1,0,0,0,0,0,0,0,1,0,0,0,0,0,0,0.03166,0.13,8.0242,63.92,155.2833
221,train,2021-08-17 10:34:00,2021-08-24 10:27:00,60.06167,-63.68167,0.03166,0.13,8.0242,0.014354,0.8981810887869786,0.4396256723002398,155.2833,12.6,-0.715795,-0.69831,0.5,-0.866025,0,0,0,1,0,0,0,0,0,0,0,1,0,0,0,0,0,0,0.01834,0.04167,3.0811,48.54,12.6
221,train,2021-08-23 21:51:00,2021-08-24 21:59:00,60.09333,-63.55167,0.01834,0.04167,3.0811,0.067924,0.7494181342967084,0.6620970170505533,12.6,11.5333,-0.783934,-0.620844,-0.707107,0.707107,0,0,0,1,0,0,0,0,0,0,0,1,0,0,0,0,0,0,0.01166,0.08833,5.0623,75.12,11.5333
221,train,2021-08-24 10:27:00,2021-08-25 10:32:00,60.11167,-63.51,0.01166,0.08833,5.0623,0.121925,0.9664657767216176,0.25679544860818765,11.5333,12.55,-0.794497,-0.607268,0.5,-0.866025,0,0,0,1,0,0,0,0,0,0,0,1,0,0,0,0,0,0,0.04334,0.02334,4.9894,15.0,12.55
221,train,2021-08-24 21:59:00,2021-08-28 21:58:00,60.12333,-63.42167,0.04334,0.02334,4.9894,0.110433,0.25881904510252074,0.9659258262890683,12.55,83.4333,-0.794497,-0.607268,-0.707107,0.707107,0,0,0,1,0,0,0,0,0,0,0,1,0,0,0,0,0,0,-0.00834,0.17333,9.6341,95.45,83.4333
221,train,2021-08-25 10:32:00,2021-09-01 10:25:00,60.16667,-63.39833,-0.00834,0.17333,9.6341,0.032075,0.9954794605355862,-0.09497706908395402,83.4333,84.45,-0.804826,-0.593511,0.5,-0.866025,0,0,0,1,0,0,0,0,0,0,0,1,0,0,0,0,0,0,-0.155,0.03333,17.3341,173.86,84.45
222,test,2021-08-14 21:42:00,2021-08-16 10:27:00,60.10667,-63.24833,-0.025,0.02666,3.1484,0.036213,0.469625659060827,-0.8828656411661312,24.15,12.6,-0.67882,-0.734304,-0.707107,0.707107,0,0,0,1,0,0,0,0,0,0,0,1,0,0,0,0,0,0,0.055,0.02667,6.2918,13.57,12.6
222,test,2021-08-15 21:51:00,2021-08-17 10:34:00,60.08167,-63.22167,0.055,0.02667,6.2918,0.138707,0.2346331633032396,0.9720839874611222,12.6,24.1167,-0.691351,-0.722519,-0.707107,0.707107,0,0,0,1,0,0,0,0,0,0,0,1,0,0,0,0,0,0,0.02333,-0.22167,12.5402,282.03,24.1167
222,test,2021-08-16 10:27:00,2021-08-24 10:27:00,60.13667,-63.195,0.02333,-0.22167,12.5402,0.14444,-0.978038604349679,0.20842381918037078,24.1167,167.8833,-0.703677,-0.71052,0.5,-0.866025,0,0,0,1,0,0,0,0,0,0,0,1,0,0,0,0,0,0,0.17833,-0.26833,24.7471,323.37,167.8833
224,train,2021-08-14 21:42:00,2021-08-15 21:51:00,60.21,-62.14833,-0.00833,0.085,4.7868,0.10539,0.9812254013658768,-0.19286449054808916,12.6167,11.5333,-0.67882,-0.734304,-0.707107,0.707107,0,0,0,1,0,0,0,0,0,0,0,1,0,0,0,0,0,0,0.01666,0.00166,1.8548,2.83,11.5333
224,train,2021-08-15 10:19:00,2021-08-16 10:27:00,60.20167,-62.06333,0.01666,0.00166,1.8548,0.044672,0.04937273674606855,0.9987804227487659,11.5333,12.6,-0.691351,-0.722519,0.5,-0.866025,0,0,0,1,0,0,0,0,0,0,0,1,0,0,0,0,0,0,-0.00666,0.05167,2.9485,104.52,12.6
224,train,2021-08-15 21:51:00,2021-08-17 10:34:00,60.21833,-62.06167,-0.00666,0.05167,2.9485,0.065003,0.9680601822879179,-0.2507179360729566,12.6,24.1167,-0.691351,-0.722519,-0.707107,0.707107,0,0,0,1,0,0,0,0,0,0,0,1,0,0,0,0,0,0,-0.09834,0.13333,13.1903,145.94,24.1167
224,train,2021-08-16 10:27:00,2021-08-23 21:51:00,60.21167,-62.01,-0.09834,0.13333,13.1903,0.151926,0.5600607628161104,-0.8284515326522346,24.1167,155.2833,-0.703677,-0.71052,0.5,-0.866025,0,0,0,1,0,0,0,0,0,0,0,1,0,0,0,0,0,0,-0.22166,0.63334,42.9788,124.72,155.2833
226,train,2021-08-14 21:42:00,2021-08-15 21:51:00,59.73833,-60.815,-0.07,0.18333,12.8975,0.28396,0.7982151693131202,-0.6023724292150388,12.6167,11.5333,-0.67882,-0.734304,-0.707107,0.707107,0,0,0,1,0,0,0,0,0,0,0,1,0,0,0,0,0,0,-0.14,0.11167,16.7877,157.97,11.5333
226,train,2021-08-15 10:19:00,2021-08-16 10:27:00,59.66833,-60.63167,-0.14,0.11167,16.7877,0.404328,0.37509201437447426,-0.9269875839257499,11.5333,12.6,-0.691351,-0.722519,0.5,-0.866025,0,0,0,1,0,0,0,0,0,0,0,1,0,0,0,0,0,0,-0.165,0.10667,19.3126,161.76,12.6
227,train,2021-08-14 21:42:00,2021-08-15 21:51:00,59.685,-60.62167,-0.03833,0.02334,4.4591,0.098175,0.2940403252323037,-0.9557930147983302,12.6167,11.5333,-0.67882,-0.734304,-0.707107,0.707107,0,0,0,1,0,0,0,0,0,0,0,1,0,0,0,0,0,0,-0.20667,0.02,23.0083,177.18,11.5333
227,train,2021-08-15 10:19:00,2021-08-16 10:27:00,59.64667,-60.59833,-0.20667,0.02,23.0083,0.554149,0.049198415926149236,-0.9987890247045957,11.5333,12.6,-0.691351,-0.722519,0.5,-0.866025,0,0,0,1,0,0,0,0,0,0,0,1,0,0,0,0,0,0,-0.19333,0.17166,23.5979,155.57,12.6
227,train,2021-08-15 21:51:00,2021-08-17 21:35:00,59.44,-60.57833,-0.19333,0.17166,23.5979,0.520235,0.41358120602504855,-0.9104672350078648,12.6,35.1333,-0.691351,-0.722519,-0.707107,0.707107,0,0,0,1,0,0,0,0,0,0,0,1,0,0,0,0,0,0,-0.34334,0.10834,38.6764,170.74,35.1333
228,train,2021-08-14 21:42:00,2021-08-15 21:51:00,59.65667,-60.72667,-0.07667,0.13167,11.2921,0.248616,0.6564541040534363,-0.7543659650802125,12.6167,11.5333,-0.67882,-0.734304,-0.707107,0.707107,0,0,0,1,0,0,0,0,0,0,0,1,0,0,0,0,0,0,-0.10833,0.09,13.0713,157.11,11.5333
228,train,2021-08-15 10:19:00,2021-08-16 10:27:00,59.58,-60.595,-0.10833,0.09,13.0713,0.314819,0.38896316703084116,-0.9212533064762036,11.5333,12.6,-0.691351,-0.722519,0.5,-0.866025,0,0,0,1,0,0,0,0,0,0,0,1,0,0,0,0,0,0,-0.15,0.07167,17.1656,166.3,12.6
228,train,2021-08-15 21:51:00,2021-08-17 21:35:00,59.47167,-60.505,-0.15,0.07167,17.1656,0.37843,0.2368381460656186,-0.9715491199976461,12.6,35.1333,-0.691351,-0.722519,-0.707107,0.707107,0,0,0,1,0,0,0,0,0,0,0,1,0,0,0,0,0,0,-0.36834,0.15,41.8417,168.14,35.1333
229,train,2021-08-14 21:42:00,2021-08-15 21:51:00,59.67667,-60.61333,-0.05667,0.035,6.6012,0.145336,0.2982079467160981,-0.9545009274565263,12.6167,11.5333,-0.67882,-0.734304,-0.707107,0.707107,0,0,0,1,0,0,0,0,0,0,0,1,0,0,0,0,0,0,-0.015,-0.01,1.7602,198.64,11.5333
229,train,2021-08-15 10:19:00,2021-08-17 10:34:00,59.62,-60.57833,-0.015,-0.01,1.7602,0.042394,-0.31962089868791754,-0.9475455034571838,11.5333,36.7167,-0.691351,-0.722519,0.5,-0.866025,0,0,0,1,0,0,0,0,0,0,0,1,0,0,0,0,0,0,-0.01,-0.005,1.147,194.2,36.7167
229,train,2021-08-15 21:51:00,2021-08-24 10:27:00,59.605,-60.58833,-0.01,-0.005,1.147,0.008677,-0.24530738587880213,-0.969445349895139,36.7167,167.8833,-0.691351,-0.722519,-0.707107,0.707107,0,0,0,1,0,0,0,0,0,0,0,1,0,0,0,0,0,0,-0.885,-0.32,100.0842,190.64,167.8833
229,train,2021-08-17 10:34:00,2021-08-25 10:32:00,59.595,-60.59333,-0.885,-0.32,100.0842,0.165598,-0.1846375240562268,-0.9828066873553447,167.8833,24.0833,-0.715795,-0.69831,0.5,-0.866025,0,0,0,1,0,0,0,0,0,0,0,1,0,0,0,0,0,0,-0.02,-0.11667,7.0972,251.79,24.0833
229,train,2021-08-24 10:27:00,2021-08-25 21:34:00,58.71,-60.91333,-0.02,-0.11667,7.0972,0.081859,-0.9499175243290577,-0.31250071515526817,24.0833,11.0333,-0.794497,-0.607268,0.5,-0.866025,0,0,0,1,0,0,0,0,0,0,0,1,0,0,0,0,0,0,-0.03667,-0.00333,4.0821,182.7,11.0333
229,train,2021-08-25 10:32:00,2021-08-26 10:10:00,58.69,-61.03,-0.03667,-0.00333,4.0821,0.102771,-0.04710645070964227,-0.99888987496197,11.0333,12.6,-0.804826,-0.593511,0.5,-0.866025,0,0,0,1,0,0,0,0,0,0,0,1,0,0,0,0,0,0,-0.025,-0.055,4.2257,228.89,12.6
229,train,2021-08-25 21:34:00,2021-08-28 10:25:00,58.65333,-61.03333,-0.025,-0.055,4.2257,0.09316,-0.7534486472001912,-0.6575067574042124,12.6,48.25,-0.804826,-0.593511,-0.707107,0.707107,0,0,0,1,0,0,0,0,0,0,0,1,0,0,0,0,0,0,-0.12166,0.05833,13.9444,165.94,48.25
229,train,2021-08-26 10:10:00,2021-08-31 10:18:00,58.62833,-61.08833,-0.12166,0.05833,13.9444,0.080279,0.24293785407393856,-0.9700418542815303,48.25,71.8833,-0.814916,-0.579579,0.5,-0.866025,0,0,0,1,0,0,0,0,0,0,0,1,0,0,0,0,0,0,-0.20334,0.13167,23.8761,161.2,71.8833
229,train,2021-08-28 10:25:00,2021-09-01 10:25:00,58.50667,-61.03,-0.20334,0.13167,23.8761,0.092264,0.3222656952305112,-0.9466492601156963,71.8833,24.1167,-0.83437,-0.551205,0.5,-0.866025,0,0,0,1,0,0,0,0,0,0,0,1,0,0,0,0,0,0,-0.025,-0.03334,3.3948,215.04,24.1167
230,val,2021-08-14 21:42:00,2021-08-15 21:51:00,59.67833,-60.64,-0.05166,-0.015,5.8058,0.127825,-0.1452196700772401,-0.9893994377513349,12.6167,11.5333,-0.67882,-0.734304,-0.707107,0.707107,0,0,0,1,0,0,0,0,0,0,0,1,0,0,0,0,0,0,-0.12834,0.16667,17.0822,146.59,11.5333
230,val,2021-08-15 10:19:00,2021-08-16 10:27:00,59.62667,-60.655,-0.12834,0.16667,17.0822,0.411421,0.5506264401396264,-0.8347517735346014,11.5333,12.6,-0.691351,-0.722519,0.5,-0.866025,0,0,0,1,0,0,0,0,0,0,0,1,0,0,0,0,0,0,-0.16833,0.08166,19.2792,166.1,12.6
231,train,2021-08-14 21:42:00,2021-08-15 21:51:00,59.68167,-60.62833,-0.045,0.02833,5.2507,0.115603,0.3032015912885681,-0.9529264373707343,12.6167,11.5333,-0.67882,-0.734304,-0.707107,0.707107,0,0,0,1,0,0,0,0,0,0,0,1,0,0,0,0,0,0,-0.09167,0.15167,13.2957,139.99,11.5333
231,train,2021-08-15 10:19:00,2021-08-16 10:27:00,59.63667,-60.6,-0.09167,0.15167,13.2957,0.320223,0.6429212998731355,-0.7659322438502232,11.5333,12.6,-0.691351,-0.722519,0.5,-0.866025,0,0,0,1,0,0,0,0,0,0,0,1,0,0,0,0,0,0,-0.16333,0.08166,18.7383,165.71,12.6
232,train,2021-08-15 10:19:00,2021-08-17 10:34:00,60.26,-62.46,-0.075,-0.04667,8.7288,0.100469,-0.29554131801408096,-0.9553299583633394,24.1333,24.1167,-0.691351,-0.722519,0.5,-0.866025,0,0,0,1,0,0,0,0,0,0,0,1,0,0,0,0,0,0,0.01667,0.045,3.102,53.29,24.1167
232,train,2021-08-16 10:27:00,2021-08-26 21:43:00,60.185,-62.50667,0.01667,0.045,3.102,0.035729,0.8016713267674678,0.5977650741210028,24.1167,227.15,-0.703677,-0.71052,0.5,-0.866025,0,0,0,1,0,0,0,0,0,0,0,1,0,0,0,0,0,0,-0.1,0.50667,30.1645,111.41,227.15
233,test,2021-08-15 10:19:00,2021-08-16 10:27:00,60.21333,-62.45667,-0.00333,-0.03,1.6981,0.040898,-0.9759928488370193,-0.21780256889898966,11.5333,12.6,-0.691351,-0.722519,0.5,-0.866025,0,0,0,1,0,0,0,0,0,0,0,1,0,0,0,0,0,0,-0.02667,0.10167,6.3535,117.78,12.6
233,test,2021-08-15 21:51:00,2021-08-17 10:34:00,60.21,-62.48667,-0.02667,0.10167,6.3535,0.140069,0.8847437209692485,-0.4660778349219029,12.6,24.1167,-0.691351,-0.722519,-0.707107,0.707107,0,0,0,1,0,0,0,0,0,0,0,1,0,0,0,0,0,0,-0.04,0.06333,5.662,141.74,24.1167
233,test,2021-08-16 10:27:00,2021-08-23 21:51:00,60.18333,-62.385,-0.04,0.06333,5.662,0.065215,0.6192310035409532,-0.7852088666422864,24.1167,155.2833,-0.703677,-0.71052,0.5,-0.866025,0,0,0,1,0,0,0,0,0,0,0,1,0,0,0,0,0,0,-0.32333,0.55334,47.3292,139.19,155.2833
233,test,2021-08-17 10:34:00,2021-08-29 21:35:00,60.14333,-62.32167,-0.32333,0.55334,47.3292,0.084665,0.6535527145986944,-0.7568810007132413,155.2833,143.7333,-0.715795,-0.69831,0.5,-0.866025,0,0,0,1,0,0,0,0,0,0,0,1,0,0,0,0,0,0,-0.12167,0.49666,30.9296,115.72,143.7333
233,test,2021-08-23 21:51:00,2021-08-31 10:18:00,59.82,-61.76833,-0.12167,0.49666,30.9296,0.059774,0.9009255908512701,-0.4339735933778574,143.7333,36.7167,-0.783934,-0.620844,-0.707107,0.707107,0,0,0,1,0,0,0,0,0,0,0,1,0,0,0,0,0,0,-0.01666,0.08,4.8566,112.39,36.7167
234,train,2021-08-15 10:19:00,2021-08-16 10:27:00,59.82333,-59.97667,-0.045,0.08334,6.8386,0.164705,0.6821259949753204,-0.7312346593118579,11.5333,12.6,-0.691351,-0.722519,0.5,-0.866025,0,0,0,1,0,0,0,0,0,0,0,1,0,0,0,0,0,0,-0.09666,-0.21167,16.0088,227.92,12.6
234,train,2021-08-15 21:51:00,2021-08-17 21:35:00,59.77833,-59.89333,-0.09666,-0.21167,16.0088,0.352927,-0.7422098188049878,-0.6701675796914285,12.6,35.1333,-0.691351,-0.722519,-0.707107,0.707107,0,0,0,1,0,0,0,0,0,0,0,1,0,0,0,0,0,0,-0.20834,-0.16833,25.0302,202.32,35.1333
234,train,2021-08-16 10:27:00,2021-08-25 21:34:00,59.68167,-60.105,-0.20834,-0.16833,25.0302,0.197899,-0.3797790955218007,-0.9250772068344582,35.1333,191.9833,-0.703677,-0.71052,0.5,-0.866025,0,0,0,1,0,0,0,0,0,0,0,1,0,0,0,0,0,0,-0.91666,0.09333,102.0678,176.96,191.9833
234,train,2021-08-17 21:35:00,2021-08-26 10:10:00,59.47333,-60.27333,-0.91666,0.09333,102.0678,0.14768,0.053033118367921746,-0.9985927540074452,191.9833,12.6,-0.715795,-0.69831,-0.707107,0.707107,0,0,0,1,0,0,0,0,0,0,0,1,0,0,0,0,0,0,-0.035,0.165,10.3363,112.05,12.6
234,train,2021-08-25 21:34:00,2021-08-26 21:42:00,58.55667,-60.18,-0.035,0.165,10.3363,0.227873,0.9268565956401208,-0.375415571225283,12.6,11.5333,-0.804826,-0.593511,-0.707107,0.707107,0,0,0,1,0,0,0,0,0,0,0,1,0,0,0,0,0,0,-0.08667,0.005,9.6416,178.27,11.5333
235,val,2021-08-15 10:19:00,2021-08-17 10:34:00,59.89,-61.83333,-0.015,-0.17167,9.7224,0.111906,-0.9854078984834901,-0.17020949916603276,24.1333,24.1167,-0.691351,-0.722519,0.5,-0.866025,0,0,0,1,0,0,0,0,0,0,0,1,0,0,0,0,0,0,0.08,0.05,9.322,17.37,24.1167
235,val,2021-08-16 10:27:00,2021-08-21 10:34:00,59.875,-62.005,0.08,0.05,9.322,0.107371,0.2985411122194142,0.9543967750966026,24.1167,96.0,-0.703677,-0.71052,0.5,-0.866025,0,0,0,1,0,0,0,0,0,0,0,1,0,0,0,0,0,0,-0.29167,0.61333,47.2021,133.13,96.0
235,val,2021-08-17 10:34:00,2021-08-22 10:09:00,59.955,-61.955,-0.29167,0.61333,47.2021,0.13658,0.7298044152367372,-0.6836559920756666,96.0,23.5833,-0.715795,-0.69831,0.5,-0.866025,0,0,0,1,0,0,0,0,0,0,0,1,0,0,0,0,0,0,-0.335,0.28834,40.6502,156.28,23.5833
235,val,2021-08-21 10:34:00,2021-08-22 21:42:00,59.66333,-61.34167,-0.335,0.28834,40.6502,0.478801,0.4022673787032332,-0.9155222313145812,23.5833,11.55,-0.762114,-0.647443,0.5,-0.866025,0,0,0,1,0,0,0,0,0,0,0,1,0,0,0,0,0,0,-0.23666,-0.07334,26.6444,189.05,11.55
235,val,2021-08-22 10:09:00,2021-08-23 21:51:00,59.32833,-61.05333,-0.23666,-0.07334,26.6444,0.640799,-0.15729632604135488,-0.9875514497047189,11.55,24.15,-0.773138,-0.634237,0.5,-0.866025,0,0,0,1,0,0,0,0,0,0,0,1,0,0,0,0,0,0,-0.04167,0.045,5.2994,150.95,24.15
235,val,2021-08-22 21:42:00,2021-08-25 10:32:00,59.09167,-61.12667,-0.04167,0.045,5.2994,0.060955,0.48557268522727526,-0.8741962979566852,24.15,36.6833,-0.773138,-0.634237,-0.707107,0.707107,0,0,0,1,0,0,0,0,0,0,0,1,0,0,0,0,0,0,-0.28667,0.10167,32.4065,169.58,36.6833
235,val,2021-08-23 21:51:00,2021-08-25 21:34:00,59.05,-61.08167,-0.28667,0.10167,32.4065,0.245392,0.18086246545761997,-0.9835083978231153,36.6833,11.0333,-0.783934,-0.620844,-0.707107,0.707107,0,0,0,1,0,0,0,0,0,0,0,1,0,0,0,0,0,0,-0.00666,0.08667,5.0527,98.39,11.0333
235,val,2021-08-25 10:32:00,2021-08-26 10:10:00,58.76333,-60.98,-0.00666,0.08667,5.0527,0.127208,0.9892978141936767,-0.14591036574422547,11.0333,12.6,-0.804826,-0.593511,0.5,-0.866025,0,0,0,1,0,0,0,0,0,0,0,1,0,0,0,0,0,0,-0.09834,-0.08167,11.9089,203.37,12.6
235,val,2021-08-25 21:34:00,2021-08-26 21:42:00,58.75667,-60.89333,-0.09834,-0.08167,11.9089,0.262541,-0.3966673010182562,-0.9179624460199296,12.6,11.5333,-0.804826,-0.593511,-0.707107,0.707107,0,0,0,1,0,0,0,0,0,0,0,1,0,0,0,0,0,0,-0.10833,0.07167,12.7411,160.95,11.5333
235,val,2021-08-26 10:10:00,2021-08-27 10:17:00,58.65833,-60.975,-0.10833,0.07167,12.7411,0.306867,0.32639315099942207,-0.9452341037968681,11.5333,12.5833,-0.814916,-0.579579,0.5,-0.866025,0,0,0,1,0,0,0,0,0,0,0,1,0,0,0,0,0,0,0.03667,0.01166,4.1332,9.41,12.5833
235,val,2021-08-26 21:42:00,2021-08-28 10:25:00,58.55,-60.90333,0.03667,0.01166,4.1332,0.09124,0.163498149078437,0.9865436408228099,12.5833,24.1333,-0.814916,-0.579579,-0.707107,0.707107,0,0,0,1,0,0,0,0,0,0,0,1,0,0,0,0,0,0,-0.08334,-0.09833,10.8826,211.66,24.1333
235,val,2021-08-27 10:17:00,2021-08-31 10:18:00,58.58667,-60.89167,-0.08334,-0.09833,10.8826,0.12526,-0.5248775448593878,-0.8511777504742364,24.1333,71.8833,-0.824765,-0.565476,0.5,-0.866025,0,0,0,1,0,0,0,0,0,0,0,1,0,0,0,0,0,0,-0.22333,0.16833,26.7006,158.37,71.8833
236,train,2021-08-15 10:19:00,2021-08-22 10:09:00,59.79167,-61.27833,0.08166,0.31333,19.723,0.09244,0.8866075437998248,0.46252250029294983,59.2667,108.5667,-0.691351,-0.722519,0.5,-0.866025,0,0,0,1,0,0,0,0,0,0,0,1,0,0,0,0,0,0,-0.43833,0.52167,56.8718,148.76,108.5667
236,train,2021-08-17 21:35:00,2021-08-24 10:27:00,59.87333,-60.965,-0.43833,0.52167,56.8718,0.145512,0.5186240399903345,-0.8550024006656963,108.5667,48.3,-0.715795,-0.69831,-0.707107,0.707107,0,0,0,1,0,0,0,0,0,0,0,1,0,0,0,0,0,0,-0.03833,0.285,16.678,104.68,48.3
236,train,2021-08-22 10:09:00,2021-08-24 21:26:00,59.435,-60.44333,-0.03833,0.285,16.678,0.095917,0.9673562720774791,-0.2534202889911583,48.3,10.9833,-0.773138,-0.634237,0.5,-0.866025,0,0,0,1,0,0,0,0,0,0,0,1,0,0,0,0,0,0,-0.04667,0.24,14.5521,110.79,10.9833
236,train,2021-08-24 10:27:00,2021-08-25 21:34:00,59.39667,-60.15833,-0.04667,0.24,14.5521,0.368035,0.9348876400143983,-0.35494379914052415,10.9833,24.1333,-0.794497,-0.607268,0.5,-0.866025,0,0,0,1,0,0,0,0,0,0,0,1,0,0,0,0,0,0,-0.01167,-0.025,1.9217,227.54,24.1333
237,train,2021-08-15 10:19:00,2021-08-16 10:27:00,59.66667,-60.565,-0.145,0.08167,16.7656,0.403795,0.27479839189018024,-0.961501868856515,11.5333,12.6,-0.691351,-0.722519,0.5,-0.866025,0,0,0,1,0,0,0,0,0,0,0,1,0,0,0,0,0,0,-0.15834,0.04166,17.7634,172.36,12.6
238,train,2021-08-15 10:19:00,2021-08-16 10:27:00,59.615,-60.72667,-0.11,0.20834,16.9518,0.40828,0.693527577607338,-0.7204300792568963,11.5333,12.6,-0.691351,-0.722519,0.5,-0.866025,0,0,0,1,0,0,0,0,0,0,0,1,0,0,0,0,0,0,-0.14,0.06333,15.9738,167.02,12.6
239,train,2021-08-15 10:19:00,2021-08-16 10:27:00,59.56833,-60.47167,-0.12333,0.00167,13.714,0.330299,0.0068067315205614905,-0.9999768339346702,11.5333,12.6,-0.691351,-0.722519,0.5,-0.866025,0,0,0,1,0,0,0,0,0,0,0,1,0,0,0,0,0,0,-0.21,0.05667,23.571,172.14,12.6
239,train,2021-08-15 21:51:00,2021-08-17 21:35:00,59.445,-60.47,-0.21,0.05667,23.571,0.519643,0.13675300654269124,-0.9906051762440647,12.6,35.1333,-0.691351,-0.722519,-0.707107,0.707107,0,0,0,1,0,0,0,0,0,0,0,1,0,0,0,0,0,0,-0.34167,0.02333,38.0154,177.98,35.1333
239,train,2021-08-16 10:27:00,2021-08-27 10:17:00,59.235,-60.41333,-0.34167,0.02333,38.0154,0.300564,0.03524834777813201,-0.9993785839104777,35.1333,228.7,-0.703677,-0.71052,0.5,-0.866025,0,0,0,1,0,0,0,0,0,0,0,1,0,0,0,0,0,0,-0.39166,0.29167,46.6967,158.72,228.7
240,train,2021-08-15 10:19:00,2021-08-23 21:51:00,59.575,-62.67333,-0.01667,-0.03834,2.8459,0.068543,-0.7589304586878317,-0.6511716815678316,11.5333,192.0,-0.691351,-0.722519,0.5,-0.866025,0,0,0,1,0,0,0,0,0,0,0,1,0,0,0,0,0,0,-0.115,0.70667,41.8801,107.47,192.0
240,train,2021-08-15 21:51:00,2021-08-24 10:27:00,59.55833,-62.71167,-0.115,0.70667,41.8801,0.06059,0.9538742691960128,-0.30020639327931115,192.0,12.6,-0.691351,-0.722519,-0.707107,0.707107,0,0,0,1,0,0,0,0,0,0,0,1,0,0,0,0,0,0,0.01,-0.09833,5.668,281.36,12.6
240,train,2021-08-23 21:51:00,2021-08-24 21:59:00,59.44333,-62.005,0.01,-0.09833,5.668,0.124955,-0.9804089265795957,0.19697293388444248,12.6,11.5333,-0.783934,-0.620844,-0.707107,0.707107,0,0,0,1,0,0,0,0,0,0,0,1,0,0,0,0,0,0,0.05834,-0.00667,6.498,356.68,11.5333
240,train,2021-08-24 10:27:00,2021-08-25 10:32:00,59.45333,-62.10333,0.05834,-0.00667,6.498,0.156504,-0.05791251048069455,0.9983216621559523,11.5333,12.55,-0.794497,-0.607268,0.5,-0.866025,0,0,0,1,0,0,0,0,0,0,0,1,0,0,0,0,0,0,0.04,0.04833,5.2162,31.47,12.55
240,train,2021-08-24 21:59:00,2021-08-27 10:17:00,59.51167,-62.11,0.04,0.04833,5.2162,0.115453,0.5220520517672937,0.8529136270722604,12.55,47.75,-0.794497,-0.607268,-0.707107,0.707107,0,0,0,1,0,0,0,0,0,0,0,1,0,0,0,0,0,0,-0.17667,0.03334,19.7349,174.51,47.75
241,train,2021-08-15 10:19:00,2021-08-17 21:35:00,58.89333,-60.98,-0.08166,-0.01167,9.105,0.052418,-0.0737603797035987,-0.9972759930861571,48.25,11.0167,-0.691351,-0.722519,0.5,-0.866025,0,0,0,1,0,0,0,0,0,0,0,1,0,0,0,0,0,0,0.03333,0.04,4.363,31.83,11.0167
241,train,2021-08-17 10:34:00,2021-08-19 10:19:00,58.81167,-60.99167,0.03333,0.04,4.363,0.110009,0.527400726015822,0.8496166630887036,11.0167,36.7333,-0.715795,-0.69831,0.5,-0.866025,0,0,0,1,0,0,0,0,0,0,0,1,0,0,0,0,0,0,-0.18,0.125,21.274,160.14,36.7333
243,train,2021-08-15 21:51:00,2021-08-25 21:34:00,59.79333,-60.22833,-0.7,0.13,78.1826,0.138947,0.094977069083954,-0.9954794605355862,156.3,83.4167,-0.691351,-0.722519,-0.707107,0.707107,0,0,0,1,0,0,0,0,0,0,0,1,0,0,0,0,0,0,-0.115,0.07666,13.5186,161.04,83.4167
243,train,2021-08-22 10:09:00,2021-08-26 10:10:00,59.09333,-60.09833,-0.115,0.07666,13.5186,0.045017,0.3249079786804768,-0.9457456346131167,83.4167,12.6,-0.773138,-0.634237,0.5,-0.866025,0,0,0,1,0,0,0,0,0,0,0,1,0,0,0,0,0,0,-0.08833,-0.07666,10.7618,204.16,12.6
243,train,2021-08-25 21:34:00,2021-08-26 21:42:00,58.97833,-60.02167,-0.08833,-0.07666,10.7618,0.237254,-0.40928615402951046,-0.9124060741357062,12.6,11.5333,-0.804826,-0.593511,-0.707107,0.707107,0,0,0,1,0,0,0,0,0,0,0,1,0,0,0,0,0,0,-0.08667,0.03833,9.8863,167.1,11.5333
243,train,2021-08-26 10:10:00,2021-08-27 10:17:00,58.89,-60.09833,-0.08667,0.03833,9.8863,0.238109,0.22325011601095168,-0.9747611941912216,11.5333,12.5833,-0.814916,-0.579579,0.5,-0.866025,0,0,0,1,0,0,0,0,0,0,0,1,0,0,0,0,0,0,-0.06666,0.05667,8.1003,156.19,12.5833
244,val,2021-08-15 21:51:00,2021-08-17 21:35:00,59.37833,-60.42167,-0.225,-0.015,25.0334,0.551882,-0.03420178183655269,-0.9994149479166323,12.6,35.1333,-0.691351,-0.722519,-0.707107,0.707107,0,0,0,1,0,0,0,0,0,0,0,1,0,0,0,0,0,0,-0.445,0.13,50.0409,171.37,35.1333
244,val,2021-08-16 10:27:00,2021-08-22 10:09:00,59.15333,-60.43667,-0.445,0.13,50.0409,0.395643,0.15005303455255398,-0.9886779489912628,35.1333,108.5667,-0.703677,-0.71052,0.5,-0.866025,0,0,0,1,0,0,0,0,0,0,0,1,0,0,0,0,0,0,-0.875,0.41834,100.3234,165.71,108.5667
244,val,2021-08-17 21:35:00,2021-08-25 10:02:00,58.70833,-60.30667,-0.875,0.41834,100.3234,0.256687,0.24682988381142446,-0.969058826107909,108.5667,71.8833,-0.715795,-0.69831,-0.707107,0.707107,0,0,0,1,0,0,0,0,0,0,0,1,0,0,0,0,0,0,0.05,0.50166,30.1931,79.18,71.8833
244,val,2021-08-22 10:09:00,2021-08-25 21:34:00,57.83333,-59.88833,0.05,0.50166,30.1931,0.116675,0.9822217824677313,0.18772418609735045,71.8833,11.5333,-0.773138,-0.634237,0.5,-0.866025,0,0,0,1,0,0,0,0,0,0,0,1,0,0,0,0,0,0,-0.07666,0.17167,13.2617,129.93,11.5333
244,val,2021-08-25 10:02:00,2021-08-26 10:10:00,57.88333,-59.38667,-0.07666,0.17167,13.2617,0.319406,0.7668291844276096,-0.6418512303564488,11.5333,12.6,-0.804826,-0.593511,0.5,-0.866025,0,0,0,1,0,0,0,0,0,0,0,1,0,0,0,0,0,0,-0.1,0.16,14.6198,139.45,12.6
244,val,2021-08-25 21:34:00,2021-08-26 21:42:00,57.80667,-59.215,-0.1,0.16,14.6198,0.322306,0.6501113803420657,-0.7598389257926538,12.6,11.5333,-0.804826,-0.593511,-0.707107,0.707107,0,0,0,1,0,0,0,0,0,0,0,1,0,0,0,0,0,0,-0.1,0.10667,12.8027,150.24,11.5333
244,val,2021-08-26 10:10:00,2021-08-27 10:17:00,57.70667,-59.055,-0.1,0.10667,12.8027,0.308351,0.4963680253953766,-0.8681121951482393,11.5333,12.5833,-0.814916,-0.579579,0.5,-0.866025,0,0,0,1,0,0,0,0,0,0,0,1,0,0,0,0,0,0,-0.105,0.08,12.6132,157.73,12.5833
244,val,2021-08-26 21:42:00,2021-08-28 21:26:00,57.60667,-58.94833,-0.105,0.08,12.6132,0.278437,0.37897166886039313,-0.9254082743314804,12.5833,35.15,-0.814916,-0.579579,-0.707107,0.707107,0,0,0,1,0,0,0,0,0,0,0,1,0,0,0,0,0,0,-0.23334,-0.00167,25.9464,180.22,35.15
245,train,2021-08-15 21:51:00,2021-08-17 21:35:00,59.23167,-60.47667,-0.27667,-0.05166,30.9055,0.681337,-0.0958457525202241,-0.9953961983671787,12.6,35.1333,-0.691351,-0.722519,-0.707107,0.707107,0,0,0,1,0,0,0,0,0,0,0,1,0,0,0,0,0,0,-0.26167,-0.15334,30.4057,196.94,35.1333
245,train,2021-08-16 10:27:00,2021-08-19 10:19:00,58.955,-60.52833,-0.26167,-0.15334,30.4057,0.240399,-0.29137010459641677,-0.9566104024875922,35.1333,36.7333,-0.703677,-0.71052,0.5,-0.866025,0,0,0,1,0,0,0,0,0,0,0,1,0,0,0,0,0,0,-0.01833,0.01834,2.2973,152.52,36.7333
245,train,2021-08-17 21:35:00,2021-08-22 10:09:00,58.69333,-60.68167,-0.01833,0.01834,2.2973,0.017372,0.4614389599191915,-0.8871719598075082,36.7333,71.8333,-0.715795,-0.69831,-0.707107,0.707107,0,0,0,1,0,0,0,0,0,0,0,1,0,0,0,0,0,0,-0.585,0.30833,67.4863,164.42,71.8333
245,train,2021-08-19 10:19:00,2021-08-22 21:42:00,58.675,-60.66333,-0.585,0.30833,67.4863,0.260968,0.26858359707810964,-0.9632563788424054,71.8333,11.55,-0.739392,-0.673275,0.5,-0.866025,0,0,0,1,0,0,0,0,0,0,0,1,0,0,0,0,0,0,-0.02667,-0.07333,5.2331,235.51,11.55
245,train,2021-08-22 10:09:00,2021-08-28 10:25:00,58.09,-60.355,-0.02667,-0.07333,5.2331,0.125856,-0.8242250326067359,-0.5662623911442691,11.55,132.7167,-0.773138,-0.634237,0.5,-0.866025,0,0,0,1,0,0,0,0,0,0,0,1,0,0,0,0,0,0,-0.06,0.01333,6.7177,173.29,132.7167
246,train,2021-08-15 21:51:00,2021-08-17 21:35:00,59.2,-60.52667,-0.27667,-0.09666,31.2566,0.689079,-0.17742827860084182,-0.9841337337744003,12.6,35.1333,-0.691351,-0.722519,-0.707107,0.707107,0,0,0,1,0,0,0,0,0,0,0,1,0,0,0,0,0,0,-0.25333,-0.27834,32.4129,209.77,35.1333
246,train,2021-08-16 10:27:00,2021-08-19 10:19:00,58.92333,-60.62333,-0.25333,-0.27834,32.4129,0.256269,-0.49651953199531074,-0.8680255493631265,35.1333,36.7333,-0.703677,-0.71052,0.5,-0.866025,0,0,0,1,0,0,0,0,0,0,0,1,0,0,0,0,0,0,-0.30167,0.11667,34.2214,168.53,36.7333
246,train,2021-08-17 21:35:00,2021-08-31 10:18:00,58.67,-60.90167,-0.30167,0.11667,34.2214,0.258783,0.19885481973619862,-0.9800289590964565,36.7333,287.9833,-0.715795,-0.69831,-0.707107,0.707107,0,0,0,1,0,0,0,0,0,0,0,1,0,0,0,0,0,0,-1.03333,0.57167,119.7752,163.35,287.9833
248,train,2021-08-15 21:51:00,2021-08-27 21:51:00,60.21833,-62.07167,-0.28833,0.55334,44.3855,0.064215,0.6945328113998174,-0.7194610301392742,192.0,96.0,-0.691351,-0.722519,-0.707107,0.707107,0,0,0,1,0,0,0,0,0,0,0,1,0,0,0,0,0,0,0.05,-0.09,7.4844,318.01,96.0
249,val,2021-08-16 10:27:00,2021-08-19 10:19:00,59.135,-60.40333,-0.45167,-0.02834,50.2498,0.397294,-0.03263186295825913,-0.9994674389493003,35.1333,36.7333,-0.703677,-0.71052,0.5,-0.866025,0,0,0,1,0,0,0,0,0,0,0,1,0,0,0,0,0,0,-0.36166,0.035,40.2661,177.09,36.7333
249,val,2021-08-17 21:35:00,2021-08-22 21:42:00,58.68333,-60.43167,-0.36166,0.035,40.2661,0.304493,0.050767248716116535,-0.9987105118390394,36.7333,83.3833,-0.715795,-0.69831,-0.707107,0.707107,0,0,0,1,0,0,0,0,0,0,0,1,0,0,0,0,0,0,-0.42334,0.095,47.4029,173.2,83.3833
249,val,2021-08-19 10:19:00,2021-08-28 10:25:00,58.32167,-60.39667,-0.42334,0.095,47.4029,0.157915,0.11840396830650123,-0.9929655081065369,83.3833,132.7167,-0.739392,-0.673275,0.5,-0.866025,0,0,0,1,0,0,0,0,0,0,0,1,0,0,0,0,0,0,0.05667,0.16667,11.6856,57.3,132.7167
249,val,2021-08-22 21:42:00,2021-08-31 10:18:00,57.89833,-60.30167,0.05667,0.16667,11.6856,0.024458,0.8415107819453062,0.5402403204776551,132.7167,71.8833,-0.773138,-0.634237,-0.707107,0.707107,0,0,0,1,0,0,0,0,0,0,0,1,0,0,0,0,0,0,-0.155,0.07333,17.7722,165.85,71.8833
249,val,2021-08-28 10:25:00,2021-09-01 10:25:00,57.955,-60.135,-0.155,0.07333,17.7722,0.068677,0.2444612919163669,-0.9696590518087174,71.8833,24.1167,-0.83437,-0.551205,0.5,-0.866025,0,0,0,1,0,0,0,0,0,0,0,1,0,0,0,0,0,0,-0.15667,0.04167,17.5958,171.9,24.1167
251,train,2021-08-16 10:27:00,2021-08-27 21:51:00,60.31167,-62.64,-0.275,0.54167,42.807,0.066281,0.7027741454993748,-0.7114130308179796,179.4,96.0,-0.703677,-0.71052,0.5,-0.866025,0,0,0,1,0,0,0,0,0,0,0,1,0,0,0,0,0,0,-0.05167,0.185,11.7785,119.12,96.0
251,train,2021-08-23 21:51:00,2021-08-29 21:35:00,60.03667,-62.09833,-0.05167,0.185,11.7785,0.034081,0.8736024067325188,-0.48664035483213974,96.0,47.7333,-0.783934,-0.620844,-0.707107,0.707107,0,0,0,1,0,0,0,0,0,0,0,1,0,0,0,0,0,0,-0.14667,0.33333,24.7237,131.13,47.7333
251,train,2021-08-27 21:51:00,2021-08-31 10:18:00,59.985,-61.91333,-0.14667,0.33333,24.7237,0.143876,0.7532190881467202,-0.6577697205340356,47.7333,36.7167,-0.824765,-0.565476,-0.707107,0.707107,0,0,0,1,0,0,0,0,0,0,0,1,0,0,0,0,0,0,0.06834,-0.42,24.6418,288.14,36.7167
258,train,2021-08-17 21:35:00,2021-08-21 10:34:00,60.155,-61.42,-0.18333,0.195,23.0792,0.105327,0.47008786203316816,-0.8826196247359817,60.8667,24.1167,-0.715795,-0.69831,-0.707107,0.707107,0,0,0,1,0,0,0,0,0,0,0,1,0,0,0,0,0,0,-0.24,0.11,27.3847,166.99,24.1167
258,train,2021-08-20 10:27:00,2021-08-22 10:09:00,59.97167,-61.225,-0.24,0.11,27.3847,0.315419,0.22512111057443462,-0.9743307885793886,24.1167,23.5833,-0.750864,-0.660457,0.5,-0.866025,0,0,0,1,0,0,0,0,0,0,0,1,0,0,0,0,0,0,-0.27834,0.25333,34.0761,155.16,23.5833
258,train,2021-08-21 10:34:00,2021-08-23 21:51:00,59.73167,-61.115,-0.27834,0.25333,34.0761,0.401367,0.42008572841180647,-0.9074844245411169,23.5833,35.7,-0.762114,-0.647443,0.5,-0.866025,0,0,0,1,0,0,0,0,0,0,0,1,0,0,0,0,0,0,-0.03333,-0.33,19.0232,258.91,35.7
258,train,2021-08-22 10:09:00,2021-08-24 10:27:00,59.45333,-60.86167,-0.03333,-0.33,19.0232,0.148017,-0.9813262504681156,-0.1923506957153761,35.7,12.6,-0.773138,-0.634237,0.5,-0.866025,0,0,0,1,0,0,0,0,0,0,0,1,0,0,0,0,0,0,-0.08167,-0.01333,9.1126,184.76,12.6
258,train,2021-08-23 21:51:00,2021-08-25 10:32:00,59.42,-61.19167,-0.08167,-0.01333,9.1126,0.200895,-0.08298213974238354,-0.9965510345605866,12.6,24.0833,-0.783934,-0.620844,-0.707107,0.707107,0,0,0,1,0,0,0,0,0,0,0,1,0,0,0,0,0,0,-0.11,-0.00333,12.2329,180.89,24.0833
258,train,2021-08-24 10:27:00,2021-08-25 21:34:00,59.33833,-61.205,-0.11,-0.00333,12.2329,0.141095,-0.015532805679964757,-0.9998793586966922,24.0833,11.0333,-0.794497,-0.607268,0.5,-0.866025,0,0,0,1,0,0,0,0,0,0,0,1,0,0,0,0,0,0,-0.05666,0.01833,6.3862,170.59,11.0333
258,train,2021-08-25 10:32:00,2021-08-26 21:42:00,59.22833,-61.20833,-0.05666,0.01833,6.3862,0.160779,0.1634981490784371,-0.9865436408228098,11.0333,24.1333,-0.804826,-0.593511,0.5,-0.866025,0,0,0,1,0,0,0,0,0,0,0,1,0,0,0,0,0,0,-0.11667,0.02167,13.0319,174.54,24.1333
258,train,2021-08-25 21:34:00,2021-08-27 21:51:00,59.17167,-61.19,-0.11667,0.02167,13.0319,0.149999,0.09515081157871208,-0.9954628687479571,24.1333,24.15,-0.804826,-0.593511,-0.707107,0.707107,0,0,0,1,0,0,0,0,0,0,0,1,0,0,0,0,0,0,-0.06833,-0.04167,7.9635,197.44,24.15
258,train,2021-08-26 21:42:00,2021-08-31 10:18:00,59.055,-61.16833,-0.06833,-0.04167,7.9635,0.091597,-0.29970690475106376,-0.954031326133758,24.15,84.45,-0.814916,-0.579579,-0.707107,0.707107,0,0,0,1,0,0,0,0,0,0,0,1,0,0,0,0,0,0,-0.195,0.13333,22.9964,160.49,84.45
258,train,2021-08-27 21:51:00,2021-09-01 10:25:00,58.98667,-61.21,-0.195,0.13333,22.9964,0.075641,0.33397137612562094,-0.9425832164476297,84.45,24.1167,-0.824765,-0.565476,-0.707107,0.707107,0,0,0,1,0,0,0,0,0,0,0,1,0,0,0,0,0,0,-0.07,-0.24666,16.216,241.42,24.1167
258,train,2021-08-31 10:18:00,2021-09-02 10:33:00,58.79167,-61.07667,-0.07,-0.24666,16.216,0.186777,-0.878150016915277,-0.4783853549093019,24.1167,24.1333,-0.861693,-0.50743,0.5,-0.866025,0,0,0,1,0,0,0,0,0,0,0,1,0,0,0,0,0,0,-0.27167,-0.155,31.5157,196.63,24.1333
258,train,2021-09-01 10:25:00,2021-09-02 21:34:00,58.72167,-61.32333,-0.27167,-0.155,31.5157,0.36275,-0.28619010474712114,-0.9581728570278079,24.1333,11.0167,-0.870294,-0.492533,0.5,-0.866025,0,0,0,1,0,0,0,0,0,0,0,1,0,0,0,0,0,0,-0.04667,-0.04334,5.7704,205.95,11.0167
259,val,2021-08-17 21:35:00,2021-08-22 21:42:00,59.16833,-60.985,-0.06166,-0.05167,7.4629,0.056435,-0.3952248802043164,-0.9185843968125541,36.7333,83.3833,-0.715795,-0.69831,-0.707107,0.707107,0,0,0,1,0,0,0,0,0,0,0,1,0,0,0,0,0,0,-0.45,0.1,50.3666,173.41,83.3833
259,val,2021-08-19 10:19:00,2021-08-24 10:27:00,59.10667,-61.03667,-0.45,0.1,50.3666,0.167788,0.1147637724885603,-0.9933928107874518,83.3833,36.75,-0.739392,-0.673275,0.5,-0.866025,0,0,0,1,0,0,0,0,0,0,0,1,0,0,0,0,0,0,-0.11,-0.075,12.9802,199.59,36.75
259,val,2021-08-22 21:42:00,2021-08-25 10:32:00,58.65667,-60.93667,-0.11,-0.075,12.9802,0.098112,-0.3352871445989292,-0.9421159857823753,36.75,24.0833,-0.773138,-0.634237,-0.707107,0.707107,0,0,0,1,0,0,0,0,0,0,0,1,0,0,0,0,0,0,-0.05,-0.18166,11.9234,242.28,24.0833
259,val,2021-08-24 10:27:00,2021-08-25 21:34:00,58.54667,-61.01167,-0.05,-0.18166,11.9234,0.137524,-0.8852313113324551,-0.4651510780774586,24.0833,11.0333,-0.794497,-0.607268,0.5,-0.866025,0,0,0,1,0,0,0,0,0,0,0,1,0,0,0,0,0,0,0.05166,-0.01334,5.7963,352.33,11.0333
259,val,2021-08-25 10:32:00,2021-08-26 10:10:00,58.49667,-61.19333,0.05166,-0.01334,5.7963,0.145929,-0.13346728948545622,0.9910532188724304,11.0333,12.6,-0.804826,-0.593511,0.5,-0.866025,0,0,0,1,0,0,0,0,0,0,0,1,0,0,0,0,0,0,-0.04166,0.015,4.7135,169.35,12.6
259,val,2021-08-25 21:34:00,2021-08-27 10:17:00,58.54833,-61.20667,-0.04166,0.015,4.7135,0.103914,0.18480905336921555,-0.9827744470593314,12.6,24.1167,-0.804826,-0.593511,-0.707107,0.707107,0,0,0,1,0,0,0,0,0,0,0,1,0,0,0,0,0,0,-0.165,0.17,20.8469,151.58,24.1167
259,val,2021-08-26 10:10:00,2021-08-28 10:25:00,58.50667,-61.19167,-0.165,0.17,20.8469,0.240116,0.4759312353644958,-0.8794824951097235,24.1167,24.1333,-0.814916,-0.579579,0.5,-0.866025,0,0,0,1,0,0,0,0,0,0,0,1,0,0,0,0,0,0,-0.06,0.13667,10.4038,129.83,24.1333
259,val,2021-08-27 10:17:00,2021-09-02 21:34:00,58.34167,-61.02167,-0.06,0.13667,10.4038,0.119749,0.7679482576392961,-0.6405118840339884,24.1333,131.15,-0.824765,-0.565476,0.5,-0.866025,0,0,0,1,0,0,0,0,0,0,0,1,0,0,0,0,0,0,-0.53834,0.04667,59.9238,177.35,131.15
261,train,2021-08-19 10:19:00,2021-08-23 21:51:00,59.51167,-60.905,-0.42334,-0.20167,48.4454,0.161388,-0.2378554198779626,-0.9713005710050201,83.3833,24.15,-0.739392,-0.673275,0.5,-0.866025,0,0,0,1,0,0,0,0,0,0,0,1,0,0,0,0,0,0,-0.02166,0.09667,6.026,113.52,24.15
261,train,2021-08-22 21:42:00,2021-08-24 10:27:00,59.08833,-61.10667,-0.02166,0.09667,6.026,0.069312,0.9169208288346165,-0.39906915898029516,24.15,12.6,-0.773138,-0.634237,-0.707107,0.707107,0,0,0,1,0,0,0,0,0,0,0,1,0,0,0,0,0,0,0.065,-0.025,7.3673,348.84,12.6
261,train,2021-08-23 21:51:00,2021-08-26 10:10:00,59.06667,-61.01,0.065,-0.025,7.3673,0.162419,-0.19354946805086082,0.981090517443334,12.6,47.7167,-0.783934,-0.620844,-0.707107,0.707107,0,0,0,1,0,0,0,0,0,0,0,1,0,0,0,0,0,0,-0.265,0.34,35.3191,146.4,47.7167
261,train,2021-08-24 10:27:00,2021-08-26 21:42:00,59.13167,-61.035,-0.265,0.34,35.3191,0.205607,0.5533915492433441,-0.8329212407100994,47.7167,11.5333,-0.794497,-0.607268,0.5,-0.866025,0,0,0,1,0,0,0,0,0,0,0,1,0,0,0,0,0,0,-0.05,0.12,8.8643,128.79,11.5333
261,train,2021-08-26 10:10:00,2021-08-27 10:17:00,58.86667,-60.695,-0.05,0.12,8.8643,0.213494,0.7794473160570615,-0.6264677816866908,11.5333,12.5833,-0.814916,-0.579579,0.5,-0.866025,0,0,0,1,0,0,0,0,0,0,0,1,0,0,0,0,0,0,-0.01,0.095,5.5822,101.45,12.5833
261,train,2021-08-26 21:42:00,2021-08-31 10:18:00,58.81667,-60.575,-0.01,0.095,5.5822,0.123228,0.980098312815026,-0.19851271298619483,12.5833,96.0167,-0.814916,-0.579579,-0.707107,0.707107,0,0,0,1,0,0,0,0,0,0,0,1,0,0,0,0,0,0,-0.31667,0.24,37.8507,158.38,96.0167
261,train,2021-08-27 10:17:00,2021-09-01 10:25:00,58.80667,-60.48,-0.31667,0.24,37.8507,0.109503,0.3684490834703846,-0.929647929535603,96.0167,24.1167,-0.824765,-0.565476,0.5,-0.866025,0,0,0,1,0,0,0,0,0,0,0,1,0,0,0,0,0,0,0.03333,-0.18333,11.2758,289.27,24.1167
262,test,2021-08-19 10:19:00,2021-08-24 10:27:00,59.40667,-60.79333,-0.76,-0.02,84.5159,0.326821,-0.013613147670749327,-0.9999073368120139,71.8333,48.3,-0.739392,-0.673275,0.5,-0.866025,0,0,0,1,0,0,0,0,0,0,0,1,0,0,0,0,0,0,-0.23834,0.07166,26.8267,171.05,48.3
262,test,2021-08-22 10:09:00,2021-08-25 21:34:00,58.64667,-60.81333,-0.23834,0.07166,26.8267,0.154283,0.15557248490745662,-0.9878244793179197,48.3,35.1167,-0.773138,-0.634237,0.5,-0.866025,0,0,0,1,0,0,0,0,0,0,0,1,0,0,0,0,0,0,-0.24166,-0.03333,26.9419,184.16,35.1167
262,test,2021-08-24 10:27:00,2021-08-26 10:10:00,58.40833,-60.74167,-0.24166,-0.03333,26.9419,0.213114,-0.07254192248427065,-0.9973653640879485,35.1167,12.6,-0.794497,-0.607268,0.5,-0.866025,0,0,0,1,0,0,0,0,0,0,0,1,0,0,0,0,0,0,-0.08167,-0.12167,11.5546,218.24,12.6
263,train,2021-08-19 10:19:00,2021-08-24 10:27:00,59.43333,-60.745,-0.815,0.04167,90.6552,0.350562,0.026700364047052644,-0.999643481727238,71.8333,48.3,-0.739392,-0.673275,0.5,-0.866025,0,0,0,1,0,0,0,0,0,0,0,1,0,0,0,0,0,0,-0.19,0.32166,28.1981,138.39,48.3
263,train,2021-08-22 10:09:00,2021-08-26 10:10:00,58.61833,-60.70333,-0.19,0.32166,28.1981,0.16217,0.6640567179275979,-0.747682202125493,48.3,47.7167,-0.773138,-0.634237,0.5,-0.866025,0,0,0,1,0,0,0,0,0,0,0,1,0,0,0,0,0,0,-0.12,0.05,13.6583,167.65,47.7167
263,train,2021-08-24 10:27:00,2021-08-26 21:42:00,58.42833,-60.38167,-0.12,0.05,13.6583,0.07951,0.2138829381616007,-0.9768592983451408,47.7167,11.5333,-0.794497,-0.607268,0.5,-0.866025,0,0,0,1,0,0,0,0,0,0,0,1,0,0,0,0,0,0,-0.03666,0.18,11.2825,111.1,11.5333
263,train,2021-08-26 10:10:00,2021-08-27 10:17:00,58.30833,-60.33167,-0.03666,0.18,11.2825,0.271736,0.932953534825489,-0.3599968081200511,11.5333,12.5833,-0.814916,-0.579579,0.5,-0.866025,0,0,0,1,0,0,0,0,0,0,0,1,0,0,0,0,0,0,-0.07167,0.06834,8.917,153.32,12.5833
263,train,2021-08-26 21:42:00,2021-08-28 10:25:00,58.27167,-60.15167,-0.07167,0.06834,8.917,0.196843,0.4490071258047623,-0.8935281758157078,12.5833,24.1333,-0.814916,-0.579579,-0.707107,0.707107,0,0,0,1,0,0,0,0,0,0,0,1,0,0,0,0,0,0,-0.025,-0.01167,2.8628,193.83,24.1333
264,train,2021-08-19 10:19:00,2021-08-28 10:25:00,59.425,-59.37,-0.43667,-0.615,59.8599,0.107103,-0.5886321304637165,-0.8084010236174533,155.25,60.85,-0.739392,-0.673275,0.5,-0.866025,0,0,0,1,0,0,0,0,0,0,0,1,0,0,0,0,0,0,-0.10833,0.01,12.0594,177.27,60.85
265,test,2021-08-19 10:19:00,2021-08-26 10:10:00,59.37333,-59.37333,-0.42666,-0.645,60.0211,0.107391,-0.6163489099214571,-0.7874731876315737,155.25,12.6,-0.739392,-0.673275,0.5,-0.866025,0,0,0,1,0,0,0,0,0,0,0,1,0,0,0,0,0,0,-0.22167,0.11333,25.4967,165.13,12.6
265,test,2021-08-25 21:34:00,2021-08-28 10:25:00,58.94667,-60.01833,-0.22167,0.11333,25.4967,0.562095,0.25662676459870937,-0.966510581262098,12.6,48.25,-0.804826,-0.593511,-0.707107,0.707107,0,0,0,1,0,0,0,0,0,0,0,1,0,0,0,0,0,0,-0.18,0.16167,22.0942,154.88,48.25
267,train,2021-08-19 10:19:00,2021-08-22 10:09:00,58.695,-61.15333,-0.06167,-0.05334,7.5192,0.086547,-0.4105597138621282,-0.9118337136525757,24.1333,47.7,-0.739392,-0.673275,0.5,-0.866025,0,0,0,1,0,0,0,0,0,0,0,1,0,0,0,0,0,0,-0.19166,0.055,21.5493,171.46,47.7
267,train,2021-08-20 10:27:00,2021-08-22 21:42:00,58.63333,-61.20667,-0.19166,0.055,21.5493,0.125491,0.14849983838007222,-0.9889124319175547,47.7,11.55,-0.750864,-0.660457,0.5,-0.866025,0,0,0,1,0,0,0,0,0,0,0,1,0,0,0,0,0,0,-0.04834,0.03667,5.7838,158.32,11.55
267,train,2021-08-22 10:09:00,2021-08-24 10:27:00,58.44167,-61.15167,-0.04834,0.03667,5.7838,0.139101,0.3694224063029396,-0.9292615808917023,11.55,36.75,-0.773138,-0.634237,0.5,-0.866025,0,0,0,1,0,0,0,0,0,0,0,1,0,0,0,0,0,0,-0.00166,0.21333,12.4336,90.76,36.75
267,train,2021-08-22 21:42:00,2021-08-25 21:34:00,58.39333,-61.115,-0.00166,0.21333,12.4336,0.09398,0.9999120277790478,-0.013264113343632795,36.75,35.1167,-0.773138,-0.634237,-0.707107,0.707107,0,0,0,1,0,0,0,0,0,0,0,1,0,0,0,0,0,0,-0.185,0.08667,21.1852,166.13,35.1167
268,val,2021-08-19 10:19:00,2021-08-21 10:34:00,58.72,-61.15,-0.00667,-0.065,3.8257,0.044034,-0.9811242832551293,-0.19337823250590744,24.1333,24.1167,-0.739392,-0.673275,0.5,-0.866025,0,0,0,1,0,0,0,0,0,0,0,1,0,0,0,0,0,0,-0.25333,0.01,28.175,178.82,24.1167
268,val,2021-08-20 10:27:00,2021-08-22 10:09:00,58.71333,-61.215,-0.25333,0.01,28.175,0.324522,0.020593429320069672,-0.9997879328481812,24.1167,23.5833,-0.750864,-0.660457,0.5,-0.866025,0,0,0,1,0,0,0,0,0,0,0,1,0,0,0,0,0,0,-0.045,0.10333,7.8235,129.72,23.5833
268,val,2021-08-21 10:34:00,2021-08-22 21:42:00,58.46,-61.205,-0.045,0.10333,7.8235,0.092149,0.7691765361454937,-0.639036349704162,23.5833,11.55,-0.762114,-0.647443,0.5,-0.866025,0,0,0,1,0,0,0,0,0,0,0,1,0,0,0,0,0,0,0.05,0.015,5.6279,8.92,11.55
268,val,2021-08-22 10:09:00,2021-08-24 10:27:00,58.415,-61.10167,0.05,0.015,5.6279,0.13535,0.15505523991767378,0.9879058014679702,11.55,36.75,-0.773138,-0.634237,0.5,-0.866025,0,0,0,1,0,0,0,0,0,0,0,1,0,0,0,0,0,0,0.03167,0.12,7.8142,63.16,36.75
268,val,2021-08-22 21:42:00,2021-08-25 10:32:00,58.465,-61.08667,0.03167,0.12,7.8142,0.059064,0.8922708290556195,0.451500573218238,36.75,24.0833,-0.773138,-0.634237,-0.707107,0.707107,0,0,0,1,0,0,0,0,0,0,0,1,0,0,0,0,0,0,-0.02167,-0.20666,12.2509,258.74,24.0833
268,val,2021-08-24 10:27:00,2021-08-25 21:34:00,58.49667,-60.96667,-0.02167,-0.20666,12.2509,0.141302,-0.9807512157806098,-0.1952614983678445,24.0833,11.0333,-0.794497,-0.607268,0.5,-0.866025,0,0,0,1,0,0,0,0,0,0,0,1,0,0,0,0,0,0,-0.02,-0.09334,5.8663,247.76,11.0333
268,val,2021-08-25 10:32:00,2021-08-26 10:10:00,58.475,-61.17333,-0.02,-0.09334,5.8663,0.14769,-0.9256065765712521,-0.37848707429454814,11.0333,12.6,-0.804826,-0.593511,0.5,-0.866025,0,0,0,1,0,0,0,0,0,0,0,1,0,0,0,0,0,0,-0.04167,0.07,6.1702,138.64,12.6
268,val,2021-08-25 21:34:00,2021-08-26 21:42:00,58.455,-61.26667,-0.04167,0.07,6.1702,0.136027,0.6607880278916781,-0.7505725695727408,12.6,11.5333,-0.804826,-0.593511,-0.707107,0.707107,0,0,0,1,0,0,0,0,0,0,0,1,0,0,0,0,0,0,-0.02166,0.04,3.3514,135.93,11.5333
268,val,2021-08-26 10:10:00,2021-08-27 10:17:00,58.41333,-61.19667,-0.02166,0.04,3.3514,0.080717,0.6955366911650412,-0.7184905783955597,11.5333,12.5833,-0.814916,-0.579579,0.5,-0.866025,0,0,0,1,0,0,0,0,0,0,0,1,0,0,0,0,0,0,-0.05167,0.13,9.5128,127.1,12.5833
268,val,2021-08-26 21:42:00,2021-09-01 10:25:00,58.39167,-61.15667,-0.05167,0.13,9.5128,0.209995,0.7975839288252284,-0.6032079877452825,12.5833,120.1333,-0.814916,-0.579579,-0.707107,0.707107,0,0,0,1,0,0,0,0,0,0,0,1,0,0,0,0,0,0,-0.33167,0.14334,37.8256,167.1,120.1333
270,train,2021-08-20 10:27:00,2021-08-23 21:51:00,59.25,-61.26833,-0.075,-0.22334,15.203,0.17511,-0.8370509021774039,-0.5471250196837961,24.1167,59.2833,-0.750864,-0.660457,0.5,-0.866025,0,0,0,1,0,0,0,0,0,0,0,1,0,0,0,0,0,0,-0.015,0.19,10.9559,98.68,59.2833
270,train,2021-08-21 10:34:00,2021-08-24 10:27:00,59.175,-61.49167,-0.015,0.19,10.9559,0.051335,0.988546626571972,-0.15091576157967745,59.2833,12.6,-0.762114,-0.647443,0.5,-0.866025,0,0,0,1,0,0,0,0,0,0,0,1,0,0,0,0,0,0,-0.05833,0.04667,7.0113,157.66,12.6
270,train,2021-08-23 21:51:00,2021-08-25 10:32:00,59.16,-61.30167,-0.05833,0.04667,7.0113,0.154569,0.3801019852396666,-0.9249445825652822,12.6,24.0833,-0.783934,-0.620844,-0.707107,0.707107,0,0,0,1,0,0,0,0,0,0,0,1,0,0,0,0,0,0,-0.04,0.00333,4.4519,177.55,24.0833
270,train,2021-08-24 10:27:00,2021-08-25 21:34:00,59.10167,-61.255,-0.04,0.00333,4.4519,0.051348,0.042747536824321926,-0.9990859062640476,24.0833,11.0333,-0.794497,-0.607268,0.5,-0.866025,0,0,0,1,0,0,0,0,0,0,0,1,0,0,0,0,0,0,-0.06334,-0.09833,9.0145,218.66,11.0333
270,train,2021-08-25 10:32:00,2021-08-26 21:42:00,59.06167,-61.25167,-0.06334,-0.09833,9.0145,0.226952,-0.6246976608044966,-0.7808667188358012,11.0333,24.1333,-0.804826,-0.593511,0.5,-0.866025,0,0,0,1,0,0,0,0,0,0,0,1,0,0,0,0,0,0,-0.14,-0.11667,16.9461,203.32,24.1333
270,train,2021-08-25 21:34:00,2021-09-01 10:25:00,58.99833,-61.35,-0.14,-0.11667,16.9461,0.195052,-0.3958660767255936,-0.9183082539637147,24.1333,132.7167,-0.804826,-0.593511,-0.707107,0.707107,0,0,0,1,0,0,0,0,0,0,0,1,0,0,0,0,0,0,-0.18166,-0.01,20.2079,181.64,132.7167
270,train,2021-08-26 21:42:00,2021-09-02 10:33:00,58.85833,-61.46667,-0.18166,-0.01,20.2079,0.042295,-0.028619491372294692,-0.9995903784618934,132.7167,24.1333,-0.814916,-0.579579,-0.707107,0.707107,0,0,0,1,0,0,0,0,0,0,0,1,0,0,0,0,0,0,-0.26334,-0.04666,29.407,185.3,24.1333
270,train,2021-09-01 10:25:00,2021-09-02 21:34:00,58.67667,-61.47667,-0.26334,-0.04666,29.407,0.338478,-0.09237058744656192,-0.9957246981845821,24.1333,11.0167,-0.870294,-0.492533,0.5,-0.866025,0,0,0,1,0,0,0,0,0,0,0,1,0,0,0,0,0,0,-0.08833,0.05333,10.3025,162.41,11.0167
271,train,2021-08-20 10:27:00,2021-08-22 21:42:00,58.75167,-61.09,-0.31334,0.10167,35.3363,0.205779,0.1674570611099954,-0.9858793702499324,47.7,11.55,-0.750864,-0.660457,0.5,-0.866025,0,0,0,1,0,0,0,0,0,0,0,1,0,0,0,0,0,0,0.03834,-0.025,4.5044,341.18,11.55
271,train,2021-08-22 10:09:00,2021-08-24 10:27:00,58.43833,-60.98833,0.03834,-0.025,4.5044,0.108331,-0.32259611851926373,0.9465367104958503,11.55,36.75,-0.773138,-0.634237,0.5,-0.866025,0,0,0,1,0,0,0,0,0,0,0,1,0,0,0,0,0,0,-0.02167,0.12166,7.4743,108.76,36.75
271,train,2021-08-22 21:42:00,2021-08-25 10:32:00,58.47667,-61.01333,-0.02167,0.12166,7.4743,0.056495,0.946874013302666,-0.3216047308919797,36.75,24.0833,-0.773138,-0.634237,-0.707107,0.707107,0,0,0,1,0,0,0,0,0,0,0,1,0,0,0,0,0,0,0.03333,-0.29333,17.454,282.38,24.0833
271,train,2021-08-24 10:27:00,2021-08-25 21:34:00,58.455,-60.89167,0.03333,-0.29333,17.454,0.201315,-0.9767471755999567,0.21439439115216447,24.0833,11.0333,-0.794497,-0.607268,0.5,-0.866025,0,0,0,0,1,0,0,0,0,0,0,0,0,0,0,0,0,1,0.035,-0.02167,4.0903,342.09,11.0333
271,train,2021-08-25 10:32:00,2021-08-26 10:10:00,58.48833,-61.185,0.035,-0.02167,4.0903,0.102979,-0.3075226976725677,0.9515407455365149,11.0333,12.6,-0.804826,-0.593511,0.5,-0.866025,0,0,0,0,1,0,0,0,0,0,0,0,0,0,0,0,0,1,0.01334,0.02167,1.9449,40.29,12.6
271,train,2021-08-25 21:34:00,2021-08-26 21:42:00,58.52333,-61.20667,0.01334,0.02167,1.9449,0.042877,0.6466566589254249,0.7627812041912193,12.6,11.5333,-0.804826,-0.593511,-0.707107,0.707107,0,0,0,0,1,0,0,0,0,0,0,0,0,0,0,0,0,1,-0.01667,0.00667,1.8936,168.2,11.5333
271,train,2021-08-26 10:10:00,2021-08-27 10:17:00,58.53667,-61.185,-0.01667,0.00667,1.8936,0.045608,0.2044960518417905,-0.978867388761685,11.5333,12.5833,-0.814916,-0.579579,0.5,-0.866025,0,0,0,0,1,0,0,0,0,0,0,0,0,0,0,0,0,1,-0.03667,0.05,5.0064,144.51,12.5833
271,train,2021-08-26 21:42:00,2021-08-28 10:25:00,58.52,-61.17833,-0.03667,0.05,5.0064,0.110517,0.5805608569041806,-0.8142168577416483,12.5833,24.1333,-0.814916,-0.579579,-0.707107,0.707107,0,0,0,0,1,0,0,0,0,0,0,0,0,0,0,0,0,1,-0.10333,0.13333,13.8656,145.9,24.1333
271,train,2021-08-27 10:17:00,2021-08-31 10:18:00,58.48333,-61.12833,-0.10333,0.13333,13.8656,0.159595,0.5606389945632417,-0.8280603346224944,24.1333,71.8833,-0.824765,-0.565476,0.5,-0.866025,0,0,0,0,1,0,0,0,0,0,0,0,0,0,0,0,0,1,-0.20333,-0.02,22.6395,182.97,71.8833
271,train,2021-08-28 10:25:00,2021-09-01 10:25:00,58.38,-60.995,-0.20333,-0.02,22.6395,0.087485,-0.05181306789106199,-0.998656800905955,71.8833,24.1167,-0.83437,-0.551205,0.5,-0.866025,0,0,0,0,1,0,0,0,0,0,0,0,0,0,0,0,0,1,-0.03167,-0.23833,14.417,255.96,24.1167
271,train,2021-08-31 10:18:00,2021-09-02 10:33:00,58.17667,-61.015,-0.03167,-0.23833,14.417,0.166056,-0.9701265964901058,-0.24259923079540746,24.1167,24.1333,-0.861693,-0.50743,0.5,-0.866025,0,0,0,0,1,0,0,0,0,0,0,0,0,0,0,0,0,1,-0.19167,-0.21,24.6359,210.19,24.1333
272,train,2021-08-20 10:27:00,2021-08-22 21:42:00,58.74333,-61.11833,-0.31166,0.11,35.2365,0.205197,0.18172066946951834,-0.9833501910751582,47.7,11.55,-0.750864,-0.660457,0.5,-0.866025,0,0,0,1,0,0,0,0,0,0,0,1,0,0,0,0,0,0,0.025,-0.005,2.7951,354.03,11.55
272,train,2021-08-22 10:09:00,2021-08-25 21:34:00,58.43167,-61.00833,0.025,-0.005,2.7951,0.067221,-0.10400771851619182,0.9945764900142455,11.55,71.8667,-0.773138,-0.634237,0.5,-0.866025,0,0,0,1,0,0,0,0,0,0,0,1,0,0,0,0,0,0,-0.31,0.06333,34.6684,173.85,71.8667
272,train,2021-08-22 21:42:00,2021-08-26 10:10:00,58.45667,-61.01333,-0.31,0.06333,34.6684,0.134,0.10713175431387377,-0.9942448326331054,71.8667,12.6,-0.773138,-0.634237,-0.707107,0.707107,0,0,0,1,0,0,0,0,0,0,0,1,0,0,0,0,0,0,-0.13334,0.11167,16.2153,156.07,12.6
274,train,2021-08-20 10:27:00,2021-08-31 10:18:00,58.43833,-60.78,-0.535,0.31333,62.2622,0.36258,0.29737487407778634,-0.9547607995027972,47.7,216.15,-0.750864,-0.660457,0.5,-0.866025,0,0,0,1,0,0,0,0,0,0,0,1,0,0,0,0,0,0,-0.58,0.24,66.058,167.4,216.15
275,test,2021-08-20 10:27:00,2021-08-22 21:42:00,58.44,-60.79,-0.55333,0.33,64.5002,0.375612,0.3023698907504446,-0.9531906677929469,47.7,11.55,-0.750864,-0.660457,0.5,-0.866025,0,0,0,1,0,0,0,0,0,0,0,1,0,0,0,0,0,0,-0.04334,0.13833,9.4955,120.44,11.55
277,train,2021-08-20 10:27:00,2021-08-28 10:25:00,58.47333,-60.61667,-0.33166,0.20834,38.8352,0.182069,0.31482086633214584,-0.9491511060531285,59.25,132.7167,-0.750864,-0.660457,0.5,-0.866025,0,0,0,1,0,0,0,0,0,0,0,1,0,0,0,0,0,0,0.00166,0.07333,4.3077,87.51,132.7167
285,train,2021-08-22 10:09:00,2021-08-25 10:02:00,56.48167,-58.875,-0.00667,0.02667,1.7979,0.014002,0.9110438156205597,-0.41230955121065477,35.6667,36.2167,-0.773138,-0.634237,0.5,-0.866025,0,0,0,1,0,0,0,0,0,0,0,1,0,0,0,0,0,0,-0.005,0.00166,0.5652,169.61,36.2167
285,train,2021-08-23 21:49:00,2021-08-25 21:34:00,56.475,-58.84833,-0.005,0.00166,0.5652,0.004335,0.18034747689602387,-0.9836029623670509,36.2167,11.5333,-0.783934,-0.620844,-0.707107,0.707107,0,0,0,1,0,0,0,0,0,0,0,1,0,0,0,0,0,0,0.00167,0.0,0.1857,0.0,11.5333
285,train,2021-08-25 10:02:00,2021-08-27 10:17:00,56.47,-58.84667,0.00167,0.0,0.1857,0.004472,0.0,1.0,11.5333,36.7167,-0.804826,-0.593511,0.5,-0.866025,0,0,0,1,0,0,0,0,0,0,0,1,0,0,0,0,0,0,-0.05167,-0.00833,5.7682,185.1,36.7167
285,train,2021-08-25 21:34:00,2021-08-27 21:49:00,56.47167,-58.84667,-0.05167,-0.00833,5.7682,0.043639,-0.0888942968664412,-0.9960410654107696,36.7167,11.5333,-0.804826,-0.593511,-0.707107,0.707107,0,0,0,1,0,0,0,0,0,0,0,1,0,0,0,0,0,0,0.0,0.0,0.0,0.0,11.5333
286,train,2021-08-22 10:09:00,2021-08-24 10:27:00,58.46667,-61.28,0.01166,-0.04167,2.748,0.066089,-0.8815507582484101,0.4720892507054712,11.55,36.75,-0.773138,-0.634237,0.5,-0.866025,0,0,0,1,0,0,0,0,0,0,0,1,0,0,0,0,0,0,-0.13,-0.03,14.5606,186.9,36.75
286,train,2021-08-22 21:42:00,2021-09-01 10:25:00,58.47833,-61.32167,-0.13,-0.03,14.5606,0.110057,-0.12013683883464703,-0.9927573419294455,36.75,191.9667,-0.773138,-0.634237,-0.707107,0.707107,0,0,0,1,0,0,0,0,0,0,0,1,0,0,0,0,0,0,-0.67333,0.39334,78.3737,162.64,191.9667
287,train,2021-08-22 21:42:00,2021-08-31 10:18:00,58.255,-61.53,-0.365,0.455,48.6118,0.124359,0.553246168634845,-0.8330178130693633,108.5833,96.0167,-0.773138,-0.634237,-0.707107,0.707107,0,0,0,1,0,0,0,0,0,0,0,1,0,0,0,0,0,0,-0.56667,0.41833,67.7593,158.24,96.0167
287,train,2021-08-27 10:17:00,2021-09-03 10:09:00,57.89,-61.075,-0.56667,0.41833,67.7593,0.196029,0.3707195397133166,-0.9287448642521512,96.0167,71.85,-0.824765,-0.565476,0.5,-0.866025,0,0,0,1,0,0,0,0,0,0,0,1,0,0,0,0,0,0,-0.44833,-0.25333,52.1472,197.17,71.85
288,train,2021-08-22 21:42:00,2021-08-27 10:17:00,58.26833,-61.46833,-0.265,0.38,36.9573,0.106937,0.6058495547231526,-0.7955792336667402,96.0,12.5833,-0.773138,-0.634237,-0.707107,0.707107,0,0,0,1,0,0,0,0,0,0,0,1,0,0,0,0,0,0,-0.045,0.00666,5.0192,175.51,12.5833
289,train,2021-08-22 21:42:00,2021-08-26 21:42:00,58.25833,-61.44,-0.19166,0.40667,31.9873,0.105194,0.7476822021254932,-0.6640567179275978,84.4667,11.5333,-0.773138,-0.634237,-0.707107,0.707107,0,0,0,1,0,0,0,0,0,0,0,1,0,0,0,0,0,0,0.01,0.00333,1.1291,9.99,11.5333
290,val,2021-08-22 21:42:00,2021-08-26 10:10:00,58.48167,-60.89333,-0.035,0.00166,3.893,0.029426,0.024781138307748495,-0.9996929004370153,36.75,47.7167,-0.773138,-0.634237,-0.707107,0.707107,0,0,0,1,0,0,0,0,0,0,0,1,0,0,0,0,0,0,0.00666,0.045,2.7209,74.19,47.7167
290,val,2021-08-24 10:27:00,2021-08-28 10:25:00,58.44667,-60.89167,0.00666,0.045,2.7209,0.015839,0.9621704570061185,0.2724481816137466,47.7167,48.25,-0.794497,-0.607268,0.5,-0.866025,0,0,0,1,0,0,0,0,0,0,0,1,0,0,0,0,0,0,-0.29,0.11334,32.9192,168.35,48.25
291,train,2021-08-22 21:42:00,2021-08-25 10:32:00,58.54333,-61.38833,-0.025,0.115,7.2312,0.054658,0.9234782808576822,-0.3836507067426564,36.75,24.0833,-0.773138,-0.634237,-0.707107,0.707107,0,0,0,1,0,0,0,0,0,0,0,1,0,0,0,0,0,0,0.03667,-0.06667,5.6213,316.53,24.0833
291,train,2021-08-24 10:27:00,2021-08-25 21:34:00,58.51833,-61.27333,0.03667,-0.06667,5.6213,0.064836,-0.6879746762204411,0.7257346931760802,24.0833,11.0333,-0.794497,-0.607268,0.5,-0.866025,0,0,0,1,0,0,0,0,0,0,0,1,0,0,0,0,0,0,0.02,0.02333,2.6031,31.3,11.0333
291,train,2021-08-25 10:32:00,2021-08-26 21:42:00,58.555,-61.34,0.02,0.02333,2.6031,0.065537,0.5195191118795094,0.8544588301328074,11.0333,24.1333,-0.804826,-0.593511,0.5,-0.866025,0,0,0,1,0,0,0,0,0,0,0,1,0,0,0,0,0,0,-0.06667,0.03,7.615,166.77,24.1333
291,train,2021-08-25 21:34:00,2021-08-27 10:17:00,58.575,-61.31667,-0.06667,0.03,7.615,0.08765,0.22886060350701287,-0.9734592051865377,24.1333,12.5833,-0.804826,-0.593511,-0.707107,0.707107,0,0,0,1,0,0,0,0,0,0,0,1,0,0,0,0,0,0,-0.02333,0.08167,5.4082,118.63,12.5833
291,train,2021-08-26 21:42:00,2021-08-31 10:18:00,58.50833,-61.28667,-0.02333,0.08167,5.4082,0.119386,0.8777322126167204,-0.47915150311248766,12.5833,96.0167,-0.814916,-0.579579,-0.707107,0.707107,0,0,0,1,0,0,0,0,0,0,0,1,0,0,0,0,0,0,-0.32833,0.195,38.2432,162.59,96.0167
291,train,2021-08-27 10:17:00,2021-09-02 21:34:00,58.485,-61.205,-0.32833,0.195,38.2432,0.110638,0.2992073340564685,-0.9541881215184042,96.0167,59.2667,-0.824765,-0.565476,0.5,-0.866025,0,0,0,1,0,0,0,0,0,0,0,1,0,0,0,0,0,0,-0.29334,-0.14667,33.7428,194.9,59.2667
291,train,2021-08-31 10:18:00,2021-09-03 10:09:00,58.15667,-61.01,-0.29334,-0.14667,33.7428,0.15815,-0.25713279315469634,-0.9663760793213293,59.2667,12.5833,-0.861693,-0.50743,0.5,-0.866025,0,0,0,1,0,0,0,0,0,0,0,1,0,0,0,0,0,0,-0.07,-0.01166,7.8142,185.07,12.5833
292,train,2021-08-22 21:42:00,2021-08-25 10:32:00,58.48167,-61.33833,-0.09667,-0.135,13.3153,0.100645,-0.591028110073067,-0.8066509611371319,36.75,24.0833,-0.773138,-0.634237,-0.707107,0.707107,0,0,0,1,0,0,0,0,0,0,0,1,0,0,0,0,0,0,0.04667,0.155,10.414,60.05,24.0833
292,train,2021-08-24 10:27:00,2021-08-31 10:18:00,58.385,-61.47333,0.04667,0.155,10.414,0.120115,0.8664614062840471,0.49924405997494997,24.0833,143.7667,-0.794497,-0.607268,0.5,-0.866025,0,0,0,1,0,0,0,0,0,0,0,1,0,0,0,0,0,0,-0.57167,0.355,66.8933,161.7,143.7667
292,train,2021-08-25 10:32:00,2021-09-02 21:34:00,58.43167,-61.31833,-0.57167,0.355,66.8933,0.129247,0.31399245596740516,-0.9494254776419038,143.7667,59.2667,-0.804826,-0.593511,0.5,-0.866025,0,0,0,1,0,0,0,0,0,0,0,1,0,0,0,0,0,0,-0.18167,-0.14334,21.9165,202.88,59.2667
293,train,2021-08-22 21:42:00,2021-08-25 10:32:00,58.48667,-61.39667,-0.17167,-0.11833,20.2957,0.153406,-0.3405436562652774,-0.9402287052507367,36.75,24.0833,-0.773138,-0.634237,-0.707107,0.707107,0,0,0,1,0,0,0,0,0,0,0,1,0,0,0,0,0,0,0.03,-0.02833,3.7233,333.64,24.0833
293,train,2021-08-24 10:27:00,2021-08-25 21:34:00,58.315,-61.515,0.03,-0.02833,3.7233,0.042945,-0.44400974610623056,0.896021955848561,24.0833,11.0333,-0.794497,-0.607268,0.5,-0.866025,0,0,0,1,0,0,0,0,0,0,0,1,0,0,0,0,0,0,0.03667,-0.005,4.0879,355.91,11.0333
293,train,2021-08-25 10:32:00,2021-09-02 21:34:00,58.345,-61.54333,0.03667,-0.005,4.0879,0.102919,-0.0713233569870426,0.9974532463970924,11.0333,192.0,-0.804826,-0.593511,0.5,-0.866025,0,0,0,1,0,0,0,0,0,0,0,1,0,0,0,0,0,0,-0.705,0.32833,80.7404,166.01,192.0
296,test,2021-08-23 21:51:00,2021-08-25 21:34:00,59.54,-61.77667,0.05833,-0.12333,9.5034,0.20951,-0.7302815192695726,0.683146325916582,12.6,35.1167,-0.783934,-0.620844,-0.707107,0.707107,0,0,0,1,0,0,0,0,0,0,0,1,0,0,0,0,0,0,-0.01,0.08,4.6376,103.84,35.1167
296,test,2021-08-24 10:27:00,2021-08-28 10:25:00,59.59833,-61.9,-0.01,0.08,4.6376,0.036684,0.9709675154952015,-0.23921137902088926,35.1167,60.85,-0.794497,-0.607268,0.5,-0.866025,0,0,0,1,0,0,0,0,0,0,0,1,0,0,0,0,0,0,-0.01833,-0.00833,2.0915,192.96,60.85
296,test,2021-08-25 21:34:00,2021-08-28 21:58:00,59.58833,-61.82,-0.01833,-0.00833,2.0915,0.009547,-0.2242707609493812,-0.9745268727865771,60.85,11.55,-0.804826,-0.593511,-0.707107,0.707107,0,0,0,1,0,0,0,0,0,0,0,1,0,0,0,0,0,0,0.06167,0.05166,7.448,22.95,11.55
296,test,2021-08-28 10:25:00,2021-08-29 21:35:00,59.57,-61.82833,0.06167,0.05166,7.448,0.179125,0.38992768778818826,0.9208454801410263,11.55,23.6167,-0.83437,-0.551205,0.5,-0.866025,0,0,0,1,0,0,0,0,0,0,0,1,0,0,0,0,0,0,-0.07834,0.07834,9.7633,153.12,23.6167
296,test,2021-08-28 21:58:00,2021-08-31 10:18:00,59.63167,-61.77667,-0.07834,0.07834,9.7633,0.114835,0.45212338569115057,-0.891955404777151,23.6167,36.7167,-0.83437,-0.551205,-0.707107,0.707107,0,0,0,1,0,0,0,0,0,0,0,1,0,0,0,0,0,0,0.05667,0.2,12.9031,60.68,36.7167
296,test,2021-08-29 21:35:00,2021-09-01 10:25:00,59.55333,-61.69833,0.05667,0.2,12.9031,0.097618,0.8718983926044019,0.4896868315299689,36.7167,24.1167,-0.843728,-0.536771,-0.707107,0.707107,0,0,0,1,0,0,0,0,0,0,0,1,0,0,0,0,0,0,-0.09333,-0.24834,17.4181,233.54,24.1167
296,test,2021-08-31 10:18:00,2021-09-02 10:33:00,59.61,-61.49833,-0.09333,-0.24834,17.4181,0.200623,-0.8042719293322382,-0.5942614438849279,24.1167,24.1333,-0.861693,-0.50743,0.5,-0.866025,0,0,0,1,0,0,0,0,0,0,0,1,0,0,0,0,0,0,-0.12334,-0.41833,27.3304,240.06,24.1333
297,val,2021-08-23 21:51:00,2021-08-24 21:59:00,59.465,-61.58333,-0.03333,-0.26167,15.2474,0.336142,-0.9705064734685425,-0.24107506083303878,12.6,11.5333,-0.783934,-0.620844,-0.707107,0.707107,0,0,0,1,0,0,0,0,0,0,0,1,0,0,0,0,0,0,0.03333,-0.15667,9.5996,292.78,11.5333
297,val,2021-08-24 10:27:00,2021-08-25 10:32:00,59.43167,-61.845,0.03333,-0.15667,9.5996,0.231204,-0.9219983638803673,0.38719377190487697,11.5333,12.55,-0.794497,-0.607268,0.5,-0.866025,0,0,0,1,0,0,0,0,0,0,0,1,0,0,0,0,0,0,0.05833,0.02167,6.6003,10.67,12.55
297,val,2021-08-24 21:59:00,2021-08-27 10:17:00,59.465,-62.00167,0.05833,0.02167,6.6003,0.14609,0.18515209510115055,0.982709876657223,12.55,47.75,-0.794497,-0.607268,-0.707107,0.707107,0,0,0,1,0,0,0,0,0,0,0,1,0,0,0,0,0,0,-0.08833,0.06,10.3898,160.94,47.75
297,val,2021-08-25 10:32:00,2021-08-27 21:51:00,59.52333,-61.98,-0.08833,0.06,10.3898,0.060441,0.32655812050046645,-0.9451771230490097,47.75,11.5667,-0.804826,-0.593511,0.5,-0.866025,0,0,0,1,0,0,0,0,0,0,0,1,0,0,0,0,0,0,0.03667,-0.07167,5.7473,315.22,11.5667
297,val,2021-08-27 10:17:00,2021-08-28 21:58:00,59.435,-61.92,0.03667,-0.07167,5.7473,0.138023,-0.7043864801272866,0.7098166570417264,11.5667,24.1167,-0.824765,-0.565476,0.5,-0.866025,0,0,0,1,0,0,0,0,0,0,0,1,0,0,0,0,0,0,-0.05,0.11334,8.4826,130.9,24.1167
299,val,2021-08-23 21:51:00,2021-08-24 21:59:00,59.49667,-61.53833,-0.04167,-0.295,17.2927,0.381233,-0.9640490412643431,-0.2657243798323762,12.6,11.5333,-0.783934,-0.620844,-0.707107,0.707107,0,0,0,1,0,0,0,0,0,0,0,1,0,0,0,0,0,0,0.02333,-0.165,9.6753,285.62,11.5333
299,val,2021-08-24 10:27:00,2021-08-25 10:32:00,59.455,-61.83333,0.02333,-0.165,9.6753,0.233029,-0.9630686373944738,0.26925601138535715,11.5333,12.55,-0.794497,-0.607268,0.5,-0.866025,0,0,0,1,0,0,0,0,0,0,0,1,0,0,0,0,0,0,0.06334,0.045,7.4867,19.8,12.55
299,val,2021-08-24 21:59:00,2021-08-25 21:34:00,59.47833,-61.99833,0.06334,0.045,7.4867,0.165709,0.3387379202452914,0.9408807689542255,12.55,11.0333,-0.794497,-0.607268,-0.707107,0.707107,0,0,0,1,0,0,0,0,0,0,0,1,0,0,0,0,0,0,0.01,0.05333,3.2046,69.67,11.0333
299,val,2021-08-25 10:32:00,2021-08-28 21:58:00,59.54167,-61.95333,0.01,0.05333,3.2046,0.080681,0.9377071509740375,0.3474266814914389,11.0333,72.4,-0.804826,-0.593511,0.5,-0.866025,0,0,0,1,0,0,0,0,0,0,0,1,0,0,0,0,0,0,0.075,-0.15,11.8673,314.71,72.4
299,val,2021-08-25 21:34:00,2021-08-29 21:35:00,59.55167,-61.9,0.075,-0.15,11.8673,0.045531,-0.7106766975124699,0.7035187500079648,72.4,23.6167,-0.804826,-0.593511,-0.707107,0.707107,0,0,0,1,0,0,0,0,0,0,0,1,0,0,0,0,0,0,0.05666,0.11833,9.1587,46.48,23.6167
299,val,2021-08-28 21:58:00,2021-08-31 10:18:00,59.62667,-62.05,0.05666,0.11833,9.1587,0.107724,0.7251340457494933,0.6886077371733285,23.6167,36.7167,-0.83437,-0.551205,-0.707107,0.707107,0,0,0,1,0,0,0,0,0,0,0,1,0,0,0,0,0,0,-0.005,-0.28,15.7271,268.09,36.7167
299,val,2021-08-29 21:35:00,2021-09-01 10:25:00,59.68333,-61.93167,-0.005,-0.28,15.7271,0.118982,-0.9994444140490196,-0.033329614852438724,36.7167,24.1167,-0.843728,-0.536771,-0.707107,0.707107,0,0,0,1,0,0,0,0,0,0,0,1,0,0,0,0,0,0,0.015,-0.145,8.3072,281.65,24.1167
299,val,2021-08-31 10:18:00,2021-09-02 10:33:00,59.67833,-62.21167,0.015,-0.145,8.3072,0.095683,-0.9793994030381802,0.2019326851415002,24.1167,24.1333,-0.861693,-0.50743,0.5,-0.866025,0,0,0,1,0,0,0,0,0,0,0,1,0,0,0,0,0,0,-0.12666,-0.185,17.5078,216.52,24.1333
300,train,2021-08-24 10:27:00,2021-08-26 10:10:00,59.45167,-60.82667,-0.00667,0.08667,4.9546,0.057146,0.9888345420295792,-0.14901761133890262,24.0833,23.6333,-0.794497,-0.607268,0.5,-0.866025,0,0,0,1,0,0,0,0,0,0,0,1,0,0,0,0,0,0,0.025,-0.01167,2.857,346.66,23.6333
303,test,2021-08-24 10:27:00,2021-08-25 21:34:00,58.63,-61.11,-0.01667,0.01833,2.1359,0.024636,0.4969739610275555,-0.8677654533689283,24.0833,11.0333,-0.794497,-0.607268,0.5,-0.866025,0,0,0,1,0,0,0,0,0,0,0,1,0,0,0,0,0,0,0.025,0.04334,3.7447,42.05,11.0333
303,test,2021-08-25 10:32:00,2021-08-26 10:10:00,58.61333,-61.09167,0.025,0.04334,3.7447,0.094277,0.6697788676917006,0.7425606159726109,11.0333,12.6,-0.804826,-0.593511,0.5,-0.866025,0,0,0,1,0,0,0,0,0,0,0,1,0,0,0,0,0,0,-0.045,-0.07334,6.5631,220.35,12.6
303,test,2021-08-25 21:34:00,2021-08-26 21:42:00,58.63833,-61.04833,-0.045,-0.07334,6.5631,0.144689,-0.647455086819402,-0.7621036088037377,12.6,11.5333,-0.804826,-0.593511,-0.707107,0.707107,0,0,0,1,0,0,0,0,0,0,0,1,0,0,0,0,0,0,0.0,-0.02,1.1589,270.01,11.5333
303,test,2021-08-26 10:10:00,2021-08-28 10:25:00,58.59333,-61.12167,0.0,-0.02,1.1589,0.027912,-0.9999999847691291,0.00017453292431314225,11.5333,36.7167,-0.814916,-0.579579,0.5,-0.866025,0,0,0,1,0,0,0,0,0,0,0,1,0,0,0,0,0,0,-0.045,0.03834,5.4754,156.03,36.7167
303,test,2021-08-26 21:42:00,2021-08-31 10:18:00,58.59333,-61.14167,-0.045,0.03834,5.4754,0.041424,0.40625825606000243,-0.9137582992143412,36.7167,71.8833,-0.814916,-0.579579,-0.707107,0.707107,0,0,0,1,0,0,0,0,0,0,0,1,0,0,0,0,0,0,-0.24333,0.115,27.8731,166.05,71.8833
303,test,2021-08-28 10:25:00,2021-09-01 10:25:00,58.54833,-61.10333,-0.24333,0.115,27.8731,0.10771,0.24107506083303873,-0.9705064734685425,71.8833,24.1167,-0.83437,-0.551205,0.5,-0.866025,0,0,0,1,0,0,0,0,0,0,0,1,0,0,0,0,0,0,0.01,-0.18334,10.7671,276.01,24.1167
303,test,2021-08-31 10:18:00,2021-09-02 10:33:00,58.305,-60.98833,0.01,-0.18334,10.7671,0.124016,-0.9945036365624706,0.10470203849028571,24.1167,24.1333,-0.861693,-0.50743,0.5,-0.866025,0,0,0,1,0,0,0,0,0,0,0,1,0,0,0,0,0,0,-0.21,-0.11333,24.2763,195.92,24.1333
303,test,2021-09-01 10:25:00,2021-09-02 21:34:00,58.315,-61.17167,-0.21,-0.11333,24.2763,0.279423,-0.2742949130431464,-0.9616456211508753,24.1333,11.0167,-0.870294,-0.492533,0.5,-0.866025,0,0,0,1,0,0,0,0,0,0,0,1,0,0,0,0,0,0,-0.07333,-0.00333,8.1563,181.38,11.0167
306,val,2021-08-24 21:59:00,2021-08-31 10:18:00,59.32,-62.05333,-0.125,0.24166,19.5416,0.230171,0.7042625830219877,-0.7099395848628233,23.5833,132.7333,-0.794497,-0.607268,-0.707107,0.707107,0,0,0,1,0,0,0,0,0,0,0,1,0,0,0,0,0,0,-0.32833,0.225,38.712,160.48,132.7333
306,val,2021-08-25 21:34:00,2021-09-01 10:25:00,59.195,-61.81167,-0.32833,0.225,38.712,0.081015,0.3341358828441217,-0.942524913090354,132.7333,24.1167,-0.804826,-0.593511,-0.707107,0.707107,0,0,0,1,0,0,0,0,0,0,0,1,0,0,0,0,0,0,-0.05,-0.27333,16.6793,250.65,24.1167
307,train,2021-08-25 10:32:00,2021-08-31 10:18:00,58.86667,-61.58333,-0.03334,-0.075,5.688,0.143203,-0.7588167962308457,-0.651304130002225,11.0333,132.7333,-0.804826,-0.593511,0.5,-0.866025,0,0,0,1,0,0,0,0,0,0,0,1,0,0,0,0,0,0,-0.18833,0.035,21.0385,174.48,132.7333
307,train,2021-08-25 21:34:00,2021-09-01 10:25:00,58.83333,-61.65833,-0.18833,0.035,21.0385,0.044028,0.09619320549437793,-0.9953626812457439,132.7333,24.1167,-0.804826,-0.593511,-0.707107,0.707107,0,0,0,1,0,0,0,0,0,0,0,1,0,0,0,0,0,0,-0.05333,-0.16667,11.327,238.5,24.1167
307,train,2021-08-31 10:18:00,2021-09-02 10:33:00,58.645,-61.62333,-0.05333,-0.16667,11.327,0.130466,-0.8526401643540924,-0.5224985647159486,24.1167,24.1333,-0.861693,-0.50743,0.5,-0.866025,0,0,0,1,0,0,0,0,0,0,0,1,0,0,0,0,0,0,-0.20834,-0.19833,25.8756,206.54,24.1333
308,train,2021-08-25 21:34:00,2021-08-26 21:42:00,59.19167,-60.15333,-0.12167,0.075,14.1896,0.312822,0.30203714602472914,-0.9532961567221576,12.6,11.5333,-0.804826,-0.593511,-0.707107,0.707107,0,0,0,1,0,0,0,0,0,0,0,1,0,0,0,0,0,0,-0.08833,0.03,9.9708,170.07,11.5333
308,train,2021-08-26 10:10:00,2021-08-27 10:17:00,59.07,-60.07833,-0.08833,0.03,9.9708,0.240144,0.17244487872517733,-0.9850191692558368,11.5333,12.5833,-0.814916,-0.579579,0.5,-0.866025,0,0,0,1,0,0,0,0,0,0,0,1,0,0,0,0,0,0,-0.295,-0.00834,32.806,180.84,12.5833
308,train,2021-08-26 21:42:00,2021-08-28 10:25:00,58.98167,-60.04833,-0.295,-0.00834,32.806,0.724195,-0.01466024052966052,-0.9998925328992174,12.5833,24.1333,-0.814916,-0.579579,-0.707107,0.707107,0,0,0,0,1,0,0,0,0,0,0,0,0,0,0,0,0,1,-0.50167,-0.10666,56.1275,186.4,24.1333
309,train,2021-08-25 21:34:00,2021-08-28 10:25:00,59.03667,-60.03167,0.01333,-0.01833,1.8155,0.040025,-0.577430216548673,0.816440043736558,12.6,48.25,-0.804826,-0.593511,-0.707107,0.707107,0,0,0,1,0,0,0,0,0,0,0,1,0,0,0,0,0,0,-0.17,0.08,19.4515,166.33,48.25
310,train,2021-08-25 21:34:00,2021-08-27 10:17:00,58.8,-60.875,-0.08667,-0.02667,9.7592,0.11233,-0.15781338518579385,-0.9874689541733452,24.1333,12.5833,-0.804826,-0.593511,-0.707107,0.707107,0,0,0,1,0,0,0,0,0,0,0,1,0,0,0,0,0,0,-0.00166,0.01,0.6063,107.72,12.5833
310,train,2021-08-26 21:42:00,2021-09-02 21:34:00,58.71333,-60.90167,-0.00166,0.01,0.6063,0.013383,0.9525552956573243,-0.30436558398608,12.5833,155.2833,-0.814916,-0.579579,-0.707107,0.707107,0,0,0,1,0,0,0,0,0,0,0,1,0,0,0,0,0,0,-0.68,0.12834,75.982,174.29,155.2833
312,test,2021-08-25 21:34:00,2021-08-27 10:17:00,57.155,-59.53833,-0.05,-0.04667,6.2325,0.1374,-0.4522790543900702,-0.8918764807752383,12.6,24.1167,-0.804826,-0.593511,-0.707107,0.707107,0,0,0,1,0,0,0,0,0,0,0,1,0,0,0,0,0,0,0.01333,-0.08667,5.4389,285.85,24.1167
312,test,2021-08-26 10:10:00,2021-08-27 21:49:00,57.105,-59.585,0.01333,-0.08667,5.4389,0.062646,-0.9619800178340636,0.27311983686282215,24.1167,11.5333,-0.814916,-0.579579,0.5,-0.866025,0,0,0,1,0,0,0,0,0,0,0,1,0,0,0,0,0,0,0.03834,-0.005,4.2739,355.95,11.5333
312,test,2021-08-27 10:17:00,2021-08-28 10:25:00,57.11833,-59.67167,0.03834,-0.005,4.2739,0.102935,-0.07062698593116697,0.99750279641627,11.5333,12.6,-0.824765,-0.565476,0.5,-0.866025,0,0,0,1,0,0,0,0,0,0,0,1,0,0,0,0,0,0,0.06333,-0.015,7.0997,352.69,12.6
312,test,2021-08-27 21:49:00,2021-08-31 10:18:00,57.15667,-59.67667,0.06333,-0.015,7.0997,0.15652,-0.1272377249037215,0.9918722505248975,12.6,71.8833,-0.824765,-0.565476,-0.707107,0.707107,0,0,0,1,0,0,0,0,0,0,0,1,0,0,0,0,0,0,0.09333,0.20834,16.2671,50.27,71.8833
312,test,2021-08-28 10:25:00,2021-09-02 21:34:00,57.22,-59.69167,0.09333,0.20834,16.2671,0.062861,0.7690649915474087,0.6391705866012486,71.8833,59.2667,-0.83437,-0.551205,0.5,-0.866025,0,0,0,1,0,0,0,0,0,0,0,1,0,0,0,0,0,0,-0.02,-0.57667,34.7098,266.57,59.2667
314,train,2021-08-26 10:10:00,2021-08-27 21:49:00,56.93833,-59.32,0.00334,-0.26167,15.8769,0.182871,-0.9996797880281931,0.025304572865529677,24.1167,11.5333,-0.814916,-0.579579,0.5,-0.866025,0,0,0,1,0,0,0,0,0,0,0,1,0,0,0,0,0,0,0.075,-0.14,11.896,314.57,11.5333
314,train,2021-08-27 10:17:00,2021-09-03 10:09:00,56.94167,-59.58167,0.075,-0.14,11.896,0.286513,-0.7123935948500397,0.701780140796701,11.5333,156.3333,-0.824765,-0.565476,0.5,-0.866025,0,0,0,1,0,0,0,0,0,0,0,1,0,0,0,0,0,0,-0.595,-0.20666,67.3519,190.88,156.3333
315,val,2021-08-26 21:42:00,2021-08-28 10:25:00,58.59,-61.26,-0.00667,0.065,3.8394,0.084756,0.9812590476244909,-0.19269323147188386,12.5833,24.1333,-0.814916,-0.579579,-0.707107,0.707107,0,0,0,1,0,0,0,0,0,0,0,1,0,0,0,0,0,0,-0.085,-0.02333,9.548,188.16,24.1333
315,val,2021-08-27 10:17:00,2021-08-31 10:18:00,58.58333,-61.195,-0.085,-0.02333,9.548,0.109899,-0.1419379048403443,-0.9898755634773158,24.1333,71.8833,-0.824765,-0.565476,0.5,-0.866025,0,0,0,1,0,0,0,0,0,0,0,1,0,0,0,0,0,0,-0.19833,0.17166,24.2154,155.53,71.8833
315,val,2021-08-28 10:25:00,2021-09-01 10:25:00,58.49833,-61.21833,-0.19833,0.17166,24.2154,0.093575,0.41421673122548464,-0.9101782790052038,71.8833,24.1167,-0.83437,-0.551205,0.5,-0.866025,0,0,0,1,0,0,0,0,0,0,0,1,0,0,0,0,0,0,-0.06167,0.11167,9.4695,136.35,24.1167
315,val,2021-08-31 10:18:00,2021-09-02 21:34:00,58.3,-61.04667,-0.06167,0.11167,9.4695,0.109071,0.6902512402344373,-0.7235697791884491,24.1167,35.15,-0.861693,-0.50743,0.5,-0.866025,0,0,0,1,0,0,0,0,0,0,0,1,0,0,0,0,0,0,-0.265,-0.265,33.3267,207.96,35.15
315,val,2021-09-01 10:25:00,2021-09-03 10:09:00,58.23833,-60.935,-0.265,-0.265,33.3267,0.263369,-0.4688550347238769,-0.8832751306439417,35.15,12.5833,-0.870294,-0.492533,0.5,-0.866025,0,0,0,1,0,0,0,0,0,0,0,1,0,0,0,0,0,0,-0.08833,-0.06167,10.475,200.37,12.5833
317,train,2021-08-26 21:42:00,2021-08-31 10:18:00,58.7,-60.93833,-0.16167,-0.09167,18.7441,0.141807,-0.28384799476590583,-0.9588692902931943,36.7167,71.8833,-0.814916,-0.579579,-0.707107,0.707107,0,0,0,1,0,0,0,0,0,0,0,1,0,0,0,0,0,0,-0.225,0.135,26.2244,162.5,71.8833
317,train,2021-08-28 10:25:00,2021-09-01 10:25:00,58.53833,-61.03,-0.225,0.135,26.2244,0.101339,0.30070579950427334,-0.9537169507482268,71.8833,24.1167,-0.83437,-0.551205,0.5,-0.866025,0,0,0,1,0,0,0,0,0,0,0,1,0,0,0,0,0,0,-0.01333,-0.02667,2.1505,226.44,24.1167
318,val,2021-08-26 21:42:00,2021-09-02 21:34:00,58.96833,-61.09,-0.49333,0.155,55.5808,0.142165,0.16212051537225194,-0.986770965571766,108.6,59.2667,-0.814916,-0.579579,-0.707107,0.707107,0,0,0,1,0,0,0,0,0,0,0,1,0,0,0,0,0,0,-0.38167,-0.17167,43.61,193.38,59.2667
318,val,2021-08-31 10:18:00,2021-09-03 10:09:00,58.475,-60.935,-0.38167,-0.17167,43.61,0.204396,-0.2314083265429889,-0.9728567142218701,59.2667,12.5833,-0.861693,-0.50743,0.5,-0.866025,0,0,0,1,0,0,0,0,0,0,0,1,0,0,0,0,0,0,-0.09666,-0.15,13.9085,219.46,12.5833
320,train,2021-08-26 21:42:00,2021-08-28 21:26:00,58.94667,-59.71,-0.16167,0.05,18.2053,0.401882,0.15833040106479848,-0.9873861879217575,12.5833,35.15,-0.814916,-0.579579,-0.707107,0.707107,0,0,0,1,0,0,0,0,0,0,0,1,0,0,0,0,0,0,-0.16,0.17667,20.5099,150.09,35.15
323,test,2021-08-28 10:25:00,2021-09-03 10:09:00,57.73167,-60.94667,-0.405,0.32834,49.1146,0.189793,0.40130842567201097,-0.9159429826603029,71.8833,71.85,-0.83437,-0.551205,0.5,-0.866025,0,0,0,1,0,0,0,0,0,0,0,1,0,0,0,0,0,0,-0.43167,-0.28334,50.9572,199.74,71.85
324,train,2021-08-28 10:25:00,2021-09-01 10:25:00,57.72667,-60.935,-0.40834,0.365,50.3645,0.194623,0.43507395747539185,-0.90039471984608,71.8833,24.1167,-0.83437,-0.551205,0.5,-0.866025,0,0,0,1,0,0,0,0,0,0,0,1,0,0,0,0,0,0,-0.13,-0.24833,20.786,226.04,24.1167
324,train,2021-08-31 10:18:00,2021-09-03 10:09:00,57.31833,-60.57,-0.13,-0.24833,20.786,0.239415,-0.7198245880301586,-0.694156007297504,24.1167,47.7333,-0.861693,-0.50743,0.5,-0.866025,0,0,0,1,0,0,0,0,0,0,0,1,0,0,0,0,0,0,-0.33,-0.1,37.1901,189.41,47.7333
325,train,2021-08-28 10:25:00,2021-09-01 10:25:00,57.72833,-60.915,-0.34,0.26167,40.9015,0.158055,0.3833283286444328,-0.9236121439536542,71.8833,24.1167,-0.83437,-0.551205,0.5,-0.866025,0,0,0,1,0,0,0,0,0,0,0,1,0,0,0,0,0,0,-0.07166,-0.25167,17.0705,242.28,24.1167
326,val,2021-08-28 10:25:00,2021-09-01 10:25:00,57.73,-60.92833,-0.34667,0.16166,39.7358,0.153551,0.24378428267459135,-0.9698294816723375,71.8833,24.1167,-0.83437,-0.551205,0.5,-0.866025,0,0,0,0,1,0,0,0,0,0,0,0,0,0,0,0,0,1,-0.02,-0.14333,8.8761,255.55,24.1167
333,train,2021-08-31 10:18:00,2021-09-02 10:33:00,58.685,-61.95833,-0.03,-0.23334,13.8975,0.160072,-0.9711758970603128,-0.2383639590397353,24.1167,24.1333,-0.861693,-0.50743,0.5,-0.866025,0,0,0,1,0,0,0,0,0,0,0,1,0,0,0,0,0,0,-0.14667,0.01,16.3193,177.96,24.1333
334,train,2021-08-31 10:18:00,2021-09-02 10:33:00,58.55333,-62.05333,-0.06666,-0.07167,8.5006,0.097911,-0.48999115164423657,-0.8717274065385089,24.1167,24.1333,-0.861693,-0.50743,0.5,-0.866025,0,0,0,1,0,0,0,0,0,0,0,1,0,0,0,0,0,0,-0.11334,0.07333,13.3062,161.26,24.1333
336,val,2021-08-31 10:18:00,2021-09-02 10:33:00,58.93333,-60.80833,-0.065,-0.37667,22.8092,0.262719,-0.9493706611597746,-0.31415815719005663,24.1167,24.1333,-0.861693,-0.50743,0.5,-0.866025,0,0,0,1,0,0,0,0,0,0,0,1,0,0,0,0,0,0,-0.16,-0.34167,26.5353,228.04,24.1333
336,val,2021-09-01 10:25:00,2021-09-02 21:34:00,58.86833,-61.185,-0.16,-0.34167,26.5353,0.305424,-0.7436117856278406,-0.6686116303769883,24.1333,11.0167,-0.870294,-0.492533,0.5,-0.866025,0,0,0,1,0,0,0,0,0,0,0,1,0,0,0,0,0,0,-0.05333,0.03834,6.3305,159.49,11.0167
339,test,2021-08-31 10:18:00,2021-09-03 10:09:00,58.645,-60.95833,-0.09667,-0.10334,12.3043,0.141722,-0.4872501257253321,-0.8732624548099203,24.1167,47.7333,-0.861693,-0.50743,0.5,-0.866025,0,0,0,1,0,0,0,0,0,0,0,1,0,0,0,0,0,0,-0.39,-0.21333,45.1166,196.1,47.7333
340,train,2021-08-31 10:18:00,2021-09-02 10:33:00,58.545,-61.17167,0.03833,-0.05,5.1549,0.059375,-0.5622277220823817,0.8269824596217602,24.1167,24.1333,-0.861693,-0.50743,0.5,-0.866025,0,0,0,1,0,0,0,0,0,0,0,1,0,0,0,0,0,0,-0.25166,-0.11666,28.7944,193.68,24.1333
340,train,2021-09-01 10:25:00,2021-09-02 21:34:00,58.58333,-61.22167,-0.25166,-0.11666,28.7944,0.331427,-0.2364989970237248,-0.9716317329146739,24.1333,11.0167,-0.870294,-0.492533,0.5,-0.866025,0,0,0,1,0,0,0,0,0,0,0,1,0,0,0,0,0,0,-0.05834,-0.14,10.4397,231.64,11.0167
343,test,2021-08-31 10:18:00,2021-09-02 21:34:00,58.48167,-61.01167,-0.07834,-0.055,9.2804,0.106893,-0.34529819899853437,-0.938493022759556,24.1167,35.15,-0.861693,-0.50743,0.5,-0.866025,0,0,0,1,0,0,0,0,0,0,0,1,0,0,0,0,0,0,-0.29166,-0.01333,32.4405,181.38,35.15
343,test,2021-09-01 10:25:00,2021-09-03 10:09:00,58.40333,-61.06667,-0.29166,-0.01333,32.4405,0.256365,-0.024083215020570637,-0.9997099573147569,35.15,12.5833,-0.870294,-0.492533,0.5,-0.866025,0,0,0,1,0,0,0,0,0,0,0,1,0,0,0,0,0,0,-0.08334,-0.16667,13.4889,226.68,12.5833
344,val,2021-08-31 10:18:00,2021-09-03 10:09:00,58.5,-61.03667,-0.30333,-0.225,36.1938,0.169637,-0.3642266958918984,-0.9313103209992202,59.2667,12.5833,-0.861693,-0.50743,0.5,-0.866025,0,0,0,1,0,0,0,0,0,0,0,1,0,0,0,0,0,0,-0.125,-0.1,15.0882,202.94,12.5833
345,test,2021-08-31 10:18:00,2021-09-02 21:34:00,58.445,-60.87,-0.07667,-0.09167,10.0597,0.115869,-0.5313985795180826,-0.8471219213821374,24.1167,35.15,-0.861693,-0.50743,0.5,-0.866025,0,0,0,1,0,0,0,0,0,0,0,1,0,0,0,0,0,0,-0.315,-0.205,37.0276,199.01,35.15
348,train,2021-08-31 10:18:00,2021-09-03 10:09:00,58.41,-60.92333,-0.33167,-0.34,41.9051,0.196405,-0.4770053704714554,-0.8789003791906052,59.2667,12.5833,-0.861693,-0.50743,0.5,-0.866025,0,0,0,1,0,0,0,0,0,0,0,1,0,0,0,0,0,0,-0.08666,-0.10167,11.3435,211.89,12.5833
350,train,2021-08-31 10:18:00,2021-09-03 10:09:00,58.285,-60.79167,-0.07333,-0.025,8.2841,0.095417,-0.1767411804610861,-0.9842573622428342,24.1167,47.7333,-0.861693,-0.50743,0.5,-0.866025,0,0,0,1,0,0,0,0,0,0,0,1,0,0,0,0,0,0,-0.36167,0.15334,41.2167,167.28,47.7333
354,train,2021-08-31 10:18:00,2021-09-03 10:09:00,58.18,-61.09,-0.27167,-0.10667,30.8537,0.144609,-0.20432520413926178,-0.9789030651466206,59.2667,12.5833,-0.861693,-0.50743,0.5,-0.866025,0,0,0,1,0,0,0,0,0,0,0,1,0,0,0,0,0,0,-0.085,-0.09,10.8474,209.43,12.5833
355,train,2021-08-31 10:18:00,2021-09-03 10:09:00,58.14667,-61.10833,-0.25,-0.08167,28.2117,0.132226,-0.1710693648611024,-0.9852589874779215,59.2667,12.5833,-0.861693,-0.50743,0.5,-0.866025,0,0,0,1,0,0,0,0,0,0,0,1,0,0,0,0,0,0,-0.08834,-0.07167,10.6992,203.38,12.5833
10001,val,2021-08-03 10:18:00,2021-08-04 10:25:00,59.41167,-62.39667,-0.035,-0.005,3.9021,0.093846,-0.07254192248427065,-0.9973653640879485,11.55,12.5667,-0.528581,-0.848883,0.5,-0.866025,0,0,0,1,0,0,0,0,0,0,0,1,0,0,0,0,0,0,-0.03,-0.02166,3.5545,200.21,12.5667
10001,val,2021-08-03 21:51:00,2021-08-04 21:59:00,59.37667,-62.40167,-0.03,-0.02166,3.5545,0.07857,-0.34546199167105235,-0.9384327425610585,12.5667,11.5667,-0.528581,-0.848883,-0.707107,0.707107,0,0,0,1,0,0,0,0,0,0,0,1,0,0,0,0,0,0,-0.005,-0.00834,0.7299,220.38,11.5667
10001,val,2021-08-04 10:25:00,2021-08-11 21:51:00,59.34667,-62.42333,-0.005,-0.00834,0.7299,0.017528,-0.6478540345658756,-0.7617644976610011,11.5667,167.8667,-0.543105,-0.839665,0.5,-0.866025,0,0,0,1,0,0,0,0,0,0,0,1,0,0,0,0,0,0,-0.175,-0.02,19.4923,183.35,167.8667
10001,val,2021-08-04 21:59:00,2021-08-14 21:42:00,59.34167,-62.43167,-0.175,-0.02,19.4923,0.032255,-0.05843522251824622,-0.9982912023899855,167.8667,71.85,-0.543105,-0.839665,-0.707107,0.707107,0,0,0,1,0,0,0,0,0,0,0,1,0,0,0,0,0,0,0.03166,-0.05166,4.5884,320.13,71.85
10001,val,2021-08-11 21:51:00,2021-08-15 10:19:00,59.16667,-62.45167,0.03166,-0.05166,4.5884,0.017739,-0.6410478569248129,0.7675009088803117,71.85,12.6167,-0.640038,-0.768343,-0.707107,0.707107,0,0,0,1,0,0,0,0,0,0,0,1,0,0,0,0,0,0,0.0,0.0,0.0,0.0,12.6167
10001,val,2021-08-14 21:42:00,2021-08-15 21:51:00,59.19833,-62.50333,0.0,0.0,0.0,0.0,0.0,1.0,12.6167,11.5333,-0.67882,-0.734304,-0.707107,0.707107,0,0,0,1,0,0,0,0,0,0,0,1,0,0,0,0,0,0,0.00167,-0.00167,0.2086,332.89,11.5333
10001,val,2021-08-15 10:19:00,2021-08-17 10:34:00,59.19833,-62.50333,0.00167,-0.00167,0.2086,0.005025,-0.4557002717392199,0.8901332834675946,11.5333,36.7167,-0.691351,-0.722519,0.5,-0.866025,0,0,0,1,0,0,0,0,0,0,0,1,0,0,0,0,0,0,0.0,0.0,0.0,0.0,36.7167
10001,val,2021-08-15 21:51:00,2021-08-20 10:27:00,59.2,-62.505,0.0,0.0,0.0,0.0,0.0,1.0,36.7167,71.8833,-0.691351,-0.722519,-0.707107,0.707107,0,0,0,1,0,0,0,0,0,0,0,1,0,0,0,0,0,0,0.00167,-0.27167,15.4687,270.8,71.8833
10001,val,2021-08-17 10:34:00,2021-08-21 10:34:00,59.2,-62.505,0.00167,-0.27167,15.4687,0.059775,-0.9999025240093042,0.013962180339145107,71.8833,24.1167,-0.715795,-0.69831,0.5,-0.866025,0,0,0,1,0,0,0,0,0,0,0,1,0,0,0,0,0,0,-0.07334,-0.06833,9.0372,205.56,24.1167
10001,val,2021-08-20 10:27:00,2021-08-23 21:51:00,59.20167,-62.77667,-0.07334,-0.06833,9.0372,0.104092,-0.4314560456809591,-0.9021339593682028,24.1167,59.2833,-0.750864,-0.660457,0.5,-0.866025,0,0,0,1,0,0,0,0,0,0,0,1,0,0,0,0,0,0,-0.08,-0.06667,9.6765,203.21,59.2833
10001,val,2021-08-21 10:34:00,2021-08-24 10:27:00,59.12833,-62.845,-0.08,-0.06667,9.6765,0.04534,-0.3941023229694727,-0.9190665694225122,59.2833,12.6,-0.762114,-0.647443,0.5,-0.866025,0,0,0,1,0,0,0,0,0,0,0,1,0,0,0,0,0,0,-0.06,0.04,7.0536,161.04,12.6
10001,val,2021-08-23 21:51:00,2021-08-24 21:59:00,59.04833,-62.91167,-0.06,0.04,7.0536,0.155503,0.3249079786804768,-0.9457456346131167,12.6,11.5333,-0.783934,-0.620844,-0.707107,0.707107,0,0,0,1,0,0,0,0,0,0,0,1,0,0,0,0,0,0,0.01334,-0.035,2.4938,306.51,11.5333
10001,val,2021-08-24 10:27:00,2021-08-26 21:42:00,58.98833,-62.87167,0.01334,-0.035,2.4938,0.060064,-0.8037530322133573,0.5949630771802852,11.5333,47.7167,-0.794497,-0.607268,0.5,-0.866025,0,0,0,1,0,0,0,0,0,0,0,1,0,0,0,0,0,0,-0.14167,0.11,16.9706,158.12,47.7167
10001,val,2021-08-24 21:59:00,2021-08-31 10:18:00,59.00167,-62.90667,-0.14167,0.11,16.9706,0.098793,0.37266388390767297,-0.9279663946667727,47.7167,108.6,-0.794497,-0.607268,-0.707107,0.707107,0,0,0,1,0,0,0,0,0,0,0,1,0,0,0,0,0,0,-0.00667,0.00667,0.835,152.65,108.6
10001,val,2021-08-26 21:42:00,2021-09-03 21:42:00,58.86,-62.79667,-0.00667,0.00667,0.835,0.002136,0.45942484457008537,-0.8882166471034828,108.6,83.4,-0.814916,-0.579579,-0.707107,0.707107,0,0,0,1,0,0,0,0,0,0,0,1,0,0,0,0,0,0,0.0,0.0,0.0,0.0,83.4
10001,val,2021-08-31 10:18:00,2021-09-04 10:18:00,58.85333,-62.79,0.0,0.0,0.0,0.0,0.0,1.0,83.4,12.6,-0.861693,-0.50743,0.5,-0.866025,0,0,0,1,0,0,0,0,0,0,0,1,0,0,0,0,0,0,0.0,0.00167,0.096,90.0,12.6
10002,train,2021-08-04 10:25:00,2021-08-13 21:34:00,59.7,-61.515,-0.00167,0.57,31.9788,0.080791,0.9999987662997035,-0.0015707956808309418,109.95,117.2,-0.543105,-0.839665,0.5,-0.866025,0,0,0,1,0,0,0,0,0,0,0,1,0,0,0,0,0,0,-0.19166,0.255,25.6911,145.94,117.2
10002,train,2021-08-09 00:22:00,2021-08-15 10:19:00,59.69833,-60.945,-0.19166,0.255,25.6911,0.060891,0.5600607628161104,-0.8284515326522346,117.2,36.75,-0.61323,-0.789905,0.0,1.0,0,0,0,1,0,0,0,0,0,0,0,1,0,0,0,0,0,0,0.05666,0.10833,8.7746,44.06,36.75
10002,train,2021-08-13 21:34:00,2021-08-15 21:51:00,59.50667,-60.69,0.05666,0.10833,8.7746,0.066323,0.6954112803096728,0.7186119615049986,36.75,11.5333,-0.666089,-0.745872,-0.707107,0.707107,0,0,0,1,0,0,0,0,0,0,0,1,0,0,0,0,0,0,-0.02333,0.00334,2.601,175.85,11.5333
10002,train,2021-08-15 10:19:00,2021-08-16 10:27:00,59.56333,-60.58167,-0.02333,0.00334,2.601,0.062644,0.07236784828579114,-0.9973780098510718,11.5333,12.6,-0.691351,-0.722519,0.5,-0.866025,0,0,0,1,0,0,0,0,0,0,0,1,0,0,0,0,0,0,-0.04833,0.13166,9.1672,125.83,12.6
10002,train,2021-08-15 21:51:00,2021-08-17 21:35:00,59.54,-60.57833,-0.04833,0.13166,9.1672,0.2021,0.8107574247020484,-0.5853822668056339,12.6,35.1333,-0.691351,-0.722519,-0.707107,0.707107,0,0,0,1,0,0,0,0,0,0,0,1,0,0,0,0,0,0,-0.15,0.24167,21.5669,140.55,35.1333
10002,train,2021-08-16 10:27:00,2021-08-22 10:09:00,59.49167,-60.44667,-0.15,0.24167,21.5669,0.170516,0.6354046086841408,-0.7721793724666269,35.1333,108.5667,-0.703677,-0.71052,0.5,-0.866025,0,0,0,1,0,0,0,0,0,0,0,1,0,0,0,0,0,0,-0.825,0.65167,99.0647,157.54,108.5667
10002,train,2021-08-17 21:35:00,2021-08-22 21:42:00,59.34167,-60.205,-0.825,0.65167,99.0647,0.253466,0.38203834957049093,-0.9241464707812584,108.5667,11.55,-0.715795,-0.69831,-0.707107,0.707107,0,0,0,1,0,0,0,0,0,0,0,1,0,0,0,0,0,0,-0.155,-0.01834,17.2682,183.55,11.55
10002,train,2021-08-22 10:09:00,2021-09-12 21:51:00,58.51667,-59.55333,-0.155,-0.01834,17.2682,0.415301,-0.06191955310930177,-0.9980811434661735,11.55,504.15,-0.773138,-0.634237,0.5,-0.866025,0,0,0,1,0,0,0,0,0,0,0,1,0,0,0,0,0,0,1.50333,-4.29333,296.5609,306.13,504.15
10002,train,2021-08-22 21:42:00,2021-09-16 21:51:00,58.36167,-59.57167,1.50333,-4.29333,296.5609,0.1634,-0.8076812706633252,0.5896193390821542,504.15,96.0,-0.773138,-0.634237,-0.707107,0.707107,0,0,0,1,0,0,0,0,0,0,0,1,0,0,0,0,0,0,-0.05,0.16833,10.9245,120.52,96.0
10003,train,2021-08-07 21:50:00,2021-08-14 10:10:00,56.42333,-60.22333,-0.65166,1.16166,102.1819,0.214704,0.7110449616337288,-0.7031465441394767,132.2,24.1333,-0.585696,-0.810531,-0.707107,0.707107,0,0,0,1,0,0,0,0,0,0,0,1,0,0,0,0,0,0,-0.07667,0.21,15.6697,122.87,24.1333
10003,train,2021-08-13 10:02:00,2021-08-14 21:42:00,55.77167,-59.06167,-0.07667,0.21,15.6697,0.180361,0.8399041549050744,-0.5427347515805421,24.1333,11.5333,-0.666089,-0.745872,0.5,-0.866025,0,0,0,1,0,0,0,0,0,0,0,1,0,0,0,0,0,0,0.0,0.28667,17.9654,89.88,11.5333
10003,train,2021-08-14 10:10:00,2021-08-15 21:49:00,55.695,-58.85167,0.0,0.28667,17.9654,0.432692,0.9999978067553793,0.0020943935712195274,11.5333,24.1167,-0.67882,-0.734304,0.5,-0.866025,0,0,0,1,0,0,0,0,0,0,0,1,0,0,0,0,0,0,-0.03667,0.32333,20.6783,101.24,24.1167
10003,train,2021-08-14 21:42:00,2021-08-20 09:56:00,55.695,-58.565,-0.03667,0.32333,20.6783,0.238175,0.9808193151494231,-0.19491913972162045,24.1167,108.1167,-0.67882,-0.734304,-0.707107,0.707107,0,0,0,1,0,0,0,0,0,0,0,1,0,0,0,0,0,0,-0.37,1.045,77.6534,121.56,108.1167
10003,train,2021-08-15 21:49:00,2021-08-25 10:02:00,55.65833,-58.24167,-0.37,1.045,77.6534,0.19951,0.8520925377243809,-0.5233911607530495,108.1167,120.1,-0.691351,-0.722519,-0.707107,0.707107,0,0,0,1,0,0,0,0,0,0,0,1,0,0,0,0,0,0,-0.675,0.39334,79.1475,161.34,120.1
10003,train,2021-08-20 09:56:00,2021-08-25 21:32:00,55.28833,-57.19667,-0.675,0.39334,79.1475,0.183059,0.31995163498573825,-0.947433876990871,120.1,11.5,-0.750864,-0.660457,0.707107,-0.707107,0,0,0,1,0,0,0,0,0,0,0,1,0,0,0,0,0,0,-0.00666,0.00333,0.771,163.85,11.5
10003,train,2021-08-25 10:02:00,2021-09-06 21:32:00,54.61333,-56.80333,-0.00666,0.00333,0.771,0.018623,0.2781529855836031,-0.9605367856625419,11.5,288.0,-0.804826,-0.593511,0.5,-0.866025,0,0,0,1,0,0,0,0,0,0,0,1,0,0,0,0,0,0,-0.06167,-0.05,7.5769,205.19,288.0
10003,train,2021-08-25 21:32:00,2021-09-07 21:41:00,54.60667,-56.8,-0.06167,-0.05,7.5769,0.007308,-0.4256213629686185,-0.9049013511895844,288.0,24.15,-0.804826,-0.593511,-0.707107,0.707107,0,0,0,1,0,0,0,0,0,0,0,1,0,0,0,0,0,0,0.00167,0.025,1.6231,83.42,24.15
10003,train,2021-09-06 21:32:00,2021-09-09 09:56:00,54.545,-56.85,0.00167,0.025,1.6231,0.01867,0.9934128257140318,0.11459039098834947,24.15,36.25,-0.909388,-0.415948,-0.707107,0.707107,0,0,0,1,0,0,0,0,0,0,0,1,0,0,0,0,0,0,0.0,-0.00167,0.1077,270.0,36.25
10003,train,2021-09-07 21:41:00,2021-09-20 09:49:00,54.54667,-56.825,0.0,-0.00167,0.1077,0.000825,-1.0,-1.8369701987210297e-16,36.25,263.8833,-0.916409,-0.400244,-0.707107,0.707107,0,0,0,1,0,0,0,0,0,0,0,1,0,0,0,0,0,0,-1.22334,1.23,158.0667,148.88,263.8833
10003,train,2021-09-09 09:56:00,2021-09-22 21:32:00,54.54667,-56.82667,-1.22334,1.23,158.0667,0.16639,0.516832190989617,-0.8560867282915161,263.8833,59.7167,-0.929634,-0.368484,0.707107,-0.707107,0,0,0,1,0,0,0,0,0,0,0,1,0,0,0,0,0,0,0.05667,0.03,6.6085,17.52,59.7167
10004,test,2021-08-07 21:50:00,2021-08-15 10:19:00,59.25833,-61.61167,0.125,0.21167,18.3687,0.030396,0.652627522488541,0.7576789009141465,167.8667,12.6167,-0.585696,-0.810531,-0.707107,0.707107,0,0,0,1,0,0,0,0,0,0,0,1,0,0,0,0,0,0,0.005,-0.14333,8.1353,273.98,12.6167
10004,test,2021-08-14 21:42:00,2021-08-15 21:51:00,59.38333,-61.4,0.005,-0.14333,8.1353,0.179113,-0.9975883390870813,0.06940825395785809,12.6167,11.5333,-0.67882,-0.734304,-0.707107,0.707107,0,0,0,1,0,0,0,0,0,0,0,1,0,0,0,0,0,0,-0.02833,-0.08834,5.9131,237.85,11.5333
10004,test,2021-08-15 10:19:00,2021-08-16 10:27:00,59.38833,-61.54333,-0.02833,-0.08834,5.9131,0.142415,-0.8466578661382484,-0.5321376304173834,11.5333,12.6,-0.691351,-0.722519,0.5,-0.866025,0,0,0,1,0,0,0,0,0,0,0,1,0,0,0,0,0,0,0.0,-0.04833,2.7388,270.02,12.6
10004,test,2021-08-15 21:51:00,2021-08-17 10:34:00,59.36,-61.63167,0.0,-0.04833,2.7388,0.06038,-0.9999999390765166,0.0003490658433098913,12.6,24.1167,-0.691351,-0.722519,-0.707107,0.707107,0,0,0,1,0,0,0,0,0,0,0,1,0,0,0,0,0,0,0.115,0.01833,12.8294,4.63,24.1167
10004,test,2021-08-16 10:27:00,2021-08-17 21:35:00,59.36,-61.68,0.115,0.01833,12.8294,0.14777,0.08072082551181835,0.9967367497632916,24.1167,11.0167,-0.703677,-0.71052,0.5,-0.866025,0,0,0,1,0,0,0,0,0,0,0,1,0,0,0,0,0,0,0.03833,-0.11333,7.6868,303.72,11.0167
10004,test,2021-08-17 10:34:00,2021-08-21 10:34:00,59.475,-61.66167,0.03833,-0.11333,7.6868,0.193817,-0.8317603942069661,0.5551348004121812,11.0167,84.9833,-0.715795,-0.69831,0.5,-0.866025,0,0,0,1,0,0,0,0,0,0,0,1,0,0,0,0,0,0,-0.455,-0.21167,52.0022,193.46,84.9833
10004,test,2021-08-17 21:35:00,2021-08-22 21:42:00,59.51333,-61.775,-0.455,-0.21167,52.0022,0.169975,-0.23276646475549959,-0.9725326590327066,84.9833,35.1333,-0.715795,-0.69831,-0.707107,0.707107,0,0,0,1,0,0,0,0,0,0,0,1,0,0,0,0,0,0,-0.33833,0.52167,48.0999,141.23,35.1333
10004,test,2021-08-21 10:34:00,2021-08-24 10:27:00,59.05833,-61.98667,-0.33833,0.52167,48.0999,0.380296,0.6261956650853963,-0.7796659470749369,35.1333,36.75,-0.762114,-0.647443,0.5,-0.866025,0,0,0,1,0,0,0,0,0,0,0,1,0,0,0,0,0,0,-0.06,-0.16,11.4014,234.25,36.75
10004,test,2021-08-22 21:42:00,2021-08-25 10:32:00,58.72,-61.465,-0.06,-0.16,11.4014,0.086178,-0.8115739819650121,-0.5842496656374347,36.75,24.0833,-0.773138,-0.634237,-0.707107,0.707107,0,0,0,1,0,0,0,0,0,0,0,1,0,0,0,0,0,0,-0.155,-0.24667,22.3936,219.78,24.0833
10004,test,2021-08-24 10:27:00,2021-08-26 21:42:00,58.66,-61.625,-0.155,-0.24667,22.3936,0.258288,-0.6398414789511783,-0.7685069172190768,24.0833,35.1667,-0.794497,-0.607268,0.5,-0.866025,0,0,0,1,0,0,0,0,0,0,0,1,0,0,0,0,0,0,-0.175,0.10667,20.4266,162.25,35.1667
10004,test,2021-08-25 10:32:00,2021-08-27 10:17:00,58.505,-61.87167,-0.175,0.10667,20.4266,0.161347,0.30486429902801077,-0.9523957996432784,35.1667,12.5833,-0.804826,-0.593511,0.5,-0.866025,0,0,0,1,0,0,0,0,0,0,0,1,0,0,0,0,0,0,0.005,0.14,8.1915,86.05,12.5833
10004,test,2021-08-26 21:42:00,2021-08-31 10:18:00,58.33,-61.765,0.005,0.14,8.1915,0.180829,0.997624544414959,0.06888590843449467,12.5833,96.0167,-0.814916,-0.579579,-0.707107,0.707107,0,0,0,1,0,0,0,0,0,0,0,1,0,0,0,0,0,0,-0.3,0.37333,39.8962,146.57,96.0167
10004,test,2021-08-27 10:17:00,2021-09-02 21:34:00,58.335,-61.625,-0.3,0.37333,39.8962,0.11542,0.5509177899253295,-0.8345595177959392,96.0167,59.2667,-0.824765,-0.565476,0.5,-0.866025,0,0,0,1,0,0,0,0,0,0,0,1,0,0,0,0,0,0,-0.31333,0.00834,34.8442,179.19,59.2667
10004,test,2021-08-31 10:18:00,2021-09-03 21:42:00,58.035,-61.25167,-0.31333,0.00834,34.8442,0.163312,0.014136696038032866,-0.9999000719197535,59.2667,24.1333,-0.861693,-0.50743,0.5,-0.866025,0,0,0,1,0,0,0,0,0,0,0,1,0,0,0,0,0,0,-0.195,0.01,21.6912,178.42,24.1333
10004,test,2021-09-02 21:34:00,2021-09-04 10:18:00,57.72167,-61.24333,-0.195,0.01,21.6912,0.249668,0.027572707274697707,-0.9996198006309919,24.1333,12.6,-0.878637,-0.477489,-0.707107,0.707107,0,0,0,1,0,0,0,0,0,0,0,1,0,0,0,0,0,0,-0.09,-0.00667,10.0155,182.28,12.6
10005,train,2021-08-13 21:34:00,2021-08-24 10:27:00,60.275,-60.715,-0.49167,0.0,54.6712,0.063202,1.2246467991473532e-16,-1.0,240.2833,12.6,-0.666089,-0.745872,-0.707107,0.707107,0,0,0,1,0,0,0,0,0,0,0,1,0,0,0,0,0,0,-0.02,-0.11333,6.7225,250.73,12.6
10005,train,2021-08-23 21:51:00,2021-09-02 10:33:00,59.78333,-60.715,-0.02,-0.11333,6.7225,0.148203,-0.9439738791324722,-0.3300201744069485,12.6,216.1,-0.783934,-0.620844,-0.707107,0.707107,0,0,0,1,0,0,0,0,0,0,0,1,0,0,0,0,0,0,-0.50166,-0.08334,55.9798,184.85,216.1
10005,train,2021-08-24 10:27:00,2021-09-02 21:34:00,59.76333,-60.82833,-0.50166,-0.08334,55.9798,0.071957,-0.0845474154281088,-0.9964194571285864,216.1,11.0167,-0.794497,-0.607268,0.5,-0.866025,0,0,0,1,0,0,0,0,0,0,0,1,0,0,0,0,0,0,-0.12,-0.08833,14.2596,200.69,11.0167
10005,train,2021-09-02 10:33:00,2021-09-03 10:09:00,59.26167,-60.91167,-0.12,-0.08833,14.2596,0.359546,-0.35331157261329527,-0.935505709580396,11.0167,12.5833,-0.878637,-0.477489,0.5,-0.866025,0,0,0,1,0,0,0,0,0,0,0,1,0,0,0,0,0,0,-0.08167,-0.08167,10.2087,207.22,12.5833
10005,train,2021-09-02 21:34:00,2021-09-04 10:18:00,59.14167,-61.0,-0.08167,-0.08167,10.2087,0.225358,-0.457408364087093,-0.8892567618315699,12.5833,24.15,-0.878637,-0.477489,-0.707107,0.707107,0,0,0,1,0,0,0,0,0,0,0,1,0,0,0,0,0,0,-0.13333,-0.01333,14.8453,182.95,24.15
10005,train,2021-09-03 10:09:00,2021-09-07 21:42:00,59.06,-61.08167,-0.13333,-0.01333,14.8453,0.170753,-0.05146446775604384,-0.9986748262365419,24.15,83.4,-0.886721,-0.462305,0.5,-0.866025,0,0,0,1,0,0,0,0,0,0,0,1,0,0,0,0,0,0,-0.44834,-0.35,53.7964,202.22,83.4
10005,train,2021-09-04 10:18:00,2021-09-09 10:26:00,58.92667,-61.095,-0.44834,-0.35,53.7964,0.179178,-0.3781639535955727,-0.9257386370898459,83.4,36.7333,-0.894542,-0.446983,0.5,-0.866025,0,0,0,1,0,0,0,0,0,0,0,1,0,0,0,0,0,0,-0.16333,-0.21833,22.1741,215.1,36.7333
10005,train,2021-09-07 21:42:00,2021-09-19 10:10:00,58.47833,-61.445,-0.16333,-0.21833,22.1741,0.167681,-0.5750052520432785,-0.8181497174250235,36.7333,239.7333,-0.916409,-0.400244,-0.707107,0.707107,0,0,0,1,0,0,0,0,0,0,0,1,0,0,0,0,0,0,-0.91167,0.26333,102.5627,171.15,239.7333
10006,train,2021-08-13 21:34:00,2021-08-23 21:51:00,59.95167,-61.40167,-0.17834,0.56667,37.3375,0.429759,0.8495246013573053,-0.5275490040638039,24.1333,216.15,-0.666089,-0.745872,-0.707107,0.707107,0,0,0,1,0,0,0,0,0,0,0,1,0,0,0,0,0,0,-0.39166,-0.11833,44.0573,188.75,216.15
10006,train,2021-08-14 21:42:00,2021-08-27 21:51:00,59.77333,-60.835,-0.39166,-0.11833,44.0573,0.056619,-0.15212338618991683,-0.9883615104677607,216.15,96.0,-0.67882,-0.734304,-0.707107,0.707107,0,0,0,1,0,0,0,0,0,0,0,1,0,0,0,0,0,0,-0.20834,-0.1,23.8527,193.82,96.0
10006,train,2021-08-23 21:51:00,2021-08-31 10:18:00,59.38167,-60.95333,-0.20834,-0.1,23.8527,0.069018,-0.23887243285267573,-0.9710509568622256,96.0,84.45,-0.783934,-0.620844,-0.707107,0.707107,0,0,0,1,0,0,0,0,0,0,0,1,0,0,0,0,0,0,-0.18333,0.115,21.418,162.09,84.45
10006,train,2021-08-27 21:51:00,2021-09-01 10:25:00,59.17333,-61.05333,-0.18333,0.115,21.418,0.070449,0.30752269767256757,-0.9515407455365149,84.45,24.1167,-0.824765,-0.565476,-0.707107,0.707107,0,0,0,1,0,0,0,0,0,0,0,1,0,0,0,0,0,0,-0.07167,-0.29,18.4412,244.52,24.1167
10006,train,2021-08-31 10:18:00,2021-09-02 10:33:00,58.99,-60.93833,-0.07167,-0.29,18.4412,0.212407,-0.9027355060802827,-0.4301960088866187,24.1167,24.1333,-0.861693,-0.50743,0.5,-0.866025,0,0,0,1,0,0,0,0,0,0,0,1,0,0,0,0,0,0,-0.14666,-0.19334,19.7396,214.38,24.1333
10006,train,2021-09-01 10:25:00,2021-09-02 21:34:00,58.91833,-61.22833,-0.14666,-0.19334,19.7396,0.227205,-0.5646789500660769,-0.8253106586929997,24.1333,11.0167,-0.870294,-0.492533,0.5,-0.866025,0,0,0,1,0,0,0,0,0,0,0,1,0,0,0,0,0,0,-0.04834,-0.13166,9.3049,234.77,11.0167
10006,train,2021-09-02 10:33:00,2021-09-03 21:42:00,58.77167,-61.42167,-0.04834,-0.13166,9.3049,0.234617,-0.8168429670815034,-0.5768600932024037,11.0167,24.1333,-0.878637,-0.477489,0.5,-0.866025,0,0,0,1,0,0,0,0,0,0,0,1,0,0,0,0,0,0,-0.07333,-0.16,12.3281,228.66,24.1333
10006,train,2021-09-02 21:34:00,2021-09-04 10:18:00,58.72333,-61.55333,-0.07333,-0.16,12.3281,0.141898,-0.7508031823754509,-0.6605259883872061,24.1333,12.6,-0.878637,-0.477489,-0.707107,0.707107,0,0,0,1,0,0,0,0,0,0,0,1,0,0,0,0,0,0,-0.03167,-0.14,8.8349,246.57,12.6
10006,train,2021-09-03 21:42:00,2021-09-07 21:42:00,58.65,-61.71333,-0.03167,-0.14,8.8349,0.194774,-0.9175465537403968,-0.39762837137095863,12.6,83.4,-0.886721,-0.462305,-0.707107,0.707107,0,0,0,1,0,0,0,0,0,0,0,1,0,0,0,0,0,0,-0.14833,0.26333,22.4836,137.07,83.4
10006,train,2021-09-04 10:18:00,2021-09-09 10:26:00,58.61833,-61.85333,-0.14833,0.26333,22.4836,0.074886,0.6811043341945269,-0.7321863737747584,83.4,36.7333,-0.894542,-0.446983,0.5,-0.866025,0,0,0,1,0,0,0,0,0,0,0,1,0,0,0,0,0,0,-0.17833,-0.085,20.4391,194.07,36.7333
10006,train,2021-09-07 21:42:00,2021-09-17 21:58:00,58.47,-61.59,-0.17833,-0.085,20.4391,0.154561,-0.2431071546153173,-0.9699994388528501,36.7333,203.5333,-0.916409,-0.400244,-0.707107,0.707107,0,0,0,1,0,0,0,0,0,0,0,1,0,0,0,0,0,0,-1.01834,0.25667,114.2518,172.24,203.5333
10006,train,2021-09-09 10:26:00,2021-09-19 10:10:00,58.29167,-61.675,-1.01834,0.25667,114.2518,0.155928,0.13502386694249888,-0.9908423463679247,203.5333,36.2,-0.929634,-0.368484,0.5,-0.866025,0,0,0,1,0,0,0,0,0,0,0,1,0,0,0,0,0,0,-0.01666,0.06,4.0556,117.15,36.2
10006,train,2021-09-17 21:58:00,2021-09-23 10:12:00,57.27333,-61.41833,-0.01666,0.06,4.0556,0.03112,0.8898149277675996,-0.456321590900476,36.2,96.0333,-0.971395,-0.237468,-0.707107,0.707107,0,0,0,1,0,0,0,0,0,0,0,1,0,0,0,0,0,0,-0.11,0.28833,21.2418,125.04,96.0333
10006,train,2021-09-19 10:10:00,2021-09-27 21:42:00,57.25667,-61.35833,-0.11,0.28833,21.2418,0.061442,0.8187514128060945,-0.5741481725373897,96.0333,107.5,-0.978989,-0.203914,0.5,-0.866025,0,0,0,1,0,0,0,0,0,0,0,1,0,0,0,0,0,0,-0.55334,0.54167,69.7806,151.63,107.5
10006,train,2021-09-23 10:12:00,2021-09-29 10:26:00,57.14667,-61.07,-0.55334,0.54167,69.7806,0.180312,0.47516356097807344,-0.8798974885284289,107.5,36.7333,-0.990692,-0.13612,0.5,-0.866025,0,0,0,1,0,0,0,0,0,0,0,1,0,0,0,0,0,0,-0.00333,-0.07334,4.5054,265.32,36.7333
10007,train,2021-08-13 21:34:00,2021-08-14 21:42:00,59.92167,-61.08833,-0.11167,0.24833,18.6106,0.409744,0.7461735819730094,-0.6657514442835017,12.6167,11.5167,-0.666089,-0.745872,-0.707107,0.707107,0,0,0,0,1,0,0,0,0,0,0,0,0,0,0,0,0,1,-0.135,0.18333,18.1893,145.54,11.5167
10007,train,2021-08-14 10:11:00,2021-08-15 10:19:00,59.81,-60.84,-0.135,0.18333,18.1893,0.43872,0.5658307503240749,-0.8245214139048751,11.5167,12.6167,-0.67882,-0.734304,0.5,-0.866025,0,0,0,0,1,0,0,0,0,0,0,0,0,0,0,0,0,1,-0.18667,0.17167,22.8965,154.96,12.6167
10007,train,2021-08-14 21:42:00,2021-08-15 21:51:00,59.675,-60.65667,-0.18667,0.17167,22.8965,0.504107,0.42325088089660934,-0.9060125229930568,12.6167,11.5333,-0.67882,-0.734304,-0.707107,0.707107,0,0,0,0,1,0,0,0,0,0,0,0,0,0,0,0,0,1,-0.21666,0.04667,24.2361,173.72,11.5333
10007,train,2021-08-15 10:19:00,2021-08-16 10:27:00,59.48833,-60.485,-0.21666,0.04667,24.2361,0.58372,0.10938734658651549,-0.993999199399457,11.5333,12.6,-0.691351,-0.722519,0.5,-0.866025,0,0,0,0,1,0,0,0,0,0,0,0,0,0,0,0,0,1,-0.25667,0.00166,28.5406,179.81,12.6
10007,train,2021-08-15 21:51:00,2021-08-17 21:35:00,59.27167,-60.43833,-0.25667,0.00166,28.5406,0.629201,0.003316119501058952,-0.9999945016606114,12.6,35.1333,-0.691351,-0.722519,-0.707107,0.707107,0,0,0,1,0,0,0,0,0,0,0,1,0,0,0,0,0,0,-0.32833,-0.62333,51.1687,224.75,35.1333
10007,train,2021-08-16 10:27:00,2021-08-19 10:19:00,59.015,-60.43667,-0.32833,-0.62333,51.1687,0.40456,-0.7040147244559685,-0.7101853756232853,35.1333,36.7333,-0.703677,-0.71052,0.5,-0.866025,0,0,0,0,1,0,0,0,0,0,0,0,0,0,0,0,0,1,-0.19,-0.01667,21.1491,182.63,36.7333
10007,train,2021-08-17 21:35:00,2021-08-31 10:18:00,58.68667,-61.06,-0.19,-0.01667,21.1491,0.15993,-0.04588604165429441,-0.9989466808500344,36.7333,287.9833,-0.715795,-0.69831,-0.707107,0.707107,0,0,0,0,1,0,0,0,0,0,0,0,0,0,0,0,0,1,-1.195,0.595,137.4492,164.93,287.9833
10007,train,2021-08-19 10:19:00,2021-09-01 10:25:00,58.49667,-61.07667,-1.195,0.595,137.4492,0.132578,0.25999895266895034,-0.9656088983698571,287.9833,24.1167,-0.739392,-0.673275,0.5,-0.866025,0,0,0,1,0,0,0,0,0,0,0,1,0,0,0,0,0,0,-0.17,-0.235,23.6118,216.91,24.1167
10007,train,2021-08-31 10:18:00,2021-09-04 10:18:00,57.30167,-60.48167,-0.17,-0.235,23.6118,0.271963,-0.6005597874829351,-0.7995798532094539,24.1167,71.8833,-0.861693,-0.50743,0.5,-0.866025,0,0,0,1,0,0,0,0,0,0,0,1,0,0,0,0,0,0,-0.305,-0.09833,34.4339,190.01,71.8833
10007,train,2021-09-01 10:25:00,2021-09-16 21:49:00,57.13167,-60.71667,-0.305,-0.09833,34.4339,0.133062,-0.1738200563991367,-0.9847774306884785,71.8833,299.5167,-0.870294,-0.492533,0.5,-0.866025,0,0,0,1,0,0,0,0,0,0,0,1,0,0,0,0,0,0,-1.63334,1.705,210.2682,149.02,299.5167
10008,val,2021-08-14 21:42:00,2021-08-16 10:27:00,60.22,-62.65667,-0.035,-0.15,9.1567,0.201601,-0.9056428219842817,-0.4240413647138056,12.6167,24.1333,-0.67882,-0.734304,-0.707107,0.707107,0,0,0,0,1,0,0,0,0,0,0,0,0,0,0,0,0,1,0.12,-0.505,30.8981,295.8,24.1333
10008,val,2021-08-15 10:19:00,2021-08-21 10:34:00,60.185,-62.80667,0.12,-0.505,30.8981,0.355641,-0.9003187714021934,0.4352310993723277,24.1333,120.1167,-0.691351,-0.722519,0.5,-0.866025,0,0,0,0,1,0,0,0,0,0,0,0,0,0,0,0,0,1,-0.31,1.01834,66.0647,121.01,120.1167
10008,val,2021-08-16 10:27:00,2021-08-23 21:51:00,60.305,-63.31167,-0.31,1.01834,66.0647,0.152779,0.857077396545361,-0.5151876709811931,120.1167,59.2833,-0.703677,-0.71052,0.5,-0.866025,0,0,0,0,1,0,0,0,0,0,0,0,0,0,0,0,0,1,-0.125,0.985,56.6075,103.79,59.2833
10008,val,2021-08-21 10:34:00,2021-08-24 10:27:00,59.995,-62.29333,-0.125,0.985,56.6075,0.26524,0.9711758970603129,-0.23836395903973506,59.2833,12.6,-0.762114,-0.647443,0.5,-0.866025,0,0,0,0,1,0,0,0,0,0,0,0,0,0,0,0,0,1,-0.15,0.28666,23.1378,136.0,12.6
10008,val,2021-08-23 21:51:00,2021-08-25 10:32:00,59.87,-61.30833,-0.15,0.28666,23.1378,0.510092,0.6946583704589971,-0.7193398003386513,12.6,24.0833,-0.783934,-0.620844,-0.707107,0.707107,0,0,0,0,1,0,0,0,0,0,0,0,0,0,0,0,0,1,-0.235,0.3,31.1083,147.01,24.0833
10008,val,2021-08-24 10:27:00,2021-08-25 21:34:00,59.72,-61.02167,-0.235,0.3,31.1083,0.358804,0.5444926510929414,-0.8387656126152171,24.0833,11.0333,-0.794497,-0.607268,0.5,-0.866025,0,0,0,0,1,0,0,0,0,0,0,0,0,0,0,0,0,1,-0.08667,0.16167,13.282,136.45,11.0333
10008,val,2021-08-25 10:32:00,2021-08-26 10:10:00,59.485,-60.72167,-0.08667,0.16167,13.282,0.33439,0.6889873220616208,-0.7247733921981107,11.0333,12.6,-0.804826,-0.593511,0.5,-0.866025,0,0,0,0,1,0,0,0,0,0,0,0,0,0,0,0,0,1,-0.16833,0.31667,25.9471,136.03,12.6
10008,val,2021-08-25 21:34:00,2021-08-27 10:17:00,59.39833,-60.56,-0.16833,0.31667,25.9471,0.572027,0.6942816298152447,-0.7197034239887202,12.6,24.1167,-0.804826,-0.593511,-0.707107,0.707107,0,0,0,0,1,0,0,0,0,0,0,0,0,0,0,0,0,1,-0.36833,-0.335,45.2163,205.21,24.1167
10008,val,2021-08-26 10:10:00,2021-08-28 10:25:00,59.23,-60.24333,-0.36833,-0.335,45.2163,0.520805,-0.42593720719154793,-0.9047527261798465,24.1167,24.1333,-0.814916,-0.579579,0.5,-0.866025,0,0,0,0,1,0,0,0,0,0,0,0,0,0,0,0,0,1,-0.045,0.075,6.6075,139.19,24.1333
10008,val,2021-08-27 10:17:00,2021-08-31 10:18:00,58.86167,-60.57833,-0.045,0.075,6.6075,0.076053,0.6535527145986944,-0.7568810007132413,24.1333,71.8833,-0.824765,-0.565476,0.5,-0.866025,0,0,0,0,1,0,0,0,0,0,0,0,0,0,0,0,0,1,-0.42834,-0.2,49.0181,193.76,71.8833
10008,val,2021-08-28 10:25:00,2021-09-01 10:25:00,58.81667,-60.50333,-0.42834,-0.2,49.0181,0.18942,-0.2378554198779626,-0.9713005710050201,71.8833,24.1167,-0.83437,-0.551205,0.5,-0.866025,0,0,0,0,1,0,0,0,0,0,0,0,0,0,0,0,0,1,-0.08666,-0.16834,13.7607,225.62,24.1167
10008,val,2021-08-31 10:18:00,2021-09-02 21:34:00,58.38833,-60.70333,-0.08666,-0.16834,13.7607,0.158497,-0.7147168646786285,-0.6994138998789995,24.1167,35.15,-0.861693,-0.50743,0.5,-0.866025,0,0,0,0,1,0,0,0,0,0,0,0,0,0,0,0,0,1,-0.15,-0.22,21.0742,217.77,35.15
10008,val,2021-09-01 10:25:00,2021-09-03 10:09:00,58.30167,-60.87167,-0.15,-0.22,21.0742,0.166542,-0.6124932454588955,-0.7904758214311359,35.15,12.5833,-0.870294,-0.492533,0.5,-0.866025,0,0,0,0,1,0,0,0,0,0,0,0,0,0,0,0,0,1,-0.09667,-0.11166,12.5931,211.44,12.5833
10008,val,2021-09-02 21:34:00,2021-09-03 21:42:00,58.15167,-61.09167,-0.09667,-0.11166,12.5931,0.277993,-0.5216053956951078,-0.8531868559593204,12.5833,11.55,-0.878637,-0.477489,-0.707107,0.707107,0,0,0,0,1,0,0,0,0,0,0,0,0,0,0,0,0,1,-0.08,-0.08834,10.3056,210.36,11.55
10008,val,2021-09-03 10:09:00,2021-09-04 10:18:00,58.055,-61.20333,-0.08,-0.08834,10.3056,0.247849,-0.5054314927178777,-0.8628667372016249,11.55,12.6,-0.886721,-0.462305,0.5,-0.866025,0,0,0,0,1,0,0,0,0,0,0,0,0,0,0,0,0,1,-0.10167,-0.03666,11.5106,190.86,12.6
10008,val,2021-09-03 21:42:00,2021-09-06 10:34:00,57.975,-61.29167,-0.10167,-0.03666,11.5106,0.253761,-0.1884098604579596,-0.9820904869115739,12.6,48.2667,-0.886721,-0.462305,-0.707107,0.707107,0,0,0,0,1,0,0,0,0,0,0,0,0,0,0,0,0,1,0.025,-0.12167,7.7107,291.18,48.2667
10008,val,2021-09-04 10:18:00,2021-09-09 10:26:00,57.87333,-61.32833,0.025,-0.12167,7.7107,0.044376,-0.932449975200616,0.3612991056567544,48.2667,71.8667,-0.894542,-0.446983,0.5,-0.866025,0,0,0,0,1,0,0,0,0,0,0,0,0,0,0,0,0,1,-0.36833,0.125,41.6239,169.67,71.8667
10009,train,2021-08-14 21:42:00,2021-08-16 10:27:00,60.125,-63.185,-0.02833,-0.01667,3.2828,0.037759,-0.28150419007067523,-0.9595599986309628,24.15,12.6,-0.67882,-0.734304,-0.707107,0.707107,0,0,0,1,0,0,0,0,0,0,0,1,0,0,0,0,0,0,0.05666,0.03834,6.6486,18.61,12.6
10009,train,2021-08-15 21:51:00,2021-08-17 10:34:00,60.09667,-63.20167,0.05666,0.03834,6.6486,0.146573,0.31912472123221264,0.9477127266732586,12.6,24.1167,-0.691351,-0.722519,-0.707107,0.707107,0,0,0,1,0,0,0,0,0,0,0,1,0,0,0,0,0,0,0.005,-0.17334,9.6079,273.39,24.1167
10009,train,2021-08-16 10:27:00,2021-08-28 21:58:00,60.15333,-63.16333,0.005,-0.17334,9.6079,0.110665,-0.9982501636345139,0.05913214695634001,24.1167,275.4,-0.703677,-0.71052,0.5,-0.866025,0,0,0,1,0,0,0,0,0,0,0,1,0,0,0,0,0,0,-0.00166,0.51334,28.4049,90.15,275.4
10009,train,2021-08-17 10:34:00,2021-09-12 21:51:00,60.15833,-63.33667,-0.00166,0.51334,28.4049,0.02865,0.9999965730559848,-0.0026179908874179917,275.4,359.8833,-0.715795,-0.69831,0.5,-0.866025,0,0,0,1,0,0,0,0,0,0,0,1,0,0,0,0,0,0,-0.17834,-1.13334,65.934,252.99,359.8833
10010,val,2021-08-14 21:42:00,2021-08-15 21:51:00,60.06333,-62.15333,-0.00166,0.02166,1.2161,0.026774,0.9884410266004133,-0.15160586048408892,12.6167,11.5333,-0.67882,-0.734304,-0.707107,0.707107,0,0,0,1,0,0,0,0,0,0,0,1,0,0,0,0,0,0,-0.02667,-0.00666,2.9885,187.11,11.5333
10010,val,2021-08-15 10:19:00,2021-08-16 10:27:00,60.06167,-62.13167,-0.02667,-0.00666,2.9885,0.071978,-0.12377466945294338,-0.9923103502442241,11.5333,12.6,-0.691351,-0.722519,0.5,-0.866025,0,0,0,1,0,0,0,0,0,0,0,1,0,0,0,0,0,0,-0.01333,0.02666,2.0953,135.01,12.6
10010,val,2021-08-15 21:51:00,2021-08-17 10:34:00,60.035,-62.13833,-0.01333,0.02666,2.0953,0.046192,0.7069833570023731,-0.7072301838310175,12.6,24.1167,-0.691351,-0.722519,-0.707107,0.707107,0,0,0,1,0,0,0,0,0,0,0,1,0,0,0,0,0,0,0.05166,0.30834,18.0564,71.32,24.1167
10010,val,2021-08-16 10:27:00,2021-08-17 21:35:00,60.02167,-62.11167,0.05166,0.30834,18.0564,0.207975,0.9473221350826141,0.32028233229842284,24.1167,11.0167,-0.703677,-0.71052,0.5,-0.866025,0,0,0,1,0,0,0,0,0,0,0,1,0,0,0,0,0,0,-0.01166,-0.12834,7.2379,259.74,11.0167
10010,val,2021-08-17 10:34:00,2021-08-19 10:19:00,60.07333,-61.80333,-0.01166,-0.12834,7.2379,0.182498,-0.9840096256511398,-0.17811529026420983,11.0167,36.7333,-0.715795,-0.69831,0.5,-0.866025,0,0,0,1,0,0,0,0,0,0,0,1,0,0,0,0,0,0,-0.02,0.06667,4.3177,120.97,36.7333
10010,val,2021-08-17 21:35:00,2021-08-21 10:34:00,60.06167,-61.93167,-0.02,0.06667,4.3177,0.03265,0.8574368564965611,-0.5145891925811265,36.7333,48.25,-0.715795,-0.69831,-0.707107,0.707107,0,0,0,1,0,0,0,0,0,0,0,1,0,0,0,0,0,0,-0.37834,0.53667,51.653,144.3,48.25
10010,val,2021-08-19 10:19:00,2021-08-22 10:09:00,60.04167,-61.865,-0.37834,0.53667,51.653,0.297369,0.5835412113561175,-0.8120835268918063,48.25,23.5833,-0.739392,-0.673275,0.5,-0.866025,0,0,0,1,0,0,0,0,0,0,0,1,0,0,0,0,0,0,-0.29333,0.29666,36.6589,152.71,23.5833
10010,val,2021-08-21 10:34:00,2021-08-23 21:51:00,59.66333,-61.32833,-0.29333,0.29666,36.6589,0.431789,0.4584944545344721,-0.8886972685685136,23.5833,35.7,-0.762114,-0.647443,0.5,-0.866025,0,0,0,1,0,0,0,0,0,0,0,1,0,0,0,0,0,0,-0.005,-0.27833,15.7792,268.1,35.7
10010,val,2021-08-22 10:09:00,2021-08-24 10:27:00,59.37,-61.03167,-0.005,-0.27833,15.7792,0.122776,-0.9994502159417572,-0.03315517838852618,35.7,12.6,-0.773138,-0.634237,0.5,-0.866025,0,0,0,1,0,0,0,0,0,0,0,1,0,0,0,0,0,0,-0.07,-0.00167,7.7842,180.7,12.6
10010,val,2021-08-23 21:51:00,2021-08-31 10:18:00,59.365,-61.31,-0.07,-0.00167,7.7842,0.17161,-0.01221700083524673,-0.999925369660452,12.6,167.85,-0.783934,-0.620844,-0.707107,0.707107,0,0,0,1,0,0,0,0,0,0,0,1,0,0,0,0,0,0,-0.30667,-0.09666,34.5429,189.22,167.85
10010,val,2021-08-24 10:27:00,2021-09-01 10:25:00,59.295,-61.31167,-0.30667,-0.09666,34.5429,0.057166,-0.16022575350414575,-0.987080395871597,167.85,24.1167,-0.794497,-0.607268,0.5,-0.866025,0,0,0,1,0,0,0,0,0,0,0,1,0,0,0,0,0,0,-0.08333,-0.34167,21.6777,244.84,24.1167
10010,val,2021-08-31 10:18:00,2021-09-07 21:42:00,58.98833,-61.40833,-0.08333,-0.34167,21.6777,0.249685,-0.9051240819620014,-0.42514749940749286,24.1167,155.2833,-0.861693,-0.50743,0.5,-0.866025,0,0,0,1,0,0,0,0,0,0,0,1,0,0,0,0,0,0,-0.52,0.29667,60.3153,163.34,155.2833
10010,val,2021-09-01 10:25:00,2021-09-17 21:58:00,58.905,-61.75,-0.52,0.29667,60.3153,0.107895,0.28669176362862814,-0.9580228769019594,155.2833,240.2667,-0.870294,-0.492533,0.5,-0.866025,0,0,0,1,0,0,0,0,0,0,0,1,0,0,0,0,0,0,-1.13833,0.34666,128.2304,170.64,240.2667
10010,val,2021-09-07 21:42:00,2021-09-19 10:10:00,58.385,-61.45333,-1.13833,0.34666,128.2304,0.14825,0.16263716519488378,-0.986685944207868,240.2667,36.2,-0.916409,-0.400244,-0.707107,0.707107,0,0,0,1,0,0,0,0,0,0,0,1,0,0,0,0,0,0,-0.085,0.16,13.498,134.38,36.2
10010,val,2021-09-17 21:58:00,2021-09-21 21:58:00,57.24667,-61.10667,-0.085,0.16,13.498,0.103576,0.7147168646786286,-0.6994138998789993,36.2,59.8,-0.971395,-0.237468,-0.707107,0.707107,0,0,0,1,0,0,0,0,0,0,0,1,0,0,0,0,0,0,-0.24667,0.06167,27.681,172.23,59.8
10010,val,2021-09-19 10:10:00,2021-09-23 10:12:00,57.16167,-60.94667,-0.24667,0.06167,27.681,0.128582,0.13519679949821328,-0.9908187651661831,59.8,36.2333,-0.978989,-0.203914,0.5,-0.866025,0,0,0,1,0,0,0,0,0,0,0,1,0,0,0,0,0,0,-0.19833,0.35667,30.9442,135.3,36.2333
10010,val,2021-09-21 21:58:00,2021-09-23 21:42:00,56.915,-60.885,-0.19833,0.35667,30.9442,0.237229,0.7033947028105039,-0.7107994738729925,36.2333,11.5,-0.985424,-0.170118,-0.707107,0.707107,0,0,0,1,0,0,0,0,0,0,0,1,0,0,0,0,0,0,-0.07167,0.08833,9.6238,145.87,11.5
10010,val,2021-09-23 10:12:00,2021-09-28 10:18:00,56.71667,-60.52833,-0.07167,0.08833,9.6238,0.23246,0.5610724890695805,-0.8277666712360829,11.5,108.6,-0.990692,-0.13612,0.5,-0.866025,0,0,0,1,0,0,0,0,0,0,0,1,0,0,0,0,0,0,-0.3,0.43667,42.7923,141.04,108.6
10011,train,2021-08-17 10:34:00,2021-09-03 21:42:00,59.66333,-63.47833,0.02334,-0.06667,4.5548,0.007052,-0.8215474422259404,0.5701401583575876,179.4167,239.7167,-0.715795,-0.69831,0.5,-0.866025,0,0,0,1,0,0,0,0,0,0,0,1,0,0,0,0,0,0,-0.03167,-0.12333,7.7689,243.1,239.7167
10011,train,2021-08-24 21:59:00,2021-09-12 21:51:00,59.68667,-63.545,-0.03167,-0.12333,7.7689,0.009002,-0.891797529605214,-0.452434709311783,239.7167,216.15,-0.794497,-0.607268,-0.707107,0.707107,0,0,0,1,0,0,0,0,0,0,0,1,0,0,0,0,0,0,-0.08333,-0.085,10.4266,207.33,216.15
10011,train,2021-09-03 21:42:00,2021-09-14 10:32:00,59.655,-63.66833,-0.08333,-0.085,10.4266,0.013399,-0.45911477048736044,-0.888376962511038,216.15,36.6833,-0.886721,-0.462305,-0.707107,0.707107,0,0,0,1,0,0,0,0,0,0,0,1,0,0,0,0,0,0,-0.00667,-0.005,0.7933,200.79,36.6833
10012,train,2021-08-19 10:19:00,2021-08-22 21:42:00,59.095,-61.64667,-0.07333,0.13834,11.3597,0.065398,0.6970399677313084,-0.7170322749954402,48.25,35.1333,-0.739392,-0.673275,0.5,-0.866025,0,0,0,1,0,0,0,0,0,0,0,1,0,0,0,0,0,0,-0.12,0.22,18.3614,136.52,35.1333
10012,train,2021-08-21 10:34:00,2021-08-23 21:51:00,59.02167,-61.50833,-0.12,0.22,18.3614,0.145173,0.6881013303402624,-0.7256146078904151,35.1333,24.15,-0.762114,-0.647443,0.5,-0.866025,0,0,0,1,0,0,0,0,0,0,0,1,0,0,0,0,0,0,0.04,-0.00834,4.4735,353.86,24.15
10012,train,2021-08-22 21:42:00,2021-08-25 10:32:00,58.90167,-61.28833,0.04,-0.00834,4.4735,0.051455,-0.10695822422404065,0.994263515508258,24.15,36.6833,-0.773138,-0.634237,-0.707107,0.707107,0,0,0,1,0,0,0,0,0,0,0,1,0,0,0,0,0,0,-0.10167,0.015,11.338,175.63,36.6833
10012,train,2021-08-23 21:51:00,2021-08-25 21:34:00,58.94167,-61.29667,-0.10167,0.015,11.338,0.085855,0.07619696203392172,-0.9970927855404437,36.6833,11.0333,-0.783934,-0.620844,-0.707107,0.707107,0,0,0,1,0,0,0,0,0,0,0,1,0,0,0,0,0,0,-0.03,-0.05,4.4058,220.81,11.0333
10012,train,2021-08-25 10:32:00,2021-08-31 10:18:00,58.84,-61.28167,-0.03,-0.05,4.4058,0.110921,-0.6535527145986941,-0.7568810007132415,11.0333,132.7333,-0.804826,-0.593511,0.5,-0.866025,0,0,0,1,0,0,0,0,0,0,0,1,0,0,0,0,0,0,-0.35333,0.16,40.3651,166.67,132.7333
10012,train,2021-08-25 21:34:00,2021-09-01 10:25:00,58.81,-61.33167,-0.35333,0.16,40.3651,0.084474,0.23055926089632592,-0.9730582856206199,132.7333,24.1167,-0.804826,-0.593511,-0.707107,0.707107,0,0,0,1,0,0,0,0,0,0,0,1,0,0,0,0,0,0,-0.03334,-0.02,3.8857,197.44,24.1167
10012,train,2021-08-31 10:18:00,2021-09-02 10:33:00,58.45667,-61.17167,-0.03334,-0.02,3.8857,0.044755,-0.29970690475106376,-0.954031326133758,24.1167,24.1333,-0.861693,-0.50743,0.5,-0.866025,0,0,0,1,0,0,0,0,0,0,0,1,0,0,0,0,0,0,-0.195,-0.11833,22.7571,197.72,24.1333
10012,train,2021-09-01 10:25:00,2021-09-02 21:34:00,58.42333,-61.19167,-0.195,-0.11833,22.7571,0.261937,-0.3043655839860797,-0.9525552956573243,24.1333,11.0167,-0.870294,-0.492533,0.5,-0.866025,0,0,0,1,0,0,0,0,0,0,0,1,0,0,0,0,0,0,-0.00166,-0.07,4.1026,267.45,11.0167
10012,train,2021-09-02 10:33:00,2021-09-03 21:42:00,58.22833,-61.31,-0.00166,-0.07,4.1026,0.103445,-0.9990097760809875,-0.04449120468828886,11.0167,24.1333,-0.878637,-0.477489,0.5,-0.866025,0,0,0,1,0,0,0,0,0,0,0,1,0,0,0,0,0,0,-0.095,-0.01667,10.6086,185.29,24.1333
10012,train,2021-09-02 21:34:00,2021-09-04 10:18:00,58.22667,-61.38,-0.095,-0.01667,10.6086,0.122107,-0.09219679929629182,-0.9957408047275753,24.1333,12.6,-0.878637,-0.477489,-0.707107,0.707107,0,0,0,1,0,0,0,0,0,0,0,1,0,0,0,0,0,0,-0.01834,0.11334,6.961,106.99,12.6
10012,train,2021-09-03 21:42:00,2021-09-16 21:49:00,58.13167,-61.39667,-0.01834,0.11334,6.961,0.153462,0.9563557698862929,-0.292204793604068,12.6,299.5167,-0.886721,-0.462305,-0.707107,0.707107,0,0,0,1,0,0,0,0,0,0,0,1,0,0,0,0,0,0,-1.41166,0.495,159.7438,169.1,299.5167
10012,train,2021-09-04 10:18:00,2021-09-23 21:42:00,58.11333,-61.28333,-1.41166,0.495,159.7438,0.14815,0.18909544298989156,-0.9819587126964436,299.5167,167.8833,-0.894542,-0.446983,0.5,-0.866025,0,0,0,1,0,0,0,0,0,0,0,1,0,0,0,0,0,0,-0.59,2.00833,139.8887,117.13,167.8833
10013,test,2021-08-19 10:19:00,2021-08-21 10:34:00,58.755,-61.135,-0.07,-0.03,7.974,0.091782,-0.2174618698628547,-0.9760688168135231,24.1333,24.1167,-0.739392,-0.673275,0.5,-0.866025,0,0,0,1,0,0,0,0,0,0,0,1,0,0,0,0,0,0,-0.23333,-0.02333,25.9804,182.99,24.1167
10013,test,2021-08-20 10:27:00,2021-08-22 10:09:00,58.685,-61.165,-0.23333,-0.02333,25.9804,0.299244,-0.05216166171281544,-0.9986386538920661,24.1167,23.5833,-0.750864,-0.660457,0.5,-0.866025,0,0,0,1,0,0,0,0,0,0,0,1,0,0,0,0,0,0,-0.05334,0.18333,12.2112,118.98,23.5833
10013,test,2021-08-21 10:34:00,2021-08-22 21:42:00,58.45167,-61.18833,-0.05334,0.18333,12.2112,0.143831,0.8747888843334528,-0.48450429084439794,23.5833,11.55,-0.762114,-0.647443,0.5,-0.866025,0,0,0,1,0,0,0,0,0,0,0,1,0,0,0,0,0,0,0.065,-0.02,7.3208,350.86,11.55
10013,test,2021-08-22 10:09:00,2021-08-24 10:27:00,58.39833,-61.005,0.065,-0.02,7.3208,0.176066,-0.1588473735366251,0.9873031509726462,11.55,36.75,-0.773138,-0.634237,0.5,-0.866025,0,0,0,1,0,0,0,0,0,0,0,1,0,0,0,0,0,0,0.01834,0.09333,5.7972,69.36,36.75
10013,test,2021-08-22 21:42:00,2021-08-25 21:34:00,58.46333,-61.025,0.01834,0.09333,5.7972,0.043818,0.9358136758384908,0.35249505544567855,36.75,35.1167,-0.773138,-0.634237,-0.707107,0.707107,0,0,0,1,0,0,0,0,0,0,0,1,0,0,0,0,0,0,-0.085,0.14,12.4788,139.18,35.1167
10013,test,2021-08-24 10:27:00,2021-08-28 10:25:00,58.48167,-60.93167,-0.085,0.14,12.4788,0.098709,0.6536848052989286,-0.756766922718813,35.1167,60.85,-0.794497,-0.607268,0.5,-0.866025,0,0,0,1,0,0,0,0,0,0,0,1,0,0,0,0,0,0,-0.28667,0.20834,34.1273,158.98,60.85
10013,test,2021-08-25 21:34:00,2021-08-31 10:18:00,58.39667,-60.79167,-0.28667,0.20834,34.1273,0.15579,0.35869380875114987,-0.9334552756097068,60.85,71.8833,-0.804826,-0.593511,-0.707107,0.707107,0,0,0,1,0,0,0,0,0,0,0,1,0,0,0,0,0,0,-0.14,0.13666,17.5225,152.62,71.8833
10013,test,2021-08-28 10:25:00,2021-09-01 10:25:00,58.11,-60.58333,-0.14,0.13666,17.5225,0.067712,0.45988985072076155,-0.8879759710735622,71.8833,24.1167,-0.83437,-0.551205,0.5,-0.866025,0,0,0,1,0,0,0,0,0,0,0,1,0,0,0,0,0,0,-0.075,-0.105,10.391,216.67,24.1167
10013,test,2021-08-31 10:18:00,2021-09-12 21:50:00,57.97,-60.44667,-0.075,-0.105,10.391,0.119685,-0.5972052563279107,-0.8020884501190094,24.1167,275.4167,-0.861693,-0.50743,0.5,-0.866025,0,0,0,1,0,0,0,0,0,0,0,1,0,0,0,0,0,0,-1.365,-0.085,151.8673,181.97,275.4167
10013,test,2021-09-01 10:25:00,2021-09-23 21:42:00,57.895,-60.55167,-1.365,-0.085,151.8673,0.153169,-0.0343762121290921,-0.9994089633576716,275.4167,263.8667,-0.870294,-0.492533,0.5,-0.866025,0,0,0,1,0,0,0,0,0,0,0,1,0,0,0,0,0,0,-1.24167,2.58667,212.2318,129.5,263.8667
10014,train,2021-08-21 10:34:00,2021-08-24 10:27:00,60.025,-63.86333,0.13,-0.065,14.8978,0.069805,-0.24141381680650556,0.9704222632724967,59.2833,12.6,-0.762114,-0.647443,0.5,-0.866025,0,0,0,1,0,0,0,0,0,0,0,1,0,0,0,0,0,0,-0.00167,0.0,0.1857,180.0,12.6
10014,train,2021-08-23 21:51:00,2021-08-24 21:59:00,60.155,-63.92833,-0.00167,0.0,0.1857,0.004094,1.2246467991473532e-16,-1.0,12.6,11.5333,-0.783934,-0.620844,-0.707107,0.707107,0,0,0,1,0,0,0,0,0,0,0,1,0,0,0,0,0,0,0.0,0.00166,0.0919,90.0,11.5333
10014,train,2021-08-24 10:27:00,2021-08-28 21:58:00,60.15333,-63.92833,0.0,0.00166,0.0919,0.002213,1.0,6.123233995736766e-17,11.5333,95.9833,-0.794497,-0.607268,0.5,-0.866025,0,0,0,1,0,0,0,0,0,0,0,1,0,0,0,0,0,0,-0.10333,0.26667,18.7211,127.74,95.9833
10014,train,2021-08-24 21:59:00,2021-09-03 21:42:00,60.15333,-63.92667,-0.10333,0.26667,18.7211,0.054179,0.7907964137731522,-0.6120792693463172,95.9833,143.7333,-0.794497,-0.607268,-0.707107,0.707107,0,0,0,1,0,0,0,0,0,0,0,1,0,0,0,0,0,0,-0.475,-0.095,53.084,185.78,143.7333
10014,train,2021-08-28 21:58:00,2021-09-12 21:51:00,60.05,-63.66,-0.475,-0.095,53.084,0.10259,-0.10070901215262426,-0.9949159235187879,143.7333,216.15,-0.83437,-0.551205,-0.707107,0.707107,0,0,0,1,0,0,0,0,0,0,0,1,0,0,0,0,0,0,-0.04833,0.07,6.6663,143.69,216.15
10014,train,2021-09-03 21:42:00,2021-09-16 21:51:00,59.575,-63.755,-0.04833,0.07,6.6663,0.008567,0.592153830802231,-0.8058249441821982,216.15,96.0,-0.886721,-0.462305,-0.707107,0.707107,0,0,0,1,0,0,0,0,0,0,0,1,0,0,0,0,0,0,-0.00167,0.0,0.1857,180.0,96.0
10015,train,2021-08-21 10:34:00,2021-09-03 21:42:00,59.97333,-63.77833,0.01334,0.12166,6.9287,0.010728,0.9766347850739946,0.21490578536529048,179.4,143.7333,-0.762114,-0.647443,0.5,-0.866025,0,0,0,1,0,0,0,0,0,0,0,1,0,0,0,0,0,0,-0.46667,-0.02,51.9034,181.25,143.7333
10015,train,2021-08-28 21:58:00,2021-09-12 21:51:00,59.98667,-63.65667,-0.46667,-0.02,51.9034,0.100308,-0.021814885034560975,-0.9997620270799091,143.7333,216.15,-0.83437,-0.551205,-0.707107,0.707107,0,0,0,1,0,0,0,0,0,0,0,1,0,0,0,0,0,0,-0.11833,-0.06666,13.6861,196.0,216.15
10015,train,2021-09-03 21:42:00,2021-09-29 10:26:00,59.52,-63.67667,-0.11833,-0.06666,13.6861,0.017588,-0.275637355816999,-0.9612616959383189,216.15,396.5833,-0.886721,-0.462305,-0.707107,0.707107,0,0,0,1,0,0,0,0,0,0,0,1,0,0,0,0,0,0,-0.00167,0.0,0.1857,180.0,396.5833
10016,train,2021-08-21 10:34:00,2021-08-24 10:27:00,59.11,-61.54333,-0.17167,0.125,20.3852,0.161174,0.3518416484047018,-0.9360595357389733,35.1333,36.75,-0.762114,-0.647443,0.5,-0.866025,0,0,0,1,0,0,0,0,0,0,0,1,0,0,0,0,0,0,-0.19333,-0.145,23.0592,201.27,36.75
10016,train,2021-08-22 21:42:00,2021-08-25 10:32:00,58.93833,-61.41833,-0.19333,-0.145,23.0592,0.174295,-0.362763348315577,-0.9318812977621513,36.75,24.0833,-0.773138,-0.634237,-0.707107,0.707107,0,0,0,1,0,0,0,0,0,0,0,1,0,0,0,0,0,0,-0.04667,-0.00834,5.2118,185.3,24.0833
10016,train,2021-08-24 10:27:00,2021-08-25 21:34:00,58.745,-61.56333,-0.04667,-0.00834,5.2118,0.060113,-0.09237058744656192,-0.9957246981845821,24.0833,11.0333,-0.794497,-0.607268,0.5,-0.866025,0,0,0,1,0,0,0,0,0,0,0,1,0,0,0,0,0,0,-0.005,-0.01166,0.8735,230.47,11.0333
10016,train,2021-08-25 10:32:00,2021-08-26 21:42:00,58.69833,-61.57167,-0.005,-0.01166,0.8735,0.02199,-0.7712914278529879,-0.6364821547541606,11.0333,24.1333,-0.804826,-0.593511,0.5,-0.866025,0,0,0,1,0,0,0,0,0,0,0,1,0,0,0,0,0,0,-0.02,-0.08,5.1307,244.35,24.1333
10016,train,2021-08-25 21:34:00,2021-08-28 21:58:00,58.69333,-61.58333,-0.02,-0.08,5.1307,0.059055,-0.9014551171122458,-0.4328725815204138,24.1333,48.2667,-0.804826,-0.593511,-0.707107,0.707107,0,0,0,1,0,0,0,0,0,0,0,1,0,0,0,0,0,0,-0.14,-0.00834,15.5748,181.78,48.2667
10016,train,2021-08-26 21:42:00,2021-08-31 10:18:00,58.67333,-61.66333,-0.14,-0.00834,15.5748,0.089634,-0.031061863564087563,-0.9995174638954168,48.2667,60.3333,-0.814916,-0.579579,-0.707107,0.707107,0,0,0,1,0,0,0,0,0,0,0,1,0,0,0,0,0,0,-0.345,-0.01333,38.3701,181.17,60.3333
10016,train,2021-08-28 21:58:00,2021-09-01 10:25:00,58.53333,-61.67167,-0.345,-0.01333,38.3701,0.176658,-0.020418933094800393,-0.9997915118519811,60.3333,24.1167,-0.83437,-0.551205,-0.707107,0.707107,0,0,0,1,0,0,0,0,0,0,0,1,0,0,0,0,0,0,-0.1,0.08833,12.2688,154.96,24.1167
10016,train,2021-08-31 10:18:00,2021-09-03 21:42:00,58.18833,-61.685,-0.1,0.08833,12.2688,0.141313,0.42325088089660934,-0.9060125229930568,24.1167,59.2833,-0.861693,-0.50743,0.5,-0.866025,0,0,0,1,0,0,0,0,0,0,0,1,0,0,0,0,0,0,-0.33333,0.07334,37.3168,173.3,59.2833
10016,train,2021-09-01 10:25:00,2021-09-04 10:18:00,58.08833,-61.59667,-0.33333,0.07334,37.3168,0.174851,0.11667073709933312,-0.9931706495384861,59.2833,12.6,-0.870294,-0.492533,0.5,-0.866025,0,0,0,1,0,0,0,0,0,0,0,1,0,0,0,0,0,0,-0.10167,-0.01667,11.3485,185.01,12.6
10016,train,2021-09-03 21:42:00,2021-09-07 21:42:00,57.755,-61.52333,-0.10167,-0.01667,11.3485,0.250187,-0.08732961019404346,-0.9961794713721802,12.6,83.4,-0.886721,-0.462305,-0.707107,0.707107,0,0,0,1,0,0,0,0,0,0,0,1,0,0,0,0,0,0,-0.12166,0.14167,15.9463,147.97,83.4
10016,train,2021-09-04 10:18:00,2021-09-09 10:26:00,57.65333,-61.54,-0.12166,0.14167,15.9463,0.053112,0.5303632285175258,-0.847770514842588,83.4,36.7333,-0.894542,-0.446983,0.5,-0.866025,0,0,0,1,0,0,0,0,0,0,0,1,0,0,0,0,0,0,-0.08167,0.05333,9.6243,160.64,36.7333
10017,train,2021-08-21 10:34:00,2021-08-25 10:32:00,59.10333,-61.54,-0.17333,0.17667,21.7655,0.172086,0.46576897271374407,-0.8849063589200744,35.1333,60.8333,-0.762114,-0.647443,0.5,-0.866025,0,0,0,1,0,0,0,0,0,0,0,1,0,0,0,0,0,0,-0.03833,-0.05334,5.2484,215.72,60.8333
10017,train,2021-08-22 21:42:00,2021-08-25 21:34:00,58.93,-61.36333,-0.03833,-0.05334,5.2484,0.023965,-0.5838246464259067,-0.811879783111801,60.8333,11.0333,-0.773138,-0.634237,-0.707107,0.707107,0,0,0,1,0,0,0,0,0,0,0,1,0,0,0,0,0,0,-0.075,-0.15833,12.3477,227.58,11.0333
10017,train,2021-08-25 10:32:00,2021-08-26 21:42:00,58.89167,-61.41667,-0.075,-0.15833,12.3477,0.310869,-0.7382199197050443,-0.6745601160390954,11.0333,24.1333,-0.804826,-0.593511,0.5,-0.866025,0,0,0,1,0,0,0,0,0,0,0,1,0,0,0,0,0,0,-0.09167,0.01167,10.2154,176.22,24.1333
10017,train,2021-08-25 21:34:00,2021-08-31 10:18:00,58.81667,-61.575,-0.09167,0.01167,10.2154,0.117581,0.06592559795137787,-0.9978245414574415,24.1333,108.6,-0.804826,-0.593511,-0.707107,0.707107,0,0,0,1,0,0,0,0,0,0,0,1,0,0,0,0,0,0,-0.56167,0.24666,64.0829,166.95,108.6
10017,train,2021-08-26 21:42:00,2021-09-01 10:25:00,58.725,-61.56333,-0.56167,0.24666,64.0829,0.163912,0.22580126686910384,-0.9741733869698493,108.6,24.1167,-0.814916,-0.579579,-0.707107,0.707107,0,0,0,1,0,0,0,0,0,0,0,1,0,0,0,0,0,0,-0.04166,-0.035,5.0674,203.93,24.1167
10017,train,2021-08-31 10:18:00,2021-09-02 10:33:00,58.16333,-61.31667,-0.04166,-0.035,5.0674,0.058367,-0.40562023347360415,-0.9140416982812212,24.1167,24.1333,-0.861693,-0.50743,0.5,-0.866025,0,0,0,1,0,0,0,0,0,0,0,1,0,0,0,0,0,0,-0.18,-0.05166,20.2448,188.66,24.1333
10017,train,2021-09-01 10:25:00,2021-09-03 10:09:00,58.12167,-61.35167,-0.18,-0.05166,20.2448,0.233021,-0.1505706845235076,-0.9885992458838527,24.1333,23.6,-0.870294,-0.492533,0.5,-0.866025,0,0,0,1,0,0,0,0,0,0,0,1,0,0,0,0,0,0,-0.235,0.115,27.0035,165.35,23.6
10017,train,2021-09-02 10:33:00,2021-09-03 21:42:00,57.94167,-61.40333,-0.235,0.115,27.0035,0.317838,0.25291374771637026,-0.9674888300213395,23.6,11.55,-0.878637,-0.477489,0.5,-0.866025,0,0,0,1,0,0,0,0,0,0,0,1,0,0,0,0,0,0,-0.07667,0.01833,8.5947,172.71,11.55
10017,train,2021-09-03 10:09:00,2021-09-04 10:18:00,57.70667,-61.28833,-0.07667,0.01833,8.5947,0.206703,0.1268914884283702,-0.9919166044403294,11.55,12.6,-0.886721,-0.462305,0.5,-0.866025,0,0,0,1,0,0,0,0,0,0,0,1,0,0,0,0,0,0,-0.13,0.07,15.0461,163.86,12.6
10018,train,2021-08-24 10:27:00,2021-08-25 21:34:00,58.335,-61.55667,0.02333,0.02334,2.93,0.033794,0.46468750830599914,0.8854747425106839,24.0833,11.0333,-0.794497,-0.607268,0.5,-0.866025,0,0,0,1,0,0,0,0,0,0,0,1,0,0,0,0,0,0,0.05334,0.00333,5.9343,1.87,11.0333
10018,train,2021-08-25 10:32:00,2021-08-28 10:25:00,58.35833,-61.53333,0.05334,0.00333,5.9343,0.149404,0.03263186295825907,0.9994674389493003,11.0333,60.85,-0.804826,-0.593511,0.5,-0.866025,0,0,0,1,0,0,0,0,0,0,0,1,0,0,0,0,0,0,0.00666,0.0,0.7406,0.0,60.85
10018,train,2021-08-25 21:34:00,2021-08-28 21:58:00,58.41167,-61.53,0.00666,0.0,0.7406,0.003381,0.0,1.0,60.85,11.55,-0.804826,-0.593511,-0.707107,0.707107,0,0,0,1,0,0,0,0,0,0,0,1,0,0,0,0,0,0,0.06834,-0.07833,8.8607,329.08,11.55
10018,train,2021-08-28 10:25:00,2021-08-31 10:18:00,58.41833,-61.53,0.06834,-0.07833,8.8607,0.213101,-0.5138407419213797,0.8578855937371171,11.55,60.3333,-0.83437,-0.551205,0.5,-0.866025,0,0,0,1,0,0,0,0,0,0,0,1,0,0,0,0,0,0,-0.33,0.24166,39.3142,158.86,60.3333
10018,train,2021-08-28 21:58:00,2021-09-01 10:25:00,58.48667,-61.60833,-0.33,0.24166,39.3142,0.181004,0.3606480447761406,-0.9327019823068604,60.3333,24.1167,-0.83437,-0.551205,-0.707107,0.707107,0,0,0,1,0,0,0,0,0,0,0,1,0,0,0,0,0,0,-0.04834,-0.025,5.5719,195.28,24.1167
10018,train,2021-08-31 10:18:00,2021-09-02 10:33:00,58.15667,-61.36667,-0.04834,-0.025,5.5719,0.064178,-0.2635363398406127,-0.9646494687623132,24.1167,24.1333,-0.861693,-0.50743,0.5,-0.866025,0,0,0,1,0,0,0,0,0,0,0,1,0,0,0,0,0,0,-0.20833,-0.09333,23.8089,193.39,24.1333
10018,train,2021-09-01 10:25:00,2021-09-03 21:42:00,58.10833,-61.39167,-0.20833,-0.09333,23.8089,0.274044,-0.23157811854570912,-0.9728163110324731,24.1333,35.15,-0.870294,-0.492533,0.5,-0.866025,0,0,0,1,0,0,0,0,0,0,0,1,0,0,0,0,0,0,-0.23,0.02333,25.6122,176.89,35.15
10018,train,2021-09-02 10:33:00,2021-09-07 21:42:00,57.9,-61.485,-0.23,0.02333,25.6122,0.202404,0.054253089686214305,-0.9985272165842549,35.15,96.0,-0.878637,-0.477489,0.5,-0.866025,0,0,0,1,0,0,0,0,0,0,0,1,0,0,0,0,0,0,-0.19,0.16,23.1809,155.63,96.0
10018,train,2021-09-03 21:42:00,2021-09-09 10:26:00,57.67,-61.46167,-0.19,0.16,23.1809,0.067074,0.4126275403691131,-0.9108998369353987,96.0,36.7333,-0.886721,-0.462305,-0.707107,0.707107,0,0,0,1,0,0,0,0,0,0,0,1,0,0,0,0,0,0,-0.12,-0.12333,15.2505,209.01,36.7333
10019,test,2021-08-23 21:51:00,2021-09-02 21:34:00,59.75167,-60.71,-0.03,-0.11333,7.1737,0.158151,-0.8857179309309898,-0.4642238111378243,12.6,227.1167,-0.783934,-0.620844,-0.707107,0.707107,0,0,0,1,0,0,0,0,0,0,0,1,0,0,0,0,0,0,-0.58334,-0.16834,65.5593,188.42,227.1167
10019,test,2021-08-24 10:27:00,2021-09-03 21:42:00,59.72167,-60.82333,-0.58334,-0.16834,65.5593,0.080183,-0.14642834084369336,-0.9892212800975134,227.1167,24.1333,-0.794497,-0.607268,0.5,-0.866025,0,0,0,1,0,0,0,0,0,0,0,1,0,0,0,0,0,0,-0.135,-0.05166,15.2989,191.15,24.1333
10019,test,2021-09-02 21:34:00,2021-09-09 10:26:00,59.13833,-60.99167,-0.135,-0.05166,15.2989,0.176092,-0.19337823250590802,-0.9811242832551292,24.1333,132.7333,-0.878637,-0.477489,-0.707107,0.707107,0,0,0,1,0,0,0,0,0,0,0,1,0,0,0,0,0,0,-0.53833,-0.53667,67.397,207.59,132.7333
10019,test,2021-09-03 21:42:00,2021-09-23 10:12:00,59.00333,-61.04333,-0.53833,-0.53667,67.397,0.141045,-0.46314135636123954,-0.8862844261453946,132.7333,335.7667,-0.886721,-0.462305,-0.707107,0.707107,0,0,0,1,0,0,0,0,0,0,0,1,0,0,0,0,0,0,-1.19333,0.52167,136.2306,166.69,335.7667
10019,test,2021-09-09 10:26:00,2021-09-27 10:09:00,58.465,-61.58,-1.19333,0.52167,136.2306,0.112703,0.23021958543879217,-0.9731387067013575,335.7667,95.95,-0.929634,-0.368484,0.5,-0.866025,0,0,0,1,0,0,0,0,0,0,0,1,0,0,0,0,0,0,-0.34,-0.14167,38.7624,192.81,95.95
10020,val,2021-08-23 21:51:00,2021-08-24 21:59:00,59.35833,-61.80667,-0.06666,0.08667,8.8946,0.19609,0.553246168634845,-0.8330178130693633,12.6,11.5333,-0.783934,-0.620844,-0.707107,0.707107,0,0,0,1,0,0,0,0,0,0,0,1,0,0,0,0,0,0,-0.02334,-0.01,2.6567,192.35,11.5333
10020,val,2021-08-24 10:27:00,2021-08-25 10:32:00,59.29167,-61.72,-0.02334,-0.01,2.6567,0.063987,-0.21388293816160045,-0.9768592983451408,11.5333,12.55,-0.794497,-0.607268,0.5,-0.866025,0,0,0,1,0,0,0,0,0,0,0,1,0,0,0,0,0,0,-0.06333,0.07167,8.1367,149.9,12.55
10020,val,2021-08-24 21:59:00,2021-08-25 21:34:00,59.26833,-61.73,-0.06333,0.07167,8.1367,0.180094,0.5015107371594573,-0.8651514205697045,12.55,11.0333,-0.794497,-0.607268,-0.707107,0.707107,0,0,0,1,0,0,0,0,0,0,0,1,0,0,0,0,0,0,-0.02167,0.06166,4.2586,124.43,11.0333
10020,val,2021-08-25 10:32:00,2021-08-28 21:58:00,59.205,-61.65833,-0.02167,0.06166,4.2586,0.107215,0.8248175691557922,-0.5653989543781717,11.0333,72.4,-0.804826,-0.593511,0.5,-0.866025,0,0,0,1,0,0,0,0,0,0,0,1,0,0,0,0,0,0,-0.16666,0.02834,18.6023,175.0,72.4
10020,val,2021-08-25 21:34:00,2021-08-29 21:35:00,59.18333,-61.59667,-0.16666,0.02834,18.6023,0.071372,0.0871557427476582,-0.9961946980917455,72.4,23.6167,-0.804826,-0.593511,-0.707107,0.707107,0,0,0,1,0,0,0,0,0,0,0,1,0,0,0,0,0,0,0.07166,0.03666,8.2394,14.72,23.6167
10020,val,2021-08-28 21:58:00,2021-08-31 10:18:00,59.01667,-61.56833,0.07166,0.03666,8.2394,0.096911,0.2540955692588171,0.9671791156156329,23.6167,36.7167,-0.83437,-0.551205,-0.707107,0.707107,0,0,0,1,0,0,0,0,0,0,0,1,0,0,0,0,0,0,-0.01333,0.08167,4.8959,107.59,36.7167
10020,val,2021-08-29 21:35:00,2021-09-01 10:25:00,59.08833,-61.53167,-0.01333,0.08167,4.8959,0.037039,0.9532434267762799,-0.3022035229904096,36.7167,24.1167,-0.843728,-0.536771,-0.707107,0.707107,0,0,0,1,0,0,0,0,0,0,0,1,0,0,0,0,0,0,0.015,-0.07,4.3331,292.67,24.1167
10020,val,2021-08-31 10:18:00,2021-09-02 10:33:00,59.075,-61.45,0.015,-0.07,4.3331,0.049909,-0.922740022918746,0.38542294963314283,24.1167,24.1333,-0.861693,-0.50743,0.5,-0.866025,0,0,0,1,0,0,0,0,0,0,0,1,0,0,0,0,0,0,-0.12333,-0.095,14.7518,201.66,24.1333
10020,val,2021-09-01 10:25:00,2021-09-02 21:34:00,59.09,-61.52,-0.12333,-0.095,14.7518,0.169795,-0.36909801031904993,-0.9293904770216438,24.1333,11.0167,-0.870294,-0.492533,0.5,-0.866025,0,0,0,1,0,0,0,0,0,0,0,1,0,0,0,0,0,0,-0.07834,-0.05333,9.233,199.38,11.0167
10020,val,2021-09-02 10:33:00,2021-09-03 21:42:00,58.96667,-61.615,-0.07834,-0.05333,9.233,0.232805,-0.3318318648347642,-0.943338546588807,11.0167,24.1333,-0.878637,-0.477489,0.5,-0.866025,0,0,0,1,0,0,0,0,0,0,0,1,0,0,0,0,0,0,-0.12,-0.37334,25.2935,238.32,24.1333
10020,val,2021-09-02 21:34:00,2021-09-04 10:18:00,58.88833,-61.66833,-0.12,-0.37334,25.2935,0.291131,-0.8509944817946916,-0.525174629961296,24.1333,12.6,-0.878637,-0.477489,-0.707107,0.707107,0,0,0,1,0,0,0,0,0,0,0,1,0,0,0,0,0,0,-0.04166,-0.10666,7.7019,233.07,12.6
10020,val,2021-09-03 21:42:00,2021-09-07 21:42:00,58.76833,-62.04167,-0.04166,-0.10666,7.7019,0.169796,-0.799370169587588,-0.6008388569104954,12.6,83.4,-0.886721,-0.462305,-0.707107,0.707107,0,0,0,1,0,0,0,0,0,0,0,1,0,0,0,0,0,0,-0.18667,0.19166,23.535,151.8,83.4
10020,val,2021-09-04 10:18:00,2021-09-19 10:10:00,58.72667,-62.14833,-0.18667,0.19166,23.535,0.078387,0.47255076486905373,-0.8813034520649924,83.4,276.4667,-0.894542,-0.446983,0.5,-0.866025,0,0,0,1,0,0,0,0,0,0,0,1,0,0,0,0,0,0,-1.005,0.54667,116.2905,163.7,276.4667
10020,val,2021-09-07 21:42:00,2021-09-23 10:12:00,58.54,-61.95667,-1.005,0.54667,116.2905,0.116842,0.280666708920788,-0.9598052919751868,276.4667,96.0333,-0.916409,-0.400244,-0.707107,0.707107,0,0,0,1,0,0,0,0,0,0,0,1,0,0,0,0,0,0,-0.13167,0.01,14.6532,177.66,96.0333
10020,val,2021-09-19 10:10:00,2021-09-23 21:43:00,57.535,-61.41,-0.13167,0.01,14.6532,0.042385,0.040829351978510245,-0.9991661343425401,96.0333,11.5167,-0.978989,-0.203914,0.5,-0.866025,0,0,0,1,0,0,0,0,0,0,0,1,0,0,0,0,0,0,0.0,0.0,0.0,0.0,11.5167
10021,train,2021-08-24 10:27:00,2021-08-25 10:32:00,59.145,-62.48167,-0.005,-0.06666,3.8422,0.092539,-0.9895509689075334,-0.14418349397265295,11.5333,12.55,-0.794497,-0.607268,0.5,-0.866025,0,0,0,1,0,0,0,0,0,0,0,1,0,0,0,0,0,0,-0.00833,-0.055,3.2713,253.58,12.55
10021,train,2021-08-24 21:59:00,2021-08-27 21:51:00,59.14,-62.54833,-0.00833,-0.055,3.2713,0.072405,-0.9592153603365743,-0.2826763033831735,12.55,59.3167,-0.794497,-0.607268,-0.707107,0.707107,0,0,0,1,0,0,0,0,0,0,0,1,0,0,0,0,0,0,0.10833,-0.05667,12.4707,345.02,59.3167
10021,train,2021-08-25 10:32:00,2021-08-31 10:18:00,59.13167,-62.60333,0.10833,-0.05667,12.4707,0.0584,-0.2584818576212352,0.9660161123297455,59.3167,84.45,-0.804826,-0.593511,0.5,-0.866025,0,0,0,1,0,0,0,0,0,0,0,1,0,0,0,0,0,0,-0.055,0.02833,6.3247,165.22,84.45
10021,train,2021-08-27 21:51:00,2021-09-03 21:42:00,59.24,-62.66,-0.055,0.02833,6.3247,0.020804,0.2551082573516701,-0.9669124970911246,84.45,83.4,-0.824765,-0.565476,-0.707107,0.707107,0,0,0,1,0,0,0,0,0,0,0,1,0,0,0,0,0,0,0.01667,-0.065,4.1398,296.63,83.4
10021,train,2021-08-31 10:18:00,2021-09-04 10:18:00,59.185,-62.63167,0.01667,-0.065,4.1398,0.013788,-0.8939196681711975,0.448227204503136,83.4,12.6,-0.861693,-0.50743,0.5,-0.866025,0,0,0,1,0,0,0,0,0,0,0,1,0,0,0,0,0,0,-0.01834,-0.05333,3.6582,236.14,12.6
10021,train,2021-09-03 21:42:00,2021-09-12 21:51:00,59.20167,-62.69667,-0.01834,-0.05333,3.6582,0.080649,-0.8304014623363285,-0.557165515219389,12.6,203.55,-0.886721,-0.462305,-0.707107,0.707107,0,0,0,1,0,0,0,0,0,0,0,1,0,0,0,0,0,0,-0.26833,-0.11167,30.5127,192.13,203.55
10021,train,2021-09-04 10:18:00,2021-09-16 21:51:00,59.18333,-62.75,-0.26833,-0.11167,30.5127,0.04164,-0.21013050025193716,-0.9776733467083322,203.55,96.0,-0.894542,-0.446983,0.5,-0.866025,0,0,0,1,0,0,0,0,0,0,0,1,0,0,0,0,0,0,-0.01667,-0.13333,7.8776,256.45,96.0
10022,val,2021-08-24 10:27:00,2021-08-26 21:42:00,58.65833,-61.57333,-0.05166,0.17166,11.4767,0.090782,0.866374258561352,-0.4993952784140712,35.1167,24.1333,-0.794497,-0.607268,0.5,-0.866025,0,0,0,1,0,0,0,0,0,0,0,1,0,0,0,0,0,0,0.01166,-0.00166,1.3001,355.76,24.1333
10022,val,2021-08-25 21:34:00,2021-08-27 10:17:00,58.60667,-61.40167,0.01166,-0.00166,1.3001,0.014964,-0.07393443607558504,0.997263104282007,24.1333,12.5833,-0.804826,-0.593511,-0.707107,0.707107,0,0,0,1,0,0,0,0,0,0,0,1,0,0,0,0,0,0,-0.015,-0.00834,1.7365,196.15,12.5833
10022,val,2021-08-26 21:42:00,2021-08-28 10:25:00,58.61833,-61.40333,-0.015,-0.00834,1.7365,0.038332,-0.27815298558360285,-0.960536785662542,12.5833,24.1333,-0.814916,-0.579579,-0.707107,0.707107,0,0,0,1,0,0,0,0,0,0,0,1,0,0,0,0,0,0,-0.01666,0.01167,1.9721,159.94,24.1333
10022,val,2021-08-27 10:17:00,2021-08-28 21:58:00,58.60333,-61.41167,-0.01666,0.01167,1.9721,0.022699,0.34300399942366794,-0.9393339429507317,24.1333,11.55,-0.824765,-0.565476,0.5,-0.866025,0,0,0,1,0,0,0,0,0,0,0,1,0,0,0,0,0,0,0.01333,-0.03833,2.6702,303.73,11.55
10022,val,2021-08-28 10:25:00,2021-08-31 10:18:00,58.58667,-61.4,0.01333,-0.03833,2.6702,0.064218,-0.8316634922384268,0.5552799615309236,11.55,60.3333,-0.83437,-0.551205,0.5,-0.866025,0,0,0,1,0,0,0,0,0,0,0,1,0,0,0,0,0,0,-0.40167,0.22166,46.4934,163.78,60.3333
10022,val,2021-08-28 21:58:00,2021-09-01 10:25:00,58.6,-61.43833,-0.40167,0.22166,46.4934,0.214058,0.2793262947673353,-0.9601962409068011,60.3333,24.1167,-0.83437,-0.551205,-0.707107,0.707107,0,0,0,1,0,0,0,0,0,0,0,1,0,0,0,0,0,0,0.01167,-0.05833,3.6555,290.82,24.1167
10022,val,2021-08-31 10:18:00,2021-09-02 10:33:00,58.19833,-61.21667,0.01167,-0.05833,3.6555,0.042104,-0.9347016637318799,0.35543325648686247,24.1167,24.1333,-0.861693,-0.50743,0.5,-0.866025,0,0,0,1,0,0,0,0,0,0,0,1,0,0,0,0,0,0,-0.24167,-0.04167,26.9839,185.23,24.1333
10022,val,2021-09-01 10:25:00,2021-09-03 10:09:00,58.21,-61.275,-0.24167,-0.04167,26.9839,0.310588,-0.09115401160198881,-0.9958368069964398,24.1333,23.6,-0.870294,-0.492533,0.5,-0.866025,0,0,0,1,0,0,0,0,0,0,0,1,0,0,0,0,0,0,-0.23666,0.10834,27.085,166.26,23.6
10022,val,2021-09-02 10:33:00,2021-09-04 10:18:00,57.96833,-61.31667,-0.23666,0.10834,27.085,0.318797,0.23751635753405714,-0.9713835390327313,23.6,24.15,-0.878637,-0.477489,0.5,-0.866025,0,0,0,1,0,0,0,0,0,0,0,1,0,0,0,0,0,0,-0.10667,0.01,11.8761,177.13,24.15
10022,val,2021-09-03 10:09:00,2021-09-07 21:42:00,57.73167,-61.20833,-0.10667,0.01,11.8761,0.136601,0.050070004932848695,-0.9987457106821659,24.15,83.4,-0.886721,-0.462305,0.5,-0.866025,0,0,0,1,0,0,0,0,0,0,0,1,0,0,0,0,0,0,-0.24833,0.0,27.613,180.0,83.4
10022,val,2021-09-04 10:18:00,2021-09-19 10:10:00,57.625,-61.19833,-0.24833,0.0,27.613,0.09197,1.2246467991473532e-16,-1.0,83.4,276.4667,-0.894542,-0.446983,0.5,-0.866025,0,0,0,1,0,0,0,0,0,0,0,1,0,0,0,0,0,0,-0.15,-0.16667,19.4533,211.04,276.4667
10022,val,2021-09-07 21:42:00,2021-09-23 10:12:00,57.37667,-61.19833,-0.15,-0.16667,19.4533,0.019546,-0.515636365015301,-0.856807527437643,276.4667,96.0333,-0.916409,-0.400244,-0.707107,0.707107,0,0,0,1,0,0,0,0,0,0,0,1,0,0,0,0,0,0,-0.30334,0.23667,36.6375,156.92,96.0333
10022,val,2021-09-19 10:10:00,2021-09-29 10:26:00,57.22667,-61.365,-0.30334,0.23667,36.6375,0.105975,0.3920160144343607,-0.9199583927694769,96.0333,144.2333,-0.978989,-0.203914,0.5,-0.866025,0,0,0,1,0,0,0,0,0,0,0,1,0,0,0,0,0,0,-0.755,0.57333,91.0106,157.05,144.2333
10023,train,2021-08-24 10:27:00,2021-08-25 21:34:00,58.57667,-61.09167,0.01833,-0.02166,2.3938,0.02761,-0.5242831828275696,0.8515439766707256,24.0833,11.0333,-0.794497,-0.607268,0.5,-0.866025,0,0,0,1,0,0,0,0,0,0,0,1,0,0,0,0,0,0,0.04833,-0.03167,5.6783,341.17,11.0333
10023,train,2021-08-25 10:32:00,2021-08-26 10:10:00,58.595,-61.11333,0.04833,-0.03167,5.6783,0.142958,-0.32276131542589664,0.9464803924353345,11.0333,12.6,-0.804826,-0.593511,0.5,-0.866025,0,0,0,1,0,0,0,0,0,0,0,1,0,0,0,0,0,0,-0.07166,-0.02,8.052,188.28,12.6
10023,train,2021-08-25 21:34:00,2021-08-26 21:42:00,58.64333,-61.145,-0.07166,-0.02,8.052,0.177513,-0.14401078255225194,-0.989576118602651,12.6,11.5333,-0.804826,-0.593511,-0.707107,0.707107,0,0,0,1,0,0,0,0,0,0,0,1,0,0,0,0,0,0,0.00166,0.01,0.6085,72.34,11.5333
10023,train,2021-08-26 10:10:00,2021-08-28 10:25:00,58.57167,-61.165,0.00166,0.01,0.6085,0.014655,0.9528735041964507,0.30336790370831357,11.5333,36.7167,-0.814916,-0.579579,0.5,-0.866025,0,0,0,1,0,0,0,0,0,0,0,1,0,0,0,0,0,0,-0.17166,0.12,20.322,159.88,36.7167
10023,train,2021-08-26 21:42:00,2021-08-31 10:18:00,58.57333,-61.155,-0.17166,0.12,20.322,0.153745,0.3439874793757255,-0.9389742350207139,36.7167,71.8833,-0.814916,-0.579579,-0.707107,0.707107,0,0,0,1,0,0,0,0,0,0,0,1,0,0,0,0,0,0,-0.22834,-0.03333,25.4649,184.4,71.8833
10023,train,2021-08-28 10:25:00,2021-09-01 10:25:00,58.40167,-61.035,-0.22834,-0.03333,25.4649,0.098404,-0.07671902812681863,-0.9970527522269202,71.8833,24.1167,-0.83437,-0.551205,0.5,-0.866025,0,0,0,1,0,0,0,0,0,0,0,1,0,0,0,0,0,0,-0.07333,-0.21667,15.1077,237.43,24.1167
10023,train,2021-08-31 10:18:00,2021-09-02 10:33:00,58.17333,-61.06833,-0.07333,-0.21667,15.1077,0.174012,-0.8427343812360639,-0.5383296041299127,24.1167,24.1333,-0.861693,-0.50743,0.5,-0.866025,0,0,0,1,0,0,0,0,0,0,0,1,0,0,0,0,0,0,-0.19167,-0.14,22.8532,201.22,24.1333
10023,train,2021-09-01 10:25:00,2021-09-03 10:09:00,58.1,-61.285,-0.19167,-0.14,22.8532,0.263043,-0.36194999044457316,-0.9321975136295813,24.1333,23.6,-0.870294,-0.492533,0.5,-0.866025,0,0,0,1,0,0,0,0,0,0,0,1,0,0,0,0,0,0,-0.23833,0.08,26.9219,169.82,23.6
10023,train,2021-09-02 10:33:00,2021-09-04 10:18:00,57.90833,-61.425,-0.23833,0.08,26.9219,0.316878,0.17674118046108636,-0.9842573622428342,23.6,24.15,-0.878637,-0.477489,0.5,-0.866025,0,0,0,1,0,0,0,0,0,0,0,1,0,0,0,0,0,0,-0.10833,0.06833,12.7146,161.3,24.15
10023,train,2021-09-03 10:09:00,2021-09-07 21:42:00,57.67,-61.345,-0.10833,0.06833,12.7146,0.146245,0.32061299058567605,-0.9472102777460288,24.15,83.4,-0.886721,-0.462305,0.5,-0.866025,0,0,0,1,0,0,0,0,0,0,0,1,0,0,0,0,0,0,-0.15,-0.08666,17.4649,197.29,83.4
10024,train,2021-08-24 10:27:00,2021-08-25 21:34:00,58.56167,-61.01167,-0.04334,-0.20666,12.9251,0.149079,-0.9284858268809134,-0.3713678355502353,24.0833,11.0333,-0.794497,-0.607268,0.5,-0.866025,0,0,0,1,0,0,0,0,0,0,0,1,0,0,0,0,0,0,0.03834,0.01166,4.3166,9.01,11.0333
10024,train,2021-08-25 10:32:00,2021-08-26 10:10:00,58.51833,-61.21833,0.03834,0.01166,4.3166,0.108675,0.15660684679199197,0.9876610225871372,11.0333,12.6,-0.804826,-0.593511,0.5,-0.866025,0,0,0,1,0,0,0,0,0,0,0,1,0,0,0,0,0,0,0.00333,0.02334,1.4035,74.69,12.6
10024,train,2021-08-25 21:34:00,2021-08-31 10:18:00,58.55667,-61.20667,0.00333,0.02334,1.4035,0.030942,0.9645113492316906,0.2640413929732682,12.6,120.1333,-0.804826,-0.593511,-0.707107,0.707107,0,0,0,1,0,0,0,0,0,0,0,1,0,0,0,0,0,0,-0.385,0.14,43.5816,169.14,120.1333
10024,train,2021-08-26 10:10:00,2021-09-01 10:25:00,58.56,-61.18333,-0.385,0.14,43.5816,0.100771,0.18840986045795985,-0.9820904869115737,120.1333,24.1167,-0.814916,-0.579579,0.5,-0.866025,0,0,0,1,0,0,0,0,0,0,0,1,0,0,0,0,0,0,-0.05833,-0.20167,13.4956,241.36,24.1167
10024,train,2021-08-31 10:18:00,2021-09-02 10:33:00,58.175,-61.04333,-0.05833,-0.20167,13.4956,0.155443,-0.8776485715350669,-0.4793046889844252,24.1167,24.1333,-0.861693,-0.50743,0.5,-0.866025,0,0,0,1,0,0,0,0,0,0,0,1,0,0,0,0,0,0,-0.20167,-0.11833,23.4827,197.32,24.1333
10024,train,2021-09-01 10:25:00,2021-09-02 21:34:00,58.11667,-61.245,-0.20167,-0.11833,23.4827,0.270289,-0.2977081303443104,-0.9546569379242447,24.1333,11.0167,-0.870294,-0.492533,0.5,-0.866025,0,0,0,1,0,0,0,0,0,0,0,1,0,0,0,0,0,0,-0.07833,0.05166,9.23,160.65,11.0167
10024,train,2021-09-02 10:33:00,2021-09-03 10:09:00,57.915,-61.36333,-0.07833,0.05166,9.23,0.232728,0.33133788846257095,-0.9435121640281936,11.0167,12.5833,-0.878637,-0.477489,0.5,-0.866025,0,0,0,1,0,0,0,0,0,0,0,1,0,0,0,0,0,0,-0.12,0.05167,13.6906,167.05,12.5833
10024,train,2021-09-02 21:34:00,2021-09-07 21:42:00,57.83667,-61.31167,-0.12,0.05167,13.6906,0.30222,0.22410067050861263,-0.9745660005754306,12.5833,107.55,-0.878637,-0.477489,-0.707107,0.707107,0,0,0,1,0,0,0,0,0,0,0,1,0,0,0,0,0,0,-0.31834,0.005,35.399,179.52,107.55
10024,train,2021-09-03 10:09:00,2021-09-09 10:26:00,57.71667,-61.26,-0.31834,0.005,35.399,0.091428,0.008377482414770659,-0.9999649082784806,107.55,36.7333,-0.886721,-0.462305,0.5,-0.866025,0,0,0,1,0,0,0,0,0,0,0,1,0,0,0,0,0,0,-0.11833,-0.14667,15.83,213.84,36.7333
10025,train,2021-08-25 21:34:00,2021-08-31 10:18:00,58.75,-60.80167,-0.19833,0.04334,22.1953,0.255471,0.11320321376790689,-0.9935718556765875,24.1333,108.6,-0.804826,-0.593511,-0.707107,0.707107,0,0,0,1,0,0,0,0,0,0,0,1,0,0,0,0,0,0,-0.20334,-0.035,22.7019,185.16,108.6
10025,train,2021-08-26 21:42:00,2021-09-01 10:25:00,58.55167,-60.75833,-0.20334,-0.035,22.7019,0.058067,-0.08993729969864397,-0.9959474293972128,108.6,24.1167,-0.814916,-0.579579,-0.707107,0.707107,0,0,0,1,0,0,0,0,0,0,0,1,0,0,0,0,0,0,-0.09666,-0.08834,11.9233,205.69,24.1167
10025,train,2021-08-31 10:18:00,2021-09-02 21:34:00,58.34833,-60.79333,-0.09666,-0.08834,11.9233,0.137333,-0.4335018103749758,-0.9011526953860919,24.1167,35.15,-0.861693,-0.50743,0.5,-0.866025,0,0,0,1,0,0,0,0,0,0,0,1,0,0,0,0,0,0,-0.115,-0.35166,24.2537,238.33,35.15
10025,train,2021-09-01 10:25:00,2021-09-03 21:42:00,58.25167,-60.88167,-0.115,-0.35166,24.2537,0.191668,-0.8510861290972472,-0.5250260954069461,35.15,24.1333,-0.870294,-0.492533,0.5,-0.866025,0,0,0,0,1,0,0,0,0,0,0,0,0,0,0,0,0,1,-0.18334,-0.16834,22.6661,205.99,24.1333
10025,train,2021-09-02 21:34:00,2021-09-04 10:18:00,58.13667,-61.23333,-0.18334,-0.16834,22.6661,0.26089,-0.4382142709590471,-0.8988705428079345,24.1333,12.6,-0.878637,-0.477489,-0.707107,0.707107,0,0,0,0,1,0,0,0,0,0,0,0,0,0,0,0,0,1,-0.1,0.00167,11.1199,179.49,12.6
10025,train,2021-09-03 21:42:00,2021-09-06 10:34:00,57.95333,-61.40167,-0.1,0.00167,11.1199,0.245148,0.00890106164409559,-0.9999603847661206,12.6,48.2667,-0.886721,-0.462305,-0.707107,0.707107,0,0,0,0,1,0,0,0,0,0,0,0,0,0,0,0,0,1,0.03,-0.10667,7.1362,297.91,48.2667
10025,train,2021-09-04 10:18:00,2021-09-07 21:42:00,57.85333,-61.4,0.03,-0.10667,7.1362,0.041069,-0.8836839474693166,0.4680840533334223,48.2667,35.1333,-0.894542,-0.446983,0.5,-0.866025,0,0,0,0,1,0,0,0,0,0,0,0,0,0,0,0,0,1,-0.18833,0.18334,23.5929,152.5,35.1333
10025,train,2021-09-06 10:34:00,2021-09-09 10:26:00,57.88333,-61.50667,-0.18833,0.18334,23.5929,0.186535,0.4617486132350339,-0.8870108331782217,35.1333,36.7333,-0.909388,-0.415948,0.5,-0.866025,0,0,0,1,0,0,0,0,0,0,0,1,0,0,0,0,0,0,-0.17333,-0.00667,19.2775,181.18,36.7333
10026,train,2021-08-26 21:42:00,2021-08-28 10:25:00,58.565,-61.14667,-0.01,0.08334,4.96,0.109491,0.9746832058153599,-0.22359035824805285,12.5833,24.1333,-0.814916,-0.579579,-0.707107,0.707107,0,0,0,0,1,0,0,0,0,0,0,0,0,0,0,0,0,1,-0.09,0.06333,10.6621,159.79,24.1333
10026,train,2021-08-27 10:17:00,2021-08-31 10:18:00,58.555,-61.06333,-0.09,0.06333,10.6621,0.122723,0.34546199167105257,-0.9384327425610584,24.1333,71.8833,-0.824765,-0.565476,0.5,-0.866025,0,0,0,0,1,0,0,0,0,0,0,0,0,0,0,0,0,1,-0.07833,0.12,11.1658,141.21,71.8833
10026,train,2021-08-28 10:25:00,2021-09-01 10:25:00,58.465,-61.0,-0.07833,0.12,11.1658,0.043148,0.6264677816866906,-0.7794473160570616,71.8833,24.1167,-0.83437,-0.551205,0.5,-0.866025,0,0,0,0,1,0,0,0,0,0,0,0,0,0,0,0,0,1,0.00333,0.05,2.9376,82.74,24.1167
10026,train,2021-08-31 10:18:00,2021-09-02 21:34:00,58.38667,-60.88,0.00333,0.05,2.9376,0.033836,0.991982908695487,0.12637210473851063,24.1167,35.15,-0.861693,-0.50743,0.5,-0.866025,0,0,0,0,1,0,0,0,0,0,0,0,0,0,0,0,0,1,-0.2,-0.16167,24.1631,203.09,35.15
10026,train,2021-09-01 10:25:00,2021-09-03 10:09:00,58.39,-60.83,-0.2,-0.16167,24.1631,0.190952,-0.39217657149215174,-0.9198899590563325,35.15,12.5833,-0.870294,-0.492533,0.5,-0.866025,0,0,0,0,1,0,0,0,0,0,0,0,0,0,0,0,0,1,-0.05,-0.04666,6.1968,206.23,12.5833
10026,train,2021-09-02 21:34:00,2021-09-03 21:42:00,58.19,-60.99167,-0.05,-0.04666,6.1968,0.136795,-0.4419755956333685,-0.8970270747667147,12.5833,11.55,-0.878637,-0.477489,-0.707107,0.707107,0,0,0,0,1,0,0,0,0,0,0,0,0,0,0,0,0,1,-0.02833,-0.10167,6.7499,242.22,11.55
10026,train,2021-09-03 10:09:00,2021-09-04 10:18:00,58.14,-61.03833,-0.02833,-0.10167,6.7499,0.162336,-0.8847437209692484,-0.46607783492190313,11.55,12.6,-0.886721,-0.462305,0.5,-0.866025,0,0,0,0,1,0,0,0,0,0,0,0,0,0,0,0,0,1,-0.02834,-0.13833,8.7182,248.87,12.6
10026,train,2021-09-03 21:42:00,2021-09-06 10:34:00,58.11167,-61.14,-0.02834,-0.13833,8.7182,0.192201,-0.9327649130588993,-0.3604852520786724,12.6,48.2667,-0.886721,-0.462305,-0.707107,0.707107,0,0,0,0,1,0,0,0,0,0,0,0,0,0,0,0,0,1,0.03167,-0.06167,5.053,314.21,48.2667
10026,train,2021-09-04 10:18:00,2021-09-16 21:49:00,58.08333,-61.27833,0.03167,-0.06167,5.053,0.029081,-0.7167889184671796,0.6972902167409571,48.2667,251.25,-0.894542,-0.446983,0.5,-0.866025,0,0,0,0,1,0,0,0,0,0,0,0,0,0,0,0,0,1,-0.95167,0.045,105.8548,178.53,251.25
10026,train,2021-09-06 10:34:00,2021-09-17 21:58:00,58.115,-61.34,-0.95167,0.045,105.8548,0.117031,0.025653525392134915,-0.9996708941621513,251.25,24.15,-0.909388,-0.415948,0.5,-0.866025,0,0,0,1,0,0,0,0,0,0,0,1,0,0,0,0,0,0,-0.13666,0.02833,15.292,173.56,24.15
10026,train,2021-09-16 21:49:00,2021-09-19 10:10:00,57.16333,-61.295,-0.13666,0.02833,15.292,0.175891,0.11216268587326908,-0.9936898569964848,24.15,36.2,-0.967167,-0.254143,-0.707107,0.707107,0,0,0,1,0,0,0,0,0,0,0,1,0,0,0,0,0,0,-0.01334,0.07667,4.872,107.69,36.2
10026,train,2021-09-17 21:58:00,2021-09-21 21:58:00,57.02667,-61.26667,-0.01334,0.07667,4.872,0.037385,0.9527145305229335,-0.3038667855005979,36.2,59.8,-0.971395,-0.237468,-0.707107,0.707107,0,0,0,1,0,0,0,0,0,0,0,1,0,0,0,0,0,0,-0.21333,0.425,35.0497,132.41,59.8
10026,train,2021-09-19 10:10:00,2021-09-23 10:12:00,57.01333,-61.19,-0.21333,0.425,35.0497,0.16281,0.7383376414109893,-0.6744312620835851,59.8,36.2333,-0.978989,-0.203914,0.5,-0.866025,0,0,0,1,0,0,0,0,0,0,0,1,0,0,0,0,0,0,-0.235,0.05667,26.359,172.43,36.2333
10027,train,2021-08-27 21:51:00,2021-08-31 10:18:00,59.78667,-62.6,0.0,-0.01333,0.7459,0.008591,-0.9999999847691291,0.00017453292431314225,24.1167,60.3333,-0.824765,-0.565476,-0.707107,0.707107,0,0,0,1,0,0,0,0,0,0,0,1,0,0,0,0,0,0,0.025,-0.19167,11.0755,284.62,60.3333
10027,train,2021-08-28 21:58:00,2021-09-01 10:25:00,59.78667,-62.61333,0.025,-0.19167,11.0755,0.050992,-0.96762112272265,0.25240713710384344,60.3333,24.1167,-0.83437,-0.551205,-0.707107,0.707107,0,0,0,1,0,0,0,0,0,0,0,1,0,0,0,0,0,0,0.00166,-0.12667,7.0848,271.55,24.1167
10027,train,2021-08-31 10:18:00,2021-09-12 21:51:00,59.81167,-62.805,0.00166,-0.12667,7.0848,0.081603,-0.9996341006403823,0.02704930381533169,24.1167,275.4333,-0.861693,-0.50743,0.5,-0.866025,0,0,0,1,0,0,0,0,0,0,0,1,0,0,0,0,0,0,-0.20166,-0.725,46.4312,241.44,275.4333
10027,train,2021-09-01 10:25:00,2021-09-14 10:32:00,59.81333,-62.93167,-0.20166,-0.725,46.4312,0.046826,-0.8783169514026576,-0.4780787935881924,275.4333,36.6833,-0.870294,-0.492533,0.5,-0.866025,0,0,0,1,0,0,0,0,0,0,0,1,0,0,0,0,0,0,-0.01834,-0.035,2.8349,224.01,36.6833
10027,train,2021-09-12 21:51:00,2021-09-16 21:51:00,59.61167,-63.65667,-0.01834,-0.035,2.8349,0.021467,-0.694783908357673,-0.7192185486256848,36.6833,59.3167,-0.947404,-0.320039,-0.707107,0.707107,0,0,0,1,0,0,0,0,0,0,0,1,0,0,0,0,0,0,-0.00333,-0.00166,0.3819,194.16,59.3167
10028,train,2021-08-31 10:18:00,2021-09-02 10:33:00,59.66833,-61.75833,-0.07833,-0.34167,21.091,0.242928,-0.9118337136525756,-0.4105597138621285,24.1167,24.1333,-0.861693,-0.50743,0.5,-0.866025,0,0,0,1,0,0,0,0,0,0,0,1,0,0,0,0,0,0,-0.14667,-0.28333,22.8343,224.54,24.1333
10028,train,2021-09-01 10:25:00,2021-09-03 21:42:00,59.59,-62.1,-0.14667,-0.28333,22.8343,0.262826,-0.7014070362012347,-0.7127609484023376,24.1333,35.15,-0.870294,-0.492533,0.5,-0.866025,0,0,0,1,0,0,0,0,0,0,0,1,0,0,0,0,0,0,-0.00833,-0.29334,16.6105,266.93,35.15
10028,train,2021-09-02 10:33:00,2021-09-09 10:26:00,59.44333,-62.38333,-0.00833,-0.29334,16.6105,0.131267,-0.9985648490479369,-0.053555973017685825,35.15,132.7333,-0.878637,-0.477489,0.5,-0.866025,0,0,0,1,0,0,0,0,0,0,0,1,0,0,0,0,0,0,-0.17833,0.03334,19.9193,174.54,132.7333
10028,train,2021-09-03 21:42:00,2021-09-12 21:51:00,59.435,-62.67667,-0.17833,0.03334,19.9193,0.041686,0.09515081157871208,-0.9954628687479571,132.7333,83.4167,-0.886721,-0.462305,-0.707107,0.707107,0,0,0,1,0,0,0,0,0,0,0,1,0,0,0,0,0,0,-0.07,-0.30834,19.1938,246.21,83.4167
10028,train,2021-09-09 10:26:00,2021-09-16 21:51:00,59.25667,-62.64333,-0.07,-0.30834,19.1938,0.063915,-0.9150300858548575,-0.4033855996195852,83.4167,96.0,-0.929634,-0.368484,0.5,-0.866025,0,0,0,1,0,0,0,0,0,0,0,1,0,0,0,0,0,0,-0.135,-0.08833,15.8352,198.6,96.0
10029,val,2021-08-31 10:18:00,2021-09-04 10:18:00,59.36,-60.905,-0.27,-0.28167,34.0319,0.159505,-0.4727045741403905,-0.881220962975094,59.2667,36.7333,-0.861693,-0.50743,0.5,-0.866025,0,0,0,1,0,0,0,0,0,0,0,1,0,0,0,0,0,0,-0.155,-0.15666,19.429,207.56,36.7333
10029,val,2021-09-02 21:34:00,2021-09-09 10:26:00,59.09,-61.18667,-0.155,-0.15666,19.429,0.146923,-0.4626772354556672,-0.8865268048914827,36.7333,120.1333,-0.878637,-0.477489,-0.707107,0.707107,0,0,0,1,0,0,0,0,0,0,0,1,0,0,0,0,0,0,-0.5,-0.29667,58.181,197.27,120.1333
10029,val,2021-09-04 10:18:00,2021-09-22 21:35:00,58.935,-61.34333,-0.5,-0.29667,58.181,0.134529,-0.29687492175151536,-0.9549163737390995,120.1333,323.15,-0.894542,-0.446983,0.5,-0.866025,0,0,0,1,0,0,0,0,0,0,0,1,0,0,0,0,0,0,-1.11833,0.62667,129.7544,163.14,323.15
10029,val,2021-09-09 10:26:00,2021-09-23 10:12:00,58.435,-61.64,-1.11833,0.62667,129.7544,0.111536,0.2900341409153706,-0.9570162992883052,323.15,12.6167,-0.929634,-0.368484,0.5,-0.866025,0,0,0,1,0,0,0,0,0,0,0,1,0,0,0,0,0,0,-0.06834,0.06,8.4113,154.59,12.6167
10029,val,2021-09-22 21:35:00,2021-09-27 10:09:00,57.31667,-61.01333,-0.06834,0.06,8.4113,0.185188,0.42909278862038913,-0.9032604158015439,12.6167,95.95,-0.988204,-0.153142,-0.707107,0.707107,0,0,0,1,0,0,0,0,0,0,0,1,0,0,0,0,0,0,-0.27666,-0.07834,31.1247,188.77,95.95
10030,train,2021-08-31 10:18:00,2021-09-07 21:42:00,59.38,-61.21,-0.12667,-0.07667,14.7416,0.169795,-0.29570805004404654,-0.9552783621223437,24.1167,155.2833,-0.861693,-0.50743,0.5,-0.866025,0,0,0,1,0,0,0,0,0,0,0,1,0,0,0,0,0,0,-0.775,-0.165,86.6965,186.35,155.2833
10030,train,2021-09-01 10:25:00,2021-09-09 10:26:00,59.25333,-61.28667,-0.775,-0.165,86.6965,0.155087,-0.11060166376267414,-0.9938648157435338,155.2833,36.7333,-0.870294,-0.492533,0.5,-0.866025,0,0,0,1,0,0,0,0,0,0,0,1,0,0,0,0,0,0,-0.16833,-0.22166,22.7419,214.7,36.7333
10030,train,2021-09-07 21:42:00,2021-09-19 10:10:00,58.47833,-61.45167,-0.16833,-0.22166,22.7419,0.171974,-0.5692795234308441,-0.8221440410307375,36.7333,239.7333,-0.916409,-0.400244,-0.707107,0.707107,0,0,0,1,0,0,0,0,0,0,0,1,0,0,0,0,0,0,-0.905,0.26666,101.8602,170.98,239.7333
10031,train,2021-08-31 10:18:00,2021-09-03 21:42:00,58.785,-61.59667,-0.055,-0.105,8.6065,0.099131,-0.7041386644636228,-0.7100624910579248,24.1167,59.2833,-0.861693,-0.50743,0.5,-0.866025,0,0,0,1,0,0,0,0,0,0,0,1,0,0,0,0,0,0,-0.36333,0.01334,40.4079,178.9,59.2833
10031,train,2021-09-01 10:25:00,2021-09-04 10:18:00,58.73,-61.70167,-0.36333,0.01334,40.4079,0.189335,0.01919744239968948,-0.9998157121216442,59.2833,12.6,-0.870294,-0.492533,0.5,-0.866025,0,0,0,1,0,0,0,0,0,0,0,1,0,0,0,0,0,0,-0.06334,0.04166,7.4511,160.93,12.6
10031,train,2021-09-03 21:42:00,2021-09-07 21:42:00,58.36667,-61.68833,-0.06334,0.04166,7.4511,0.164265,0.32672308005398126,-0.9451201135094098,12.6,83.4,-0.886721,-0.462305,-0.707107,0.707107,0,0,0,1,0,0,0,0,0,0,0,1,0,0,0,0,0,0,-0.20333,0.31167,29.0629,140.94,83.4
10031,train,2021-09-04 10:18:00,2021-09-21 21:58:00,58.30333,-61.64667,-0.20333,0.31167,29.0629,0.096799,0.630133871185369,-0.7764865126870787,83.4,336.2667,-0.894542,-0.446983,0.5,-0.866025,0,0,0,1,0,0,0,0,0,0,0,1,0,0,0,0,0,0,-1.16333,0.18167,129.8104,175.13,336.2667
10031,train,2021-09-07 21:42:00,2021-09-23 21:42:00,58.1,-61.335,-1.16333,0.18167,129.8104,0.107232,0.08489522627527914,-0.996389883808376,336.2667,47.7333,-0.916409,-0.400244,-0.707107,0.707107,0,0,0,1,0,0,0,0,0,0,0,1,0,0,0,0,0,0,-0.37,0.445,49.2813,146.41,47.7333
10032,train,2021-09-01 10:25:00,2021-09-02 21:34:00,58.665,-61.01167,-0.25,-0.09833,28.3784,0.326639,-0.20176174462400662,-0.9794346320231264,24.1333,11.0167,-0.870294,-0.492533,0.5,-0.866025,0,0,0,1,0,0,0,0,0,0,0,1,0,0,0,0,0,0,-0.09333,-0.05333,10.8338,196.71,11.0167
10032,train,2021-09-02 10:33:00,2021-09-03 10:09:00,58.415,-61.11,-0.09333,-0.05333,10.8338,0.273167,-0.28752768703395937,-0.9577723263849826,11.0167,12.5833,-0.878637,-0.477489,0.5,-0.866025,0,0,0,1,0,0,0,0,0,0,0,1,0,0,0,0,0,0,-0.10334,-0.07167,12.2314,200.07,12.5833
10032,train,2021-09-02 21:34:00,2021-09-16 21:49:00,58.32167,-61.16333,-0.10334,-0.07167,12.2314,0.270008,-0.343167938899388,-0.9392740631527872,12.5833,323.6667,-0.878637,-0.477489,-0.707107,0.707107,0,0,0,1,0,0,0,0,0,0,0,1,0,0,0,0,0,0,-1.42833,0.45,161.081,170.2,323.6667
10032,train,2021-09-03 10:09:00,2021-09-21 21:58:00,58.21833,-61.235,-1.42833,0.45,161.081,0.138243,0.1702094991660327,-0.9854078984834901,323.6667,120.15,-0.886721,-0.462305,0.5,-0.866025,0,0,0,1,0,0,0,0,0,0,0,1,0,0,0,0,0,0,-0.55833,0.61,72.4914,148.66,120.15
10032,train,2021-09-16 21:49:00,2021-09-23 21:42:00,56.79,-60.785,-0.55833,0.61,72.4914,0.167595,0.5201155100237433,-0.854095929174669,120.15,47.7333,-0.967167,-0.254143,-0.707107,0.707107,0,0,0,1,0,0,0,0,0,0,0,1,0,0,0,0,0,0,-0.33334,0.85833,64.9045,124.47,47.7333
10033,train,2021-08-31 10:18:00,2021-09-02 21:34:00,58.56,-61.06333,-0.10667,-0.07,12.5388,0.144423,-0.3247429099805791,-0.945802327348239,24.1167,35.15,-0.861693,-0.50743,0.5,-0.866025,0,0,0,1,0,0,0,0,0,0,0,1,0,0,0,0,0,0,-0.24666,-0.09834,28.0218,191.86,35.15
10033,train,2021-09-01 10:25:00,2021-09-03 10:09:00,58.45333,-61.13333,-0.24666,-0.09834,28.0218,0.221446,-0.20552100705939888,-0.9786527043120509,35.15,12.5833,-0.870294,-0.492533,0.5,-0.866025,0,0,0,1,0,0,0,0,0,0,0,1,0,0,0,0,0,0,-0.115,-0.14666,15.4136,214.0,12.5833
10033,train,2021-09-02 21:34:00,2021-09-03 21:42:00,58.20667,-61.23167,-0.115,-0.14666,15.4136,0.340255,-0.5591929034707467,-0.8290375725550417,12.5833,11.55,-0.878637,-0.477489,-0.707107,0.707107,0,0,0,1,0,0,0,0,0,0,0,1,0,0,0,0,0,0,-0.03667,-0.065,5.5889,223.18,11.55
10033,train,2021-09-03 10:09:00,2021-09-04 10:18:00,58.09167,-61.37833,-0.03667,-0.065,5.5889,0.134413,-0.6842926061750171,-0.7292075350229199,11.55,12.6,-0.886721,-0.462305,0.5,-0.866025,0,0,0,1,0,0,0,0,0,0,0,1,0,0,0,0,0,0,-0.045,-0.035,5.4114,202.4,12.6
10033,train,2021-09-03 21:42:00,2021-09-09 10:26:00,58.055,-61.44333,-0.045,-0.035,5.4114,0.119299,-0.3810703763502741,-0.9245460336123131,12.6,120.1333,-0.886721,-0.462305,-0.707107,0.707107,0,0,0,1,0,0,0,0,0,0,0,1,0,0,0,0,0,0,-0.48667,0.155,54.8904,170.29,120.1333
10034,test,2021-08-31 10:18:00,2021-09-02 10:33:00,58.525,-61.19167,-0.08,0.00834,8.9088,0.102612,0.05442736473500939,-0.9985177324254199,24.1167,24.1333,-0.861693,-0.50743,0.5,-0.866025,0,0,0,1,0,0,0,0,0,0,0,1,0,0,0,0,0,0,-0.19833,-0.21,25.2293,209.15,24.1333
10034,test,2021-09-01 10:25:00,2021-09-02 21:34:00,58.445,-61.18333,-0.19833,-0.21,25.2293,0.290392,-0.4870977052541577,-0.8733474826986872,24.1333,11.0167,-0.870294,-0.492533,0.5,-0.866025,0,0,0,1,0,0,0,0,0,0,0,1,0,0,0,0,0,0,-0.01167,-0.03334,2.3434,236.39,11.0167
10034,test,2021-09-02 10:33:00,2021-09-03 21:42:00,58.24667,-61.39333,-0.01167,-0.03334,2.3434,0.059087,-0.8328246429786038,-0.5535369129945727,11.0167,24.1333,-0.878637,-0.477489,0.5,-0.866025,0,0,0,1,0,0,0,0,0,0,0,1,0,0,0,0,0,0,-0.15167,-0.04333,17.0554,188.59,24.1333
10034,test,2021-09-02 21:34:00,2021-09-04 10:18:00,58.235,-61.42667,-0.15167,-0.04333,17.0554,0.19631,-0.14936277062353828,-0.9887824648281645,24.1333,12.6,-0.878637,-0.477489,-0.707107,0.707107,0,0,0,1,0,0,0,0,0,0,0,1,0,0,0,0,0,0,-0.05333,-0.05,6.6195,206.4,12.6
10034,test,2021-09-03 21:42:00,2021-09-09 10:26:00,58.08333,-61.47,-0.05333,-0.05,6.6195,0.145933,-0.44463517918492756,-0.8957117602394128,12.6,120.1333,-0.886721,-0.462305,-0.707107,0.707107,0,0,0,1,0,0,0,0,0,0,0,1,0,0,0,0,0,0,-0.485,0.38333,58.5203,156.99,120.1333
10034,test,2021-09-04 10:18:00,2021-09-19 10:10:00,58.03,-61.52,-0.485,0.38333,58.5203,0.135313,0.39089178094201604,-0.9204366439858742,120.1333,239.7333,-0.894542,-0.446983,0.5,-0.866025,0,0,0,1,0,0,0,0,0,0,0,1,0,0,0,0,0,0,-0.325,-0.25333,39.1985,202.9,239.7333
10034,test,2021-09-09 10:26:00,2021-09-23 10:12:00,57.545,-61.13667,-0.325,-0.25333,39.1985,0.045419,-0.3891239501402061,-0.9211854055657213,239.7333,96.0333,-0.929634,-0.368484,0.5,-0.866025,0,0,0,1,0,0,0,0,0,0,0,1,0,0,0,0,0,0,-0.05833,0.18667,12.9831,119.89,96.0333
10035,train,2021-08-31 10:18:00,2021-09-15 21:42:00,58.45333,-60.77667,-0.41666,-0.17333,47.4278,0.18336,-0.2150762370171131,-0.9765972620638247,71.85,299.55,-0.861693,-0.50743,0.5,-0.866025,0,0,0,1,0,0,0,0,0,0,0,1,0,0,0,0,0,0,-1.44334,0.33,161.7102,172.82,299.55
10035,train,2021-09-03 10:09:00,2021-09-16 21:49:00,58.03667,-60.95,-1.44334,0.33,161.7102,0.149957,0.12498691257369271,-0.9921583904222632,299.55,24.1167,-0.886721,-0.462305,0.5,-0.866025,0,0,0,1,0,0,0,0,0,0,0,1,0,0,0,0,0,0,-0.03,0.07833,5.8432,124.78,24.1167
10035,train,2021-09-15 21:42:00,2021-09-23 10:12:00,56.59333,-60.62,-0.03,0.07833,5.8432,0.067302,0.8213483757192263,-0.5704268977734034,24.1167,156.3833,-0.962652,-0.270742,-0.707107,0.707107,0,0,0,1,0,0,0,0,0,0,0,1,0,0,0,0,0,0,-0.85166,1.74667,143.7966,130.46,156.3833
10035,train,2021-09-16 21:49:00,2021-09-26 21:34:00,56.56333,-60.54167,-0.85166,1.74667,143.7966,0.255421,0.7608591805274462,-0.6489170265967007,156.3833,83.3667,-0.967167,-0.254143,-0.707107,0.707107,0,0,0,1,0,0,0,0,0,0,0,1,0,0,0,0,0,0,-0.21167,0.805,55.7729,114.63,83.3667
10036,train,2021-08-31 10:18:00,2021-09-04 10:18:00,58.41167,-60.90167,-0.02334,-0.12833,7.9147,0.091162,-0.9450060080619325,-0.32705296929832467,24.1167,71.8833,-0.861693,-0.50743,0.5,-0.866025,0,0,0,1,0,0,0,0,0,0,0,1,0,0,0,0,0,0,-0.395,0.03167,43.9612,177.57,71.8833
10036,train,2021-09-01 10:25:00,2021-09-16 21:49:00,58.38833,-61.03,-0.395,0.03167,43.9612,0.169879,0.04239878745558425,-0.999100767101245,71.8833,299.5167,-0.870294,-0.492533,0.5,-0.866025,0,0,0,1,0,0,0,0,0,0,0,1,0,0,0,0,0,0,-1.20333,0.21333,134.4132,174.45,299.5167
10036,train,2021-09-04 10:18:00,2021-09-20 18:38:00,57.99333,-60.99833,-1.20333,0.21333,134.4132,0.124658,0.09671436296578433,-0.9953121781612654,299.5167,92.8167,-0.894542,-0.446983,0.5,-0.866025,0,0,0,1,0,0,0,0,0,0,0,1,0,0,0,0,0,0,-0.54667,0.505,68.2255,152.78,92.8167
10036,train,2021-09-16 21:49:00,2021-09-21 21:58:00,56.79,-60.785,-0.54667,0.505,68.2255,0.204182,0.45740836408709284,-0.88925676183157,92.8167,27.3333,-0.967167,-0.254143,-0.707107,0.707107,0,0,0,1,0,0,0,0,0,0,0,1,0,0,0,0,0,0,0.26834,0.72167,53.5221,55.82,27.3333
10036,train,2021-09-20 18:38:00,2021-09-26 21:34:00,56.24333,-60.28,0.26834,0.72167,53.5221,0.543924,0.8272767279942328,0.5617946380299088,27.3333,119.6,-0.982352,-0.187043,-1.0,-0.0,0,0,0,0,0,0,0,0,1,0,0,0,0,0,0,0,0,1,-1.12334,0.64666,131.2363,161.87,119.6
10037,train,2021-08-31 10:18:00,2021-09-02 21:34:00,58.29,-60.82,-0.05,-0.06333,6.6806,0.076948,-0.554844427447999,-0.8319541221304827,24.1167,35.15,-0.861693,-0.50743,0.5,-0.866025,0,0,0,1,0,0,0,0,0,0,0,1,0,0,0,0,0,0,-0.12,-0.325,23.2616,235.13,35.15
10037,train,2021-09-01 10:25:00,2021-09-03 21:42:00,58.24,-60.88333,-0.12,-0.325,23.2616,0.183828,-0.820451338314239,-0.5717163645186082,35.15,24.1333,-0.870294,-0.492533,0.5,-0.866025,0,0,0,0,1,0,0,0,0,0,0,0,0,0,0,0,0,1,-0.185,-0.18167,23.1859,207.55,24.1333
10037,train,2021-09-02 21:34:00,2021-09-04 10:18:00,58.12,-61.20833,-0.185,-0.18167,23.1859,0.266872,-0.46252250029295006,-0.8866075437998246,24.1333,12.6,-0.878637,-0.477489,-0.707107,0.707107,0,0,0,0,1,0,0,0,0,0,0,0,0,0,0,0,0,1,-0.10667,-0.00167,11.8616,180.48,12.6
10037,train,2021-09-03 21:42:00,2021-09-07 21:42:00,57.935,-61.39,-0.10667,-0.00167,11.8616,0.261499,-0.008377482414770415,-0.9999649082784806,12.6,83.4,-0.886721,-0.462305,-0.707107,0.707107,0,0,0,0,1,0,0,0,0,0,0,0,0,0,0,0,0,1,-0.215,-0.08833,24.4756,192.41,83.4
10038,train,2021-08-31 10:18:00,2021-09-02 10:33:00,58.06,-61.36833,0.04167,-0.03334,5.031,0.057948,-0.3894454807938587,0.9210495195640895,24.1167,24.1333,-0.861693,-0.50743,0.5,-0.866025,0,0,0,1,0,0,0,0,0,0,0,1,0,0,0,0,0,0,-0.17834,-0.11333,20.9239,198.65,24.1333
10038,train,2021-09-01 10:25:00,2021-09-03 21:42:00,58.10167,-61.40167,-0.17834,-0.11333,20.9239,0.240837,-0.31978627170745166,-0.9474897046551207,24.1333,35.15,-0.870294,-0.492533,0.5,-0.866025,0,0,0,1,0,0,0,0,0,0,0,1,0,0,0,0,0,0,-0.23833,0.03,26.5606,176.15,35.15
10038,train,2021-09-02 10:33:00,2021-09-07 21:42:00,57.92333,-61.515,-0.23833,0.03,26.5606,0.209899,0.067144621099399,-0.9977432534762729,35.15,96.0,-0.878637,-0.477489,0.5,-0.866025,0,0,0,1,0,0,0,0,0,0,0,1,0,0,0,0,0,0,-0.19167,0.14,22.8878,158.56,96.0
10038,train,2021-09-03 21:42:00,2021-09-14 10:32:00,57.685,-61.485,-0.19167,0.14,22.8878,0.066226,0.36552669494682893,-0.9308008569405423,96.0,156.8333,-0.886721,-0.462305,-0.707107,0.707107,0,0,0,1,0,0,0,0,0,0,0,1,0,0,0,0,0,0,-0.10166,-0.21333,17.0511,228.56,156.8333
10038,train,2021-09-07 21:42:00,2021-09-23 10:12:00,57.49333,-61.345,-0.10166,-0.21333,17.0511,0.0302,-0.749649204093155,-0.6618353804402566,156.8333,215.6667,-0.916409,-0.400244,-0.707107,0.707107,0,0,0,1,0,0,0,0,0,0,0,1,0,0,0,0,0,0,-0.00667,0.02333,1.5827,117.94,215.6667
10039,train,2021-08-31 10:18:00,2021-09-02 21:34:00,58.07,-61.39,-0.12667,-0.02333,14.152,0.163003,-0.09723549392239937,-0.9952614022063083,24.1167,35.15,-0.861693,-0.50743,0.5,-0.866025,0,0,0,1,0,0,0,0,0,0,0,1,0,0,0,0,0,0,-0.26666,0.15,30.9539,163.25,35.15
10039,train,2021-09-01 10:25:00,2021-09-04 10:18:00,57.94333,-61.41333,-0.26666,0.15,30.9539,0.244618,0.28819626813408944,-0.9575713608048144,35.15,36.7333,-0.870294,-0.492533,0.5,-0.866025,0,0,0,1,0,0,0,0,0,0,0,1,0,0,0,0,0,0,-0.27167,0.04833,30.3457,174.53,36.7333
10040,val,2021-08-31 10:18:00,2021-09-12 10:19:00,57.315,-60.23,-0.83,0.44,96.0809,0.13114,0.28116922330033095,-0.9596582036687273,203.5167,84.5,-0.861693,-0.50743,0.5,-0.866025,0,0,0,1,0,0,0,0,0,0,0,1,0,0,0,0,0,0,-0.32333,0.60167,51.6605,133.85,84.5
10040,val,2021-09-08 21:49:00,2021-09-12 21:50:00,56.485,-59.79,-0.32333,0.60167,51.6605,0.169824,0.7211559444851579,-0.6927727648614082,84.5,11.5167,-0.923158,-0.384421,-0.707107,0.707107,0,0,0,1,0,0,0,0,0,0,0,1,0,0,0,0,0,0,-0.05167,-0.17167,12.0893,241.7,11.5167
10040,val,2021-09-12 10:19:00,2021-09-15 10:09:00,56.16167,-59.18833,-0.05167,-0.17167,12.0893,0.29159,-0.8804773535091617,-0.47408820904711674,11.5167,60.3167,-0.947404,-0.320039,0.5,-0.866025,0,0,0,1,0,0,0,0,0,0,0,1,0,0,0,0,0,0,-0.34,0.39,44.9354,147.12,60.3167
10040,val,2021-09-12 21:50:00,2021-09-15 21:42:00,56.11,-59.36,-0.34,0.39,44.9354,0.206942,0.5428813342425174,-0.8398094170292829,60.3167,11.55,-0.947404,-0.320039,-0.707107,0.707107,0,0,0,1,0,0,0,0,0,0,0,1,0,0,0,0,0,0,-0.11333,-0.005,12.6056,181.43,11.55
10040,val,2021-09-15 10:09:00,2021-09-23 21:42:00,55.77,-58.97,-0.11333,-0.005,12.6056,0.303165,-0.024955617255638916,-0.9996885600862851,11.55,192.0,-0.962652,-0.270742,0.5,-0.866025,0,0,0,1,0,0,0,0,0,0,0,1,0,0,0,0,0,0,-0.505,1.47833,108.9205,120.42,192.0
10041,train,2021-09-01 10:25:00,2021-09-02 21:34:00,59.54667,-61.51333,-0.1,-0.26167,18.4869,0.212787,-0.8001036359678467,-0.599861793841741,24.1333,11.0167,-0.870294,-0.492533,0.5,-0.866025,0,0,0,1,0,0,0,0,0,0,0,1,0,0,0,0,0,0,-0.075,-0.13833,11.4378,223.25,11.0167
10041,train,2021-09-02 10:33:00,2021-09-03 21:42:00,59.44667,-61.775,-0.075,-0.13833,11.4378,0.288396,-0.6851829903263591,-0.7283709698824002,11.0167,24.1333,-0.878637,-0.477489,0.5,-0.866025,0,0,0,1,0,0,0,0,0,0,0,1,0,0,0,0,0,0,-0.08167,-0.05,9.5138,197.36,24.1333
10041,train,2021-09-02 21:34:00,2021-09-04 10:18:00,59.37167,-61.91333,-0.08167,-0.05,9.5138,0.109505,-0.29837453401226033,-0.9544488658136518,24.1333,12.6,-0.878637,-0.477489,-0.707107,0.707107,0,0,0,1,0,0,0,0,0,0,0,1,0,0,0,0,0,0,0.12,0.15666,16.0284,33.58,12.6
10041,train,2021-09-03 21:42:00,2021-09-07 21:43:00,59.29,-61.96333,0.12,0.15666,16.0284,0.353359,0.5531007711735039,0.8331143600534535,12.6,83.4167,-0.886721,-0.462305,-0.707107,0.707107,0,0,0,1,0,0,0,0,0,0,0,1,0,0,0,0,0,0,-0.14333,-0.31,23.728,227.94,83.4167
10041,train,2021-09-04 10:18:00,2021-09-09 10:26:00,59.41,-61.80667,-0.14333,-0.31,23.728,0.079014,-0.7424437061983443,-0.6699084587661709,83.4167,36.7167,-0.894542,-0.446983,0.5,-0.866025,0,0,0,1,0,0,0,0,0,0,0,1,0,0,0,0,0,0,-0.13,-0.37833,25.9406,236.3,36.7167
10041,train,2021-09-07 21:43:00,2021-09-12 21:51:00,59.26667,-62.11667,-0.13,-0.37833,25.9406,0.196252,-0.8319541221304826,-0.5548444274479992,36.7167,83.4167,-0.916409,-0.400244,-0.707107,0.707107,0,0,0,1,0,0,0,0,0,0,0,1,0,0,0,0,0,0,-0.19334,-0.345,29.1831,222.7,83.4167
10041,train,2021-09-09 10:26:00,2021-09-16 21:51:00,59.13667,-62.495,-0.19334,-0.345,29.1831,0.09718,-0.6781596698680704,-0.73491459514996,83.4167,96.0,-0.929634,-0.368484,0.5,-0.866025,0,0,0,1,0,0,0,0,0,0,0,1,0,0,0,0,0,0,-0.00833,-0.01333,1.2012,219.55,96.0
10041,train,2021-09-12 21:51:00,2021-09-28 10:18:00,58.94333,-62.84,-0.00833,-0.01333,1.2012,0.003476,-0.636751347470152,-0.7710692066831262,96.0,276.45,-0.947404,-0.320039,-0.707107,0.707107,0,0,0,1,0,0,0,0,0,0,0,1,0,0,0,0,0,0,-0.205,0.2,25.5359,153.12,276.45
10042,train,2021-09-01 10:25:00,2021-09-02 21:34:00,59.565,-61.5,-0.17667,-0.15167,21.431,0.246673,-0.40066887909520993,-0.9162229255615623,24.1333,11.0167,-0.870294,-0.492533,0.5,-0.866025,0,0,0,1,0,0,0,0,0,0,0,1,0,0,0,0,0,0,-0.07166,-0.06,8.6637,203.14,11.0167
10042,train,2021-09-02 10:33:00,2021-09-03 21:42:00,59.38833,-61.65167,-0.07166,-0.06,8.6637,0.218448,-0.3929791774875812,-0.919547370210575,11.0167,24.1333,-0.878637,-0.477489,0.5,-0.866025,0,0,0,1,0,0,0,0,0,0,0,1,0,0,0,0,0,0,-0.02334,-0.115,7.0246,248.37,24.1333
10042,train,2021-09-02 21:34:00,2021-09-04 10:18:00,59.31667,-61.71167,-0.02334,-0.115,7.0246,0.080854,-0.9295836088802569,-0.36861133203030744,24.1333,12.6,-0.878637,-0.477489,-0.707107,0.707107,0,0,0,1,0,0,0,0,0,0,0,1,0,0,0,0,0,0,0.12334,0.025,13.7878,5.89,12.6
10042,train,2021-09-03 21:42:00,2021-09-09 10:26:00,59.29333,-61.82667,0.12334,0.025,13.7878,0.303963,0.10261892683013277,0.994720742649027,12.6,120.1333,-0.886721,-0.462305,-0.707107,0.707107,0,0,0,1,0,0,0,0,0,0,0,1,0,0,0,0,0,0,-0.22834,-0.34,31.893,217.39,120.1333
10042,train,2021-09-04 10:18:00,2021-09-09 20:27:00,59.41667,-61.80167,-0.22834,-0.34,31.893,0.073744,-0.607237178965584,-0.794520615517256,120.1333,10.0167,-0.894542,-0.446983,0.5,-0.866025,0,0,0,1,0,0,0,0,0,0,0,1,0,0,0,0,0,0,0.055,-0.16333,11.1266,303.41,10.0167
10042,train,2021-09-09 10:26:00,2021-09-12 21:51:00,59.18833,-62.14167,0.055,-0.16333,11.1266,0.308558,-0.8347517735346013,0.5506264401396265,10.0167,73.4,-0.929634,-0.368484,0.5,-0.866025,0,0,0,1,0,0,0,0,0,0,0,1,0,0,0,0,0,0,-0.14333,-0.49,32.1503,240.49,73.4
10042,train,2021-09-09 20:27:00,2021-09-14 10:32:00,59.24333,-62.305,-0.14333,-0.49,32.1503,0.121671,-0.8702697385596787,-0.4925754583282327,73.4,36.6833,-0.929634,-0.368484,-0.866025,0.5,0,0,0,1,0,0,0,0,0,0,0,1,0,0,0,0,0,0,-0.01,-0.04333,2.713,245.82,36.6833
10042,train,2021-09-12 21:51:00,2021-09-16 21:51:00,59.1,-62.795,-0.01,-0.04333,2.713,0.020544,-0.9122631507322382,-0.4096046188900824,36.6833,59.3167,-0.947404,-0.320039,-0.707107,0.707107,0,0,0,1,0,0,0,0,0,0,0,1,0,0,0,0,0,0,-0.10667,-0.16667,15.2185,218.87,59.3167
10043,train,2021-09-01 10:25:00,2021-09-03 21:42:00,59.54,-61.51833,-0.17333,-0.33,26.8191,0.308692,-0.6971651028545645,-0.7169106076504829,24.1333,35.15,-0.870294,-0.492533,0.5,-0.866025,0,0,0,1,0,0,0,0,0,0,0,1,0,0,0,0,0,0,-0.08834,-0.08,10.8208,204.83,35.15
10043,train,2021-09-02 10:33:00,2021-09-04 10:18:00,59.36667,-61.84833,-0.08834,-0.08,10.8208,0.085513,-0.41992733610315075,-0.9075577295099808,35.15,12.6,-0.878637,-0.477489,0.5,-0.866025,0,0,0,1,0,0,0,0,0,0,0,1,0,0,0,0,0,0,0.13334,0.11833,16.2738,24.29,12.6
10043,train,2021-09-03 21:42:00,2021-09-07 21:43:00,59.27833,-61.92833,0.13334,0.11833,16.2738,0.358771,0.41135528245828673,0.9114750855583839,12.6,83.4167,-0.886721,-0.462305,-0.707107,0.707107,0,0,0,1,0,0,0,0,0,0,0,1,0,0,0,0,0,0,-0.07834,-0.14,11.7805,222.38,83.4167
10043,train,2021-09-04 10:18:00,2021-09-09 10:26:00,59.41167,-61.81,-0.07834,-0.14,11.7805,0.039229,-0.6740445769666508,-0.7386906715681801,83.4167,36.7167,-0.894542,-0.446983,0.5,-0.866025,0,0,0,1,0,0,0,0,0,0,0,1,0,0,0,0,0,0,-0.115,-0.21667,17.7491,224.0,36.7167
10043,train,2021-09-07 21:43:00,2021-09-09 19:59:00,59.33333,-61.95,-0.115,-0.21667,17.7491,0.13428,-0.6946583704589973,-0.7193398003386511,36.7167,9.55,-0.916409,-0.400244,-0.707107,0.707107,0,0,0,1,0,0,0,0,0,0,0,1,0,0,0,0,0,0,0.03334,-0.13166,8.356,296.39,9.55
10043,train,2021-09-09 10:26:00,2021-09-16 21:51:00,59.21833,-62.16667,0.03334,-0.13166,8.356,0.243048,-0.8957893500750186,0.4444788412198896,9.55,169.8667,-0.929634,-0.368484,0.5,-0.866025,0,0,0,1,0,0,0,0,0,0,0,1,0,0,0,0,0,0,-0.28167,-0.60834,46.7644,228.21,169.8667
10044,train,2021-09-01 10:25:00,2021-09-04 10:18:00,59.54667,-62.56833,-0.18334,-0.17334,22.6177,0.105978,-0.4342880492898045,-0.9007740506053982,59.2833,12.6,-0.870294,-0.492533,0.5,-0.866025,0,0,0,1,0,0,0,0,0,0,0,1,0,0,0,0,0,0,-0.01,-0.095,5.4975,258.37,12.6
10044,train,2021-09-03 21:42:00,2021-09-12 21:51:00,59.36333,-62.74167,-0.01,-0.095,5.4975,0.121197,-0.9794698311727877,-0.20159079796049909,12.6,203.55,-0.886721,-0.462305,-0.707107,0.707107,0,0,0,1,0,0,0,0,0,0,0,1,0,0,0,0,0,0,-0.19166,-0.47666,34.4709,232.02,203.55
10044,train,2021-09-04 10:18:00,2021-09-16 21:51:00,59.35333,-62.83667,-0.19166,-0.47666,34.4709,0.047041,-0.7882256119904402,-0.6153863701791713,203.55,96.0,-0.894542,-0.446983,0.5,-0.866025,0,0,0,1,0,0,0,0,0,0,0,1,0,0,0,0,0,0,0.0,0.0,0.0,0.0,96.0
10044,train,2021-09-12 21:51:00,2021-09-28 21:51:00,59.16167,-63.31333,0.0,0.0,0.0,0.0,0.0,1.0,96.0,288.0,-0.947404,-0.320039,-0.707107,0.707107,0,0,0,1,0,0,0,0,0,0,0,1,0,0,0,0,0,0,0.0,0.0,0.0,0.0,288.0
10044,train,2021-09-16 21:51:00,2021-09-29 10:26:00,59.16167,-63.31333,0.0,0.0,0.0,0.0,0.0,1.0,288.0,12.5833,-0.967167,-0.254143,-0.707107,0.707107,0,0,0,1,0,0,0,0,0,0,0,1,0,0,0,0,0,0,0.0,0.0,0.0,0.0,12.5833
10045,test,2021-09-01 10:25:00,2021-09-09 10:26:00,59.11,-61.17167,-0.635,-0.26166,72.2,0.129155,-0.21064237999158406,-0.9775631886233652,155.2833,36.7333,-0.870294,-0.492533,0.5,-0.866025,0,0,0,1,0,0,0,0,0,0,0,1,0,0,0,0,0,0,-0.19333,-0.23167,25.3881,212.24,36.7333
10045,test,2021-09-07 21:42:00,2021-09-17 21:58:00,58.475,-61.43333,-0.19333,-0.23167,25.3881,0.191985,-0.5334669004383025,-0.8458209421247208,36.7333,203.5333,-0.916409,-0.400244,-0.707107,0.707107,0,0,0,1,0,0,0,0,0,0,0,1,0,0,0,0,0,0,-1.04,0.31667,117.1579,170.64,203.5333
10045,test,2021-09-09 10:26:00,2021-09-19 10:10:00,58.28167,-61.665,-1.04,0.31667,117.1579,0.159895,0.16263716519488378,-0.986685944207868,203.5333,36.2,-0.929634,-0.368484,0.5,-0.866025,0,0,0,1,0,0,0,0,0,0,0,1,0,0,0,0,0,0,-0.005,0.04166,2.5677,102.49,36.2
10045,test,2021-09-17 21:58:00,2021-09-23 10:12:00,57.24167,-61.34833,-0.005,0.04166,2.5677,0.019703,0.9763337680888527,-0.21626921484442088,36.2,96.0333,-0.971395,-0.237468,-0.707107,0.707107,0,0,0,1,0,0,0,0,0,0,0,1,0,0,0,0,0,0,-0.30834,0.31167,39.1178,151.09,96.0333
10045,test,2021-09-19 10:10:00,2021-09-27 21:42:00,57.23667,-61.30667,-0.30834,0.31167,39.1178,0.113149,0.4834351732782205,-0.8753801649783121,96.0333,107.5,-0.978989,-0.203914,0.5,-0.866025,0,0,0,1,0,0,0,0,0,0,0,1,0,0,0,0,0,0,-0.40333,0.59167,57.5688,140.92,107.5
10045,test,2021-09-23 10:12:00,2021-09-28 10:18:00,56.92833,-60.995,-0.40333,0.59167,57.5688,0.148757,0.6304048777147889,-0.7762665071696717,107.5,12.6,-0.990692,-0.13612,0.5,-0.866025,0,0,0,1,0,0,0,0,0,0,0,1,0,0,0,0,0,0,-0.00167,0.00333,0.276,132.28,12.6
10046,train,2021-09-01 10:25:00,2021-09-14 10:02:00,57.07,-60.57167,-0.26833,-0.125,30.7855,0.118964,-0.24716813411004077,-0.968972607187923,71.8833,239.7333,-0.870294,-0.492533,0.5,-0.866025,0,0,0,1,0,0,0,0,0,0,0,1,0,0,0,0,0,0,-1.26167,1.42334,165.6577,147.28,239.7333
10046,train,2021-09-04 10:18:00,2021-09-15 10:09:00,56.80167,-60.69667,-1.26167,1.42334,165.6577,0.191947,0.5405340302350873,-0.8413221512344804,239.7333,24.1167,-0.894542,-0.446983,0.5,-0.866025,0,0,0,1,0,0,0,0,0,0,0,1,0,0,0,0,0,0,-0.1,0.04166,11.425,166.7,24.1167
10046,train,2021-09-14 10:02:00,2021-09-15 21:42:00,55.54,-59.27333,-0.1,0.04166,11.425,0.131594,0.23004973718810473,-0.9731788727770881,24.1167,11.55,-0.957852,-0.287261,0.5,-0.866025,0,0,0,1,0,0,0,0,0,0,0,1,0,0,0,0,0,0,0.00667,-0.025,1.7425,295.2,11.55
10046,train,2021-09-15 10:09:00,2021-09-16 21:49:00,55.44,-59.23167,0.00667,-0.025,1.7425,0.041908,-0.9048270524660196,0.4257792915650726,11.55,24.1167,-0.962652,-0.270742,0.5,-0.866025,0,0,0,1,0,0,0,0,0,0,0,1,0,0,0,0,0,0,-0.00334,0.05667,3.5934,95.91,24.1167
10046,train,2021-09-15 21:42:00,2021-09-28 21:49:00,55.44667,-59.25667,-0.00334,0.05667,3.5934,0.041389,0.9946848612849409,-0.10296614361312108,24.1167,288.0,-0.962652,-0.270742,-0.707107,0.707107,0,0,0,1,0,0,0,0,0,0,0,1,0,0,0,0,0,0,-0.59833,1.55,118.861,123.4,288.0
10047,val,2021-09-01 10:25:00,2021-09-02 21:34:00,58.245,-61.45,-0.19833,-0.05,22.2476,0.256073,-0.1322563902571225,-0.9912155402515417,24.1333,11.0167,-0.870294,-0.492533,0.5,-0.866025,0,0,0,1,0,0,0,0,0,0,0,1,0,0,0,0,0,0,-0.06167,0.10667,9.3003,137.46,11.0167
10047,val,2021-09-02 10:33:00,2021-09-12 21:50:00,58.04667,-61.5,-0.06167,0.10667,9.3003,0.234501,0.6761047596177261,-0.7368055062377431,11.0167,240.2667,-0.878637,-0.477489,0.5,-0.866025,0,0,0,1,0,0,0,0,0,0,0,1,0,0,0,0,0,0,-0.86167,0.18166,96.4242,173.47,240.2667
10047,val,2021-09-02 21:34:00,2021-09-19 10:10:00,57.985,-61.39333,-0.86167,0.18166,96.4242,0.111478,0.11372343123358569,-0.9935124464184935,240.2667,156.3333,-0.878637,-0.477489,-0.707107,0.707107,0,0,0,1,0,0,0,0,0,0,0,1,0,0,0,0,0,0,-0.14833,-0.00166,16.4938,180.35,156.3333
10047,val,2021-09-12 21:50:00,2021-09-21 21:58:00,57.12333,-61.21167,-0.14833,-0.00166,16.4938,0.029307,-0.006108614390678303,-0.9999813422410571,156.3333,59.8,-0.947404,-0.320039,-0.707107,0.707107,0,0,0,1,0,0,0,0,0,0,0,1,0,0,0,0,0,0,-0.4,0.49,53.568,145.92,59.8
10048,train,2021-09-02 10:33:00,2021-09-04 10:18:00,58.06167,-61.57667,-0.31,0.11,35.0776,0.277206,0.18600960063859306,-0.9825479268057468,35.15,12.6,-0.878637,-0.477489,0.5,-0.866025,0,0,0,1,0,0,0,0,0,0,0,1,0,0,0,0,0,0,-0.09,-0.04,10.2858,193.37,12.6
10048,train,2021-09-03 21:42:00,2021-09-07 21:42:00,57.75167,-61.46667,-0.09,-0.04,10.2858,0.226759,-0.23123852749116755,-0.972897087776357,12.6,83.4,-0.886721,-0.462305,-0.707107,0.707107,0,0,0,1,0,0,0,0,0,0,0,1,0,0,0,0,0,0,-0.13,0.14,16.6898,149.95,83.4
10048,train,2021-09-04 10:18:00,2021-09-09 10:26:00,57.66167,-61.50667,-0.13,0.14,16.6898,0.055588,0.5007555592532998,-0.8655887417688118,83.4,36.7333,-0.894542,-0.446983,0.5,-0.866025,0,0,0,1,0,0,0,0,0,0,0,1,0,0,0,0,0,0,-0.09834,0.125,13.2438,145.6,36.7333
10049,val,2021-09-02 21:34:00,2021-09-04 10:18:00,59.365,-61.775,-0.00833,-0.055,3.2515,0.037425,-0.9586708933553157,-0.2845173425879709,24.1333,12.6,-0.878637,-0.477489,-0.707107,0.707107,0,0,0,1,0,0,0,0,0,0,0,1,0,0,0,0,0,0,0.065,0.13167,10.3837,45.83,12.6
10049,val,2021-09-03 21:42:00,2021-09-06 10:34:00,59.35667,-61.83,0.065,0.13167,10.3837,0.228917,0.7172755441554933,0.6967896337894537,12.6,48.2667,-0.886721,-0.462305,-0.707107,0.707107,0,0,0,1,0,0,0,0,0,0,0,1,0,0,0,0,0,0,-0.03,-0.1,6.5692,239.53,48.2667
10049,val,2021-09-04 10:18:00,2021-09-09 19:45:00,59.42167,-61.69833,-0.03,-0.1,6.5692,0.037806,-0.861894788784538,-0.5070871454356309,48.2667,81.1833,-0.894542,-0.446983,0.5,-0.866025,0,0,0,1,0,0,0,0,0,0,0,1,0,0,0,0,0,0,-0.17,-0.44,31.3211,233.07,81.1833
10049,val,2021-09-06 10:34:00,2021-09-16 21:51:00,59.39167,-61.79833,-0.17,-0.44,31.3211,0.107169,-0.799370169587588,-0.6008388569104954,81.1833,170.1,-0.909388,-0.415948,0.5,-0.866025,0,0,0,1,0,0,0,0,0,0,0,1,0,0,0,0,0,0,-0.27667,-0.65334,48.3697,230.78,170.1
10050,train,2021-09-02 21:34:00,2021-09-03 21:42:00,58.08,-61.19333,-0.08167,-0.14,12.2627,0.2707,-0.6727542925555997,-0.7398659755982935,12.5833,11.55,-0.878637,-0.477489,-0.707107,0.707107,0,0,0,0,1,0,0,0,0,0,0,0,0,0,0,0,0,1,-0.085,-0.06334,10.1635,201.6,11.55
10050,train,2021-09-03 10:09:00,2021-09-04 10:18:00,57.99833,-61.33333,-0.085,-0.06334,10.1635,0.244432,-0.3681245526846779,-0.9297764858882515,11.55,12.6,-0.886721,-0.462305,0.5,-0.866025,0,0,0,0,1,0,0,0,0,0,0,0,0,0,0,0,0,1,-0.10333,-0.00666,11.4965,181.97,12.6
10050,train,2021-09-03 21:42:00,2021-09-06 10:34:00,57.91333,-61.39667,-0.10333,-0.00666,11.4965,0.253451,-0.0343762121290921,-0.9994089633576716,12.6,48.2667,-0.886721,-0.462305,-0.707107,0.707107,0,0,0,0,1,0,0,0,0,0,0,0,0,0,0,0,0,1,-0.12333,-0.065,14.2457,195.74,48.2667
10050,train,2021-09-04 10:18:00,2021-09-07 21:42:00,57.81,-61.40333,-0.12333,-0.065,14.2457,0.081985,-0.2712724656038609,-0.9625025970901077,48.2667,35.1333,-0.894542,-0.446983,0.5,-0.866025,0,0,0,0,1,0,0,0,0,0,0,0,0,0,0,0,0,1,-0.15667,0.14166,19.357,154.1,35.1333
10050,train,2021-09-06 10:34:00,2021-09-09 10:26:00,57.68667,-61.46833,-0.15667,0.14166,19.357,0.153044,0.4368017883677022,-0.8995577789551803,35.1333,36.7333,-0.909388,-0.415948,0.5,-0.866025,0,0,0,1,0,0,0,0,0,0,0,1,0,0,0,0,0,0,-0.13,-0.02166,14.5133,185.13,36.7333
10051,train,2021-09-02 21:34:00,2021-09-03 21:42:00,57.96667,-61.26667,-0.09334,-0.06833,11.1358,0.245823,-0.362763348315577,-0.9318812977621513,12.5833,11.55,-0.878637,-0.477489,-0.707107,0.707107,0,0,0,1,0,0,0,0,0,0,0,1,0,0,0,0,0,0,-0.06833,0.01333,7.6388,174.07,11.55
10051,train,2021-09-03 10:09:00,2021-09-12 21:50:00,57.87333,-61.335,-0.06833,0.01333,7.6388,0.183713,0.10331334784999754,-0.9946488587215215,11.55,216.1333,-0.886721,-0.462305,0.5,-0.866025,0,0,0,1,0,0,0,0,0,0,0,1,0,0,0,0,0,0,-0.7,0.055,77.9059,177.56,216.1333
10051,train,2021-09-03 21:42:00,2021-09-19 10:10:00,57.805,-61.32167,-0.7,0.055,77.9059,0.100126,0.04257316278837966,-0.9990933518997082,216.1333,156.3333,-0.886721,-0.462305,-0.707107,0.707107,0,0,0,1,0,0,0,0,0,0,0,1,0,0,0,0,0,0,-0.095,0.02334,10.6574,172.38,156.3333
10051,train,2021-09-12 21:50:00,2021-09-21 21:58:00,57.105,-61.26667,-0.095,0.02334,10.6574,0.018936,0.1326023816880627,-0.99116931367484,156.3333,59.8,-0.947404,-0.320039,-0.707107,0.707107,0,0,0,1,0,0,0,0,0,0,0,1,0,0,0,0,0,0,-0.07833,0.09833,10.5537,145.58,59.8
10051,train,2021-09-19 10:10:00,2021-09-23 21:42:00,57.01,-61.24333,-0.07833,0.09833,10.5537,0.049023,0.5652549879442832,-0.8249162373260137,59.8,47.7333,-0.978989,-0.203914,0.5,-0.866025,0,0,0,1,0,0,0,0,0,0,0,1,0,0,0,0,0,0,-0.30334,0.6,49.7359,132.45,47.7333
10051,train,2021-09-21 21:58:00,2021-09-28 21:49:00,56.93167,-61.145,-0.30334,0.6,49.7359,0.289432,0.7378666196767687,-0.6749465546002726,47.7333,120.1167,-0.985424,-0.170118,-0.707107,0.707107,0,0,0,1,0,0,0,0,0,0,0,1,0,0,0,0,0,0,-0.33666,0.33167,42.6213,151.3,120.1167
10051,train,2021-09-23 21:42:00,2021-09-29 10:26:00,56.62833,-60.545,-0.33666,0.33167,42.6213,0.098565,0.48022349744318893,-0.8771461637055887,120.1167,12.6167,-0.990692,-0.13612,-0.707107,0.707107,0,0,0,1,0,0,0,0,0,0,0,1,0,0,0,0,0,0,-0.04667,-0.07834,7.0943,223.02,12.6167
10052,train,2021-09-03 21:42:00,2021-09-09 10:26:00,59.25667,-63.04167,-0.01667,-0.02166,2.2254,0.049061,-0.5535369129945729,-0.8328246429786037,12.6,120.1333,-0.886721,-0.462305,-0.707107,0.707107,0,0,0,1,0,0,0,0,0,0,0,1,0,0,0,0,0,0,-0.13833,0.11,16.6098,157.78,120.1333
10052,train,2021-09-04 10:18:00,2021-09-12 21:51:00,59.24,-63.06333,-0.13833,0.11,16.6098,0.038406,0.3781639535955729,-0.9257386370898458,120.1333,83.4167,-0.894542,-0.446983,0.5,-0.866025,0,0,0,1,0,0,0,0,0,0,0,1,0,0,0,0,0,0,-0.02667,-0.16167,9.6995,252.27,83.4167
10052,train,2021-09-09 10:26:00,2021-09-16 21:51:00,59.10167,-62.95333,-0.02667,-0.16167,9.6995,0.032299,-0.9525021593336442,-0.3045318316116479,83.4167,96.0,-0.929634,-0.368484,0.5,-0.866025,0,0,0,1,0,0,0,0,0,0,0,1,0,0,0,0,0,0,0.01167,-0.13,7.5401,279.97,96.0
10053,train,2021-09-03 21:42:00,2021-09-17 21:58:00,58.24,-61.37667,0.0,-0.00833,0.4875,0.010748,-1.0,-1.8369701987210297e-16,12.6,323.6667,-0.886721,-0.462305,-0.707107,0.707107,0,0,0,1,0,0,0,0,0,0,0,1,0,0,0,0,0,0,-1.585,0.59667,179.8213,168.3,323.6667
10053,train,2021-09-04 10:18:00,2021-09-19 10:10:00,58.24,-61.385,-1.585,0.59667,179.8213,0.154327,0.20278729535651233,-0.9792228106217659,323.6667,36.2,-0.894542,-0.446983,0.5,-0.866025,0,0,0,1,0,0,0,0,0,0,0,1,0,0,0,0,0,0,-0.28833,0.385,39.823,143.46,36.2
10054,train,2021-09-03 21:42:00,2021-09-06 10:34:00,59.43833,-61.76333,0.03667,0.07833,6.0181,0.132675,0.735032945146904,0.6780313927456961,12.6,48.2667,-0.886721,-0.462305,-0.707107,0.707107,0,0,0,1,0,0,0,0,0,0,0,1,0,0,0,0,0,0,0.12667,-0.19167,17.7519,322.59,48.2667
10054,train,2021-09-04 10:18:00,2021-09-07 21:43:00,59.475,-61.685,0.12667,-0.19167,17.7519,0.102163,-0.6075144819792634,0.7943086013543271,48.2667,35.15,-0.894542,-0.446983,0.5,-0.866025,0,0,0,1,0,0,0,0,0,0,0,1,0,0,0,0,0,0,-0.03667,-0.12333,8.0518,239.63,35.15
10054,train,2021-09-06 10:34:00,2021-09-09 19:45:00,59.60167,-61.87667,-0.03667,-0.12333,8.0518,0.063631,-0.8627785096229489,-0.5055820836746522,35.15,46.0333,-0.909388,-0.415948,0.5,-0.866025,0,0,0,1,0,0,0,0,0,0,0,1,0,0,0,0,0,0,-0.07,-0.305,18.877,245.78,46.0333
10054,train,2021-09-07 21:43:00,2021-09-12 21:51:00,59.565,-62.0,-0.07,-0.305,18.877,0.113909,-0.9119769704732383,-0.41024139884518507,46.0333,74.1,-0.916409,-0.400244,-0.707107,0.707107,0,0,0,1,0,0,0,0,0,0,0,1,0,0,0,0,0,0,-0.235,-0.54667,40.516,230.07,74.1
10054,train,2021-09-09 19:45:00,2021-09-28 10:18:00,59.495,-62.305,-0.235,-0.54667,40.516,0.151882,-0.7668291844276095,-0.6418512303564489,74.1,372.45,-0.929634,-0.368484,-0.965926,0.258819,0,0,0,0,0,0,0,1,0,0,0,0,0,0,0,1,0,0,-0.10667,-0.20333,16.5728,224.39,372.45
10055,train,2021-09-03 21:42:00,2021-09-27 21:42:00,60.23,-61.93167,-0.09333,-0.71166,40.6924,0.036212,-0.9682786063240914,-0.24987304883695496,312.15,263.85,-0.886721,-0.462305,-0.707107,0.707107,0,0,0,1,0,0,0,0,0,0,0,1,0,0,0,0,0,0,-0.05667,0.08333,7.8123,143.73,263.85
10055,train,2021-09-16 21:51:00,2021-09-28 21:51:00,60.13667,-62.64333,-0.05667,0.08333,7.8123,0.008225,0.5915911146048106,-0.8062381491350046,263.85,24.15,-0.967167,-0.254143,-0.707107,0.707107,0,0,0,1,0,0,0,0,0,0,0,1,0,0,0,0,0,0,0.0,-0.12833,7.1176,270.06,24.15
10055,train,2021-09-27 21:42:00,2021-09-29 10:26:00,60.08,-62.56,0.0,-0.12833,7.1176,0.081867,-0.9999994516886945,0.0010471973597995898,24.15,12.5833,-0.997707,-0.067683,-0.707107,0.707107,0,0,0,1,0,0,0,0,0,0,0,1,0,0,0,0,0,0,0.015,-0.03834,2.7022,308.13,12.5833
10056,test,2021-09-04 10:18:00,2021-09-16 21:51:00,59.15667,-62.745,-0.25667,-0.11667,29.3108,0.039999,-0.22869069933948538,-0.9734991340702965,203.55,96.0,-0.894542,-0.446983,0.5,-0.866025,0,0,0,1,0,0,0,0,0,0,0,1,0,0,0,0,0,0,-0.03167,-0.07166,5.4182,229.49,96.0
10057,train,2021-09-04 10:18:00,2021-09-16 21:51:00,59.105,-63.13167,0.00167,0.00334,0.2662,0.000363,0.7164237199242659,0.6976654309408465,203.55,96.0,-0.894542,-0.446983,0.5,-0.866025,0,0,0,1,0,0,0,0,0,0,0,1,0,0,0,0,0,0,0.01333,-0.00167,1.4853,356.32,96.0
10058,train,2021-09-04 10:18:00,2021-09-16 21:51:00,59.09167,-63.05167,-0.03834,0.10667,7.4389,0.008601,0.8199521093254521,-0.572432125594591,240.2333,59.3167,-0.894542,-0.446983,0.5,-0.866025,0,0,0,1,0,0,0,0,0,0,0,1,0,0,0,0,0,0,-0.04166,-0.11333,7.969,234.51,59.3167
10058,train,2021-09-14 10:32:00,2021-09-23 10:43:00,59.05333,-62.945,-0.04166,-0.11333,7.969,0.037318,-0.8142168577416485,-0.5805608569041802,59.3167,156.8667,-0.957852,-0.287261,0.5,-0.866025,0,0,0,1,0,0,0,0,0,0,0,1,0,0,0,0,0,0,-0.08834,-0.04167,10.1092,193.69,156.8667
10060,train,2021-09-07 21:42:00,2021-09-14 10:32:00,57.67,-61.61167,-0.07667,-0.04333,8.907,0.067355,-0.2898671056445671,-0.9570669052188783,36.7333,120.1,-0.916409,-0.400244,-0.707107,0.707107,0,0,0,0,1,0,0,0,0,0,0,0,0,0,0,0,0,1,0.10334,-0.265,19.5119,306.19,120.1
10064,train,2021-09-12 21:51:00,2021-09-23 10:43:00,59.36667,-62.86667,-0.165,-0.25333,23.316,0.176556,-0.6185455438403135,-0.7857489485804552,36.6833,216.1833,-0.947404,-0.320039,-0.707107,0.707107,0,0,0,1,0,0,0,0,0,0,0,1,0,0,0,0,0,0,-0.09167,-0.01667,10.2374,185.33,216.1833
10066,train,2021-09-12 21:51:00,2021-09-16 21:51:00,59.35,-62.85167,-0.145,-0.17333,18.8921,0.143057,-0.5223497429765692,-0.8527313445700891,36.6833,59.3167,-0.947404,-0.320039,-0.707107,0.707107,0,0,0,1,0,0,0,0,0,0,0,1,0,0,0,0,0,0,-0.16167,-0.05833,18.2824,190.51,59.3167
10066,train,2021-09-14 10:32:00,2021-09-23 10:43:00,59.205,-63.025,-0.16167,-0.05833,18.2824,0.085616,-0.18240713307090384,-0.9832230864889482,59.3167,156.8667,-0.957852,-0.287261,0.5,-0.866025,0,0,0,1,0,0,0,0,0,0,0,1,0,0,0,0,0,0,-0.01833,0.02166,2.3854,148.69,156.8667
10066,train,2021-09-16 21:51:00,2021-09-28 21:51:00,59.04333,-63.08333,-0.01833,0.02166,2.3854,0.004224,0.5196682351651092,-0.8543681439288223,156.8667,131.1333,-0.967167,-0.254143,-0.707107,0.707107,0,0,0,1,0,0,0,0,0,0,0,1,0,0,0,0,0,0,0.06167,-0.18666,12.6857,302.8,131.1333
10066,train,2021-09-23 10:43:00,2021-09-29 10:26:00,59.025,-63.06167,0.06167,-0.18666,12.6857,0.026872,-0.8405666034956845,0.5417082102827396,131.1333,12.5833,-0.990692,-0.13612,0.5,-0.866025,0,0,0,1,0,0,0,0,0,0,0,1,0,0,0,0,0,0,0.00166,0.025,1.44,82.62,12.5833
10069,train,2021-09-12 21:50:00,2021-09-20 21:49:00,56.58833,-60.62333,-0.19,-0.02834,21.1985,0.091888,-0.08228639570796566,-0.9966087241648008,64.0833,127.9,-0.947404,-0.320039,-0.707107,0.707107,0,0,0,1,0,0,0,0,0,0,0,1,0,0,0,0,0,0,-0.765,1.33667,118.8995,135.12,127.9
10072,train,2021-09-17 21:58:00,2021-09-20 21:49:00,56.55333,-59.67,-0.04166,0.345,21.6566,0.16618,0.9773789962644953,-0.2114953844910278,36.2,35.65,-0.971395,-0.237468,-0.707107,0.707107,0,0,0,1,0,0,0,0,0,0,0,1,0,0,0,0,0,0,0.00166,0.32167,19.7361,89.33,35.65
10072,train,2021-09-19 10:10:00,2021-09-23 10:12:00,56.51167,-59.325,0.00166,0.32167,19.7361,0.153779,0.999931629399233,0.011693439485246055,35.65,60.3833,-0.978989,-0.203914,0.5,-0.866025,0,0,0,1,0,0,0,0,0,0,0,1,0,0,0,0,0,0,-0.205,0.15666,24.7484,157.02,60.3833
10074,train,2021-09-19 10:10:00,2021-09-21 21:58:00,56.97667,-60.98833,-0.175,0.22166,23.6629,0.184377,0.5702835367514109,-0.8214479214839504,35.65,24.15,-0.978989,-0.203914,0.5,-0.866025,0,0,0,1,0,0,0,0,0,0,0,1,0,0,0,0,0,0,-0.145,0.13834,18.1982,152.31,24.15
10074,train,2021-09-20 21:49:00,2021-09-23 10:12:00,56.80167,-60.76667,-0.145,0.13834,18.1982,0.209319,0.4646875083059989,-0.885474742510684,24.15,36.2333,-0.982352,-0.187043,-0.707107,0.707107,0,0,0,1,0,0,0,0,0,0,0,1,0,0,0,0,0,0,-0.03,0.08166,6.0048,123.71,36.2333
10074,train,2021-09-21 21:58:00,2021-09-23 21:42:00,56.65667,-60.62833,-0.03,0.08166,6.0048,0.046035,0.8318572708386354,-0.5549896223830652,36.2333,11.5,-0.985424,-0.170118,-0.707107,0.707107,0,0,0,1,0,0,0,0,0,0,0,1,0,0,0,0,0,0,-0.03667,0.06,5.4871,137.97,11.5
10075,train,2021-09-19 10:10:00,2021-09-21 21:58:00,56.895,-60.69667,-0.03167,-0.00333,3.5274,0.027484,-0.05738978256609894,-0.9983518482263735,35.65,24.15,-0.978989,-0.203914,0.5,-0.866025,0,0,0,1,0,0,0,0,0,0,0,1,0,0,0,0,0,0,0.00667,0.02833,1.8748,66.68,24.15
10075,train,2021-09-20 21:49:00,2021-09-26 21:34:00,56.86333,-60.7,0.00667,0.02833,1.8748,0.021564,0.9183082539637147,0.39586607672559354,24.15,119.6,-0.982352,-0.187043,-0.707107,0.707107,0,0,0,1,0,0,0,0,0,0,0,1,0,0,0,0,0,0,-0.70333,1.49834,120.6774,129.77,119.6
10076,train,2021-09-19 10:10:00,2021-09-21 21:58:00,56.815,-60.78,-0.15167,0.14667,19.0901,0.148746,0.4694715627858907,-0.882947592858927,35.65,24.15,-0.978989,-0.203914,0.5,-0.866025,0,0,0,1,0,0,0,0,0,0,0,1,0,0,0,0,0,0,-0.12166,0.155,16.523,144.89,24.15
10076,train,2021-09-20 21:49:00,2021-09-23 21:42:00,56.66333,-60.63333,-0.12166,0.155,16.523,0.190051,0.5751480373481562,-0.818049347615756,24.15,47.7333,-0.982352,-0.187043,-0.707107,0.707107,0,0,0,1,0,0,0,0,0,0,0,1,0,0,0,0,0,0,-0.39,0.485,52.6664,145.23,47.7333
10076,train,2021-09-21 21:58:00,2021-09-28 21:49:00,56.54167,-60.47833,-0.39,0.485,52.6664,0.306485,0.5702835367514109,-0.8214479214839504,47.7333,120.1167,-0.985424,-0.170118,-0.707107,0.707107,0,0,0,1,0,0,0,0,0,0,0,1,0,0,0,0,0,0,-0.70334,0.71833,90.1772,149.84,120.1167
10077,test,2021-09-19 10:10:00,2021-09-23 21:42:00,56.96667,-61.26833,-0.03834,0.22333,14.1993,0.065957,0.9543446553069651,-0.2987076813324858,59.8,47.7333,-0.978989,-0.203914,0.5,-0.866025,0,0,0,1,0,0,0,0,0,0,0,1,0,0,0,0,0,0,-0.31833,0.52,47.5075,137.95,47.7333
10080,train,2021-09-23 10:12:00,2021-09-28 10:18:00,56.61833,-58.685,-0.06333,0.13333,10.7816,0.260424,0.7579066647302133,-0.6523630029036932,11.5,108.6,-0.990692,-0.13612,0.5,-0.866025,0,0,0,1,0,0,0,0,0,0,0,1,0,0,0,0,0,0,0.085,0.63,39.7064,75.97,108.6
20002,train,2021-01-22 10:43:00,2021-02-10 21:50:00,60.805,-63.515,0.135,-0.79667,45.6574,0.070806,-0.9424082202447281,0.3344648657410282,179.1167,288.0,0.369484,0.929237,0.5,-0.866025,0,0,0,1,0,0,0,0,0,0,0,0,0,0,1,0,0,0,-0.55333,0.005,61.5281,179.74,288.0
20002,train,2021-01-29 21:50:00,2021-03-06 21:49:00,60.94,-64.31167,-0.55333,0.005,61.5281,0.059344,0.004537840481175099,-0.9999897039488793,288.0,575.9833,0.478434,0.878124,-0.707107,0.707107,0,0,0,1,0,0,0,0,0,0,0,0,0,0,1,0,0,0,-0.42667,1.57834,99.3477,117.84,575.9833
20002,train,2021-02-10 21:50:00,2021-03-12 10:18:00,60.38667,-64.30667,-0.42667,1.57834,99.3477,0.047912,0.8842551603760724,-0.4670040806548552,575.9833,132.4833,0.648262,0.761418,-0.707107,0.707107,0,0,0,1,0,0,0,0,0,0,0,0,0,0,1,0,0,0,0.11,0.67666,39.5426,71.69,132.4833
20002,train,2021-03-06 21:49:00,2021-03-20 10:19:00,59.96,-62.72833,0.11,0.67666,39.5426,0.082909,0.9493706611597745,0.31415815719005696,132.4833,192.0167,0.899296,0.43734,-0.707107,0.707107,0,0,0,1,0,0,0,0,0,0,0,0,0,0,1,0,0,0,-1.60667,1.265,192.5644,157.54,192.0167
20002,train,2021-03-12 10:18:00,2021-03-27 15:26:00,60.07,-62.05167,-1.60667,1.265,192.5644,0.27857,0.38203834957049093,-0.9241464707812584,192.0167,173.1167,0.93957,0.342357,0.5,-0.866025,0,0,0,1,0,0,0,0,0,0,0,0,0,0,1,0,0,0,-0.875,0.33334,99.2553,168.45,173.1167
20002,train,2021-03-20 10:19:00,2021-03-30 21:49:00,58.46333,-60.78667,-0.875,0.33334,99.2553,0.159262,0.2002230040208451,-0.9797503501713427,173.1167,78.3833,0.977653,0.210225,0.5,-0.866025,0,0,0,1,0,0,0,0,0,0,0,0,0,0,1,0,0,0,-0.20166,-0.11,23.3674,196.39,78.3833
20002,train,2021-03-27 15:26:00,2021-04-01 10:19:00,57.58833,-60.45333,-0.20166,-0.11,23.3674,0.08281,-0.2821740206692589,-0.9593632378089879,78.3833,36.5,0.995827,0.091261,-0.707107,-0.707107,0,0,0,0,0,1,0,0,0,0,0,0,0,0,1,0,0,0,-0.005,-0.23667,14.1956,267.86,36.5
20002,train,2021-03-30 21:49:00,2021-04-11 21:48:00,57.38667,-60.56333,-0.005,-0.23667,14.1956,0.108033,-0.9993025681157919,-0.037341362551238766,36.5,251.4833,0.999209,0.03977,-0.707107,0.707107,0,0,0,1,0,0,0,0,0,0,0,0,0,0,1,0,0,0,-1.24334,0.79667,146.53,160.31,251.4833
20002,train,2021-04-01 10:19:00,2021-04-18 15:16:00,57.38167,-60.8,-1.24334,0.79667,146.53,0.161851,0.33693093568148685,-0.9415293646938463,251.4833,161.4667,0.999986,0.005376,0.5,-0.866025,0,0,0,1,0,0,0,0,0,0,0,0,0,0,1,0,0,0,-0.685,1.96333,144.4306,121.01,161.4667
20002,train,2021-04-11 21:48:00,2021-04-27 10:03:00,56.13833,-60.00333,-0.685,1.96333,144.4306,0.24847,0.857077396545361,-0.5151876709811931,161.4667,210.7833,0.986146,-0.165878,-0.707107,0.707107,0,0,0,1,0,0,0,0,0,0,0,0,0,0,1,0,0,0,0.0,0.87,54.8585,89.64,210.7833
20002,train,2021-04-18 15:16:00,2021-05-01 10:00:00,55.45333,-58.04,0.0,0.87,54.8585,0.072294,0.9999802608561371,0.006283143965559066,210.7833,95.95,0.959079,-0.283139,-0.707107,-0.707107,0,0,0,0,0,1,0,0,0,0,0,0,0,0,1,0,0,0,-0.08666,0.69333,44.8148,102.13,95.95
20002,train,2021-04-27 10:03:00,2021-05-01 21:32:00,55.45333,-57.17,-0.08666,0.69333,44.8148,0.12974,0.9776733467083322,-0.210130500251937,95.95,11.5333,0.903946,-0.427646,0.5,-0.866025,0,0,0,1,0,0,0,0,0,0,0,0,0,0,1,0,0,0,-0.13167,0.19667,19.2182,139.54,11.5333
20002,train,2021-05-01 10:00:00,2021-05-04 09:55:00,55.36667,-56.47667,-0.13167,0.19667,19.2182,0.462867,0.6489170265967008,-0.760859180527446,11.5333,60.3833,0.872404,-0.488785,0.5,-0.866025,0,0,0,1,0,0,0,0,0,0,0,0,0,0,1,0,0,0,-0.06667,0.59833,38.6855,100.8,60.3833
20002,train,2021-05-01 21:32:00,2021-05-09 10:03:00,55.235,-56.28,-0.06667,0.59833,38.6855,0.177963,0.9822872507286887,-0.1873813145857246,60.3833,120.1333,0.872404,-0.488785,-0.707107,0.707107,0,0,0,1,0,0,0,0,0,0,0,0,0,0,1,0,0,0,-0.37166,0.11167,41.9364,170.17,120.1333
20006,train,2021-01-22 15:45:00,2021-02-10 21:50:00,60.425,-62.415,-0.02333,-0.33,18.3022,0.106285,-0.9902437633706289,-0.13934593322222896,47.8333,414.25,0.369484,0.929237,-0.707107,-0.707107,0,0,0,0,0,1,0,0,0,0,0,0,0,0,0,0,1,0,-0.02,-0.20333,11.3897,258.83,414.25
20006,train,2021-01-24 15:35:00,2021-02-24 18:38:00,60.40167,-62.745,-0.02,-0.20333,11.3897,0.007637,-0.9810567217458127,-0.19372069769995923,414.25,332.8,0.401229,0.915978,-0.707107,-0.707107,0,0,0,0,0,1,0,0,0,0,0,0,0,0,0,0,1,0,-0.76167,2.11666,144.9756,124.82,332.8
20006,train,2021-02-10 21:50:00,2021-03-01 10:27:00,60.38167,-62.94833,-0.76167,2.11666,144.9756,0.121007,0.8209499424936416,-0.5710001680557427,332.8,111.8167,0.648262,0.761418,-0.707107,0.707107,0,0,0,1,0,0,0,0,0,0,0,0,0,0,1,0,0,0,-0.37833,0.22167,43.8963,163.31,111.8167
20006,train,2021-02-24 18:38:00,2021-03-05 15:35:00,59.62,-60.83167,-0.37833,0.22167,43.8963,0.109048,0.2871933439119628,-0.9578726341287056,111.8167,101.1333,0.81116,0.584824,-1.0,-0.0,0,0,0,0,0,1,0,0,0,0,0,0,0,0,1,0,0,0,-0.025,-0.35667,20.4797,262.35,101.1333
20006,train,2021-03-01 10:27:00,2021-03-06 21:49:00,59.24167,-60.61,-0.025,-0.35667,20.4797,0.056251,-0.9910997473659748,-0.13312133852655222,101.1333,30.2333,0.858402,0.512978,0.5,-0.866025,0,0,0,1,0,0,0,0,0,0,0,0,0,0,1,0,0,0,-0.16334,-0.23166,22.4614,216.14,30.2333
20007,train,2021-01-22 15:45:00,2021-01-29 21:49:00,60.005,-62.04,-0.13,-0.05333,14.7574,0.085699,-0.20176174462400662,-0.9794346320231264,47.8333,126.2333,0.369484,0.929237,-0.707107,-0.707107,0,0,0,0,0,1,0,0,0,0,0,0,0,0,1,0,0,0,-0.605,-0.88167,83.6097,216.81,126.2333
20009,train,2021-01-22 15:45:00,2021-01-29 21:49:00,60.44333,-62.32667,-0.02,-0.57333,31.5356,0.183134,-0.997813020072307,-0.06609975018244627,47.8333,126.2333,0.369484,0.929237,-0.707107,-0.707107,0,0,0,0,0,1,0,0,0,0,0,0,0,0,0,0,1,0,-0.57166,-0.92667,81.6864,219.31,126.2333
20010,train,2021-01-22 15:45:00,2021-01-29 21:49:00,60.46667,-62.39333,-0.04334,-0.50667,28.2045,0.163789,-0.9859377637269815,-0.16711291409415013,47.8333,126.2333,0.369484,0.929237,-0.707107,-0.707107,0,0,0,0,0,1,0,0,0,0,0,0,0,0,0,0,1,0,-0.59,-0.93667,83.6342,218.74,126.2333
20011,train,2021-01-23 15:16:00,2021-02-02 15:16:00,57.16167,-58.63833,-1.26167,-0.54834,144.2635,0.229756,-0.23700770976739477,-0.9715077691458851,174.4167,65.5833,0.385413,0.922744,-0.707107,-0.707107,0,0,0,0,0,1,0,0,0,0,0,0,0,0,1,0,0,0,-0.255,0.04834,28.5154,173.89,65.5833
20012,train,2021-01-23 15:16:00,2021-02-23 19:17:00,57.02333,-58.53333,-0.86,-0.44667,99.4602,0.158401,-0.27815298558360285,-0.960536785662542,174.4167,573.6,0.385413,0.922744,-0.707107,-0.707107,0,0,0,0,0,1,0,0,0,0,0,0,0,0,0,0,1,0,-2.23,3.63667,339.2546,135.44,573.6
20012,train,2021-01-30 21:41:00,2021-03-09 21:23:00,56.16333,-58.98,-2.23,3.63667,339.2546,0.164291,0.7016557939706075,-0.7125160677398625,573.6,338.1,0.493468,0.869764,-0.707107,0.707107,0,0,0,1,0,0,0,0,0,0,0,0,0,0,0,0,1,0,-1.49833,0.77166,174.3577,162.54,338.1
20012,train,2021-02-23 19:17:00,2021-04-01 18:59:00,53.93333,-55.34333,-1.49833,0.77166,174.3577,0.14325,0.30003990624127647,-0.9539266505673935,338.1,549.6,0.80098,0.598691,-0.965926,0.258819,0,0,0,0,0,1,0,0,0,0,0,0,0,0,0,0,1,0,-2.48833,1.98334,309.2621,152.68,549.6
20012,train,2021-03-09 21:23:00,2021-04-03 14:06:00,52.435,-54.57167,-2.48833,1.98334,309.2621,0.156307,0.45895971246548284,-0.8884570796237719,549.6,43.1167,0.920659,0.390368,-0.707107,0.707107,0,0,0,1,0,0,0,0,0,0,0,0,0,0,0,0,1,0,0.165,0.10666,19.8662,22.51,43.1167
20014,train,2021-01-24 15:35:00,2021-03-07 23:38:00,59.94,-61.27667,-2.065,-0.135,229.7482,0.154065,-0.03472506956737961,-0.9993969029087195,414.2333,601.8167,0.401229,0.915978,-0.707107,-0.707107,0,0,0,0,0,1,0,0,0,0,0,0,0,0,0,0,1,0,-2.06833,2.83,287.2103,142.0,601.8167
20014,train,2021-02-10 21:49:00,2021-03-18 15:27:00,57.875,-61.41167,-2.06833,2.83,287.2103,0.132566,0.6156614753256584,-0.7880107536067219,601.8167,255.8167,0.648262,0.761418,-0.707107,0.707107,0,0,0,1,0,0,0,0,0,0,0,0,0,0,0,0,1,0,-1.10167,1.73667,164.6667,137.35,255.8167
20014,train,2021-03-07 23:38:00,2021-03-23 14:29:00,55.80667,-58.58167,-1.10167,1.73667,164.6667,0.178803,0.6775180777551102,-0.7355061211948004,255.8167,119.0333,0.906686,0.421806,-0.258819,0.965926,0,0,0,1,0,0,0,0,0,0,0,0,0,0,0,0,1,0,-0.62667,1.57667,123.5891,123.68,119.0333
20014,train,2021-03-18 15:27:00,2021-03-28 14:52:00,54.705,-56.845,-0.62667,1.57667,123.5891,0.288409,0.8321477486829124,-0.5545539868777074,119.0333,120.3833,0.969843,0.24373,-0.707107,-0.707107,0,0,0,0,0,1,0,0,0,0,0,0,0,0,0,0,1,0,-0.67166,-0.185,75.6695,189.33,120.3833
20014,train,2021-03-23 14:29:00,2021-04-01 17:25:00,54.07833,-55.26833,-0.67166,-0.185,75.6695,0.174603,-0.16212051537225172,-0.986770965571766,120.3833,98.55,0.987196,0.159513,-0.5,-0.866025,0,0,0,1,0,0,0,0,0,0,1,0,0,0,0,0,0,0,-0.33167,0.87166,68.7354,122.1,98.55
20014,train,2021-03-28 14:52:00,2021-04-02 19:51:00,53.40667,-55.45333,-0.33167,0.87166,68.7354,0.193741,0.8471219213821373,-0.5313985795180827,98.55,26.4333,0.99725,0.074117,-0.5,-0.866025,0,0,0,1,0,0,0,0,0,0,0,0,0,0,0,0,1,0,0.005,0.35334,23.6091,88.51,26.4333
20014,train,2021-04-01 17:25:00,2021-04-17 17:28:00,53.075,-54.58167,0.005,0.35334,23.6091,0.248099,0.9996618784892434,0.026002474792936197,26.4333,357.6167,0.999986,0.005376,-0.965926,-0.258819,0,0,0,1,0,0,0,0,0,0,0,0,0,0,0,0,1,0,-1.06833,-1.04834,138.3332,211.24,357.6167
20014,train,2021-04-02 19:51:00,2021-04-21 15:22:00,53.08,-54.22833,-1.06833,-1.04834,138.3332,0.10745,-0.5186240399903342,-0.8550024006656964,357.6167,93.9,0.99993,-0.011826,-0.965926,0.258819,0,0,0,0,0,1,0,0,0,0,0,0,1,0,0,0,0,0,-0.00167,-0.015,1.0433,259.75,93.9
20014,train,2021-04-17 17:28:00,2021-04-28 20:17:00,52.01167,-55.27667,-0.00167,-0.015,1.0433,0.003086,-0.9840406976462909,-0.17794354547384147,93.9,172.9167,0.963807,-0.266599,-0.965926,-0.258819,0,0,0,0,0,1,0,0,0,0,0,0,0,0,0,0,1,0,-0.005,-0.22833,15.6384,268.05,172.9167
20014,train,2021-04-21 15:22:00,2021-04-29 17:47:00,52.01,-55.29167,-0.005,-0.22833,15.6384,0.025122,-0.9994209020316729,-0.034027350502167285,172.9167,21.5,0.943196,-0.332235,-0.707107,-0.707107,0,0,0,0,0,1,0,0,0,0,0,0,0,0,0,0,1,0,0.0,-0.13167,9.0129,270.05,21.5
20014,train,2021-04-28 20:17:00,2021-05-04 15:13:00,52.005,-55.52,0.0,-0.13167,9.0129,0.116446,-0.9999996192282494,0.0008726645152349116,21.5,117.4333,0.896456,-0.443132,-0.866025,0.5,0,0,0,1,0,0,0,0,0,0,0,0,0,0,1,0,0,0,-0.115,-0.37333,28.6049,243.59,117.4333
20014,train,2021-04-29 17:47:00,2021-05-17 15:08:00,52.005,-55.65167,-0.115,-0.37333,28.6049,0.067662,-0.8956341431188669,-0.4447915036056028,117.4333,311.9167,0.888701,-0.458487,-0.965926,-0.258819,0,0,0,1,0,0,0,0,0,0,0,0,0,0,0,0,1,0,0.10333,0.18667,17.1973,48.0,311.9167
20014,train,2021-05-04 15:13:00,2021-05-28 15:15:00,51.89,-56.025,0.10333,0.18667,17.1973,0.015315,0.7431448254773942,0.6691306063588582,311.9167,264.1167,0.846029,-0.533137,-0.707107,-0.707107,0,0,0,0,0,1,0,0,0,0,0,0,0,0,0,0,1,0,0.00667,-0.00834,0.936,322.41,264.1167
20014,train,2021-05-17 15:08:00,2021-06-03 11:01:00,51.99333,-55.83833,0.00667,-0.00834,0.936,0.000984,-0.610006873979867,0.7923961217076411,264.1167,139.7667,0.706727,-0.707487,-0.707107,-0.707107,0,0,1,0,0,0,0,0,0,0,0,0,0,0,0,0,1,0,-0.19667,-0.12333,23.4486,201.2,139.7667
20015,train,2021-01-24 15:35:00,2021-03-08 01:04:00,59.595,-61.22667,-2.19667,-0.00833,244.259,0.163796,-0.0020943935712195655,-0.9999978067553793,414.2333,603.25,0.401229,0.915978,-0.707107,-0.707107,0,0,0,0,0,1,0,0,0,0,0,0,0,0,0,0,1,0,-1.91166,2.60167,265.9612,141.96,603.25
20015,train,2021-02-10 21:49:00,2021-03-18 15:28:00,57.39833,-61.235,-1.91166,2.60167,265.9612,0.122467,0.6162114605356706,-0.7875807488153171,603.25,254.4,0.648262,0.761418,-0.707107,0.707107,0,0,0,1,0,0,0,0,0,0,0,0,0,0,0,0,1,0,-0.76834,1.64833,135.252,128.49,254.4
20021,train,2021-01-29 21:49:00,2021-02-10 21:49:00,58.59333,-62.52667,-0.15166,0.24834,22.1891,0.148105,0.6513041300022252,-0.7588167962308455,41.6167,246.3833,0.478434,0.878124,-0.707107,0.707107,0,0,0,1,0,0,0,0,0,0,0,0,0,0,0,0,1,0,0.00166,-0.15167,8.8283,271.26,246.3833
20021,train,2021-01-31 15:26:00,2021-02-22 21:49:00,58.44167,-62.27833,0.00166,-0.15167,8.8283,0.009953,-0.999758204436984,0.021989376092504447,246.3833,288.0,0.508356,0.861147,-0.707107,-0.707107,0,0,0,0,0,1,0,0,0,0,0,0,0,0,1,0,0,0,-0.51,1.76667,118.0579,117.95,288.0
20021,train,2021-02-10 21:49:00,2021-03-01 10:27:00,58.44333,-62.43,-0.51,1.76667,118.0579,0.113868,0.8833569478311815,-0.4687008669912819,288.0,156.6333,0.648262,0.761418,-0.707107,0.707107,0,0,0,1,0,0,0,0,0,0,0,0,0,0,1,0,0,0,-0.63,0.27,71.8742,166.96,156.6333
20021,train,2021-02-22 21:49:00,2021-03-06 21:49:00,57.93333,-60.66333,-0.63,0.27,71.8742,0.127464,0.2256312380999374,-0.9742127818877606,156.6333,131.3667,0.790563,0.61238,-0.707107,0.707107,0,0,0,1,0,0,0,0,0,0,0,0,0,0,0,0,1,0,-0.08,-0.85334,52.0779,260.52,131.3667
20021,train,2021-03-01 10:27:00,2021-03-08 10:19:00,57.30333,-60.39333,-0.08,-0.85334,52.0779,0.11012,-0.986343153931003,-0.16470331719015793,131.3667,36.5,0.858402,0.512978,0.5,-0.866025,0,0,0,1,0,0,0,0,0,0,0,0,0,0,0,0,1,0,-0.155,0.115,18.5789,158.03,36.5
20021,train,2021-03-06 21:49:00,2021-03-15 10:11:00,57.22333,-61.24667,-0.155,0.115,18.5789,0.141392,0.37412106975682796,-0.9273798710151124,36.5,167.8667,0.899296,0.43734,-0.707107,0.707107,0,0,0,1,0,0,0,0,0,0,0,0,0,0,1,0,0,0,-1.06833,1.18,139.0884,148.16,167.8667
20021,train,2021-03-08 10:19:00,2021-03-21 15:07:00,57.06833,-61.13167,-1.06833,1.18,139.0884,0.230157,0.527549004063804,-0.8495246013573053,167.8667,148.9333,0.913808,0.406147,0.5,-0.866025,0,0,0,1,0,0,0,0,0,0,0,0,0,0,1,0,0,0,-0.77833,1.28334,118.2605,136.51,148.9333
20021,train,2021-03-15 10:11:00,2021-03-24 15:16:00,56.0,-59.95167,-0.77833,1.28334,118.2605,0.220569,0.6882279634993198,-0.7254945005012642,148.9333,72.15,0.955979,0.293434,0.5,-0.866025,0,0,0,1,0,0,0,0,0,0,0,0,0,0,1,0,0,0,-0.20167,0.53666,40.8329,123.09,72.15
20021,train,2021-03-21 15:07:00,2021-04-08 15:16:00,55.22167,-58.66833,-0.20167,0.53666,40.8329,0.157207,0.8378140166334822,-0.5459557431994567,72.15,360.0,0.981125,0.193376,-0.707107,-0.707107,0,0,0,0,0,1,0,0,0,0,0,0,0,0,1,0,0,0,0.47833,0.21334,54.8789,14.17,360.0
20021,train,2021-03-24 15:16:00,2021-04-12 21:41:00,55.02,-58.13167,0.47833,0.21334,54.8789,0.042345,0.24479975187757602,0.969573659646691,360.0,102.4167,0.989794,0.142508,-0.707107,-0.707107,0,0,0,0,0,1,0,0,0,0,0,0,0,0,0,0,1,0,-0.13333,0.645,43.3099,109.75,102.4167
20021,train,2021-04-08 15:16:00,2021-04-18 15:16:00,55.49833,-57.91833,-0.13333,0.645,43.3099,0.117466,0.9411760152563706,-0.337916718003327,102.4167,137.5833,0.99339,-0.114788,-0.707107,-0.707107,0,0,0,0,0,1,0,0,0,0,0,0,0,0,1,0,0,0,-0.33,0.14166,37.7795,166.18,137.5833
20021,train,2021-04-12 21:41:00,2021-04-21 19:28:00,55.365,-57.27333,-0.33,0.14166,37.7795,0.076276,0.23887243285267554,-0.9710509568622256,137.5833,76.2,0.983147,-0.182817,-0.707107,0.707107,0,0,0,1,0,0,0,0,0,0,0,0,0,0,0,0,1,0,-0.12167,0.67834,45.3561,107.08,76.2
20021,train,2021-04-18 15:16:00,2021-04-27 10:04:00,55.035,-57.13167,-0.12167,0.67834,45.3561,0.16534,0.9558955960021847,-0.29370667262360267,76.2,134.6,0.959079,-0.283139,-0.707107,-0.707107,0,0,0,0,0,1,0,0,0,0,0,0,0,0,0,0,1,0,-0.445,-0.25167,52.0582,198.2,134.6
20021,train,2021-04-21 19:28:00,2021-04-28 09:56:00,54.91333,-56.45333,-0.445,-0.25167,52.0582,0.107434,-0.3123349185122322,-0.9499720515246526,134.6,23.8667,0.943196,-0.332235,-0.965926,0.258819,0,0,0,0,0,0,0,0,0,1,0,0,0,0,0,0,1,0,0.00167,-0.00333,0.2842,310.79,23.8667
20021,train,2021-04-27 10:04:00,2021-05-01 10:00:00,54.46833,-56.705,0.00167,-0.00333,0.2842,0.003308,-0.7571090875308835,0.6532884734771869,23.8667,72.0667,0.903946,-0.427646,0.5,-0.866025,0,0,0,1,0,0,0,0,0,0,0,0,0,0,1,0,0,0,-0.13833,-0.12,17.2315,206.84,72.0667
20021,train,2021-04-28 09:56:00,2021-05-01 21:32:00,54.47,-56.70833,-0.13833,-0.12,17.2315,0.066418,-0.451500573218238,-0.8922708290556195,72.0667,11.5333,0.896456,-0.443132,0.707107,-0.707107,0,0,0,1,0,0,0,0,0,0,0,0,0,0,1,0,0,0,0.0,0.0,0.0,0.0,11.5333
20021,train,2021-05-01 10:00:00,2021-05-04 09:56:00,54.33167,-56.82833,0.0,0.0,0.0,0.0,0.0,1.0,11.5333,60.4,0.872404,-0.488785,0.5,-0.866025,0,0,0,1,0,0,0,0,0,0,0,0,0,0,1,0,0,0,-0.13667,-0.005,15.2005,181.23,60.4
20021,train,2021-05-01 21:32:00,2021-05-10 09:56:00,54.33167,-56.82833,-0.13667,-0.005,15.2005,0.069907,-0.02146590093043015,-0.9997695810021652,60.4,144.0,0.872404,-0.488785,-0.707107,0.707107,0,0,0,1,0,0,0,0,0,0,0,0,0,0,0,0,1,0,0.095,0.02,10.6432,7.01,144.0
20025,train,2021-02-10 15:26:00,2021-02-24 19:37:00,57.67833,-60.025,-0.245,0.02,27.2689,0.063122,0.04396811831786495,-0.9990329346781247,120.0,220.1833,0.648262,0.761418,-0.707107,-0.707107,0,0,0,0,0,1,0,0,0,0,0,0,0,0,0,0,1,0,-0.17666,0.96667,61.2344,108.3,220.1833
20027,train,2021-02-12 15:16:00,2021-03-15 12:08:00,55.81667,-58.53833,-1.65834,3.315,280.5379,0.290827,0.7691765361454937,-0.639036349704162,267.95,472.9167,0.674069,0.738668,-0.707107,-0.707107,0,0,0,0,0,1,0,0,0,0,0,0,0,0,0,0,1,0,-1.10166,-0.03834,122.5251,181.2,472.9167
20030,train,2021-02-21 15:42:00,2021-03-12 10:18:00,60.38333,-61.11833,-0.60833,0.19833,68.5317,0.059842,0.16194828888076615,-0.986799245910024,318.1167,132.4833,0.779913,0.625889,-0.707107,-0.707107,0,0,0,0,0,1,0,0,0,0,0,0,0,0,0,0,1,0,-0.18833,0.57833,38.6316,122.58,132.4833
20031,train,2021-02-21 15:42:00,2021-03-01 10:27:00,60.35333,-61.07,-0.5,0.59333,64.5941,0.239291,0.5129420846479199,-0.858423216017045,74.9833,111.7667,0.779913,0.625889,-0.707107,-0.707107,0,0,0,0,0,1,0,0,0,0,0,0,0,0,0,0,1,0,-0.26,-0.48,39.4961,223.15,111.7667
20031,train,2021-02-24 18:41:00,2021-03-05 15:35:00,59.85333,-60.47667,-0.26,-0.48,39.4961,0.098161,-0.6839107002186186,-0.729565729819102,111.7667,101.1333,0.81116,0.584824,-1.0,-0.0,0,0,0,0,0,1,0,0,0,0,0,0,0,0,0,0,1,0,-0.155,0.66834,41.4531,114.28,101.1333
20033,train,2021-02-22 21:49:00,2021-03-08 10:19:00,58.06667,-60.27167,-0.08334,0.24334,17.0642,0.030262,0.8406611366111878,-0.541561495484664,156.6333,167.8667,0.790563,0.61238,-0.707107,0.707107,0,0,0,1,0,0,0,0,0,0,0,0,0,0,1,0,0,0,-0.02666,-0.36334,21.6316,262.28,167.8667
20034,train,2021-02-23 17:56:00,2021-03-08 09:28:00,55.36667,-58.08833,-0.63667,1.19166,103.7968,0.124287,0.7371594128461755,-0.6757188764954564,231.9833,71.55,0.80098,0.598691,-0.965926,-0.258819,0,0,0,0,0,0,0,0,0,1,0,0,0,0,0,0,1,0,-0.01333,0.44667,28.7224,92.78,71.55
20034,train,2021-03-05 09:55:00,2021-04-01 20:27:00,54.73,-56.89667,-0.01333,0.44667,28.7224,0.111509,0.9988231282767742,-0.048501117712880765,71.55,586.9833,0.89164,0.452745,0.707107,-0.707107,0,0,0,1,0,0,0,0,0,0,0,0,0,0,0,0,1,0,-3.41,1.99167,401.8623,159.84,586.9833
20035,train,2021-02-23 18:07:00,2021-03-23 17:48:00,55.62,-57.82667,-0.75667,3.10667,214.1396,0.206003,0.9281613938075555,-0.3721779507778717,288.75,382.9333,0.80098,0.598691,-1.0,-0.0,0,0,0,0,0,1,0,0,0,0,0,0,1,0,0,0,0,0,-2.06833,0.37,231.2652,173.82,382.9333
20035,train,2021-03-07 18:52:00,2021-04-01 18:13:00,54.86333,-54.72,-2.06833,0.37,231.2652,0.167759,0.10765232498170943,-0.9941886022913522,382.9333,216.4167,0.906686,0.421806,-1.0,-0.0,0,0,0,0,0,1,0,0,0,0,0,0,1,0,0,0,0,0,-0.98167,0.27833,110.7848,170.05,216.4167
20038,train,2021-02-24 18:30:00,2021-03-06 21:49:00,58.855,-60.715,-0.69167,0.12333,77.243,0.191661,0.09358702541647047,-0.9956111031289762,111.95,131.3667,0.81116,0.584824,-1.0,-0.0,0,0,0,0,0,1,0,0,0,0,0,0,0,0,1,0,0,0,-0.76166,-0.34666,87.1501,193.79,131.3667
20038,train,2021-03-01 10:27:00,2021-03-08 10:19:00,58.16333,-60.59167,-0.76166,-0.34666,87.1501,0.184281,-0.238363959039735,-0.9711758970603129,131.3667,36.5,0.858402,0.512978,0.5,-0.866025,0,0,0,1,0,0,0,0,0,0,0,0,0,0,1,0,0,0,-0.12667,-0.34,24.7927,235.52,36.5
20039,test,2021-02-24 18:35:00,2021-03-05 15:35:00,59.46667,-60.99833,-0.42,0.19166,47.9557,0.119079,0.2285207882056413,-0.9735390332995757,111.8667,101.1333,0.81116,0.584824,-1.0,-0.0,0,0,0,0,0,1,0,0,0,0,0,0,0,0,0,0,1,0,-0.415,-0.13833,46.8272,189.85,101.1333
20039,test,2021-03-01 10:27:00,2021-03-08 10:19:00,59.04667,-60.80667,-0.415,-0.13833,46.8272,0.128618,-0.1710693648611024,-0.9852589874779215,101.1333,66.7333,0.858402,0.512978,0.5,-0.866025,0,0,0,1,0,0,0,0,0,0,0,0,0,0,0,0,1,0,-0.31834,-0.425,43.17,215.1,66.7333
20040,train,2021-02-24 18:36:00,2021-03-08 10:19:00,59.49667,-60.885,-0.46,0.21,52.5232,0.130441,0.22869069933948563,-0.9734991340702964,111.85,167.8667,0.81116,0.584824,-1.0,-0.0,0,0,0,0,0,1,0,0,0,0,0,0,0,0,0,0,1,0,-0.82834,-0.32333,93.9899,191.63,167.8667
20043,val,2021-02-24 18:39:00,2021-03-05 15:35:00,59.73333,-60.97167,-0.2,0.22,25.4462,0.063223,0.4874025313540195,-0.8731774003200575,111.8,101.1333,0.81116,0.584824,-1.0,-0.0,0,0,0,0,0,1,0,0,0,0,0,0,0,0,0,0,1,0,-0.21166,0.37334,31.6189,137.94,101.1333
20043,val,2021-03-01 10:27:00,2021-03-15 10:11:00,59.53333,-60.75167,-0.21166,0.37334,31.6189,0.086846,0.6699084587661709,-0.7424437061983444,101.1333,234.6,0.858402,0.512978,0.5,-0.866025,0,0,0,1,0,0,0,0,0,0,0,0,0,0,0,0,1,0,-1.41167,0.28333,157.8253,173.91,234.6
20044,train,2021-02-24 18:40:00,2021-03-05 15:35:00,59.78833,-60.81833,-0.19,0.015,21.1438,0.052542,0.039957399601580616,-0.9992013842149537,111.7833,101.1333,0.81116,0.584824,-1.0,-0.0,0,0,0,0,0,1,0,0,0,0,0,0,0,0,1,0,0,0,-0.22833,0.67,45.5594,123.58,101.1333
20044,train,2021-03-01 10:27:00,2021-03-15 10:11:00,59.59833,-60.80333,-0.22833,0.67,45.5594,0.125136,0.8331143600534535,-0.5531007711735038,101.1333,234.6,0.858402,0.512978,0.5,-0.866025,0,0,0,1,0,0,0,0,0,0,0,0,0,0,1,0,0,0,-1.28167,0.44166,144.7764,169.67,234.6
20045,val,2021-02-24 18:41:00,2021-03-05 15:35:00,59.69333,-60.44833,-0.43,0.53333,56.5086,0.140443,0.5364161164440411,-0.8439536421031033,111.7667,101.1333,0.81116,0.584824,-1.0,-0.0,0,0,0,0,0,1,0,0,0,0,0,0,0,0,0,0,1,0,-0.06833,-0.745,43.057,260.16,101.1333
20047,train,2021-02-24 18:43:00,2021-03-15 10:08:00,59.67167,-60.16667,-0.60667,0.20834,68.4834,0.170255,0.17382005639913695,-0.9847774306884783,111.7333,335.6833,0.81116,0.584824,-1.0,-0.0,0,0,0,0,0,1,0,0,0,0,0,0,0,0,1,0,0,0,-0.81667,0.19166,91.4836,172.96,335.6833
20048,test,2021-02-24 18:44:00,2021-03-05 15:35:00,59.53833,-60.39333,-0.36333,-0.17667,41.6227,0.103493,-0.2419218955996675,-0.9702957262759965,111.7167,101.1333,0.81116,0.584824,-1.0,-0.0,0,0,0,0,0,1,0,0,0,0,0,0,0,0,0,0,1,0,-0.08333,-0.545,32.4422,253.64,101.1333
20068,train,2021-02-24 19:13:00,2021-03-12 10:18:00,57.70833,-59.77167,-0.35666,-0.86666,65.1869,0.074639,-0.7974786370232598,-0.6033471832133832,242.6,132.4833,0.81116,0.584824,-0.965926,0.258819,0,0,0,0,0,1,0,0,0,0,0,0,0,1,0,0,0,0,-0.25834,-0.255,32.5703,208.23,132.4833
20068,train,2021-03-06 21:49:00,2021-03-16 21:49:00,57.35167,-60.63833,-0.25834,-0.255,32.5703,0.06829,-0.4730121494801647,-0.8810559042672346,132.4833,107.5167,0.899296,0.43734,-0.707107,0.707107,0,0,0,1,0,0,0,0,0,0,0,0,0,0,1,0,0,0,-0.41166,0.26166,48.4554,160.74,107.5167
20069,val,2021-02-24 19:14:00,2021-04-13 10:19:00,58.405,-59.53833,-1.10667,0.00166,123.0561,0.04618,0.0008726645152352177,-0.9999996192282494,740.2,402.8833,0.81116,0.584824,-0.965926,0.258819,0,0,0,0,0,1,0,0,0,0,0,0,0,0,0,0,1,0,-0.07333,-0.595,36.6973,257.41,402.8833
20069,val,2021-03-27 15:26:00,2021-04-19 17:12:00,57.29833,-59.53667,-0.07333,-0.595,36.6973,0.025302,-0.9759548202525253,-0.21797290846768325,402.8833,150.8833,0.995827,0.091261,-0.707107,-0.707107,0,0,0,0,0,1,0,0,0,0,0,0,0,0,0,0,1,0,-0.035,-0.24333,15.162,255.23,150.8833
20069,val,2021-04-13 10:19:00,2021-04-29 21:49:00,57.225,-60.13167,-0.035,-0.24333,15.162,0.027913,-0.9669570071543772,-0.2549394954004768,150.8833,244.6167,0.979857,-0.199702,0.5,-0.866025,0,0,0,1,0,0,0,0,0,0,0,0,0,0,1,0,0,0,-0.72,0.025,80.0748,178.9,244.6167
20069,val,2021-04-19 17:12:00,2021-05-02 10:11:00,57.19,-60.375,-0.72,0.025,80.0748,0.09093,0.01919744239968948,-0.9998157121216442,244.6167,60.3667,0.954067,-0.299595,-0.965926,-0.258819,0,0,0,1,0,0,0,0,0,0,0,1,0,0,0,0,0,0,-0.265,0.225,32.5669,154.7,60.3667
20069,val,2021-04-29 21:49:00,2021-05-05 21:48:00,56.47,-60.35,-0.265,0.225,32.5669,0.149857,0.42735786338719256,-0.9040825496607783,60.3667,83.6167,0.888701,-0.458487,-0.707107,0.707107,0,0,0,1,0,0,0,0,0,0,0,0,0,0,1,0,0,0,-0.27333,0.34333,37.1194,144.82,83.6167
20069,val,2021-05-02 10:11:00,2021-05-06 21:41:00,56.205,-60.125,-0.27333,0.34333,37.1194,0.123312,0.5761470436784848,-0.8173460613843698,83.6167,23.8833,0.863867,-0.50372,0.5,-0.866025,0,0,0,1,0,0,0,0,0,0,0,0,0,0,1,0,0,0,-0.09667,0.11667,12.9804,145.86,23.8833
20069,val,2021-05-05 21:48:00,2021-05-14 10:11:00,55.93167,-59.78167,-0.09667,0.11667,12.9804,0.15097,0.5612169530617377,-0.8276687330062066,23.8833,180.5,0.836733,-0.547611,-0.707107,0.707107,0,0,0,1,0,0,0,0,0,0,0,0,0,0,1,0,0,0,-0.58333,0.87167,84.937,139.43,180.5
20069,val,2021-05-06 21:41:00,2021-05-15 10:15:00,55.835,-59.665,-0.58333,0.87167,84.937,0.130713,0.6503765745504275,-0.759611947823395,180.5,24.0667,0.827189,-0.561923,-0.707107,0.707107,0,0,0,1,0,0,0,0,0,0,0,0,0,0,1,0,0,0,-0.01167,-0.01334,1.5488,213.1,24.0667
20069,val,2021-05-14 10:11:00,2021-05-21 10:03:00,55.25167,-58.79333,-0.01167,-0.01334,1.5488,0.017877,-0.546101961014429,-0.8377187166204388,24.0667,143.8,0.742281,-0.670089,0.5,-0.866025,0,0,0,1,0,0,0,0,0,0,0,0,0,0,1,0,0,0,-0.285,0.96667,69.1868,116.86,143.8
20069,val,2021-05-15 10:15:00,2021-05-28 09:55:00,55.24,-58.80667,-0.285,0.96667,69.1868,0.133648,0.892113171267027,-0.4518120069806557,143.8,167.8667,0.730644,-0.682758,0.5,-0.866025,0,0,0,1,0,0,0,0,0,0,0,0,0,1,0,0,0,0,-0.565,1.21167,100.0811,128.39,167.8667
20069,val,2021-05-21 10:03:00,2021-06-03 09:56:00,54.955,-57.84,-0.565,1.21167,100.0811,0.165609,0.7838018561280289,-0.621010990506816,167.8667,144.0167,0.656411,-0.754404,0.5,-0.866025,0,0,0,1,0,0,0,0,0,0,0,0,0,0,1,0,0,0,-1.14833,1.215,150.5481,147.52,144.0167
20069,val,2021-05-28 09:55:00,2021-06-21 09:56:00,54.39,-56.62833,-1.14833,1.215,150.5481,0.290375,0.5370051764663868,-0.8435789473714388,144.0167,432.0,0.561034,-0.827793,0.707107,-0.707107,0,0,0,1,0,0,0,0,0,0,0,0,0,0,1,0,0,0,-1.59167,-0.28667,178.0484,186.38,432.0
20076,train,2021-02-24 19:34:00,2021-03-15 10:11:00,57.36167,-59.22667,-0.15667,-0.97166,60.9385,0.060726,-0.9602936856769432,-0.2789911060392287,278.75,167.8667,0.81116,0.584824,-0.965926,0.258819,0,0,0,0,0,1,0,0,0,0,0,0,0,0,1,0,0,0,-0.91667,0.6,108.2943,160.01,167.8667
20079,train,2021-03-01 10:27:00,2021-03-08 10:19:00,58.48833,-61.78,-0.56833,-0.06833,63.3221,0.133896,-0.06366143813161282,-0.9979715533496006,131.3667,36.5,0.858402,0.512978,0.5,-0.866025,0,0,0,1,0,0,0,0,0,0,0,0,0,0,0,0,1,0,-0.00167,-0.005,0.3488,237.84,36.5
20080,train,2021-03-01 10:27:00,2021-03-15 10:11:00,59.425,-59.91333,-0.03333,-0.08167,5.9241,0.016271,-0.7805395208809107,-0.6251064360114991,101.1333,234.6,0.858402,0.512978,0.5,-0.866025,0,0,0,1,0,0,0,0,0,0,0,0,0,0,0,0,1,0,-1.38334,0.32333,154.9498,172.94,234.6
20081,train,2021-03-01 10:27:00,2021-03-12 10:18:00,59.365,-61.16833,-0.10833,-0.06834,12.6547,0.034758,-0.30702442997149193,-0.9517016336019816,101.1333,162.7167,0.858402,0.512978,0.5,-0.866025,0,0,0,1,0,0,0,0,0,0,0,0,0,0,0,0,1,0,-0.18667,0.245,25.0169,145.96,162.7167
20081,train,2021-03-05 15:35:00,2021-03-14 10:35:00,59.25667,-61.23667,-0.18667,0.245,25.0169,0.042707,0.5597715445623711,-0.8286469802625588,162.7167,48.2833,0.89164,0.452745,-0.707107,-0.707107,0,0,0,0,0,1,0,0,0,0,0,0,0,0,1,0,0,0,-0.205,0.02334,22.8342,176.63,48.2833
20082,train,2021-03-01 10:27:00,2021-03-13 10:27:00,59.35,-60.75333,0.04667,0.06666,6.4179,0.017628,0.5879264434418392,0.8089143941739632,101.1333,186.8667,0.858402,0.512978,0.5,-0.866025,0,0,0,1,0,0,0,0,0,0,0,0,0,0,1,0,0,0,-0.75834,-0.33,86.4131,192.77,186.8667
20084,train,2021-03-01 10:27:00,2021-03-15 10:08:00,59.23667,-60.765,0.00833,-0.445,25.3234,0.069554,-0.9992013842149537,0.039957399601580755,101.1333,234.55,0.858402,0.512978,0.5,-0.866025,0,0,0,1,0,0,0,0,0,0,0,0,0,0,1,0,0,0,-0.54833,0.125,61.391,173.24,234.55
20086,test,2021-03-05 09:55:00,2021-03-07 18:58:00,55.23667,-54.87,-0.14667,0.22,21.4769,0.24979,0.651833725300879,-0.7583619152887217,23.8833,33.1667,0.89164,0.452745,0.707107,-0.707107,0,0,0,1,0,0,0,0,0,0,0,0,0,0,1,0,0,0,-0.24,0.07167,27.076,170.24,33.1667
20086,test,2021-03-06 09:48:00,2021-03-31 09:39:00,55.09,-54.65,-0.24,0.07167,27.076,0.226767,0.16952151325074605,-0.9855264869830629,33.1667,566.6833,0.899296,0.43734,0.707107,-0.707107,0,0,0,1,0,0,0,0,0,0,0,0,0,0,1,0,0,0,-2.625,2.95166,350.9917,145.05,566.6833
20086,test,2021-03-07 18:58:00,2021-04-01 15:47:00,54.85,-54.57833,-2.625,2.95166,350.9917,0.17205,0.5728613730277089,-0.8196522721818126,566.6833,30.1333,0.906686,0.421806,-1.0,-0.0,0,0,0,0,0,1,0,0,0,0,0,0,0,0,1,0,0,0,-0.13833,0.425,32.8209,117.78,30.1333
20087,val,2021-03-05 09:55:00,2021-03-28 09:53:00,55.26333,-55.55167,-0.39666,0.83334,68.9999,0.336848,0.7728443431005659,-0.6345956360844713,56.9,495.0667,0.89164,0.452745,0.707107,-0.707107,0,0,0,1,0,0,0,0,0,0,0,0,0,0,1,0,0,0,-2.33167,1.46833,276.685,158.96,495.0667
20087,val,2021-03-07 18:49:00,2021-04-01 18:13:00,54.86667,-54.71833,-2.33167,1.46833,276.685,0.155246,0.3590196242512461,-0.9333300109835181,495.0667,104.3333,0.906686,0.421806,-1.0,-0.0,0,0,0,0,0,1,0,0,0,0,0,0,0,0,1,0,0,0,-0.48333,-0.63167,68.8027,218.89,104.3333
20087,val,2021-03-28 09:53:00,2021-04-05 09:47:00,52.535,-53.25,-0.48333,-0.63167,68.8027,0.183181,-0.6278272190323744,-0.7783527369015124,104.3333,87.5667,0.99725,0.074117,0.707107,-0.707107,0,0,0,1,0,0,0,0,0,0,0,0,0,0,0,0,1,0,-0.135,0.32334,26.7518,124.01,87.5667
20087,val,2021-04-01 18:13:00,2021-04-06 09:40:00,52.05167,-53.88167,-0.135,0.32334,26.7518,0.084862,0.8289399623553795,-0.5593375893056554,87.5667,23.8833,0.999986,0.005376,-1.0,-0.0,0,0,0,1,0,0,0,0,0,0,0,0,0,0,0,0,1,0,0.11166,0.04666,12.8208,14.42,23.8833
20089,val,2021-03-06 21:48:00,2021-03-08 10:19:00,56.24333,-60.25167,0.0,0.01334,0.8242,0.0108,0.9999999847691291,0.00017453292431338717,21.2,15.3167,0.899296,0.43734,-0.707107,0.707107,0,0,0,1,0,0,0,0,0,0,0,0,0,0,1,0,0,0,0.0,0.00333,0.2058,90.0,15.3167
20089,val,2021-03-07 19:00:00,2021-03-15 10:11:00,56.24333,-60.23833,0.0,0.00333,0.2058,0.003731,1.0,6.123233995736766e-17,15.3167,167.8667,0.906686,0.421806,-0.965926,0.258819,0,0,0,0,0,0,1,0,0,0,0,0,0,0,1,0,0,0,-1.05666,1.63167,155.7175,138.31,167.8667
20089,val,2021-03-08 10:19:00,2021-03-21 15:07:00,56.24333,-60.235,-1.05666,1.63167,155.7175,0.257674,0.665100031576965,-0.7467542755125812,167.8667,148.9333,0.913808,0.406147,0.5,-0.866025,0,0,0,1,0,0,0,0,0,0,0,0,0,0,1,0,0,0,0.11,1.15333,74.1294,80.03,148.9333
20089,val,2021-03-15 10:11:00,2021-03-22 10:03:00,55.18667,-58.60333,0.11,1.15333,74.1294,0.13826,0.9848985399859495,0.1731325097534983,148.9333,18.9333,0.955979,0.293434,0.5,-0.866025,0,0,0,1,0,0,0,0,0,0,0,0,0,0,1,0,0,0,-0.075,-0.02,8.4354,188.65,18.9333
20089,val,2021-03-21 15:07:00,2021-03-23 17:11:00,55.29667,-57.45,-0.075,-0.02,8.4354,0.123758,-0.15039813911282734,-0.9886255103685109,18.9333,31.1333,0.981125,0.193376,-0.707107,-0.707107,0,0,0,0,0,1,0,0,0,0,0,0,0,0,1,0,0,0,-0.09334,0.31833,22.7229,117.05,31.1333
20089,val,2021-03-22 10:03:00,2021-03-28 14:52:00,55.22167,-57.47,-0.09334,0.31833,22.7229,0.202738,0.8906100035188773,-0.4547678766492915,31.1333,117.6833,0.984306,0.176471,0.5,-0.866025,0,0,0,1,0,0,0,0,0,0,0,0,0,0,1,0,0,0,-0.84166,0.54,99.8103,159.44,117.6833
20089,val,2021-03-23 17:11:00,2021-04-03 10:02:00,55.12833,-57.15167,-0.84166,0.54,99.8103,0.235591,0.35118806988037987,-0.9363049394154094,117.6833,139.1667,0.987196,0.159513,-0.965926,-0.258819,0,0,0,1,0,0,0,0,0,0,0,0,0,0,0,0,1,0,-0.45334,0.91834,78.3142,129.69,139.1667
20089,val,2021-03-28 14:52:00,2021-04-21 13:30:00,54.28667,-56.61167,-0.45334,0.91834,78.3142,0.156316,0.769511029343418,-0.6386335222322997,139.1667,435.4667,0.99725,0.074117,-0.5,-0.866025,0,0,0,1,0,0,0,0,0,0,0,0,0,0,1,0,0,0,-0.82166,0.34666,94.2074,165.75,435.4667
20090,train,2021-03-06 21:48:00,2021-03-08 10:19:00,56.19,-60.28333,-0.11,0.70333,45.2635,0.543901,0.9641417378358518,-0.2653878470519397,23.1167,13.4,0.899296,0.43734,-0.707107,0.707107,0,0,0,1,0,0,0,0,0,0,0,0,0,0,1,0,0,0,0.07167,-0.71833,45.2386,280.44,13.4
20090,train,2021-03-07 20:55:00,2021-03-15 14:00:00,56.08,-59.58,0.07167,-0.71833,45.2386,0.937783,-0.9834452049953297,0.1812057636271374,13.4,171.6833,0.906686,0.421806,-0.866025,0.5,0,0,0,0,0,0,1,0,0,0,0,0,0,0,1,0,0,0,-1.0,2.54,194.2965,123.85,171.6833
20090,train,2021-03-08 10:19:00,2021-03-18 15:27:00,56.15167,-60.29833,-1.0,2.54,194.2965,0.314365,0.8304986934152891,-0.5570205743376967,171.6833,73.45,0.913808,0.406147,0.5,-0.866025,0,0,0,1,0,0,0,0,0,0,0,0,0,0,1,0,0,0,-0.50334,0.66333,70.2223,142.57,73.45
20090,train,2021-03-15 14:00:00,2021-03-28 14:52:00,55.15167,-57.75833,-0.50334,0.66333,70.2223,0.265571,0.607791710969145,-0.7940964904073051,73.45,239.4167,0.955979,0.293434,-0.5,-0.866025,0,0,0,1,0,0,0,0,0,0,0,0,0,0,0,0,1,0,-1.315,1.68833,183.1895,142.27,239.4167
20090,train,2021-03-18 15:27:00,2021-04-03 10:58:00,54.64833,-57.095,-1.315,1.68833,183.1895,0.212541,0.6119412400131846,-0.7909032297134245,239.4167,140.1,0.969843,0.24373,-0.707107,-0.707107,0,0,0,0,0,0,1,0,0,0,0,0,0,0,0,0,1,0,-0.725,0.52834,88.0375,156.09,140.1
20090,train,2021-03-28 14:52:00,2021-04-14 18:09:00,53.33333,-55.40667,-0.725,0.52834,88.0375,0.174553,0.4053011480255753,-0.9141832307634781,140.1,271.1833,0.99725,0.074117,-0.5,-0.866025,0,0,0,1,0,0,0,0,0,0,0,0,0,0,0,0,1,0,-0.7217,-0.66958,92.2916,209.86,271.1833
20090,train,2021-04-03 10:58:00,2021-04-16 16:52:00,52.60833,-54.87833,-0.7217,-0.66958,92.2916,0.094536,-0.49788241022280766,-0.8672445477434423,271.1833,46.7167,0.999579,-0.029025,0.5,-0.866025,0,0,0,1,0,0,0,0,0,0,0,0,0,0,0,0,1,0,-0.2633,-0.53209,46.8888,231.57,46.7167
20090,train,2021-04-14 18:09:00,2021-04-17 18:17:00,51.88663,-55.54791,-0.2633,-0.53209,46.8888,0.278801,-0.7833681176964781,-0.6215580360486678,46.7167,25.4167,0.976277,-0.216527,-1.0,-0.0,0,0,0,0,0,1,0,0,0,0,1,0,0,0,0,0,0,0,-0.115,-0.225,20.1342,230.66,25.4167
20090,train,2021-04-16 16:52:00,2021-04-21 14:58:00,51.62333,-56.08,-0.115,-0.225,20.1342,0.220046,-0.7733978379164063,-0.6339209606143562,25.4167,92.6833,0.968251,-0.249981,-0.866025,-0.5,0,0,1,0,0,0,0,0,0,0,0,0,0,0,0,0,1,0,-0.11166,-0.82167,58.2734,258.02,92.6833
20091,val,2021-03-06 21:48:00,2021-03-21 15:07:00,55.80833,-59.725,0.03167,0.005,3.5354,0.055693,0.08837275882253887,0.9960874738184862,17.6333,335.6833,0.899296,0.43734,-0.707107,0.707107,0,0,0,1,0,0,0,0,0,0,0,0,0,1,0,0,0,0,-0.53167,2.14833,147.4149,112.75,335.6833
20091,val,2021-03-07 15:26:00,2021-03-22 10:03:00,55.84,-59.72,-0.53167,2.14833,147.4149,0.121986,0.9222009716704519,-0.3867109616368205,335.6833,18.9333,0.906686,0.421806,-0.707107,-0.707107,0,0,0,0,0,1,0,0,0,0,0,0,0,0,1,0,0,0,-0.07166,-0.01333,8.0128,186.05,18.9333
20091,val,2021-03-21 15:07:00,2021-03-23 17:11:00,55.30833,-57.57167,-0.07166,-0.01333,8.0128,0.117559,-0.10539630743387979,-0.9944302984017045,18.9333,31.1333,0.981125,0.193376,-0.707107,-0.707107,0,0,0,0,0,1,0,0,0,0,0,0,0,0,1,0,0,0,-0.08834,0.38167,26.1412,111.91,31.1333
20091,val,2021-03-22 10:03:00,2021-03-28 14:52:00,55.23667,-57.585,-0.08834,0.38167,26.1412,0.233237,0.9277711411187397,-0.37314971486955695,31.1333,117.6833,0.984306,0.176471,0.5,-0.866025,0,0,0,1,0,0,0,0,0,0,0,0,0,0,1,0,0,0,-0.76666,0.44833,89.9692,161.17,117.6833
20092,train,2021-03-06 21:50:00,2021-03-13 10:27:00,60.50833,-62.17,-0.57333,0.87,79.8271,0.167394,0.6070984997103797,-0.7946265862966114,132.4667,24.15,0.899296,0.43734,-0.707107,0.707107,0,0,0,1,0,0,0,0,0,0,0,0,0,0,1,0,0,0,-0.045,0.17167,10.7989,117.53,24.15
20092,train,2021-03-12 10:18:00,2021-03-14 10:35:00,59.935,-61.3,-0.045,0.17167,10.7989,0.124211,0.8867689405912196,-0.46221298770450636,24.15,24.1333,0.93957,0.342357,0.5,-0.866025,0,0,0,1,0,0,0,0,0,0,0,0,0,0,1,0,0,0,-0.17667,0.29166,25.5347,140.17,24.1333
20092,train,2021-03-13 10:27:00,2021-03-20 10:19:00,59.89,-61.12833,-0.17667,0.29166,25.5347,0.293907,0.6405118840339885,-0.7679482576392959,24.1333,143.7333,0.94532,0.326144,0.5,-0.866025,0,0,0,1,0,0,0,0,0,0,0,0,0,0,1,0,0,0,-2.18666,0.515,244.9651,172.79,143.7333
20092,train,2021-03-14 10:35:00,2021-03-27 15:26:00,59.71333,-60.83667,-2.18666,0.515,244.9651,0.473417,0.1255063883354449,-0.9920928114279391,143.7333,173.1167,0.95079,0.309835,0.5,-0.866025,0,0,0,1,0,0,0,0,0,0,0,0,0,0,1,0,0,0,-0.88667,0.62,105.47,158.93,173.1167
20092,train,2021-03-20 10:19:00,2021-04-03 10:03:00,57.52667,-60.32167,-0.88667,0.62,105.47,0.169234,0.3595082654662636,-0.9331419008175759,173.1167,162.6167,0.977653,0.210225,0.5,-0.866025,0,0,0,1,0,0,0,0,0,0,0,0,0,0,1,0,0,0,-0.825,1.48167,129.6228,134.43,162.6167
20092,train,2021-03-27 15:26:00,2021-04-08 15:16:00,56.64,-59.70167,-0.825,1.48167,129.6228,0.221418,0.71410623884275,-0.7000373416081896,162.6167,125.2167,0.995827,0.091261,-0.707107,-0.707107,0,0,0,0,0,1,0,0,0,0,0,0,0,0,1,0,0,0,-0.07833,0.97167,61.3884,97.75,125.2167
20092,train,2021-04-03 10:03:00,2021-04-15 10:03:00,55.815,-58.22,-0.07833,0.97167,61.3884,0.136183,0.9908658973868822,-0.13485093027372297,125.2167,162.7833,0.999579,-0.029025,0.5,-0.866025,0,0,0,1,0,0,0,0,0,0,0,0,0,0,1,0,0,0,-0.64667,1.40666,114.2499,128.42,162.7833
20092,train,2021-04-08 15:16:00,2021-04-16 09:56:00,55.73667,-57.24833,-0.64667,1.40666,114.2499,0.194959,0.7834765881067615,-0.6214213030534019,162.7833,23.8833,0.99339,-0.114788,-0.707107,-0.707107,0,0,0,0,0,1,0,0,0,0,0,0,0,0,1,0,0,0,-0.24167,0.18667,29.3954,156.01,23.8833
20092,train,2021-04-15 10:03:00,2021-04-21 19:37:00,55.09,-55.84167,-0.24167,0.18667,29.3954,0.341886,0.4065771931206316,-0.9136164326642492,23.8833,129.6833,0.972408,-0.233289,0.5,-0.866025,0,0,0,1,0,0,0,0,0,0,0,0,0,0,1,0,0,0,-0.33666,-0.25667,40.91,203.89,129.6833
20092,train,2021-04-16 09:56:00,2021-05-04 09:56:00,54.84833,-55.655,-0.33666,-0.25667,40.91,0.087628,-0.40498201319283095,-0.9143246518552814,129.6833,302.3167,0.968251,-0.249981,0.707107,-0.707107,0,0,0,1,0,0,0,0,0,0,0,0,0,0,1,0,0,0,-0.345,1.62167,111.9026,109.39,302.3167
20092,train,2021-04-21 19:37:00,2021-05-16 17:26:00,54.51167,-55.91167,-0.345,1.62167,111.9026,0.10282,0.9432806166351893,-0.33199650341582976,302.3167,295.5,0.943196,-0.332235,-0.965926,0.258819,0,0,1,0,0,0,0,0,0,0,0,0,0,0,1,0,0,0,-0.44334,-1.62833,117.4124,245.83,295.5
20092,train,2021-05-04 09:56:00,2021-05-28 18:06:00,54.16667,-54.29,-0.44334,-1.62833,117.4124,0.110371,-0.9123346263296234,-0.4094453926960059,295.5,288.6667,0.846029,-0.533137,0.707107,-0.707107,0,0,0,1,0,0,0,0,0,0,0,0,0,0,1,0,0,0,-0.07333,0.56333,37.9806,102.17,288.6667
20093,train,2021-03-06 21:49:00,2021-03-14 10:35:00,59.99833,-61.94667,-0.32666,0.12,36.9366,0.077445,0.18240713307090406,-0.9832230864889481,132.4833,48.2833,0.899296,0.43734,-0.707107,0.707107,0,0,0,1,0,0,0,0,0,0,0,0,0,0,1,0,0,0,-0.17667,-0.53833,36.1159,237.28,48.2833
20093,train,2021-03-12 10:18:00,2021-04-01 10:19:00,59.67167,-61.82667,-0.17667,-0.53833,36.1159,0.207778,-0.8413221512344803,-0.5405340302350873,48.2833,431.7333,0.93957,0.342357,0.5,-0.866025,0,0,0,1,0,0,0,0,0,0,0,0,0,0,1,0,0,0,-1.575,0.50833,177.5744,170.27,431.7333
20093,train,2021-03-14 10:35:00,2021-04-06 10:27:00,59.495,-62.365,-1.575,0.50833,177.5744,0.114252,0.16900546957477822,-0.9856151131419448,431.7333,120.1333,0.95079,0.309835,0.5,-0.866025,0,0,0,1,0,0,0,0,0,0,0,0,0,0,1,0,0,0,-0.00167,0.005,0.3488,122.16,120.1333
20093,train,2021-04-01 10:19:00,2021-04-10 10:26:00,57.92,-61.85667,-0.00167,0.005,0.3488,0.000807,0.8465649777061377,-0.532285391985734,120.1333,95.9833,0.999986,0.005376,0.5,-0.866025,0,0,0,1,0,0,0,0,0,0,0,0,0,0,1,0,0,0,0.0,0.0,0.0,0.0,95.9833
20094,train,2021-03-06 21:49:00,2021-03-14 10:35:00,59.87833,-62.28167,0.125,0.66334,39.4738,0.082765,0.9342044743210294,0.3567379993196254,132.4833,48.2833,0.899296,0.43734,-0.707107,0.707107,0,0,0,1,0,0,0,0,0,0,0,0,0,0,0,0,1,0,-0.22833,0.25333,29.057,150.79,48.2833
20094,train,2021-03-12 10:18:00,2021-03-25 10:27:00,60.00333,-61.61833,-0.22833,0.25333,29.057,0.167167,0.48801200535104905,-0.872836916401482,48.2833,263.8667,0.93957,0.342357,0.5,-0.866025,0,0,0,1,0,0,0,0,0,0,0,0,0,0,0,0,1,0,-0.805,0.95167,104.4905,148.53,263.8667
20095,train,2021-03-06 21:49:00,2021-03-20 10:19:00,59.8,-62.10833,-0.005,0.795,44.4735,0.093248,0.9999791490100767,-0.006457673349044012,132.4833,192.0167,0.899296,0.43734,-0.707107,0.707107,0,0,0,1,0,0,0,0,0,0,0,0,0,0,1,0,0,0,-1.87667,-0.54,210.9723,188.7,192.0167
20095,train,2021-03-12 10:18:00,2021-03-27 15:26:00,59.795,-61.31333,-1.87667,-0.54,210.9723,0.3052,-0.15126082024721896,-0.9884938868086836,192.0167,173.1167,0.93957,0.342357,0.5,-0.866025,0,0,0,1,0,0,0,0,0,0,0,0,0,0,1,0,0,0,0.20167,-0.07,22.8005,349.61,173.1167
20095,train,2021-03-20 10:19:00,2021-03-30 21:49:00,57.91833,-61.85333,0.20167,-0.07,22.8005,0.036585,-0.18034747689602357,0.9836029623670509,173.1167,78.3833,0.977653,0.210225,0.5,-0.866025,0,0,0,1,0,0,0,0,0,0,0,0,0,0,1,0,0,0,-0.2,0.075,22.6734,168.73,78.3833
20095,train,2021-03-27 15:26:00,2021-04-01 10:19:00,58.12,-61.92333,-0.2,0.075,22.6734,0.080351,0.19543266877155668,-0.9807171212825985,78.3833,36.5,0.995827,0.091261,-0.707107,-0.707107,0,0,0,0,0,1,0,0,0,0,0,0,0,0,0,0,1,0,-0.00167,-0.01,0.6191,252.55,36.5
20096,test,2021-03-06 21:49:00,2021-03-13 10:27:00,59.44167,-62.34667,0.115,0.395,25.6997,0.053885,0.8659381241319609,0.5001511423308166,132.4833,24.15,0.899296,0.43734,-0.707107,0.707107,0,0,0,1,0,0,0,0,0,0,0,0,0,0,0,0,1,0,0.01333,-0.04333,2.8556,301.29,24.15
20096,test,2021-03-12 10:18:00,2021-03-14 10:35:00,59.55667,-61.95167,0.01333,-0.04333,2.8556,0.032845,-0.854549490308488,0.5193699727684528,24.15,24.1333,0.93957,0.342357,0.5,-0.866025,0,0,0,1,0,0,0,0,0,0,0,0,0,0,1,0,0,0,0.0,-0.00167,0.0941,270.0,24.1333
20096,test,2021-03-13 10:27:00,2021-03-27 15:26:00,59.57,-61.995,0.0,-0.00167,0.0941,0.001083,-1.0,-1.8369701987210297e-16,24.1333,316.85,0.94532,0.326144,0.5,-0.866025,0,0,0,1,0,0,0,0,0,0,0,0,0,1,0,0,0,0,-1.11,0.67667,129.3603,162.29,316.85
20096,test,2021-03-14 10:35:00,2021-04-12 10:08:00,59.57,-61.99667,-1.11,0.67667,129.3603,0.113408,0.3041993270890058,-0.952608402964511,316.85,378.7,0.95079,0.309835,0.5,-0.866025,0,0,0,1,0,0,0,0,0,0,0,0,0,0,1,0,0,0,-1.80833,0.69167,205.2638,168.11,378.7
20096,test,2021-03-27 15:26:00,2021-04-19 18:05:00,58.46,-61.32,-1.80833,0.69167,205.2638,0.150562,0.20603340022132327,-0.9785449596177174,378.7,175.95,0.995827,0.091261,-0.707107,-0.707107,0,0,0,0,0,1,0,0,0,0,0,0,0,1,0,0,0,0,-0.72667,0.88666,97.5853,145.52,175.95
20096,test,2021-04-12 10:08:00,2021-05-01 10:00:00,56.65167,-60.62833,-0.72667,0.88666,97.5853,0.154061,0.5661185281143666,-0.8243238514841258,175.95,279.9167,0.983147,-0.182817,0.5,-0.866025,0,0,0,1,0,0,0,0,0,0,0,0,0,1,0,0,0,0,-0.54833,1.57167,115.9303,121.08,279.9167
20096,test,2021-04-19 18:05:00,2021-05-02 10:11:00,55.925,-59.74167,-0.54833,1.57167,115.9303,0.115044,0.8564473365755934,-0.5162344038056474,279.9167,24.1833,0.954067,-0.299595,-1.0,-0.0,0,0,0,0,0,0,1,0,0,0,0,0,0,0,1,0,0,0,-0.05667,0.075,7.8862,143.01,24.1833
20096,test,2021-05-01 10:00:00,2021-05-05 21:09:00,55.37667,-58.17,-0.05667,0.075,7.8862,0.090584,0.6016756257948526,-0.7987405344192646,24.1833,82.9667,0.872404,-0.488785,0.5,-0.866025,0,0,0,1,0,0,0,0,0,0,0,0,0,0,1,0,0,0,-0.54833,0.81,79.8755,139.43,82.9667
20096,test,2021-05-02 10:11:00,2021-05-10 09:56:00,55.32,-58.095,-0.54833,0.81,79.8755,0.267428,0.6503765745504275,-0.759611947823395,82.9667,108.7833,0.863867,-0.50372,0.5,-0.866025,0,0,0,1,0,0,0,0,0,0,0,0,0,0,1,0,0,0,-0.72334,0.18,81.2708,171.69,108.7833
20096,test,2021-05-05 21:09:00,2021-05-16 09:56:00,54.77167,-57.285,-0.72334,0.18,81.2708,0.207525,0.1445289036319522,-0.9895005790877264,108.7833,144.0,0.836733,-0.547611,-0.707107,0.707107,0,0,0,1,0,0,0,0,0,0,0,0,0,0,1,0,0,0,0.025,0.02,3.0711,25.14,144.0
20096,test,2021-05-10 09:56:00,2021-05-21 10:03:00,54.04833,-57.105,0.025,0.02,3.0711,0.005924,0.42483152560505555,0.9052724312891015,144.0,120.1167,0.786597,-0.617467,0.707107,-0.707107,0,0,0,1,0,0,0,0,0,0,0,0,0,0,1,0,0,0,0.44834,0.22667,51.9776,16.35,120.1167
20096,test,2021-05-16 09:56:00,2021-05-28 09:55:00,54.07333,-57.085,0.44834,0.22667,51.9776,0.120202,0.2815041900706754,0.9595599986309626,120.1167,167.8667,0.718792,-0.695225,0.707107,-0.707107,0,0,0,1,0,0,0,0,0,0,0,0,0,0,1,0,0,0,-0.43834,0.46833,57.437,147.87,167.8667
20096,test,2021-05-21 10:03:00,2021-05-28 15:53:00,54.52167,-56.85833,-0.43834,0.46833,57.437,0.095044,0.5318420586556667,-0.8468435656276208,167.8667,5.9667,0.656411,-0.754404,0.5,-0.866025,0,0,0,1,0,0,0,0,0,0,0,0,0,0,1,0,0,0,-0.025,-0.03833,3.7393,221.99,5.9667
20098,train,2021-03-07 18:40:00,2021-03-23 17:37:00,54.88167,-55.92,-0.23667,0.72167,53.2546,0.291583,0.8718983926044019,-0.489686831529969,50.7333,332.2167,0.906686,0.421806,-1.0,-0.0,0,0,0,0,0,1,0,0,0,0,0,0,0,0,1,0,0,0,-1.27333,0.42666,144.306,168.69,332.2167
20098,train,2021-03-09 21:24:00,2021-03-28 14:52:00,54.645,-55.19833,-1.27333,0.42666,144.306,0.120659,0.1961172908020682,-0.9805804445574351,332.2167,117.25,0.920659,0.390368,-0.707107,0.707107,0,0,0,1,0,0,0,0,0,0,0,0,0,0,0,0,1,0,-0.39667,-0.58833,59.0172,221.87,117.25
20098,train,2021-03-23 17:37:00,2021-04-01 17:25:00,53.37167,-54.77167,-0.39667,-0.58833,59.0172,0.139818,-0.6674427433295425,-0.7446611204949098,117.25,98.55,0.987196,0.159513,-0.965926,-0.258819,0,0,0,1,0,0,0,0,0,0,0,0,0,0,0,0,1,0,-0.87667,0.37833,100.7833,165.14,98.55
20098,train,2021-03-28 14:52:00,2021-04-21 15:12:00,52.975,-55.36,-0.87667,0.37833,100.7833,0.284073,0.2564580727719332,-0.9665553563609824,98.55,477.7833,0.99725,0.074117,-0.5,-0.866025,0,0,0,1,0,0,0,0,0,0,0,0,0,0,1,0,0,0,-0.525,-0.80333,80.3391,223.71,477.7833
20100,train,2021-03-07 15:26:00,2021-04-02 21:24:00,56.605,-59.33833,-1.36667,3.54833,268.2202,0.196844,0.838385280663431,-0.5450780872195287,378.5,251.4667,0.906686,0.421806,-0.707107,-0.707107,0,0,0,0,0,1,0,0,0,0,0,0,0,0,0,0,1,0,-1.03,2.54667,199.6377,123.96,251.4667
20100,train,2021-03-23 09:56:00,2021-04-06 09:40:00,55.23833,-55.79,-1.03,2.54667,199.6377,0.220526,0.829427760784683,-0.5586139898352945,251.4667,84.2667,0.987196,0.159513,0.707107,-0.707107,0,0,0,1,0,0,0,0,0,0,0,0,0,0,1,0,0,0,0.065,0.30833,21.2991,70.04,84.2667
20100,train,2021-04-02 21:24:00,2021-04-17 15:44:00,54.20833,-53.24333,0.065,0.30833,21.2991,0.070211,0.9399311668734955,0.3413640308231509,84.2667,270.0667,0.99993,-0.011826,-0.707107,0.707107,0,0,0,1,0,0,0,0,0,0,0,0,0,0,1,0,0,0,-1.43,-0.59167,163.7391,194.05,270.0667
20100,train,2021-04-06 09:40:00,2021-04-17 16:48:00,54.27333,-52.935,-1.43,-0.59167,163.7391,0.168414,-0.24276854613224957,-0.9700842401610459,270.0667,1.0667,0.996751,-0.080549,0.707107,-0.707107,0,0,0,1,0,0,0,0,0,0,0,0,0,0,0,0,1,0,-0.01666,-0.04833,3.7379,240.31,1.0667
20101,val,2021-03-07 15:26:00,2021-03-18 15:29:00,56.175,-59.66667,-0.97833,2.36834,184.0314,0.268628,0.816641555161679,-0.5771451900372335,190.3,73.75,0.906686,0.421806,-0.707107,-0.707107,0,0,0,0,0,1,0,0,0,0,0,0,0,0,1,0,0,0,-0.40667,0.25333,48.0203,160.23,73.75
20101,val,2021-03-15 13:44:00,2021-03-21 15:07:00,55.19667,-57.29833,-0.40667,0.25333,48.0203,0.180867,0.3382452298157325,-0.9410580027325108,73.75,71.6333,0.955979,0.293434,-0.258819,-0.965926,0,0,0,0,0,0,0,0,0,1,0,0,0,0,1,0,0,0,-0.06167,0.09833,9.3181,137.35,71.6333
20101,val,2021-03-18 15:29:00,2021-03-23 17:11:00,54.79,-57.045,-0.06167,0.09833,9.3181,0.036133,0.6775180777551102,-0.7355061211948004,71.6333,50.0667,0.969843,0.24373,-0.707107,-0.707107,0,0,0,0,0,1,0,0,0,0,0,0,0,0,1,0,0,0,-0.29333,0.27334,37.0692,151.52,50.0667
20101,val,2021-03-21 15:07:00,2021-03-28 14:52:00,54.72833,-56.94667,-0.29333,0.27334,37.0692,0.205666,0.4768519661528878,-0.8789836189464085,50.0667,117.6833,0.981125,0.193376,-0.707107,-0.707107,0,0,0,0,0,1,0,0,0,0,0,0,0,0,1,0,0,0,-1.10167,1.15166,143.8828,147.89,117.6833
20101,val,2021-03-23 17:11:00,2021-04-01 17:25:00,54.435,-56.67333,-1.10167,1.15166,143.8828,0.339619,0.5315464220906088,-0.8470291619316731,117.6833,98.55,0.987196,0.159513,-0.965926,-0.258819,0,0,0,1,0,0,0,0,0,0,0,0,0,0,0,0,1,0,-0.21833,0.12834,25.7367,160.56,98.55
20101,val,2021-03-28 14:52:00,2021-04-04 09:56:00,53.33333,-55.52167,-0.21833,0.12834,25.7367,0.072543,0.3328195445229865,-0.9429905358928645,98.55,64.5167,0.99725,0.074117,-0.5,-0.866025,0,0,0,1,0,0,0,0,0,0,0,0,0,0,0,0,1,0,-0.15333,-0.07667,17.8035,196.76,64.5167
20101,val,2021-04-01 17:25:00,2021-04-17 15:23:00,53.115,-55.39333,-0.15333,-0.07667,17.8035,0.076653,-0.288363391474449,-0.957521046482715,64.5167,317.45,0.999986,0.005376,-0.965926,-0.258819,0,0,0,1,0,0,0,0,0,0,0,0,0,0,0,0,1,0,-0.075,-0.17333,14.3024,234.4,317.45
20101,val,2021-04-04 09:56:00,2021-04-17 17:13:00,52.96167,-55.47,-0.075,-0.17333,14.3024,0.012515,-0.8131007610470278,-0.5821229701572892,317.45,1.8333,0.998932,-0.046215,0.707107,-0.707107,0,0,0,1,0,0,0,0,0,0,0,0,0,0,0,0,1,0,-0.025,-0.08834,6.5482,244.91,1.8333
20105,train,2021-03-08 10:19:00,2021-03-21 15:07:00,56.70833,-60.82667,-0.94666,1.13834,126.6043,0.209499,0.5625163591591812,-0.8267861547451669,167.8667,148.9333,0.913808,0.406147,0.5,-0.866025,0,0,0,1,0,0,0,0,0,0,0,0,0,0,1,0,0,0,-0.74167,1.55666,128.3169,129.35,148.9333
20105,train,2021-03-15 10:11:00,2021-03-23 17:11:00,55.76167,-59.68833,-0.74167,1.55666,128.3169,0.239326,0.7732871860578442,-0.6340559343454968,148.9333,50.0667,0.955979,0.293434,0.5,-0.866025,0,0,0,1,0,0,0,0,0,0,0,0,0,0,1,0,0,0,-0.17167,0.555,40.2672,118.07,50.0667
20105,train,2021-03-21 15:07:00,2021-03-28 14:52:00,55.02,-58.13167,-0.17167,0.555,40.2672,0.223409,0.8823733663306562,-0.4705499361282557,50.0667,117.6833,0.981125,0.193376,-0.707107,-0.707107,0,0,0,0,0,1,0,0,0,0,0,0,0,0,0,0,1,0,-0.39833,0.725,64.3219,133.22,117.6833
20105,train,2021-03-23 17:11:00,2021-04-04 09:56:00,54.84833,-57.57667,-0.39833,0.725,64.3219,0.151824,0.7287296309972869,-0.684801522272372,117.6833,163.0667,0.987196,0.159513,-0.965926,-0.258819,0,0,0,1,0,0,0,0,0,0,0,0,0,0,0,0,1,0,-0.56167,1.20167,100.0926,128.12,163.0667
20105,train,2021-03-28 14:52:00,2021-04-21 13:30:00,54.45,-56.85167,-0.56167,1.20167,100.0926,0.170504,0.7867195878704061,-0.6173105296858449,163.0667,411.5667,0.99725,0.074117,-0.5,-0.866025,0,0,0,1,0,0,0,0,0,0,0,0,0,0,1,0,0,0,-0.81333,0.25833,92.0393,169.19,411.5667
20106,train,2021-03-08 10:19:00,2021-03-21 15:07:00,56.55,-60.545,-1.03667,1.25667,139.2193,0.230373,0.5682746603893314,-0.8228389334246345,167.8667,148.9333,0.913808,0.406147,0.5,-0.866025,0,0,0,1,0,0,0,0,0,0,0,0,0,0,1,0,0,0,-0.5,1.545,112.5734,118.96,148.9333
20106,train,2021-03-15 10:11:00,2021-03-22 10:03:00,55.51333,-59.28833,-0.5,1.545,112.5734,0.209962,0.8749579549371377,-0.48419890240708074,148.9333,18.9333,0.955979,0.293434,0.5,-0.866025,0,0,0,1,0,0,0,0,0,0,0,0,0,0,1,0,0,0,-0.12166,0.19833,18.5307,136.81,18.9333
20106,train,2021-03-21 15:07:00,2021-03-23 17:11:00,55.01333,-57.74333,-0.12166,0.19833,18.5307,0.271871,0.6844198664761634,-0.7290880923268125,18.9333,31.1333,0.981125,0.193376,-0.707107,-0.707107,0,0,0,0,0,1,0,0,0,0,0,0,0,0,0,0,1,0,-0.16667,0.615,43.551,114.93,31.1333
20106,train,2021-03-22 10:03:00,2021-03-28 14:52:00,54.89167,-57.545,-0.16667,0.615,43.551,0.38857,0.9068234361295454,-0.421510682766409,31.1333,117.6833,0.984306,0.176471,0.5,-0.866025,0,0,0,1,0,0,0,0,0,0,0,0,0,0,1,0,0,0,-0.93,0.70833,113.1817,155.73,117.6833
20106,train,2021-03-23 17:11:00,2021-04-21 13:30:00,54.725,-56.93,-0.93,0.70833,113.1817,0.267152,0.41103709257769383,-0.9116186201067179,117.6833,574.6333,0.987196,0.159513,-0.965926,-0.258819,0,0,0,1,0,0,0,0,0,0,0,0,0,0,1,0,0,0,0.27833,0.21334,33.954,24.2,574.6333
20107,test,2021-03-08 10:19:00,2021-03-18 15:28:00,56.22667,-59.665,-1.035,2.305,184.6355,0.299694,0.7922896433551907,-0.6101451639012676,171.1333,74.0167,0.913808,0.406147,0.5,-0.866025,0,0,0,1,0,0,0,0,0,0,0,0,0,0,1,0,0,0,-0.49667,0.35667,59.7407,157.44,74.0167
20107,test,2021-03-15 13:27:00,2021-03-23 14:29:00,55.19167,-57.36,-0.49667,0.35667,59.7407,0.224201,0.38365070674265633,-0.9234782808576822,74.0167,119.0167,0.955979,0.293434,-0.258819,-0.965926,0,0,0,1,0,0,0,0,0,0,0,0,0,0,1,0,0,0,-0.46333,1.39166,103.6497,119.24,119.0167
20107,test,2021-03-18 15:28:00,2021-03-28 14:52:00,54.695,-57.00333,-0.46333,1.39166,103.6497,0.241912,0.8725812742780833,-0.4884689547752615,119.0167,120.3833,0.969843,0.24373,-0.707107,-0.707107,0,0,0,0,0,1,0,0,0,0,0,0,0,0,0,0,1,0,-0.68834,0.385,80.591,161.6,120.3833
20107,test,2021-03-23 14:29:00,2021-04-01 17:25:00,54.23167,-55.61167,-0.68834,0.385,80.591,0.185959,0.31564903694710256,-0.9488760116444965,120.3833,98.55,0.987196,0.159513,-0.5,-0.866025,0,0,0,1,0,0,0,0,0,0,0,0,0,0,0,0,1,0,-0.40333,0.48667,55.2739,144.04,98.55
20107,test,2021-03-28 14:52:00,2021-04-02 19:50:00,53.54333,-55.22667,-0.40333,0.48667,55.2739,0.155798,0.5872203086883997,-0.8094271487069732,98.55,26.4167,0.99725,0.074117,-0.5,-0.866025,0,0,0,1,0,0,0,0,0,0,0,0,0,0,1,0,0,0,-0.005,0.26667,17.797,91.68,26.4167
20107,test,2021-04-01 17:25:00,2021-04-17 18:13:00,53.14,-54.74,-0.005,0.26667,17.797,0.18714,0.999570154695225,-0.029317330072228448,26.4167,358.3833,0.999986,0.005376,-0.965926,-0.258819,0,0,0,1,0,0,0,0,0,0,0,0,0,0,0,0,1,0,-1.33,-1.70334,187.5619,218.64,358.3833
20107,test,2021-04-02 19:50:00,2021-04-21 15:14:00,53.135,-54.47333,-1.33,-1.70334,187.5619,0.145377,-0.6244250488460156,-0.7810847318784634,358.3833,93.0167,0.99993,-0.011826,-0.965926,0.258819,0,0,1,0,0,0,0,0,0,0,0,0,0,0,0,0,1,0,0.05833,0.10667,9.7872,48.45,93.0167
20107,test,2021-04-17 18:13:00,2021-05-04 15:24:00,51.805,-56.17667,0.05833,0.10667,9.7872,0.029228,0.74837719060466,0.6632733829897567,93.0167,312.1667,0.963807,-0.266599,-1.0,-0.0,0,0,0,0,0,1,0,0,0,0,0,0,0,0,0,0,1,0,0.01167,0.59167,40.6437,87.94,312.1667
20111,test,2021-03-08 05:57:00,2021-03-28 14:52:00,55.12667,-57.16,-1.61834,1.56333,206.5395,0.230333,0.5006044778920026,-0.8656761269172643,249.0833,239.8333,0.913808,0.406147,0.965926,0.258819,0,0,0,0,0,0,0,1,0,0,0,1,0,0,0,0,0,0,-1.16666,0.56834,135.2043,163.41,239.8333
20111,test,2021-03-18 15:02:00,2021-04-01 18:13:00,53.50833,-55.59667,-1.16666,0.56834,135.2043,0.156595,0.28552110421233434,-0.9583724218952512,239.8333,99.35,0.969843,0.24373,-0.707107,-0.707107,0,0,0,0,0,1,0,0,0,0,0,0,0,0,0,0,1,0,-0.51,0.44666,64.3995,151.54,99.35
20111,test,2021-03-28 14:52:00,2021-04-03 14:03:00,52.34167,-55.02833,-0.51,0.44666,64.3995,0.180058,0.4765451139432021,-0.8791500181293637,99.35,43.8333,0.99725,0.074117,-0.5,-0.866025,0,0,0,1,0,0,0,0,0,0,0,0,0,0,1,0,0,0,-0.22667,-0.07333,25.7058,191.36,43.8333
20112,train,2021-03-08 06:57:00,2021-03-23 17:31:00,55.3,-56.88333,-1.435,0.81333,167.949,0.187976,0.31763566447022307,-0.9482128372135445,248.1833,122.3833,0.913808,0.406147,1.0,0.0,0,0,0,0,0,0,0,1,0,0,0,1,0,0,0,0,0,0,-0.24167,0.82833,60.7382,115.92,122.3833
20112,train,2021-03-18 15:08:00,2021-03-28 14:52:00,53.865,-56.07,-0.24167,0.82833,60.7382,0.13786,0.899405251566371,-0.4371157666509331,122.3833,117.35,0.969843,0.24373,-0.707107,-0.707107,0,0,1,0,0,0,0,0,0,0,0,0,0,0,0,0,1,0,-0.32666,-0.06666,36.59,186.95,117.35
20112,train,2021-03-23 17:31:00,2021-04-01 17:25:00,53.62333,-55.24167,-0.32666,-0.06666,36.59,0.086612,-0.12100313719447355,-0.992652124759271,117.35,98.55,0.987196,0.159513,-0.965926,-0.258819,0,0,0,1,0,0,0,0,0,0,0,0,0,0,0,0,1,0,-0.5,1.15166,94.9595,125.38,98.55
20112,train,2021-03-28 14:52:00,2021-04-02 19:59:00,53.29667,-55.30833,-0.5,1.15166,94.9595,0.267657,0.8153299533390672,-0.5789966037794303,98.55,26.5667,0.99725,0.074117,-0.5,-0.866025,0,0,0,1,0,0,0,0,0,0,0,0,0,0,1,0,0,0,-0.18334,0.22834,25.5399,142.87,26.5667
20112,train,2021-04-01 17:25:00,2021-04-05 09:47:00,52.79667,-54.15667,-0.18334,0.22834,25.5399,0.267042,0.6036255190083247,-0.7972679805447668,26.5667,61.8,0.999986,0.005376,-0.965926,-0.258819,0,0,0,1,0,0,0,0,0,0,0,0,0,0,0,0,1,0,-0.30666,0.44833,45.6662,138.13,61.8
20113,train,2021-03-12 10:18:00,2021-03-27 15:26:00,59.99167,-60.83167,-0.26334,0.07667,29.5933,0.170253,0.14521967007724035,-0.9893994377513348,48.2833,316.85,0.93957,0.342357,0.5,-0.866025,0,0,0,1,0,0,0,0,0,0,0,0,0,0,1,0,0,0,-1.835,1.255,216.4528,159.96,316.85
20114,val,2021-03-12 10:18:00,2021-03-27 15:26:00,60.07,-62.085,-1.695,1.09833,198.559,0.287242,0.3225961185192636,-0.9465367104958503,192.0167,173.1167,0.93957,0.342357,0.5,-0.866025,0,0,0,1,0,0,0,0,0,0,0,0,0,0,0,0,1,0,-0.77333,0.54834,91.8632,159.17,173.1167
20114,val,2021-03-20 10:19:00,2021-04-11 10:02:00,58.375,-60.98667,-0.77333,0.54834,91.8632,0.147401,0.3555963872880368,-0.9346396146899063,173.1167,354.6,0.977653,0.210225,0.5,-0.866025,0,0,0,1,0,0,0,0,0,0,0,0,0,0,0,0,1,0,-0.97834,0.8,119.0257,155.72,354.6
20114,val,2021-03-27 15:26:00,2021-04-11 21:48:00,57.60167,-60.43833,-0.97834,0.8,119.0257,0.093239,0.41119619378086625,-0.9115468667162037,354.6,11.7667,0.995827,0.091261,-0.707107,-0.707107,0,0,0,0,0,1,0,0,0,0,0,0,0,0,0,0,1,0,0.025,0.02,3.037,23.74,11.7667
20114,val,2021-04-11 10:02:00,2021-04-12 10:08:00,56.62333,-59.63833,0.025,0.02,3.037,0.071696,0.4025869317354461,0.9153817577359947,11.7667,12.3333,0.986146,-0.165878,0.5,-0.866025,0,0,0,1,0,0,0,0,0,0,0,0,0,0,1,0,0,0,-0.00166,0.00166,0.2106,151.2,12.3333
20114,val,2021-04-11 21:48:00,2021-04-19 18:12:00,56.64833,-59.61833,-0.00166,0.00166,0.2106,0.004744,0.4817536741017156,-0.8763066800438635,12.3333,176.0667,0.986146,-0.165878,-0.707107,0.707107,0,0,0,1,0,0,0,0,0,0,0,0,0,0,1,0,0,0,-0.37334,0.52834,52.697,141.76,176.0667
20114,val,2021-04-12 10:08:00,2021-04-27 10:03:00,56.64667,-59.61667,-0.37334,0.52834,52.697,0.083139,0.6189568762200348,-0.7854249711970817,176.0667,183.85,0.983147,-0.182817,0.5,-0.866025,0,0,0,1,0,0,0,0,0,0,0,0,0,0,1,0,0,0,0.08667,0.80333,50.4689,78.66,183.85
20114,val,2021-04-19 18:12:00,2021-05-02 10:11:00,56.27333,-59.08833,0.08667,0.80333,50.4689,0.076253,0.9804776233729444,0.19663069461542024,183.85,120.1333,0.954067,-0.299595,-1.0,-0.0,0,0,0,0,0,1,0,0,0,0,0,0,0,0,1,0,0,0,-0.38333,0.73333,62.2724,132.89,120.1333
20114,val,2021-04-27 10:03:00,2021-05-09 10:03:00,56.36,-58.285,-0.38333,0.73333,62.2724,0.143989,0.7326616958340132,-0.6805930057366354,120.1333,167.8667,0.903946,-0.427646,0.5,-0.866025,0,0,0,1,0,0,0,0,0,0,0,0,0,0,1,0,0,0,-0.39834,0.75,64.5111,133.05,167.8667
20114,val,2021-05-02 10:11:00,2021-05-10 09:56:00,55.97667,-57.55167,-0.39834,0.75,64.5111,0.10675,0.730758267372066,-0.6826363268002782,167.8667,23.8833,0.863867,-0.50372,0.5,-0.866025,0,0,0,1,0,0,0,0,0,0,0,0,0,0,1,0,0,0,-0.125,0.13834,16.4026,147.87,23.8833
20115,train,2021-03-12 10:18:00,2021-03-20 10:19:00,59.71,-61.07833,0.0,0.34166,19.1617,0.110239,0.9999965730559848,0.002617990887418114,48.2833,143.7333,0.93957,0.342357,0.5,-0.866025,0,0,0,1,0,0,0,0,0,0,0,0,0,0,1,0,0,0,-2.36333,0.57,264.8627,172.58,143.7333
20115,train,2021-03-14 10:35:00,2021-03-24 15:16:00,59.71,-60.73667,-2.36333,0.57,264.8627,0.511871,0.12914174726146957,-0.991626143823495,143.7333,100.95,0.95079,0.309835,0.5,-0.866025,0,0,0,1,0,0,0,0,0,0,0,0,0,0,1,0,0,0,-0.54167,0.01834,60.2412,178.94,100.95
20115,train,2021-03-20 10:19:00,2021-03-27 15:26:00,57.34667,-60.16667,-0.54167,0.01834,60.2412,0.165762,0.018499434734501784,-0.9998288708146529,100.95,72.1667,0.977653,0.210225,0.5,-0.866025,0,0,0,1,0,0,0,0,0,0,0,0,0,0,1,0,0,0,-0.30333,0.29833,38.3425,151.48,72.1667
20115,train,2021-03-24 15:16:00,2021-04-03 10:02:00,56.805,-60.14833,-0.30333,0.29833,38.3425,0.147585,0.47746549622598156,-0.8786504992963228,72.1667,162.6,0.989794,0.142508,-0.707107,-0.707107,0,0,0,0,0,1,0,0,0,0,0,0,0,0,1,0,0,0,-0.85167,2.14333,163.2665,124.56,162.6
20115,train,2021-03-27 15:26:00,2021-04-08 15:16:00,56.50167,-59.85,-0.85167,2.14333,163.2665,0.278916,0.8235325976284273,-0.5672689491267566,162.6,125.2333,0.995827,0.091261,-0.707107,-0.707107,0,0,0,0,0,1,0,0,0,0,0,0,0,0,1,0,0,0,-0.235,0.81167,57.3735,116.76,125.2333
20115,train,2021-04-03 10:02:00,2021-04-21 18:40:00,55.65,-57.70667,-0.235,0.81167,57.3735,0.127259,0.8929003728131467,-0.45025428840838766,125.2333,315.4,0.999579,-0.029025,0.5,-0.866025,0,0,0,1,0,0,0,0,0,0,0,0,0,1,0,0,0,0,-0.55667,1.82167,131.2889,117.38,315.4
20115,train,2021-04-08 15:16:00,2021-04-23 09:48:00,55.415,-56.895,-0.55667,1.82167,131.2889,0.115628,0.8879759710735622,-0.4598898507207614,315.4,39.1333,0.99339,-0.114788,-0.707107,-0.707107,0,0,0,0,0,1,0,0,0,0,0,0,0,1,0,0,0,0,-0.19666,0.60333,44.459,119.22,39.1333
20115,train,2021-04-21 18:40:00,2021-04-25 09:26:00,54.85833,-55.07333,-0.19666,0.60333,44.459,0.31558,0.872751728945022,-0.4881643366976688,39.1333,47.6333,0.943196,-0.332235,-1.0,-0.0,1,0,0,0,0,0,0,0,0,0,0,0,0,0,1,0,0,0,-0.08334,0.215,16.6577,123.71,47.6333
20115,train,2021-04-23 09:48:00,2021-04-28 09:56:00,54.66167,-54.47,-0.08334,0.215,16.6577,0.097141,0.8318572708386354,-0.5549896223830652,47.6333,72.5,0.93121,-0.364483,0.707107,-0.707107,0,0,0,1,0,0,0,0,0,0,0,0,0,0,1,0,0,0,0.055,0.02333,6.2976,13.79,72.5
20115,train,2021-04-25 09:26:00,2021-04-29 09:47:00,54.57833,-54.255,0.055,0.02333,6.2976,0.024129,0.238363959039735,0.9711758970603129,72.5,23.85,0.918121,-0.396299,0.707107,-0.707107,0,0,0,1,0,0,0,0,0,0,0,0,0,0,1,0,0,0,0.0,0.05667,3.6473,89.98,23.85
20115,train,2021-04-28 09:56:00,2021-04-30 13:22:00,54.63333,-54.23167,0.0,0.05667,3.6473,0.04248,0.9999999390765166,0.0003490658433101362,23.85,27.5833,0.896456,-0.443132,0.707107,-0.707107,0,0,0,1,0,0,0,0,0,0,0,0,0,0,1,0,0,0,0.04834,-0.335,22.2082,284.14,27.5833
20115,train,2021-04-29 09:47:00,2021-05-01 10:00:00,54.63333,-54.175,0.04834,-0.335,22.2082,0.223647,-0.9697017035841252,0.24429205076310873,27.5833,20.6333,0.888701,-0.458487,0.707107,-0.707107,0,0,0,1,0,0,0,0,0,0,0,0,0,0,1,0,0,0,0.00666,-0.01333,1.1325,310.84,20.6333
20115,train,2021-04-30 13:22:00,2021-05-04 09:55:00,54.68167,-54.51,0.00666,-0.01333,1.1325,0.015247,-0.7565386975761151,0.6539489269582414,20.6333,71.9167,0.880683,-0.473706,-0.258819,-0.965926,0,0,0,1,0,0,0,0,0,0,0,0,0,1,0,0,0,0,-0.35333,-0.04667,39.4038,184.4,71.9167
20115,train,2021-05-01 10:00:00,2021-05-05 09:48:00,54.68833,-54.52333,-0.35333,-0.04667,39.4038,0.152197,-0.07671902812681863,-0.9970527522269202,71.9167,23.8833,0.872404,-0.488785,0.5,-0.866025,0,0,0,1,0,0,0,0,0,0,0,0,0,0,1,0,0,0,0.11167,-0.02333,12.5087,353.07,23.8833
20118,train,2021-03-12 10:18:00,2021-03-14 10:35:00,59.42,-60.76667,-0.17667,0.08667,20.2505,0.232925,0.24344573347651632,-0.969914519353165,24.15,24.1333,0.93957,0.342357,0.5,-0.866025,0,0,0,1,0,0,0,0,0,0,0,0,0,0,0,0,1,0,-0.20166,-0.465,34.7292,229.98,24.1333
20119,train,2021-03-13 10:27:00,2021-04-01 10:19:00,60.725,-63.34667,-0.50667,1.55,101.9256,0.098308,0.839809417029283,-0.5428813342425173,288.0,167.8667,0.94532,0.326144,0.5,-0.866025,0,0,0,1,0,0,0,0,0,0,0,0,0,0,1,0,0,0,-0.18166,0.65,41.2787,119.02,167.8667
20119,train,2021-03-25 10:27:00,2021-04-03 21:34:00,60.21833,-61.79667,-0.18166,0.65,41.2787,0.068306,0.8744504233755805,-0.4851148905756944,167.8667,59.25,0.992099,0.125461,0.5,-0.866025,0,0,0,1,0,0,0,0,0,0,0,0,0,0,0,0,1,0,-0.17667,0.33167,26.9632,136.62,59.25
20119,train,2021-04-01 10:19:00,2021-04-06 10:27:00,60.03667,-61.14667,-0.17667,0.33167,26.9632,0.12641,0.6868338465444083,-0.7268144654869028,59.25,60.8833,0.999986,0.005376,0.5,-0.866025,0,0,0,1,0,0,0,0,0,0,0,0,0,0,1,0,0,0,0.08333,-0.25167,16.8167,303.54,60.8833
20119,train,2021-04-03 21:34:00,2021-04-21 10:15:00,59.86,-60.815,0.08333,-0.25167,16.8167,0.076726,-0.8335002941792694,0.552519012888309,60.8833,359.8,0.999579,-0.029025,-0.707107,0.707107,0,0,0,1,0,0,0,0,0,0,0,0,0,0,1,0,0,0,-0.70333,0.25167,79.4789,169.63,359.8
20119,train,2021-04-06 10:27:00,2021-04-22 10:26:00,59.94333,-61.06667,-0.70333,0.25167,79.4789,0.06136,0.18000412371108643,-0.9836658555866438,359.8,24.1833,0.996751,-0.080549,0.5,-0.866025,0,0,0,1,0,0,0,0,0,0,0,0,0,0,1,0,0,0,0.03333,-0.22833,13.4975,286.03,24.1833
20119,train,2021-04-21 10:15:00,2021-04-23 10:34:00,59.24,-60.815,0.03333,-0.22833,13.4975,0.155037,-0.9611172407952258,0.27614063345725137,24.1833,24.1333,0.943196,-0.332235,0.5,-0.866025,0,0,0,1,0,0,0,0,0,0,0,0,0,1,0,0,0,0,-0.07333,0.00666,8.1627,177.34,24.1333
20119,train,2021-04-22 10:26:00,2021-04-30 10:27:00,59.27333,-61.04333,-0.07333,0.00666,8.1627,0.093954,0.04640908259941701,-0.9989225180424558,24.1333,167.8833,0.937342,-0.348411,0.5,-0.866025,0,0,0,1,0,0,0,0,0,0,0,0,0,0,1,0,0,0,-0.08167,0.19334,14.2807,129.4,167.8833
20119,train,2021-04-23 10:34:00,2021-05-13 17:32:00,59.2,-61.03667,-0.08167,0.19334,14.2807,0.023629,0.7727335734973508,-0.6347305132022678,167.8833,319.0833,0.93121,-0.364483,0.5,-0.866025,0,0,0,1,0,0,0,0,0,0,0,0,0,0,1,0,0,0,-0.68166,-1.525,116.0622,229.88,319.0833
20119,train,2021-04-30 10:27:00,2021-05-19 15:36:00,59.11833,-60.84333,-0.68166,-1.525,116.0622,0.101038,-0.7646965127587368,-0.644390598453009,319.0833,142.0667,0.880683,-0.473706,0.5,-0.866025,0,0,0,1,0,0,0,0,0,0,0,0,0,1,0,0,0,0,-0.26834,0.21833,32.4503,156.76,142.0667
20119,train,2021-05-13 17:32:00,2021-05-29 15:36:00,58.43667,-62.36833,-0.26834,0.21833,32.4503,0.063449,0.394583491055234,-0.9188600919545173,142.0667,240.0,0.753698,-0.657221,-0.965926,-0.258819,0,0,0,0,0,1,0,0,0,0,0,0,0,0,0,0,0,1,-0.07333,0.45833,28.1157,106.66,240.0
20120,train,2021-03-13 10:27:00,2021-03-27 15:26:00,60.64167,-62.07,-2.15834,1.54833,255.3359,0.422518,0.35249505544567844,-0.9358136758384908,167.8667,173.1167,0.94532,0.326144,0.5,-0.866025,0,0,0,1,0,0,0,0,0,0,0,0,0,0,1,0,0,0,-0.63166,0.685,80.9141,149.94,173.1167
20120,train,2021-03-20 10:19:00,2021-04-19 17:15:00,58.48333,-60.52167,-0.63166,0.685,80.9141,0.129832,0.5009066253607098,-0.865501330253019,173.1167,553.8167,0.977653,0.210225,0.5,-0.866025,0,0,0,1,0,0,0,0,0,0,0,0,0,0,0,0,1,0,-0.68334,0.22,77.1117,170.1,553.8167
20120,train,2021-03-27 15:26:00,2021-04-21 10:15:00,57.85167,-59.83667,-0.68334,0.22,77.1117,0.038677,0.17192910027940958,-0.9851093261547739,553.8167,41.0,0.995827,0.091261,-0.707107,-0.707107,0,0,0,0,0,1,0,0,0,0,0,0,0,0,0,0,1,0,0.12667,-0.18333,17.8921,322.0,41.0
20120,train,2021-04-19 17:15:00,2021-05-02 10:11:00,57.16833,-59.61667,0.12667,-0.18333,17.8921,0.12122,-0.6156614753256582,0.788010753606722,41.0,263.9333,0.954067,-0.299595,-0.965926,-0.258819,0,0,0,1,0,0,0,0,0,0,0,0,0,0,1,0,0,0,-0.46333,-0.06833,51.6853,184.61,263.9333
20120,train,2021-04-21 10:15:00,2021-05-05 21:48:00,57.295,-59.8,-0.46333,-0.06833,51.6853,0.054396,-0.08037289383991039,-0.9967648659216468,263.9333,83.6167,0.943196,-0.332235,0.5,-0.866025,0,0,0,1,0,0,0,0,0,0,0,0,0,0,1,0,0,0,-0.21834,0.025,24.3262,176.39,83.6167
20120,train,2021-05-02 10:11:00,2021-05-11 21:49:00,56.83167,-59.86833,-0.21834,0.025,24.3262,0.080812,0.06296470709641473,-0.9980157542144626,83.6167,144.0167,0.863867,-0.50372,0.5,-0.866025,0,0,0,1,0,0,0,0,0,0,0,0,0,0,1,0,0,0,-0.24666,0.10833,28.2221,166.33,144.0167
20120,train,2021-05-05 21:48:00,2021-05-14 10:11:00,56.61333,-59.84333,-0.24666,0.10833,28.2221,0.054434,0.23632941169393767,-0.9716729949774241,144.0167,60.3667,0.836733,-0.547611,-0.707107,0.707107,0,0,0,1,0,0,0,0,0,0,0,0,0,0,0,0,1,0,-0.61334,0.13167,68.6884,173.11,60.3667
20121,train,2021-03-13 10:27:00,2021-04-01 10:19:00,60.63833,-61.94,-0.79833,1.25333,112.5378,0.108543,0.6221047786506829,-0.7829339974608236,288.0,167.8667,0.94532,0.326144,0.5,-0.866025,0,0,0,1,0,0,0,0,0,0,0,0,0,0,1,0,0,0,-0.98833,0.77167,118.283,157.96,167.8667
20121,train,2021-03-25 10:27:00,2021-04-30 10:27:00,59.84,-60.68667,-0.98833,0.77167,118.283,0.195729,0.37525379851532054,-0.9269221039007665,167.8667,696.1333,0.992099,0.125461,0.5,-0.866025,0,0,0,1,0,0,0,0,0,0,0,0,0,0,0,0,1,0,-0.525,-0.525,65.8294,207.75,696.1333
20123,val,2021-03-13 10:27:00,2021-04-01 10:19:00,60.69667,-63.25833,-0.52334,1.87666,118.2632,0.114066,0.877481209170196,-0.4796110169222665,288.0,167.8667,0.94532,0.326144,0.5,-0.866025,0,0,0,1,0,0,0,0,0,0,0,0,0,0,1,0,0,0,-0.155,0.74167,44.5814,112.42,167.8667
20123,val,2021-03-25 10:27:00,2021-04-06 10:27:00,60.17333,-61.38167,-0.155,0.74167,44.5814,0.073771,0.9244129586334671,-0.3813930805750413,167.8667,120.1333,0.992099,0.125461,0.5,-0.866025,0,0,0,1,0,0,0,0,0,0,0,0,0,0,0,0,1,0,-0.12,-0.66,39.0883,250.33,120.1333
20123,val,2021-04-01 10:19:00,2021-04-30 10:27:00,60.01833,-60.64,-0.12,-0.66,39.0883,0.090382,-0.9416469184137986,-0.3366022594127926,120.1333,576.0,0.999986,0.005376,0.5,-0.866025,0,0,0,1,0,0,0,0,0,0,0,0,0,0,0,0,1,0,-0.62666,0.46167,74.3698,159.35,576.0
20123,val,2021-04-06 10:27:00,2021-05-13 17:49:00,59.89833,-61.3,-0.62666,0.46167,74.3698,0.035865,0.3526583803743286,-0.9357521395924004,576.0,319.3667,0.996751,-0.080549,0.5,-0.866025,0,0,0,1,0,0,0,0,0,0,0,0,0,0,0,0,1,0,-1.06334,-1.46,145.1729,216.1,319.3667
20123,val,2021-04-30 10:27:00,2021-05-29 15:36:00,59.27167,-60.83833,-1.06334,-1.46,145.1729,0.126268,-0.5891963573533419,-0.8079898838980307,319.3667,381.7833,0.880683,-0.473706,0.5,-0.866025,0,0,0,1,0,0,0,0,0,0,0,0,0,0,1,0,0,0,-0.38833,0.86666,66.8598,129.86,381.7833
20124,test,2021-03-13 10:27:00,2021-04-01 10:19:00,60.65,-62.98,-0.63333,1.635,114.2599,0.110204,0.795156077043205,-0.6064048261196976,288.0,167.8667,0.94532,0.326144,0.5,-0.866025,0,0,0,1,0,0,0,0,0,0,0,0,0,0,1,0,0,0,-0.30667,0.77,54.8691,128.09,167.8667
20124,test,2021-03-25 10:27:00,2021-04-06 10:27:00,60.01667,-61.345,-0.30667,0.77,54.8691,0.090795,0.7870427030513262,-0.6168985196721273,167.8667,120.1333,0.992099,0.125461,0.5,-0.866025,0,0,0,1,0,0,0,0,0,0,0,0,0,0,0,0,1,0,-0.17667,0.30833,26.2016,138.44,120.1333
20124,test,2021-04-01 10:19:00,2021-04-10 10:26:00,59.71,-60.575,-0.17667,0.30833,26.2016,0.060585,0.6634039893470912,-0.748261416163071,120.1333,95.9833,0.999986,0.005376,0.5,-0.866025,0,0,0,1,0,0,0,0,0,0,0,0,0,0,1,0,0,0,-0.67833,-0.19666,76.2536,188.53,95.9833
20125,train,2021-03-13 10:27:00,2021-03-30 21:49:00,60.62333,-62.56333,-0.69333,1.16333,100.282,0.096723,0.6462571789968149,-0.7631196882501976,288.0,131.3667,0.94532,0.326144,0.5,-0.866025,0,0,0,1,0,0,0,0,0,0,0,0,0,0,1,0,0,0,-0.20167,0.19333,24.8916,154.19,131.3667
20125,train,2021-03-25 10:27:00,2021-04-01 10:19:00,59.93,-61.4,-0.20167,0.19333,24.8916,0.052634,0.4353882280113659,-0.9002427955330289,131.3667,36.5,0.992099,0.125461,0.5,-0.866025,0,0,0,1,0,0,0,0,0,0,0,0,0,0,1,0,0,0,0.135,0.21334,19.1772,38.39,36.5
20125,train,2021-03-30 21:49:00,2021-04-06 10:27:00,59.72833,-61.20667,0.135,0.21334,19.1772,0.145945,0.6210109905068164,0.7838018561280286,36.5,120.1333,0.999209,0.03977,-0.707107,0.707107,0,0,0,1,0,0,0,0,0,0,0,0,0,0,1,0,0,0,0.005,-0.42667,23.8244,271.52,120.1333
20125,train,2021-04-01 10:19:00,2021-04-21 10:15:00,59.86333,-60.99333,0.005,-0.42667,23.8244,0.055088,-0.9996481265944145,0.02652589294024593,120.1333,359.8,0.999986,0.005376,0.5,-0.866025,0,0,0,1,0,0,0,0,0,0,0,0,0,0,1,0,0,0,-0.71333,0.58,85.8021,157.33,359.8
20125,train,2021-04-06 10:27:00,2021-04-22 10:26:00,59.86833,-61.42,-0.71333,0.58,85.8021,0.066242,0.3854229496331427,-0.922740022918746,359.8,24.1833,0.996751,-0.080549,0.5,-0.866025,0,0,0,1,0,0,0,0,0,0,0,0,0,0,1,0,0,0,-0.25667,-0.10167,29.1274,191.57,24.1833
20125,train,2021-04-21 10:15:00,2021-04-23 10:34:00,59.155,-60.84,-0.25667,-0.10167,29.1274,0.334567,-0.2005649892047775,-0.9796803994697901,24.1833,24.1333,0.943196,-0.332235,0.5,-0.866025,0,0,0,1,0,0,0,0,0,0,0,0,0,1,0,0,0,0,-0.06,-0.38166,22.9329,253.25,24.1333
20125,train,2021-04-22 10:26:00,2021-04-30 10:27:00,58.89833,-60.94167,-0.06,-0.38166,22.9329,0.263961,-0.9575713608048145,-0.2881962681340891,24.1333,167.8833,0.937342,-0.348411,0.5,-0.866025,0,0,0,1,0,0,0,0,0,0,0,0,0,0,1,0,0,0,0.01667,0.29833,17.2611,83.71,167.8833
20125,train,2021-04-23 10:34:00,2021-05-11 10:16:00,58.83833,-61.32333,0.01667,0.29833,17.2611,0.02856,0.9939800925665009,0.10956083050748738,167.8833,263.8167,0.93121,-0.364483,0.5,-0.866025,0,0,0,1,0,0,0,0,0,0,0,0,0,0,1,0,0,0,-1.03333,-0.40833,117.3461,191.89,263.8167
20127,train,2021-03-13 10:27:00,2021-03-30 21:49:00,60.62333,-63.38667,-0.65166,1.74834,120.5326,0.116254,0.8070633799873794,-0.5904648174814031,288.0,131.3667,0.94532,0.326144,0.5,-0.866025,0,0,0,1,0,0,0,0,0,0,0,0,0,0,1,0,0,0,-0.205,0.61666,41.2837,123.25,131.3667
20127,train,2021-03-25 10:27:00,2021-04-06 10:27:00,59.97167,-61.63833,-0.205,0.61666,41.2837,0.087295,0.8362861558477597,-0.5482932295199137,131.3667,156.6333,0.992099,0.125461,0.5,-0.866025,0,0,0,1,0,0,0,0,0,0,0,0,0,0,0,0,1,0,-0.15,-0.13833,18.397,205.02,156.6333
20127,train,2021-03-30 21:49:00,2021-04-10 10:26:00,59.76667,-61.02167,-0.15,-0.13833,18.397,0.032626,-0.42293459708530345,-0.9061602102212898,156.6333,95.9833,0.999209,0.03977,-0.707107,0.707107,0,0,0,1,0,0,0,0,0,0,0,0,0,0,0,0,1,0,-0.125,0.60167,36.6397,112.03,95.9833
20127,train,2021-04-06 10:27:00,2021-04-30 10:27:00,59.61667,-61.16,-0.125,0.60167,36.6397,0.106036,0.92698758392575,-0.3750920143744741,95.9833,480.0167,0.996751,-0.080549,0.5,-0.866025,0,0,0,1,0,0,0,0,0,0,0,0,0,0,0,0,1,0,-1.57334,-0.39667,176.4405,187.63,480.0167
20128,train,2021-03-13 10:27:00,2021-04-01 10:19:00,60.59167,-62.93833,-0.64834,1.64333,115.7967,0.111687,0.7902619728013476,-0.6127691362528976,288.0,167.8667,0.94532,0.326144,0.5,-0.866025,0,0,0,1,0,0,0,0,0,0,0,0,0,0,1,0,0,0,-0.45333,0.78333,66.859,138.59,167.8667
20128,train,2021-03-25 10:27:00,2021-04-06 10:27:00,59.94333,-61.295,-0.45333,0.78333,66.859,0.110635,0.6614427743298386,-0.7499956375118766,167.8667,120.1333,0.992099,0.125461,0.5,-0.866025,0,0,0,1,0,0,0,0,0,0,0,0,0,0,1,0,0,0,-0.475,-0.10166,53.1328,186.29,120.1333
20128,train,2021-04-01 10:19:00,2021-05-03 10:15:00,59.49,-60.51167,-0.475,-0.10166,53.1328,0.122856,-0.10956083050748698,-0.9939800925665009,120.1333,647.8,0.999986,0.005376,0.5,-0.866025,0,0,0,1,0,0,0,0,0,0,0,0,0,0,1,0,0,0,-1.32333,-0.71667,152.9703,196.17,647.8
20128,train,2021-04-06 10:27:00,2021-05-15 10:15:00,59.015,-60.61333,-1.32333,-0.71667,152.9703,0.065594,-0.2784882592206713,-0.9604396334368133,647.8,288.0,0.996751,-0.080549,0.5,-0.866025,0,0,0,1,0,0,0,0,0,0,0,0,0,0,1,0,0,0,0.185,-0.195,23.5964,330.75,288.0
20128,train,2021-05-03 10:15:00,2021-05-17 21:49:00,57.69167,-61.33,0.185,-0.195,23.5964,0.022759,-0.48862124149695535,0.872496007072797,288.0,59.5667,0.855075,-0.518505,0.5,-0.866025,0,0,0,1,0,0,0,0,0,0,0,0,0,0,1,0,0,0,-0.10834,0.11167,13.7424,151.19,59.5667
20129,train,2021-03-13 10:27:00,2021-03-30 21:49:00,60.595,-62.785,-0.41167,1.01167,72.0049,0.069449,0.7768163435563278,-0.6297272174392475,288.0,131.3667,0.94532,0.326144,0.5,-0.866025,0,0,0,1,0,0,0,0,0,0,0,0,0,0,1,0,0,0,-0.45333,-0.23167,52.0317,194.45,131.3667
20129,train,2021-03-25 10:27:00,2021-04-01 10:19:00,60.18333,-61.77333,-0.45333,-0.23167,52.0317,0.110022,-0.24953504062554208,-0.9683657694796988,131.3667,36.5,0.992099,0.125461,0.5,-0.866025,0,0,0,1,0,0,0,0,0,0,0,0,0,0,1,0,0,0,0.00167,0.395,22.1402,89.35,36.5
20129,train,2021-03-30 21:49:00,2021-04-06 10:27:00,59.73,-62.005,0.00167,0.395,22.1402,0.168495,0.99993565026023,0.01134439679537233,36.5,120.1333,0.999209,0.03977,-0.707107,0.707107,0,0,0,1,0,0,0,0,0,0,0,0,0,0,1,0,0,0,-0.00667,-0.01833,1.2672,234.18,120.1333
20129,train,2021-04-01 10:19:00,2021-04-23 10:34:00,59.73167,-61.61,-0.00667,-0.01833,1.2672,0.00293,-0.8108595808323733,-0.5852407540255103,120.1333,408.1167,0.999986,0.005376,0.5,-0.866025,0,0,0,1,0,0,0,0,0,0,0,0,0,0,0,0,1,0,-0.89,-0.22334,99.7732,187.4,408.1167
20129,train,2021-04-06 10:27:00,2021-04-30 10:27:00,59.725,-61.62833,-0.89,-0.22334,99.7732,0.067909,-0.12879559657756262,-0.9916711623830905,408.1167,167.8833,0.996751,-0.080549,0.5,-0.866025,0,0,0,1,0,0,0,0,0,0,0,0,0,0,0,0,1,0,0.17,-0.13166,20.3579,338.26,167.8833
20131,val,2021-03-13 10:27:00,2021-04-01 10:19:00,60.38667,-62.95167,-0.45167,1.40834,92.6997,0.089409,0.8462861576940649,-0.532728579386742,288.0,167.8667,0.94532,0.326144,0.5,-0.866025,0,0,0,1,0,0,0,0,0,0,0,0,0,0,1,0,0,0,-0.09667,0.16833,14.2735,138.79,167.8667
20131,val,2021-03-25 10:27:00,2021-04-06 10:27:00,59.935,-61.54333,-0.09667,0.16833,14.2735,0.023619,0.658820771260613,-0.752299934438101,167.8667,120.1333,0.992099,0.125461,0.5,-0.866025,0,0,0,1,0,0,0,0,0,0,0,0,0,0,0,0,1,0,-0.09833,-0.015,10.966,184.4,120.1333
20131,val,2021-04-01 10:19:00,2021-04-10 10:26:00,59.83833,-61.375,-0.09833,-0.015,10.966,0.025356,-0.07671902812681863,-0.9970527522269202,120.1333,95.9833,0.999986,0.005376,0.5,-0.866025,0,0,0,1,0,0,0,0,0,0,0,0,0,0,0,0,1,0,-0.22333,0.82167,52.4463,117.91,95.9833
20131,val,2021-04-06 10:27:00,2021-04-19 15:48:00,59.74,-61.39,-0.22333,0.82167,52.4463,0.151781,0.883683947469317,-0.4680840533334216,95.9833,221.3667,0.996751,-0.080549,0.5,-0.866025,0,0,0,1,0,0,0,0,0,0,0,0,0,0,0,0,1,0,-0.675,0.85333,89.424,146.7,221.3667
20131,val,2021-04-10 10:26:00,2021-04-30 10:27:00,59.51667,-60.56833,-0.675,0.85333,89.424,0.112212,0.549022817998132,-0.83580736136827,221.3667,258.65,0.988854,-0.14889,0.5,-0.866025,0,0,0,1,0,0,0,0,0,0,0,0,0,0,0,0,1,0,-0.52834,-0.24167,60.396,193.52,258.65
20132,test,2021-03-13 10:27:00,2021-03-27 15:26:00,60.18,-61.49167,-2.455,1.16334,281.0064,0.464996,0.24581495262761777,-0.969316774364646,167.8667,173.1167,0.94532,0.326144,0.5,-0.866025,0,0,0,1,0,0,0,0,0,0,0,0,0,0,1,0,0,0,-0.52667,0.56166,67.5126,149.92,173.1167
20132,test,2021-03-20 10:19:00,2021-04-01 10:19:00,57.725,-60.32833,-0.52667,0.56166,67.5126,0.108329,0.5012087117954644,-0.8653264281300618,173.1167,114.8833,0.977653,0.210225,0.5,-0.866025,0,0,0,1,0,0,0,0,0,0,0,0,0,0,1,0,0,0,-0.09833,0.14167,13.8769,141.93,114.8833
20132,test,2021-03-27 15:26:00,2021-04-06 10:27:00,57.19833,-59.76667,-0.09833,0.14167,13.8769,0.033553,0.6166237523636591,-0.7872579933039492,114.8833,120.1333,0.995827,0.091261,-0.707107,-0.707107,0,0,0,0,0,1,0,0,0,0,0,0,0,0,1,0,0,0,0.11667,-0.82333,51.316,284.99,120.1333
20132,test,2021-04-01 10:19:00,2021-04-11 21:48:00,57.1,-59.625,0.11667,-0.82333,51.316,0.118655,-0.9659709840219863,0.25865045530134967,120.1333,131.35,0.999986,0.005376,0.5,-0.866025,0,0,0,1,0,0,0,0,0,0,0,0,0,0,1,0,0,0,-0.56834,0.53,70.9063,152.81,131.35
20132,test,2021-04-06 10:27:00,2021-04-19 18:10:00,57.21667,-60.44833,-0.56834,0.53,70.9063,0.149952,0.45694268765613183,-0.8894961383826187,131.35,188.3667,0.996751,-0.080549,0.5,-0.866025,0,0,0,1,0,0,0,0,0,0,0,0,0,0,1,0,0,0,-0.66666,0.51166,80.5653,156.73,188.3667
20132,test,2021-04-11 21:48:00,2021-04-27 10:03:00,56.64833,-59.91833,-0.66666,0.51166,80.5653,0.118807,0.3950645509636932,-0.918653362575817,188.3667,183.8833,0.986146,-0.165878,-0.707107,0.707107,0,0,0,1,0,0,0,0,0,0,0,0,0,0,1,0,0,0,-0.30667,1.24834,85.095,113.11,183.8833
20132,test,2021-04-19 18:10:00,2021-04-30 13:22:00,55.98167,-59.40667,-0.30667,1.24834,85.095,0.128546,0.9197530075677777,-0.3924976497636993,183.8833,75.3167,0.954067,-0.299595,-1.0,-0.0,0,0,0,0,0,1,0,0,0,0,0,0,0,0,1,0,0,0,-0.22,0.54833,42.2744,125.13,75.3167
20132,test,2021-04-27 10:03:00,2021-05-09 10:03:00,55.675,-58.15833,-0.22,0.54833,42.2744,0.155913,0.8178485332426552,-0.5754335553935289,75.3167,212.6833,0.903946,-0.427646,0.5,-0.866025,0,0,0,1,0,0,0,0,0,0,0,0,0,0,1,0,0,0,0.14833,0.67,45.2771,68.36,212.6833
20134,train,2021-03-13 10:27:00,2021-03-27 15:26:00,60.19833,-61.44167,-2.38666,1.24334,274.7557,0.454653,0.26807920042374783,-0.9633968768374558,167.8667,173.1167,0.94532,0.326144,0.5,-0.866025,0,0,0,1,0,0,0,0,0,0,0,0,0,0,1,0,0,0,-0.415,0.31166,49.7409,157.95,173.1167
20134,train,2021-03-20 10:19:00,2021-03-30 21:49:00,57.81167,-60.19833,-0.415,0.31166,49.7409,0.079813,0.3754155712252832,-0.9268565956401208,173.1167,78.3833,0.977653,0.210225,0.5,-0.866025,0,0,0,1,0,0,0,0,0,0,0,0,0,0,1,0,0,0,-0.19667,-0.105,22.7602,196.13,78.3833
20134,train,2021-03-27 15:26:00,2021-04-11 10:02:00,57.39667,-59.88667,-0.19667,-0.105,22.7602,0.080659,-0.277817678054436,-0.9606338208497771,78.3833,276.2167,0.995827,0.091261,-0.707107,-0.707107,0,0,0,0,0,1,0,0,0,0,0,0,0,0,1,0,0,0,-0.63333,0.42334,74.9719,159.76,276.2167
20134,train,2021-03-30 21:49:00,2021-04-11 21:48:00,57.2,-59.99167,-0.63333,0.42334,74.9719,0.075396,0.34595330652840506,-0.9382517304551393,276.2167,11.7667,0.999209,0.03977,-0.707107,0.707107,0,0,0,1,0,0,0,0,0,0,0,0,0,0,1,0,0,0,0.00166,0.0,0.1846,0.0,11.7667
20134,train,2021-04-11 10:02:00,2021-04-12 10:08:00,56.56667,-59.56833,0.00166,0.0,0.1846,0.004357,0.0,1.0,11.7667,12.3333,0.986146,-0.165878,0.5,-0.866025,0,0,0,1,0,0,0,0,0,0,0,0,0,0,1,0,0,0,-0.00166,0.0,0.1846,180.0,12.3333
20134,train,2021-04-11 21:48:00,2021-04-15 10:03:00,56.56833,-59.56833,-0.00166,0.0,0.1846,0.004157,1.2246467991473532e-16,-1.0,12.3333,71.9167,0.986146,-0.165878,-0.707107,0.707107,0,0,0,1,0,0,0,0,0,0,0,0,0,0,1,0,0,0,-0.45667,1.25333,92.441,122.8,71.9167
20134,train,2021-04-12 10:08:00,2021-04-18 15:16:00,56.56667,-59.56833,-0.45667,1.25333,92.441,0.357053,0.8405666034956844,-0.5417082102827397,71.9167,77.2167,0.983147,-0.182817,0.5,-0.866025,0,0,0,1,0,0,0,0,0,0,0,0,0,0,1,0,0,0,-0.23,0.155,27.331,159.28,77.2167
20134,train,2021-04-15 10:03:00,2021-04-19 18:30:00,56.11,-58.315,-0.23,0.155,27.331,0.09832,0.3538013538038292,-0.9353205878449259,77.2167,27.2333,0.972408,-0.233289,0.5,-0.866025,0,0,0,1,0,0,0,0,0,0,0,0,0,0,1,0,0,0,0.09,0.605,38.9973,74.88,27.2333
20134,train,2021-04-18 15:16:00,2021-04-28 09:56:00,55.88,-58.16,0.09,0.605,38.9973,0.397769,0.9653816388332739,0.260841506289897,27.2333,207.4333,0.959079,-0.283139,-0.707107,-0.707107,0,0,0,0,0,1,0,0,0,0,0,0,0,0,1,0,0,0,-0.40167,1.60667,109.9721,113.3,207.4333
20134,train,2021-04-19 18:30:00,2021-04-30 13:22:00,55.97,-57.555,-0.40167,1.60667,109.9721,0.147266,0.9184463813430872,-0.3955455025629649,207.4333,51.4333,0.954067,-0.299595,-1.0,-0.0,0,0,0,0,0,1,0,0,0,0,0,0,0,0,1,0,0,0,-0.18666,0.71666,49.7055,114.39,51.4333
20134,train,2021-04-28 09:56:00,2021-05-14 21:08:00,55.56833,-55.94833,-0.18666,0.71666,49.7055,0.268446,0.910755747259856,-0.4129454792501565,51.4333,343.7667,0.896456,-0.443132,0.707107,-0.707107,0,0,0,1,0,0,0,0,0,0,0,0,0,0,1,0,0,0,-1.29667,1.37334,168.9981,147.99,343.7667
20134,train,2021-04-30 13:22:00,2021-05-16 09:56:00,55.38167,-55.23167,-1.29667,1.37334,168.9981,0.136558,0.5300672684762535,-0.8479555948810783,343.7667,36.8,0.880683,-0.473706,-0.258819,-0.965926,0,0,0,1,0,0,0,0,0,0,0,0,0,0,1,0,0,0,-0.14,-0.155,18.5714,213.11,36.8
20134,train,2021-05-14 21:08:00,2021-05-16 16:46:00,54.085,-53.85833,-0.14,-0.155,18.5714,0.140182,-0.5462481621941846,-0.8376233910890238,36.8,6.8333,0.742281,-0.670089,-0.707107,0.707107,0,0,0,1,0,0,0,0,0,0,0,0,0,0,1,0,0,0,-0.05167,-0.01834,5.8696,191.81,6.8333
20134,train,2021-05-16 09:56:00,2021-05-17 09:48:00,53.945,-54.01333,-0.05167,-0.01834,5.8696,0.238603,-0.20466689331501284,-0.9788316825587436,6.8333,17.0333,0.718792,-0.695225,0.707107,-0.707107,0,0,0,1,0,0,0,0,0,0,0,0,0,0,1,0,0,0,-0.145,0.01167,16.1415,177.28,17.0333
20134,train,2021-05-16 16:46:00,2021-05-21 20:58:00,53.89333,-54.03167,-0.145,0.01167,16.1415,0.263233,0.04745512617633094,-0.9988733708531771,17.0333,107.1667,0.718792,-0.695225,-0.866025,-0.5,0,0,0,0,0,1,0,0,0,0,0,0,0,0,1,0,0,0,0.27,-0.15167,31.6255,341.74,107.1667
20134,train,2021-05-17 09:48:00,2021-05-23 09:47:00,53.74833,-54.02,0.27,-0.15167,31.6255,0.081974,-0.3133295554797058,0.9496444543421975,107.1667,36.8167,0.706727,-0.707487,0.707107,-0.707107,0,0,0,1,0,0,0,0,0,0,0,0,0,0,1,0,0,0,-0.075,0.02834,8.543,167.46,36.8167
20134,train,2021-05-21 20:58:00,2021-05-28 18:15:00,54.01833,-54.17167,-0.075,0.02834,8.543,0.064456,0.21712114432965024,-0.9761446658590023,36.8167,128.4667,0.656411,-0.754404,-0.866025,0.5,0,0,0,1,0,0,0,0,0,0,0,0,0,0,0,0,1,0,-0.41166,0.015,45.7851,178.76,128.4667
20137,train,2021-03-15 10:11:00,2021-03-24 15:16:00,55.95,-59.79333,-0.70167,1.16166,106.8304,0.199251,0.6892402737214692,-0.7245328461017859,148.9333,72.15,0.955979,0.293434,0.5,-0.866025,0,0,0,1,0,0,0,0,0,0,0,0,0,0,0,0,1,0,-0.17833,0.53834,39.5312,119.89,72.15
20137,train,2021-03-21 15:07:00,2021-04-03 10:03:00,55.24833,-58.63167,-0.17833,0.53834,39.5312,0.152195,0.8669837382549639,-0.4983364301367583,72.15,234.7833,0.981125,0.193376,-0.707107,-0.707107,0,0,0,0,0,1,0,0,0,0,0,0,0,0,1,0,0,0,-0.21,0.50666,39.8909,125.62,234.7833
20137,train,2021-03-24 15:16:00,2021-04-10 09:55:00,55.07,-58.09333,-0.21,0.50666,39.8909,0.047196,0.8128975122646089,-0.5824067603951812,234.7833,167.8667,0.989794,0.142508,-0.707107,-0.707107,0,0,0,0,0,1,0,0,0,0,0,0,0,0,0,0,1,0,-0.84,0.55167,99.9837,158.87,167.8667
20137,train,2021-04-03 10:03:00,2021-04-21 12:19:00,54.86,-57.58667,-0.84,0.55167,99.9837,0.165448,0.3604852520786719,-0.9327649130588995,167.8667,266.4,0.999579,-0.029025,0.5,-0.866025,0,0,0,1,0,0,0,0,0,0,0,0,0,0,0,0,1,0,0.27833,0.51833,45.79,47.27,266.4
20137,train,2021-04-10 09:55:00,2021-04-22 09:55:00,54.02,-57.035,0.27833,0.51833,45.79,0.047746,0.7345594108528795,0.678544377272018,266.4,21.6,0.988854,-0.14889,0.707107,-0.707107,0,0,0,1,0,0,0,0,0,0,0,0,0,0,1,0,0,0,-0.12333,0.15334,16.9519,143.93,21.6
20137,train,2021-04-21 12:19:00,2021-05-04 09:55:00,54.29833,-56.51667,-0.12333,0.15334,16.9519,0.218003,0.5887732140930065,-0.8082982756177268,21.6,288.0,0.943196,-0.332235,0.0,-1.0,1,0,0,0,0,0,0,0,0,0,0,0,0,0,1,0,0,0,-0.52667,1.365,106.8741,122.67,288.0
20138,train,2021-03-15 11:46:00,2021-03-24 15:56:00,52.42,-53.375,-0.795,-0.02667,88.4188,0.123638,-0.02076792491802673,-0.9997843233890994,198.65,21.5167,0.955979,0.293434,0.258819,-0.965926,0,0,0,1,0,0,0,0,0,0,0,0,0,0,0,0,1,0,0.0,0.20167,13.9214,89.92,21.5167
20138,train,2021-03-23 18:25:00,2021-04-01 18:13:00,51.625,-53.40167,0.0,0.20167,13.9214,0.179723,0.9999990252244151,0.0013962629479142505,21.5167,194.2833,0.987196,0.159513,-1.0,-0.0,0,0,0,1,0,0,0,0,0,0,0,0,0,0,0,0,1,0,-0.49667,-0.36333,60.7121,204.68,194.2833
20138,train,2021-03-24 15:56:00,2021-04-01 20:08:00,51.625,-53.2,-0.49667,-0.36333,60.7121,0.086803,-0.4175499191700167,-0.9086539852997468,194.2833,1.9167,0.989794,0.142508,-0.707107,-0.707107,0,0,0,0,0,1,0,0,0,0,0,0,0,0,0,0,1,0,-0.08333,-0.09,11.197,214.19,1.9167
20139,train,2021-03-15 11:55:00,2021-03-24 09:47:00,52.575,-52.97,-0.94,0.535,110.7251,0.159984,0.33347779495006696,-0.9427579542359964,192.25,21.6167,0.955979,0.293434,0.258819,-0.965926,0,0,0,1,0,0,0,0,0,0,0,0,0,0,0,0,1,0,-0.025,0.115,8.4116,109.25,21.6167
20139,train,2021-03-23 12:10:00,2021-03-24 17:39:00,51.635,-52.435,-0.025,0.115,8.4116,0.10809,0.9440890203927843,-0.3296906452627872,21.6167,7.8667,0.987196,0.159513,0.0,-1.0,0,0,0,1,0,0,0,0,0,0,0,0,0,0,0,0,1,0,-0.08167,0.025,9.2442,169.22,7.8667
20139,train,2021-03-24 09:47:00,2021-03-25 09:40:00,51.61,-52.32,-0.08167,0.025,9.2442,0.32642,0.18703842024225384,-0.9823525993009241,7.8667,16.0167,0.989794,0.142508,0.707107,-0.707107,0,0,0,1,0,0,0,0,0,0,0,0,0,0,1,0,0,0,-0.16333,0.09333,19.2788,160.36,16.0167
20139,train,2021-03-24 17:39:00,2021-04-01 16:07:00,51.52833,-52.295,-0.16333,0.09333,19.2788,0.334353,0.33610916812108405,-0.9418230338577163,16.0167,174.45,0.989794,0.142508,-0.965926,-0.258819,0,0,0,0,0,1,0,0,0,0,0,0,0,0,0,0,1,0,0.075,0.805,56.4606,81.19,174.45
20143,val,2021-03-15 13:55:00,2021-03-23 17:11:00,55.66667,-59.32667,-0.65167,1.56334,122.5673,0.23448,0.8131007610470277,-0.5821229701572893,145.2,50.0667,0.955979,0.293434,-0.258819,-0.965926,0,0,0,1,0,0,0,0,0,0,0,0,0,0,0,0,1,0,-0.13,0.23333,20.7598,134.04,50.0667
20143,val,2021-03-21 15:07:00,2021-03-28 14:52:00,55.015,-57.76333,-0.13,0.23333,20.7598,0.115178,0.7188546620496636,-0.6951603950524395,50.0667,117.6833,0.981125,0.193376,-0.707107,-0.707107,0,0,0,0,0,1,0,0,0,0,0,0,0,0,0,0,1,0,-0.76833,0.92333,104.1781,144.71,117.6833
20144,val,2021-03-15 21:22:00,2021-04-01 15:17:00,50.88,-54.735,-0.435,-0.32,53.37,0.22884,-0.424515500038186,-0.9054206703115016,64.7833,337.1333,0.955979,0.293434,-0.707107,0.707107,0,0,0,1,0,0,0,0,0,0,0,0,1,0,0,0,0,0,-1.00833,2.62,218.4419,119.87,337.1333
20144,val,2021-03-18 14:09:00,2021-04-01 19:43:00,50.445,-55.055,-1.00833,2.62,218.4419,0.179983,0.8671576376615324,-0.49803376536663707,337.1333,4.4333,0.969843,0.24373,-0.5,-0.866025,0,0,0,0,0,1,0,0,0,0,0,0,1,0,0,0,0,0,0.11666,-0.04833,13.4334,344.96,4.4333
20144,val,2021-04-01 15:17:00,2021-04-11 09:33:00,49.43667,-52.435,0.11666,-0.04833,13.4334,0.841692,-0.25949332541506615,0.9657449011333327,4.4333,229.8333,0.999986,0.005376,-0.707107,-0.707107,0,0,0,1,0,0,0,0,0,0,0,0,1,0,0,0,0,0,-0.59666,-0.48167,74.9915,207.97,229.8333
20145,test,2021-03-15 10:11:00,2021-03-23 17:11:00,56.70167,-58.31667,-1.05167,0.92,130.0653,0.242587,0.4438533540113721,-0.8960994365207778,148.9333,50.0667,0.955979,0.293434,0.5,-0.866025,0,0,0,1,0,0,0,0,0,0,0,0,0,0,1,0,0,0,-0.03,0.38334,24.2906,97.74,50.0667
20145,test,2021-03-21 15:07:00,2021-03-28 14:52:00,55.65,-57.39667,-0.03,0.38334,24.2906,0.134768,0.9908894182223387,-0.13467798949715257,50.0667,117.6833,0.981125,0.193376,-0.707107,-0.707107,0,0,0,0,0,1,0,0,0,0,0,0,0,0,1,0,0,0,-0.93667,1.38,136.1412,139.34,117.6833
20145,test,2021-03-23 17:11:00,2021-03-29 09:55:00,55.62,-57.01333,-0.93667,1.38,136.1412,0.321345,0.6515689673474031,-0.7585894019756925,117.6833,19.05,0.987196,0.159513,-0.965926,-0.258819,0,0,0,1,0,0,0,0,0,0,0,0,0,0,0,0,1,0,-0.19,0.3,28.6352,137.42,19.05
20145,test,2021-03-28 14:52:00,2021-04-02 21:24:00,54.68333,-55.63333,-0.19,0.3,28.6352,0.417545,0.6766189820945453,-0.7363333165553093,19.05,107.4833,0.99725,0.074117,-0.5,-0.866025,0,0,0,1,0,0,0,0,0,0,0,0,0,0,1,0,0,0,-0.03833,0.465,30.3453,97.88,107.4833
20145,test,2021-03-29 09:55:00,2021-04-10 09:55:00,54.49333,-55.33333,-0.03833,0.465,30.3453,0.078424,0.9905573800893929,-0.13709878464245406,107.4833,180.5167,0.998377,0.056952,0.707107,-0.707107,0,0,0,1,0,0,0,0,0,0,0,0,0,0,1,0,0,0,0.05667,0.47,31.0078,78.08,180.5167
20145,test,2021-04-02 21:24:00,2021-04-10 20:50:00,54.455,-54.86833,0.05667,0.47,31.0078,0.047715,0.978436946649733,0.20654573689802344,180.5167,10.9167,0.99993,-0.011826,-0.707107,0.707107,0,0,0,1,0,0,0,0,0,0,0,0,0,0,1,0,0,0,-0.05,0.135,10.3416,122.47,10.9167
20145,test,2021-04-10 09:55:00,2021-04-11 09:48:00,54.51167,-54.39833,-0.05,0.135,10.3416,0.263145,0.8436726596068169,-0.5368579359867562,10.9167,12.9667,0.988854,-0.14889,0.707107,-0.707107,0,0,0,1,0,0,0,0,0,0,0,0,0,0,1,0,0,0,0.03,-0.17834,11.9954,286.22,12.9667
20145,test,2021-04-10 20:50:00,2021-04-17 09:47:00,54.46167,-54.26333,0.03,-0.17834,11.9954,0.25697,-0.9601962409068011,0.2793262947673354,12.9667,143.9833,0.988854,-0.14889,-0.866025,0.5,0,0,0,1,0,0,0,0,0,0,0,0,0,1,0,0,0,0,-0.10334,-0.42833,29.9873,247.64,143.9833
20147,train,2021-03-18 14:30:00,2021-04-01 20:37:00,51.67333,-55.225,-1.10833,0.785,134.8694,0.110279,0.41119619378086625,-0.9115468667162037,339.7167,2.4,0.969843,0.24373,-0.5,-0.866025,0,0,0,0,0,0,1,0,0,0,0,0,1,0,0,0,0,0,0.17,-0.04667,19.1874,350.14,2.4
20148,test,2021-03-18 15:11:00,2021-04-01 17:25:00,53.895,-56.11333,-0.57667,0.74166,80.6586,0.093478,0.6108363346327699,-0.7917568896399972,239.6833,98.55,0.969843,0.24373,-0.707107,-0.707107,0,0,1,0,0,0,0,0,0,0,0,0,0,0,0,0,1,0,-0.67333,0.93667,97.6603,139.68,98.55
20148,test,2021-03-28 14:52:00,2021-04-14 18:09:00,53.31833,-55.37167,-0.67333,0.93667,97.6603,0.27527,0.6470559615694442,-0.762442511011448,98.55,312.7333,0.99725,0.074117,-0.5,-0.866025,0,0,0,1,0,0,0,0,0,0,0,0,0,0,0,0,1,0,-0.82781,-1.15337,121.0048,220.93,312.7333
20148,test,2021-04-01 17:25:00,2021-04-16 16:52:00,52.645,-54.435,-0.82781,-1.15337,121.0048,0.10748,-0.6551364878997906,-0.7555105440841494,312.7333,46.7167,0.999986,0.005376,-0.965926,-0.258819,0,0,0,1,0,0,0,0,0,0,0,0,0,0,0,0,1,0,-0.26386,-0.54663,47.7587,232.31,46.7167
20148,test,2021-04-14 18:09:00,2021-04-17 18:19:00,51.81719,-55.58837,-0.26386,-0.54663,47.7587,0.283974,-0.7913302525190867,-0.6113889363147474,46.7167,25.45,0.976277,-0.216527,-1.0,-0.0,0,0,0,0,0,1,0,0,0,0,1,0,0,0,0,0,0,0,-0.08666,-0.18167,15.8406,232.6,25.45
20148,test,2021-04-16 16:52:00,2021-04-21 10:05:00,51.55333,-56.135,-0.08666,-0.18167,15.8406,0.172894,-0.7944146205354179,-0.607375839723287,25.45,87.7667,0.968251,-0.249981,-0.866025,-0.5,0,0,1,0,0,0,0,0,0,0,0,0,0,0,0,0,1,0,-0.33167,-0.77,65.006,235.74,87.7667
20148,test,2021-04-17 18:19:00,2021-04-21 14:56:00,51.46667,-56.31667,-0.33167,-0.77,65.006,0.205741,-0.8264915085476581,-0.5629491862491821,87.7667,4.85,0.963807,-0.266599,-1.0,-0.0,0,0,0,0,0,1,0,0,0,0,0,0,0,0,0,0,1,0,0.06167,0.07334,8.5542,36.68,4.85
20148,test,2021-04-21 10:05:00,2021-04-29 16:49:00,51.135,-57.08667,0.06167,0.07334,8.5542,0.489931,0.597345238074712,0.8019842059227013,4.85,193.8833,0.943196,-0.332235,0.5,-0.866025,0,0,0,1,0,0,0,0,0,0,0,0,0,0,0,0,1,0,-0.035,-1.105,77.1234,267.54,193.8833
20149,train,2021-03-18 15:12:00,2021-03-28 14:52:00,53.97833,-56.155,-0.235,1.10333,76.9262,0.17914,0.9431646705278075,-0.33232575023337013,119.2833,120.3833,0.969843,0.24373,-0.707107,-0.707107,0,1,0,0,0,0,0,0,0,0,0,0,0,0,0,0,1,0,-0.26166,-0.16666,31.103,200.77,120.3833
20149,train,2021-03-23 14:29:00,2021-04-01 17:25:00,53.74333,-55.05167,-0.26166,-0.16666,31.103,0.071768,-0.35461744017364966,-0.9350114818143614,120.3833,98.55,0.987196,0.159513,-0.5,-0.866025,0,0,0,1,0,0,0,0,0,0,1,0,0,0,0,0,0,0,-0.65334,0.88,93.3833,140.72,98.55
20149,train,2021-03-28 14:52:00,2021-04-02 19:58:00,53.48167,-55.21833,-0.65334,0.88,93.3833,0.263215,0.6331107128543858,-0.7740612542099052,98.55,26.55,0.99725,0.074117,-0.5,-0.866025,0,0,0,1,0,0,0,0,0,0,0,0,0,0,0,0,1,0,-0.06666,0.35833,25.2071,106.96,26.55
20149,train,2021-04-01 17:25:00,2021-04-15 18:54:00,52.82833,-54.33833,-0.06666,0.35833,25.2071,0.263728,0.9565086368562778,-0.2917040068619989,26.55,310.9333,0.999986,0.005376,-0.965926,-0.258819,0,0,0,1,0,0,0,0,0,0,0,0,0,0,0,0,1,0,-1.16834,-0.61667,136.5475,198.18,310.9333
20152,train,2021-03-18 19:50:00,2021-03-31 09:39:00,52.435,-54.55,-0.34,0.575,54.41,0.108824,0.7218810188775046,-0.6920171924052003,138.8833,162.9333,0.969843,0.24373,-0.965926,0.258819,0,0,0,0,0,1,0,0,0,0,0,0,1,0,0,0,0,0,-0.75667,0.37167,87.9473,162.93,162.9333
20152,train,2021-03-24 14:43:00,2021-04-01 18:13:00,52.095,-53.975,-0.75667,0.37167,87.9473,0.149937,0.2935398328964855,-0.9559468429275256,162.9333,32.5667,0.989794,0.142508,-0.5,-0.866025,0,0,0,0,0,1,0,0,0,0,0,0,0,0,0,0,1,0,-0.145,-0.165,19.7926,215.52,32.5667
20152,train,2021-03-31 09:39:00,2021-04-01 20:12:00,51.33833,-53.60333,-0.145,-0.165,19.7926,0.168822,-0.5809871002524597,-0.8139127651906182,32.5667,1.9833,0.999745,0.022576,0.707107,-0.707107,0,0,0,1,0,0,0,0,0,0,0,0,0,0,0,0,1,0,-0.01666,0.17833,12.5665,98.41,1.9833
20153,train,2021-03-17 15:26:00,2021-04-21 17:34:00,56.7,-60.73167,-0.58833,1.84834,131.187,0.217125,0.8734324839837689,-0.486945269945138,167.8333,674.3,0.965507,0.260376,-0.707107,-0.707107,0,0,0,0,0,1,0,0,0,0,0,0,0,0,0,0,1,0,-2.19167,5.16833,409.6551,124.35,674.3
20153,train,2021-03-24 15:16:00,2021-04-23 09:48:00,56.11167,-58.88333,-2.19167,5.16833,409.6551,0.168757,0.8256062107545517,-0.564246741030474,674.3,40.2333,0.989794,0.142508,-0.707107,-0.707107,0,0,0,0,0,1,0,0,0,0,0,0,0,0,0,0,1,0,-0.135,-0.57667,40.6936,248.59,40.2333
20153,train,2021-04-21 17:34:00,2021-04-29 09:47:00,53.92,-53.715,-0.135,-0.57667,40.6936,0.280956,-0.9309921186695528,-0.3650392786744699,40.2333,143.9833,0.943196,-0.332235,-0.965926,-0.258819,0,0,0,0,0,1,0,0,0,0,0,0,0,0,0,0,1,0,0.40333,0.34167,50.1034,26.34,143.9833
20153,train,2021-04-23 09:48:00,2021-05-02 21:05:00,53.785,-54.29167,0.40333,0.34167,50.1034,0.096661,0.4436969483959675,0.8961768898962449,143.9833,83.3,0.93121,-0.364483,0.707107,-0.707107,0,0,0,1,0,0,0,0,0,0,0,0,0,0,1,0,0,0,0.24334,0.06667,27.4016,9.05,83.3
20153,train,2021-04-29 09:47:00,2021-05-16 09:56:00,54.18833,-53.95,0.24334,0.06667,27.4016,0.091375,0.15729632604135466,0.9875514497047189,83.3,324.85,0.888701,-0.458487,0.707107,-0.707107,0,0,0,1,0,0,0,0,0,0,0,0,0,0,0,0,1,0,-0.235,-1.98,131.0583,259.3,324.85
20154,val,2021-03-17 15:26:00,2021-04-03 10:02:00,56.69667,-60.75333,-0.705,1.94833,143.3827,0.23731,0.844981931132099,-0.534794854182675,167.8333,234.7667,0.965507,0.260376,-0.707107,-0.707107,0,0,0,0,0,1,0,0,0,0,0,0,0,0,0,0,1,0,-0.82667,3.00667,210.1327,114.69,234.7667
20154,val,2021-03-24 15:16:00,2021-04-04 09:56:00,55.99167,-58.805,-0.82667,3.00667,210.1327,0.248631,0.9085810952517158,-0.41770850284761074,234.7667,23.9,0.989794,0.142508,-0.707107,-0.707107,0,0,0,0,0,1,0,0,0,0,0,0,0,0,1,0,0,0,0.13,0.26,21.9268,48.65,23.9
20159,val,2021-03-17 15:26:00,2021-03-22 10:03:00,56.40167,-60.04167,-0.63667,1.29,106.8518,0.310201,0.755167411873159,-0.6555319824728575,95.6833,18.9333,0.965507,0.260376,-0.707107,-0.707107,0,0,0,0,0,1,0,0,0,0,0,0,0,0,1,0,0,0,-0.10333,0.26667,20.2742,124.41,18.9333
20159,val,2021-03-21 15:07:00,2021-03-23 17:11:00,55.765,-58.75167,-0.10333,0.26667,20.2742,0.29745,0.8250148803678498,-0.5651110042917432,18.9333,31.1333,0.981125,0.193376,-0.707107,-0.707107,0,0,0,0,0,1,0,0,0,0,0,0,0,0,0,0,1,0,0.00666,0.39167,24.5756,88.11,31.1333
20159,val,2021-03-22 10:03:00,2021-04-02 21:24:00,55.66167,-58.485,0.00666,0.39167,24.5756,0.219269,0.9994559873895001,0.032980740914650135,31.1333,244.2167,0.984306,0.176471,0.5,-0.866025,0,0,0,1,0,0,0,0,0,0,0,0,0,0,1,0,0,0,-0.38333,2.40166,157.2281,104.74,244.2167
20159,val,2021-03-23 17:11:00,2021-04-03 10:02:00,55.66833,-58.09333,-0.38333,2.40166,157.2281,0.178835,0.9670903606075475,-0.2544331629720541,244.2167,12.6333,0.987196,0.159513,-0.965926,-0.258819,0,0,0,1,0,0,0,0,0,0,0,0,0,0,0,0,1,0,0.12167,0.23,19.8625,46.97,12.6333
20159,val,2021-04-02 21:24:00,2021-04-05 09:47:00,55.285,-55.69167,0.12167,0.23,19.8625,0.436729,0.7309965078768156,0.6823812024608391,12.6333,47.75,0.99993,-0.011826,-0.707107,0.707107,0,0,0,1,0,0,0,0,0,0,0,0,0,0,1,0,0,0,-0.23334,0.78834,56.2556,117.14,47.75
20159,val,2021-04-03 10:02:00,2021-04-11 09:48:00,55.40667,-55.46167,-0.23334,0.78834,56.2556,0.327258,0.8898945573566307,-0.45616628194885944,47.75,144.0167,0.999579,-0.029025,0.5,-0.866025,0,0,0,1,0,0,0,0,0,0,0,0,0,0,1,0,0,0,-0.605,0.45833,73.3866,156.26,144.0167
20160,train,2021-03-17 15:26:00,2021-03-23 17:11:00,56.46167,-59.285,-0.60834,0.44667,73.0807,0.21216,0.3815544152630361,-0.9243463789041869,95.6833,50.0667,0.965507,0.260376,-0.707107,-0.707107,0,0,0,0,0,1,0,0,0,0,0,0,0,0,0,0,1,0,-0.005,0.74,46.1933,90.38,50.0667
20160,train,2021-03-21 15:07:00,2021-04-02 16:22:00,55.85333,-58.83833,-0.005,0.74,46.1933,0.256288,0.9999780067029094,-0.006632202535817103,50.0667,239.1833,0.981125,0.193376,-0.707107,-0.707107,0,0,0,0,0,1,0,0,0,0,0,0,0,0,0,0,1,0,-0.30666,3.37666,214.32,97.76,239.1833
20160,train,2021-03-23 17:11:00,2021-04-05 09:21:00,55.84833,-58.09833,-0.30666,3.37666,214.32,0.248903,0.9908423463679246,-0.13502386694249935,239.1833,64.9833,0.987196,0.159513,-0.965926,-0.258819,0,0,0,1,0,0,0,0,0,0,0,0,0,0,1,0,0,0,-0.43667,1.27,93.8752,120.62,64.9833
20160,train,2021-04-02 16:22:00,2021-04-12 09:39:00,55.54167,-54.72167,-0.43667,1.27,93.8752,0.401279,0.8605642855934724,-0.5093418403793236,64.9833,168.3,0.99993,-0.011826,-0.866025,-0.5,0,0,0,0,0,1,0,0,0,0,0,0,0,0,0,0,1,0,-1.205,0.83834,144.5078,157.66,168.3
20161,train,2021-03-17 15:26:00,2021-04-12 21:41:00,56.14167,-60.08,-0.64334,2.15667,152.5293,0.08027,0.8904512053274407,-0.4550787304751871,527.8333,102.4167,0.965507,0.260376,-0.707107,-0.707107,0,0,0,0,0,1,0,0,0,0,0,0,0,0,0,0,1,0,-0.225,0.18666,27.6577,154.69,102.4167
20161,train,2021-04-08 15:16:00,2021-04-18 15:16:00,55.49833,-57.92333,-0.225,0.18666,27.6577,0.075014,0.427515649049373,-0.9040079478731884,102.4167,137.5833,0.99339,-0.114788,-0.707107,-0.707107,0,0,0,0,0,1,0,0,0,0,0,0,0,0,1,0,0,0,-0.30666,0.445,44.3106,140.13,137.5833
20161,train,2021-04-12 21:41:00,2021-04-21 19:20:00,55.27333,-57.73667,-0.30666,0.445,44.3106,0.089462,0.6410478569248128,-0.7675009088803119,137.5833,76.0667,0.983147,-0.182817,-0.707107,0.707107,0,0,0,1,0,0,0,0,0,0,0,0,0,0,1,0,0,0,0.0,0.19834,12.6604,89.92,76.0667
20161,train,2021-04-18 15:16:00,2021-04-27 10:03:00,54.96667,-57.29167,0.0,0.19834,12.6604,0.046233,0.9999990252244151,0.0013962629479142505,76.0667,134.7167,0.959079,-0.283139,-0.707107,-0.707107,0,0,0,0,0,1,0,0,0,0,0,0,0,0,0,0,1,0,-0.19834,-0.07334,22.5482,192.04,134.7167
20161,train,2021-04-21 19:20:00,2021-05-01 10:00:00,54.96667,-57.09333,-0.19834,-0.07334,22.5482,0.046493,-0.20859451594360345,-0.9780022126346412,134.7167,95.95,0.943196,-0.332235,-0.965926,0.258819,0,0,0,0,0,1,0,0,0,0,0,0,0,0,0,0,1,0,-0.00166,0.0,0.1846,180.0,95.95
20161,train,2021-04-27 10:03:00,2021-05-04 09:56:00,54.76833,-57.16667,-0.00166,0.0,0.1846,0.000534,1.2246467991473532e-16,-1.0,95.95,71.9333,0.903946,-0.427646,0.5,-0.866025,0,0,0,1,0,0,0,0,0,0,0,0,0,0,1,0,0,0,-0.35167,0.36,45.465,149.18,71.9333
20161,train,2021-05-01 10:00:00,2021-05-10 09:56:00,54.76667,-57.16667,-0.35167,0.36,45.465,0.175568,0.5123426672359283,-0.8587811079253985,71.9333,144.0,0.872404,-0.488785,0.5,-0.866025,0,0,0,1,0,0,0,0,0,0,0,0,0,0,1,0,0,0,-0.53333,0.13334,59.936,171.62,144.0
20162,test,2021-03-17 15:26:00,2021-03-23 17:22:00,56.04167,-59.99833,-0.72,1.28166,113.4225,0.274884,0.7148389245461193,-0.6992891476018683,114.6167,31.3167,0.965507,0.260376,-0.707107,-0.707107,0,0,0,0,0,1,0,0,0,0,0,0,0,0,0,0,1,0,-0.07834,0.04167,9.102,163.13,31.3167
20162,test,2021-03-22 10:03:00,2021-04-18 15:16:00,55.32167,-58.71667,-0.07834,0.04167,9.102,0.080734,0.2902011673512279,-0.9569656642053489,31.3167,621.9,0.984306,0.176471,0.5,-0.866025,0,0,0,1,0,0,0,0,0,0,0,0,0,0,0,0,1,0,-0.05333,1.425,90.586,93.17,621.9
20163,train,2021-03-17 15:26:00,2021-03-23 17:23:00,55.98833,-59.915,-0.37833,0.97833,74.2201,0.215468,0.8278645842507446,-0.560928007986178,95.6833,50.2667,0.965507,0.260376,-0.707107,-0.707107,0,0,0,0,0,1,0,0,0,0,0,0,0,0,1,0,0,0,-0.265,0.62,48.9365,126.77,50.2667
20163,train,2021-03-21 15:07:00,2021-03-28 14:52:00,55.61,-58.93667,-0.265,0.62,48.9365,0.270427,0.801044909194616,-0.5986042544564726,50.2667,117.4833,0.981125,0.193376,-0.707107,-0.707107,0,0,0,0,0,1,0,0,0,0,0,0,0,0,1,0,0,0,-0.58167,1.42834,111.6197,124.82,117.4833
20163,train,2021-03-23 17:23:00,2021-03-29 09:55:00,55.345,-58.31667,-0.58167,1.42834,111.6197,0.263914,0.8209499424936416,-0.5710001680557427,117.4833,19.05,0.987196,0.159513,-0.965926,-0.258819,0,1,0,0,0,0,0,0,0,0,0,0,0,0,1,0,0,0,-0.28833,0.14666,33.4224,163.53,19.05
20163,train,2021-03-28 14:52:00,2021-04-02 21:24:00,54.76333,-56.88833,-0.28833,0.14666,33.4224,0.487349,0.28351326895545675,-0.9589683135152021,19.05,107.4833,0.99725,0.074117,-0.5,-0.866025,0,0,0,1,0,0,0,0,0,0,0,0,0,0,0,0,1,0,-0.575,0.69334,78.2487,144.51,107.4833
20163,train,2021-03-29 09:55:00,2021-04-22 09:55:00,54.475,-56.74167,-0.575,0.69334,78.2487,0.202224,0.5805608569041806,-0.8142168577416483,107.4833,468.5167,0.998377,0.056952,0.707107,-0.707107,0,0,0,1,0,0,0,0,0,0,0,0,0,0,1,0,0,0,-0.29333,0.01666,32.6352,178.07,468.5167
20163,train,2021-04-02 21:24:00,2021-05-04 09:56:00,53.9,-56.04833,-0.29333,0.01666,32.6352,0.019349,0.03367848472911354,-0.9994327189292689,468.5167,288.0167,0.99993,-0.011826,-0.707107,0.707107,0,0,0,1,0,0,0,0,0,0,0,0,0,0,1,0,0,0,0.3,-0.22833,36.58,335.87,288.0167
20164,train,2021-03-17 15:26:00,2021-03-24 15:16:00,55.99833,-59.49333,-0.40833,1.595,109.5519,0.31804,0.9148187482281097,-0.40386465293505747,95.6833,72.15,0.965507,0.260376,-0.707107,-0.707107,0,0,0,0,0,1,0,0,0,0,0,0,0,0,0,0,1,0,-0.26333,0.65,50.3667,125.28,72.15
20164,train,2021-03-21 15:07:00,2021-03-28 14:52:00,55.59,-57.89833,-0.26333,0.65,50.3667,0.193912,0.816339250717184,-0.5775727034222674,72.15,95.6,0.981125,0.193376,-0.707107,-0.707107,0,0,0,0,0,1,0,0,0,0,0,0,0,0,1,0,0,0,-0.56167,0.36666,66.6798,159.34,95.6
20164,train,2021-03-24 15:16:00,2021-04-05 09:47:00,55.32667,-57.24833,-0.56167,0.36666,66.6798,0.193746,0.3528216945603895,-0.9356905748416702,95.6,186.9167,0.989794,0.142508,-0.707107,-0.707107,0,0,0,0,0,1,0,0,0,0,0,0,0,0,1,0,0,0,-0.145,1.95167,126.4552,96.53,186.9167
20164,train,2021-03-28 14:52:00,2021-04-10 09:55:00,54.765,-56.88167,-0.145,1.95167,126.4552,0.187926,0.9935124464184936,-0.11372343123358551,186.9167,120.1333,0.99725,0.074117,-0.5,-0.866025,0,0,0,1,0,0,0,0,0,0,0,0,0,0,0,0,1,0,-0.03,0.01667,3.5044,162.15,120.1333
20164,train,2021-04-05 09:47:00,2021-04-11 09:48:00,54.62,-54.93,-0.03,0.01667,3.5044,0.008103,0.30652607809792753,-0.9518622607530478,120.1333,23.8833,0.997989,-0.063391,0.707107,-0.707107,0,0,0,1,0,0,0,0,0,0,0,0,0,0,0,0,1,0,-0.04333,0.12333,9.2962,121.17,23.8833
20164,train,2021-04-10 09:55:00,2021-04-17 09:47:00,54.59,-54.91333,-0.04333,0.12333,9.2962,0.108121,0.8556353812044661,-0.5175790707042625,23.8833,143.9833,0.988854,-0.14889,0.707107,-0.707107,0,0,0,1,0,0,0,0,0,0,0,0,0,0,1,0,0,0,-0.31667,-0.16167,36.735,196.62,143.9833
20165,val,2021-03-17 15:26:00,2021-03-24 15:16:00,55.86833,-59.44333,-0.31333,1.255,85.9891,0.249635,0.9178932005345358,-0.3968275096467815,95.6833,72.15,0.965507,0.260376,-0.707107,-0.707107,0,0,0,0,0,1,0,0,0,0,0,0,0,0,1,0,0,0,-0.07333,0.24666,17.5385,117.6,72.15
20165,val,2021-03-21 15:07:00,2021-03-29 09:55:00,55.555,-58.18833,-0.07333,0.24666,17.5385,0.067523,0.8862035792312148,-0.4632960351198615,72.15,114.65,0.981125,0.193376,-0.707107,-0.707107,0,0,0,0,0,1,0,0,0,0,0,0,0,0,1,0,0,0,-0.69834,1.04334,102.118,139.07,114.65
20165,val,2021-03-24 15:16:00,2021-04-02 21:24:00,55.48167,-57.94167,-0.69834,1.04334,102.118,0.247415,0.6551364878997905,-0.7555105440841495,114.65,107.4833,0.989794,0.142508,-0.707107,-0.707107,0,0,0,0,0,1,0,0,0,0,0,0,0,0,1,0,0,0,-0.28333,0.79333,59.9871,121.36,107.4833
20165,val,2021-03-29 09:55:00,2021-04-22 09:55:00,54.78333,-56.89833,-0.28333,0.79333,59.9871,0.155029,0.8539143225810449,-0.5204136140522797,107.4833,468.5167,0.998377,0.056952,0.707107,-0.707107,0,0,0,1,0,0,0,0,0,0,0,0,0,0,0,0,1,0,-0.88167,0.065,98.129,177.5,468.5167
20165,val,2021-04-02 21:24:00,2021-05-04 09:56:00,54.5,-56.105,-0.88167,0.065,98.129,0.058179,0.04361938736533607,-0.9990482215818578,468.5167,288.0167,0.99993,-0.011826,-0.707107,0.707107,0,0,0,1,0,0,0,0,0,0,0,0,0,0,1,0,0,0,0.31334,-0.56833,51.0748,313.24,288.0167
20166,val,2021-03-17 15:26:00,2021-03-23 17:11:00,55.98,-59.515,-0.45,1.47167,104.8004,0.304245,0.883683947469317,-0.4680840533334216,95.6833,50.0667,0.965507,0.260376,-0.707107,-0.707107,0,0,0,0,0,1,0,0,0,0,0,0,0,0,0,0,1,0,-0.27667,0.54833,46.3209,131.39,50.0667
20166,val,2021-03-21 15:07:00,2021-03-28 14:52:00,55.53,-58.04333,-0.27667,0.54833,46.3209,0.256996,0.7502264788993528,-0.6611809361727536,50.0667,117.6833,0.981125,0.193376,-0.707107,-0.707107,0,0,0,0,0,1,0,0,0,0,0,0,0,0,0,0,1,0,-0.53166,0.60167,70.4862,146.76,117.6833
20166,val,2021-03-23 17:11:00,2021-03-29 09:55:00,55.25333,-57.495,-0.53166,0.60167,70.4862,0.166374,0.5481472617005875,-0.8363818383311223,117.6833,19.05,0.987196,0.159513,-0.965926,-0.258819,0,0,0,1,0,0,0,0,0,0,0,0,0,0,0,0,1,0,-0.40334,0.255,47.7735,159.75,19.05
20166,val,2021-03-28 14:52:00,2021-04-22 09:55:00,54.72167,-56.89333,-0.40334,0.255,47.7735,0.69661,0.34611705707749285,-0.9381913359224842,19.05,576.0,0.99725,0.074117,-0.5,-0.866025,0,0,0,1,0,0,0,0,0,0,0,0,0,0,0,0,1,0,-0.35,0.71833,60.8574,129.46,576.0
20167,train,2021-03-17 15:26:00,2021-03-24 15:16:00,56.15333,-60.33,-0.80833,1.39333,125.2242,0.238141,0.7035187500079654,-0.7106766975124694,146.0667,21.7667,0.965507,0.260376,-0.707107,-0.707107,0,0,0,0,0,1,0,0,0,0,0,0,0,0,1,0,0,0,-0.09667,0.305,22.0989,118.98,21.7667
20167,train,2021-03-23 17:30:00,2021-04-08 15:16:00,55.345,-58.93667,-0.09667,0.305,22.0989,0.282017,0.8747888843334528,-0.48450429084439794,21.7667,360.0,0.987196,0.159513,-0.965926,-0.258819,0,1,0,0,0,0,0,0,0,0,0,0,0,0,1,0,0,0,0.26834,0.43,40.3499,42.14,360.0
20167,train,2021-03-24 15:16:00,2021-04-18 15:16:00,55.24833,-58.63167,0.26834,0.43,40.3499,0.031134,0.6709444523936379,0.741507614122877,360.0,240.0,0.989794,0.142508,-0.707107,-0.707107,0,0,0,0,0,1,0,0,0,0,0,0,0,0,1,0,0,0,-0.29167,0.83167,61.753,121.34,240.0
20167,train,2021-04-08 15:16:00,2021-04-21 19:11:00,55.51667,-58.20167,-0.29167,0.83167,61.753,0.071473,0.8540959291746691,-0.5201155100237432,240.0,75.9167,0.99339,-0.114788,-0.707107,-0.707107,0,0,0,0,0,1,0,0,0,0,0,0,0,1,0,0,0,0,0.06167,0.47167,30.6669,76.89,75.9167
20167,train,2021-04-18 15:16:00,2021-04-22 09:55:00,55.225,-57.37,0.06167,0.47167,30.6669,0.11221,0.973936394329063,0.22682129485853839,75.9167,14.7333,0.959079,-0.283139,-0.707107,-0.707107,0,0,0,0,0,1,0,0,0,0,0,0,0,0,1,0,0,0,-0.105,0.05666,12.2157,162.87,14.7333
20167,train,2021-04-21 19:11:00,2021-04-27 10:04:00,55.28667,-56.89833,-0.105,0.05666,12.2157,0.230311,0.29454073695529953,-0.9556389246330588,14.7333,120.15,0.943196,-0.332235,-0.965926,0.258819,0,0,0,0,0,1,0,0,0,0,0,0,0,0,0,0,1,0,-0.59667,0.26667,68.5041,165.47,120.15
20167,train,2021-04-22 09:55:00,2021-05-04 09:55:00,55.18167,-56.84167,-0.59667,0.26667,68.5041,0.158376,0.25088689062883,-0.9680164090089576,120.15,167.85,0.937342,-0.348411,0.707107,-0.707107,0,0,0,1,0,0,0,0,0,0,0,0,0,0,1,0,0,0,-0.57833,1.26,104.0216,127.67,167.85
20169,train,2021-03-17 15:26:00,2021-04-01 10:19:00,58.81333,-61.58833,-0.945,1.04166,121.3948,0.140503,0.507538362960704,-0.8616291604415258,240.0,114.8833,0.965507,0.260376,-0.707107,-0.707107,0,0,0,0,0,1,0,0,0,0,0,0,0,0,1,0,0,0,-0.21,0.23834,27.2967,148.71,114.8833
20169,train,2021-03-27 15:26:00,2021-04-03 21:34:00,57.86833,-60.54667,-0.21,0.23834,27.2967,0.066001,0.5193699727684523,-0.8545494903084883,114.8833,59.25,0.995827,0.091261,-0.707107,-0.707107,0,0,0,0,0,1,0,0,0,0,0,0,0,0,1,0,0,0,-0.22,0.035,24.5519,175.11,59.25
20169,train,2021-04-01 10:19:00,2021-04-12 10:08:00,57.65833,-60.30833,-0.22,0.035,24.5519,0.115105,0.085243026778223,-0.9963601890810808,59.25,204.5667,0.999986,0.005376,0.5,-0.866025,0,0,0,1,0,0,0,0,0,0,0,0,0,0,1,0,0,0,-1.16,0.21833,129.667,174.03,204.5667
20169,train,2021-04-03 21:34:00,2021-04-18 15:16:00,57.43833,-60.27333,-1.16,0.21833,129.667,0.176073,0.10400771851619081,-0.9945764900142456,204.5667,149.1333,0.999579,-0.029025,-0.707107,0.707107,0,0,0,1,0,0,0,0,0,0,0,0,0,0,0,0,1,0,-0.71166,1.68667,131.543,126.28,149.1333
20169,train,2021-04-12 10:08:00,2021-04-19 18:08:00,56.27833,-60.055,-0.71166,1.68667,131.543,0.245014,0.8061348847280657,-0.591731820696224,149.1333,26.8667,0.983147,-0.182817,0.5,-0.866025,0,0,0,1,0,0,0,0,0,0,0,0,0,0,1,0,0,0,0.36666,-1.37667,95.3113,295.89,26.8667
20169,train,2021-04-18 15:16:00,2021-04-27 10:03:00,55.56667,-58.36833,0.36666,-1.37667,95.3113,0.985435,-0.899634001547601,0.43664477926508083,26.8667,183.9167,0.959079,-0.283139,-0.707107,-0.707107,0,0,0,0,0,1,0,0,0,0,0,0,0,0,1,0,0,0,-0.47333,1.525,109.0978,118.21,183.9167
20169,train,2021-04-19 18:08:00,2021-04-30 13:22:00,55.93333,-59.745,-0.47333,1.525,109.0978,0.164775,0.881220962975094,-0.4727045741403906,183.9167,75.3167,0.954067,-0.299595,-1.0,-0.0,0,0,0,0,0,1,0,0,0,0,0,0,0,0,1,0,0,0,-0.295,0.60833,50.5756,130.18,75.3167
20169,train,2021-04-27 10:03:00,2021-05-01 21:32:00,55.46,-58.22,-0.295,0.60833,50.5756,0.18653,0.7640212893336137,-0.6451910332955678,75.3167,32.1667,0.903946,-0.427646,0.5,-0.866025,0,0,0,1,0,0,0,0,0,0,0,0,0,0,1,0,0,0,-0.04667,0.225,15.212,109.85,32.1667
20169,train,2021-04-30 13:22:00,2021-05-05 21:13:00,55.165,-57.61167,-0.04667,0.225,15.212,0.131365,0.9405848061304454,-0.33955886452359396,32.1667,95.6833,0.880683,-0.473706,-0.258819,-0.965926,0,0,0,1,0,0,0,0,0,0,0,0,0,0,1,0,0,0,-0.38666,0.49334,53.3126,143.55,95.6833
20169,train,2021-05-01 21:32:00,2021-05-10 09:56:00,55.11833,-57.38667,-0.38666,0.49334,53.3126,0.154772,0.5941210629020386,-0.8043756352700845,95.6833,108.7167,0.872404,-0.488785,-0.707107,0.707107,0,0,0,1,0,0,0,0,0,0,0,0,0,0,1,0,0,0,-0.14167,-0.00334,15.7544,180.78,108.7167
20170,train,2021-03-17 15:26:00,2021-04-01 10:19:00,58.78833,-61.64167,-0.68833,0.83834,90.7624,0.105049,0.5427347515805419,-0.8399041549050745,240.0,114.8833,0.965507,0.260376,-0.707107,-0.707107,0,0,0,0,0,1,0,0,0,0,0,0,0,0,1,0,0,0,-0.6,0.20666,67.8313,169.51,114.8833
20170,train,2021-03-27 15:26:00,2021-04-05 10:16:00,58.1,-60.80333,-0.6,0.20666,67.8313,0.16401,0.1820639123621794,-0.9832866986873039,114.8833,95.95,0.995827,0.091261,-0.707107,-0.707107,0,0,0,0,0,1,0,0,0,0,0,0,0,0,1,0,0,0,-0.25667,-0.7,50.753,236.08,95.95
20170,train,2021-04-01 10:19:00,2021-04-06 10:27:00,57.5,-60.59667,-0.25667,-0.7,50.753,0.146931,-0.8298175447613099,-0.5580348039381696,95.95,24.1833,0.999986,0.005376,0.5,-0.866025,0,0,0,1,0,0,0,0,0,0,0,0,0,0,1,0,0,0,0.00167,0.0,0.1857,0.0,24.1833
20170,train,2021-04-05 10:16:00,2021-04-12 10:08:00,57.24333,-61.29667,0.00167,0.0,0.1857,0.002133,0.0,1.0,24.1833,143.6833,0.997989,-0.063391,0.5,-0.866025,0,0,0,1,0,0,0,0,0,0,0,0,0,0,1,0,0,0,-0.145,0.25834,22.4158,135.89,143.6833
20170,train,2021-04-06 10:27:00,2021-04-19 18:04:00,57.245,-61.29667,-0.145,0.25834,22.4158,0.043336,0.6960381226757314,-0.7180048271300434,143.6833,175.9333,0.996751,-0.080549,0.5,-0.866025,0,0,0,1,0,0,0,0,0,0,0,0,0,0,0,0,1,0,-1.04333,1.245,138.8229,146.16,175.9333
20170,train,2021-04-12 10:08:00,2021-04-27 10:03:00,57.1,-61.03833,-1.04333,1.245,138.8229,0.219185,0.5568756164881882,-0.8305958991958126,175.9333,183.9833,0.983147,-0.182817,0.5,-0.866025,0,0,0,1,0,0,0,0,0,0,0,0,0,0,1,0,0,0,-0.60167,1.72833,127.1605,121.03,183.9833
20170,train,2021-04-19 18:04:00,2021-05-01 10:00:00,56.05667,-59.79333,-0.60167,1.72833,127.1605,0.191987,0.8568975099103865,-0.5154868160383727,183.9833,95.95,0.954067,-0.299595,-1.0,-0.0,0,0,0,0,0,1,0,0,0,0,0,0,0,0,1,0,0,0,-0.02,0.045,3.6056,128.06,95.95
20170,train,2021-04-27 10:03:00,2021-05-02 10:11:00,55.455,-58.065,-0.02,0.045,3.6056,0.010438,0.7873656024600255,-0.6164863405321818,95.95,24.1833,0.903946,-0.427646,0.5,-0.866025,0,0,0,1,0,0,0,0,0,0,0,0,0,0,1,0,0,0,0.03167,-0.43,27.3435,277.58,24.1833
20170,train,2021-05-01 10:00:00,2021-05-05 20:57:00,55.435,-58.02,0.03167,-0.43,27.3435,0.314077,-0.9912616460516366,0.13191038271114205,24.1833,82.7667,0.872404,-0.488785,0.5,-0.866025,0,0,0,1,0,0,0,0,0,0,0,0,0,0,1,0,0,0,-0.06667,0.765,48.8282,98.42,82.7667
20170,train,2021-05-02 10:11:00,2021-05-09 10:03:00,55.46667,-58.45,-0.06667,0.765,48.8282,0.163875,0.9892212800975134,-0.14642834084369363,82.7667,85.1,0.863867,-0.50372,0.5,-0.866025,0,0,0,1,0,0,0,0,0,0,0,0,0,0,1,0,0,0,-0.47333,-0.03,52.6664,182.09,85.1
20170,train,2021-05-05 20:57:00,2021-05-16 15:42:00,55.4,-57.685,-0.47333,-0.03,52.6664,0.17191,-0.03646929244152497,-0.9993347740916527,85.1,173.65,0.836733,-0.547611,-0.866025,0.5,0,0,0,0,0,0,0,0,1,0,0,0,0,0,0,0,1,0,-0.155,0.56,39.7779,115.45,173.65
20170,train,2021-05-09 10:03:00,2021-05-21 10:03:00,54.92667,-57.715,-0.155,0.56,39.7779,0.06363,0.9029606324284815,-0.42972327873220545,173.65,114.35,0.797102,-0.603845,0.5,-0.866025,0,0,0,1,0,0,0,0,0,0,0,0,0,0,0,0,1,0,-0.20667,0.565,42.9899,122.08,114.35
20170,train,2021-05-16 15:42:00,2021-05-28 15:29:00,54.77167,-57.155,-0.20667,0.565,42.9899,0.104431,0.8473073628658123,-0.5311028458155564,114.35,173.4333,0.718792,-0.695225,-0.707107,-0.707107,0,0,0,1,0,0,0,0,0,0,0,1,0,0,0,0,0,0,-1.51167,1.24167,186.81,153.62,173.4333
20170,train,2021-05-21 10:03:00,2021-06-03 09:56:00,54.565,-56.59,-1.51167,1.24167,186.81,0.299202,0.44432248971525273,-0.89586691262332,173.4333,138.45,0.656411,-0.754404,0.5,-0.866025,0,0,0,1,0,0,0,0,0,0,0,0,0,0,1,0,0,0,-0.675,0.73,89.7282,146.48,138.45
20170,train,2021-05-28 15:29:00,2021-06-05 14:38:00,53.05333,-55.34833,-0.675,0.73,89.7282,0.180025,0.5522280327438388,-0.8336931089147072,138.45,52.7,0.561034,-0.827793,-0.707107,-0.707107,0,0,0,0,0,0,1,0,0,0,0,0,0,0,0,0,1,0,-0.125,-0.21667,20.2511,226.74,52.7
20171,train,2021-03-17 15:26:00,2021-04-12 10:08:00,58.895,-60.81833,-1.19833,0.78833,140.9843,0.110353,0.3323257502333701,-0.9431646705278075,354.8833,263.8167,0.965507,0.260376,-0.707107,-0.707107,0,0,0,0,0,1,0,0,0,0,0,0,0,0,1,0,0,0,-0.85,-0.31667,96.4136,191.52,263.8167
20171,train,2021-04-01 10:19:00,2021-04-19 18:09:00,57.69667,-60.03,-0.85,-0.31667,96.4136,0.101516,-0.19970998051440725,-0.9798550523842469,263.8167,176.0167,0.999986,0.005376,0.5,-0.866025,0,0,0,1,0,0,0,0,0,0,0,0,0,0,1,0,0,0,-0.69334,0.675,87.52,151.47,176.0167
20171,train,2021-04-12 10:08:00,2021-04-27 10:03:00,56.84667,-60.34667,-0.69334,0.675,87.52,0.138118,0.47761884239485775,-0.8785671524643953,176.0167,183.9,0.983147,-0.182817,0.5,-0.866025,0,0,0,1,0,0,0,0,0,0,0,0,0,1,0,0,0,0,-0.64,1.38167,111.8396,128.94,183.9
20171,train,2021-04-19 18:09:00,2021-05-01 10:00:00,56.15333,-59.67167,-0.64,1.38167,111.8396,0.168932,0.7778045579910299,-0.6285062207873353,183.9,95.95,0.954067,-0.299595,-1.0,-0.0,0,0,0,0,0,1,0,0,0,0,0,0,0,0,1,0,0,0,-0.075,0.30667,21.0489,113.21,95.95
20171,train,2021-04-27 10:03:00,2021-05-05 21:08:00,55.51333,-58.29,-0.075,0.30667,21.0489,0.060937,0.9190665694225123,-0.3941023229694725,95.95,107.1333,0.903946,-0.427646,0.5,-0.866025,0,0,0,1,0,0,0,0,0,0,0,0,0,0,1,0,0,0,-0.63166,0.755,85.0744,145.34,107.1333
20171,train,2021-05-01 10:00:00,2021-05-10 09:56:00,55.43833,-57.98333,-0.63166,0.755,85.0744,0.220583,0.5687054199298404,-0.8225412727288667,107.1333,108.8,0.872404,-0.488785,0.5,-0.866025,0,0,0,1,0,0,0,0,0,0,0,0,0,0,1,0,0,0,-0.56167,0.16666,63.374,170.16,108.8
20172,train,2021-03-17 15:26:00,2021-04-03 21:34:00,58.75167,-61.625,-1.51167,0.34333,169.3027,0.14771,0.1220425735313332,-0.992524866311091,318.3833,95.75,0.965507,0.260376,-0.707107,-0.707107,0,0,0,0,0,1,0,0,0,0,0,0,0,0,1,0,0,0,-0.35833,0.36667,45.5967,150.75,95.75
20172,train,2021-03-30 21:49:00,2021-04-05 21:49:00,57.24,-61.28167,-0.35833,0.36667,45.5967,0.132279,0.48862124149695485,-0.8724960070727972,95.75,48.25,0.999209,0.03977,-0.707107,0.707107,0,0,0,1,0,0,0,0,0,0,0,0,0,0,1,0,0,0,-0.45667,0.41667,56.8082,153.19,48.25
20172,train,2021-04-03 21:34:00,2021-05-02 10:11:00,56.88167,-60.915,-0.45667,0.41667,56.8082,0.327048,0.4510333194352681,-0.8925071118815824,48.25,636.3667,0.999579,-0.029025,-0.707107,0.707107,0,0,0,1,0,0,0,0,0,0,0,0,0,0,1,0,0,0,-1.195,1.86833,176.829,137.94,636.3667
20172,train,2021-04-05 21:49:00,2021-05-05 20:52:00,56.425,-60.49833,-1.195,1.86833,176.829,0.077187,0.6699084587661709,-0.7424437061983444,636.3667,82.6833,0.997989,-0.063391,-0.707107,0.707107,0,0,0,1,0,0,0,0,0,0,0,0,0,0,1,0,0,0,-0.11833,0.40667,28.9849,116.83,82.6833
20172,train,2021-05-02 10:11:00,2021-05-09 10:03:00,55.23,-58.63,-0.11833,0.40667,28.9849,0.097376,0.8923496171809305,-0.4513448357044166,82.6833,85.1833,0.863867,-0.50372,0.5,-0.866025,0,0,0,1,0,0,0,0,0,0,0,0,0,0,1,0,0,0,-0.15167,0.44833,33.1749,120.37,85.1833
20172,train,2021-05-05 20:52:00,2021-05-16 09:56:00,55.11167,-58.22333,-0.15167,0.44833,33.1749,0.108181,0.8627785096229488,-0.5055820836746524,85.1833,167.8833,0.836733,-0.547611,-0.866025,0.5,0,0,0,0,0,0,0,0,1,0,0,0,0,1,0,0,0,0,-0.48667,0.945,81.3157,131.33,167.8833
20172,train,2021-05-09 10:03:00,2021-05-16 15:52:00,54.96,-57.775,-0.48667,0.945,81.3157,0.134544,0.7509184544724025,-0.6603949384518164,167.8833,5.9333,0.797102,-0.603845,0.5,-0.866025,0,0,0,1,0,0,0,0,0,0,0,0,0,0,1,0,0,0,-0.01666,0.105,7.0341,105.23,5.9333
20172,train,2021-05-16 09:56:00,2021-05-21 10:03:00,54.47333,-56.83,-0.01666,0.105,7.0341,0.329312,0.9648790802633002,-0.26269442413238986,5.9333,114.1833,0.718792,-0.695225,0.707107,-0.707107,0,0,0,1,0,0,0,0,0,0,0,0,0,0,1,0,0,0,-0.72167,0.68333,91.7862,150.68,114.1833
20172,train,2021-05-16 15:52:00,2021-05-28 15:34:00,54.45667,-56.725,-0.72167,0.68333,91.7862,0.223292,0.4896868315299688,-0.871898392604402,114.1833,173.5167,0.718792,-0.695225,-0.707107,-0.707107,0,0,0,1,0,0,0,0,0,0,0,0,0,1,0,0,0,0,-0.44333,0.38,55.3298,152.84,173.5167
20172,train,2021-05-21 10:03:00,2021-06-03 09:56:00,53.735,-56.04167,-0.44333,0.38,55.3298,0.088576,0.45647688595174146,-0.8897352710732562,173.5167,138.3667,0.656411,-0.754404,0.5,-0.866025,0,0,0,1,0,0,0,0,0,0,0,0,0,0,1,0,0,0,-0.79834,0.35834,91.9684,164.7,138.3667
20172,train,2021-05-28 15:34:00,2021-06-05 13:54:00,53.29167,-55.66167,-0.79834,0.35834,91.9684,0.184631,0.26387304996537325,-0.964557418457798,138.3667,51.9667,0.561034,-0.827793,-0.707107,-0.707107,0,0,0,0,0,1,0,0,0,0,0,0,0,0,0,0,1,0,-0.48333,-0.21834,55.7611,195.55,51.9667
20172,train,2021-06-03 09:56:00,2021-06-15 09:57:00,52.49333,-55.30333,-0.48333,-0.21834,55.7611,0.29806,-0.268079200423748,-0.9633968768374558,51.9667,236.05,0.472759,-0.881192,0.707107,-0.707107,0,0,0,1,0,0,0,0,0,0,0,0,0,0,0,0,1,0,-0.48167,-0.71833,72.8815,222.99,236.05
20174,train,2021-03-17 15:26:00,2021-03-23 17:11:00,55.94667,-59.49667,-0.63834,1.24167,105.421,0.255492,0.7453596564674312,-0.6666625702038124,114.6167,31.1333,0.965507,0.260376,-0.707107,-0.707107,0,0,0,0,0,1,0,0,0,0,0,0,0,0,0,0,1,0,-0.14333,0.45833,33.1425,118.55,31.1333
20174,train,2021-03-22 10:03:00,2021-03-24 15:16:00,55.30833,-58.255,-0.14333,0.45833,33.1425,0.295704,0.8784003785150228,-0.4779254910806335,31.1333,22.0833,0.984306,0.176471,0.5,-0.866025,0,0,0,1,0,0,0,0,0,0,0,0,0,0,1,0,0,0,-0.19667,0.19667,25.2003,150.12,22.0833
20174,train,2021-03-23 17:11:00,2021-03-28 14:52:00,55.165,-57.79667,-0.19667,0.19667,25.2003,0.316984,0.4981851053394909,-0.86707070116449,22.0833,95.6,0.987196,0.159513,-0.965926,-0.258819,0,0,0,1,0,0,0,0,0,0,0,0,0,0,0,0,1,0,-0.76166,0.71667,96.4622,151.11,95.6
20174,train,2021-03-24 15:16:00,2021-03-29 09:55:00,54.96833,-57.6,-0.76166,0.71667,96.4622,0.280283,0.4831295785101607,-0.8755488623535493,95.6,19.05,0.989794,0.142508,-0.707107,-0.707107,0,0,0,0,0,1,0,0,0,0,0,0,0,0,1,0,0,0,-0.18667,-0.15167,22.9907,205.53,19.05
20174,train,2021-03-28 14:52:00,2021-04-03 10:02:00,54.20667,-56.88333,-0.18667,-0.15167,22.9907,0.33524,-0.43098363032293047,-0.9023597455525527,19.05,120.1167,0.99725,0.074117,-0.5,-0.866025,0,0,0,1,0,0,0,0,0,0,0,0,0,0,1,0,0,0,0.0,0.0,0.0,0.0,120.1167
20174,train,2021-03-29 09:55:00,2021-04-04 09:56:00,54.02,-57.035,0.0,0.0,0.0,0.0,0.0,1.0,120.1167,23.9,0.998377,0.056952,0.707107,-0.707107,0,0,0,1,0,0,0,0,0,0,0,0,0,0,1,0,0,0,0.0,0.0,0.0,0.0,23.9
20174,train,2021-04-03 10:02:00,2021-04-10 09:55:00,54.02,-57.035,0.0,0.0,0.0,0.0,0.0,1.0,23.9,143.9833,0.999579,-0.029025,0.5,-0.866025,0,0,0,1,0,0,0,0,0,0,0,0,0,0,1,0,0,0,-0.12667,0.20167,19.2999,136.79,143.9833
20174,train,2021-04-04 09:56:00,2021-04-21 13:30:00,54.02,-57.035,-0.12667,0.20167,19.2999,0.037234,0.6846743245287168,-0.7288491403103563,143.9833,267.5833,0.998932,-0.046215,0.707107,-0.707107,0,0,0,1,0,0,0,0,0,0,0,0,0,0,1,0,0,0,0.11,-0.02834,12.3712,351.39,267.5833
20174,train,2021-04-10 09:55:00,2021-04-22 09:55:00,53.89333,-56.83333,0.11,-0.02834,12.3712,0.012843,-0.1497079117087743,0.9887302671466055,267.5833,20.4167,0.988854,-0.14889,0.707107,-0.707107,0,0,0,1,0,0,0,0,0,0,0,0,0,0,1,0,0,0,-0.11,0.02834,12.3712,171.37,20.4167
20174,train,2021-04-21 13:30:00,2021-04-27 10:04:00,54.00333,-56.86167,-0.11,0.02834,12.3712,0.168316,0.15005303455255398,-0.9886779489912628,20.4167,120.15,0.943196,-0.332235,-0.258819,-0.965926,0,0,0,1,0,0,0,0,0,0,0,0,0,0,1,0,0,0,0.11,-0.08167,13.3481,336.43,120.15
20174,train,2021-04-22 09:55:00,2021-04-28 09:56:00,53.89333,-56.83333,0.11,-0.08167,13.3481,0.03086,-0.3998691712966373,0.9165722262029002,120.15,23.8667,0.937342,-0.348411,0.707107,-0.707107,0,0,0,1,0,0,0,0,0,0,0,0,0,0,1,0,0,0,0.00167,-0.00167,0.2154,329.56,23.8667
20174,train,2021-04-27 10:04:00,2021-05-04 09:56:00,54.00333,-56.915,0.00167,-0.00167,0.2154,0.002507,-0.5066357888897409,0.8621601808342055,23.8667,144.0,0.903946,-0.427646,0.5,-0.866025,0,0,0,1,0,0,0,0,0,0,0,0,0,0,1,0,0,0,-0.035,-0.03333,4.4603,209.26,144.0
20175,train,2021-03-17 15:26:00,2021-03-27 15:26:00,59.00833,-61.28,-0.425,0.68333,61.5053,0.091354,0.6439901159818505,-0.7650338100487342,187.0167,52.9833,0.965507,0.260376,-0.707107,-0.707107,0,0,0,0,0,1,0,0,0,0,0,0,0,0,1,0,0,0,-0.46666,0.225,53.5251,165.71,52.9833
20175,train,2021-03-25 10:27:00,2021-04-01 10:19:00,58.58333,-60.59667,-0.46666,0.225,53.5251,0.280618,0.24682988381142446,-0.969058826107909,52.9833,114.8833,0.992099,0.125461,0.5,-0.866025,0,0,0,1,0,0,0,0,0,0,0,0,0,0,1,0,0,0,-0.225,0.62667,44.5998,123.86,114.8833
20175,train,2021-03-27 15:26:00,2021-04-10 10:26:00,58.11667,-60.37167,-0.225,0.62667,44.5998,0.107838,0.8304014623363289,-0.5571655152193884,114.8833,216.1167,0.995827,0.091261,-0.707107,-0.707107,0,0,0,0,0,1,0,0,0,0,0,0,0,1,0,0,0,0,0.15333,-0.755,47.6794,291.27,216.1167
20175,train,2021-04-01 10:19:00,2021-04-13 10:19:00,57.89167,-59.745,0.15333,-0.755,47.6794,0.061283,-0.9318812977621516,0.36276334831557655,216.1167,71.8833,0.999986,0.005376,0.5,-0.866025,0,0,0,1,0,0,0,0,0,0,0,0,0,1,0,0,0,0,-0.08167,-0.21333,15.5063,234.24,71.8833
20175,train,2021-04-10 10:26:00,2021-05-03 10:15:00,58.045,-60.5,-0.08167,-0.21333,15.5063,0.059921,-0.8114719988013612,-0.5843913031191718,71.8833,479.9333,0.988854,-0.14889,0.5,-0.866025,0,0,0,1,0,0,0,0,0,0,0,0,0,0,1,0,0,0,-1.27,0.06,141.2635,178.51,479.9333
20175,train,2021-04-13 10:19:00,2021-05-11 21:49:00,57.96333,-60.71333,-1.27,0.06,141.2635,0.081761,0.026002474792936478,-0.9996618784892434,479.9333,203.5667,0.979857,-0.199702,0.5,-0.866025,0,0,0,1,0,0,0,0,0,0,0,0,0,0,1,0,0,0,-1.085,1.16166,140.4669,148.71,203.5667
20175,train,2021-05-03 10:15:00,2021-05-14 10:11:00,56.69333,-60.65333,-1.085,1.16166,140.4669,0.191675,0.5193699727684523,-0.8545494903084883,203.5667,60.3667,0.855075,-0.518505,0.5,-0.866025,0,0,0,1,0,0,0,0,0,0,0,0,0,0,1,0,0,0,-0.28,0.33334,37.5609,145.85,60.3667
20176,test,2021-03-17 15:26:00,2021-03-23 17:25:00,56.46667,-60.15667,-0.805,1.20667,116.7148,0.338834,0.6485185527274356,-0.761198848375582,95.6833,50.3,0.965507,0.260376,-0.707107,-0.707107,0,0,0,0,0,1,0,0,0,0,0,0,0,0,1,0,0,0,-0.23,0.51833,41.4396,127.89,50.3
20176,test,2021-03-21 15:07:00,2021-04-15 10:04:00,55.66167,-58.95,-0.23,0.51833,41.4396,0.228847,0.7891912858085884,-0.6141474695899893,50.3,544.65,0.981125,0.193376,-0.707107,-0.707107,0,0,0,0,0,1,0,0,0,0,0,0,0,0,0,0,1,0,-0.995,1.69334,154.727,134.95,544.65
20176,test,2021-03-23 17:25:00,2021-04-19 21:32:00,55.43167,-58.43167,-0.995,1.69334,154.727,0.078913,0.7077235789366842,-0.7064894449438369,544.65,107.4667,0.987196,0.159513,-0.965926,-0.258819,0,0,0,1,0,0,0,0,0,0,0,0,0,0,0,0,1,0,-0.51834,0.53833,67.4488,148.49,107.4667
20176,test,2021-04-15 10:04:00,2021-04-21 10:38:00,54.43667,-56.73833,-0.51834,0.53833,67.4488,0.17434,0.5226473705391125,-0.8525489581651905,107.4667,37.1,0.972408,-0.233289,0.5,-0.866025,0,0,0,1,0,0,0,0,0,0,0,0,0,0,1,0,0,0,-0.01166,-0.03167,2.4461,238.01,37.1
20176,test,2021-04-19 21:32:00,2021-04-22 09:55:00,53.91833,-56.2,-0.01166,-0.03167,2.4461,0.018315,-0.8481405715987514,-0.5297712438478925,37.1,23.2833,0.954067,-0.299595,-0.707107,0.707107,0,0,0,1,0,0,0,0,0,0,0,0,0,0,1,0,0,0,-0.00167,-0.00833,0.5764,251.21,23.2833
20176,test,2021-04-21 10:38:00,2021-04-27 10:04:00,53.90667,-56.23167,-0.00167,-0.00833,0.5764,0.006877,-0.946705491671598,-0.322100468858457,23.2833,120.15,0.943196,-0.332235,0.5,-0.866025,0,0,0,1,0,0,0,0,0,0,0,0,0,1,0,0,0,0,0.06833,-0.29167,20.5474,291.82,120.15
20177,train,2021-03-17 15:26:00,2021-03-27 15:26:00,58.96333,-61.51667,-0.37,0.815,62.4437,0.092748,0.7563103802514717,-0.6542129689358613,187.0167,52.9833,0.965507,0.260376,-0.707107,-0.707107,0,0,0,0,0,1,0,0,0,0,0,0,0,0,0,0,1,0,-0.51666,-0.08666,57.6722,185.07,52.9833
20177,train,2021-03-25 10:27:00,2021-04-12 10:08:00,58.59333,-60.70167,-0.51666,-0.08666,57.6722,0.30236,-0.08837275882253857,-0.9960874738184862,52.9833,378.7,0.992099,0.125461,0.5,-0.866025,0,0,0,1,0,0,0,0,0,0,0,0,0,0,0,0,1,0,-1.23334,-0.02334,137.1483,180.59,378.7
20177,train,2021-03-27 15:26:00,2021-04-19 18:04:00,58.07667,-60.78833,-1.23334,-0.02334,137.1483,0.100599,-0.010297260602189167,-0.9999469818065809,378.7,175.9333,0.995827,0.091261,-0.707107,-0.707107,0,0,0,0,0,1,0,0,0,0,0,0,0,0,0,0,1,0,-0.78666,1.01834,107.551,143.99,175.9333
20177,train,2021-04-12 10:08:00,2021-04-27 10:03:00,56.84333,-60.81167,-0.78666,1.01834,107.551,0.16981,0.5879264434418393,-0.808914394173963,175.9333,183.9833,0.983147,-0.182817,0.5,-0.866025,0,0,0,1,0,0,0,0,0,0,0,0,0,0,1,0,0,0,-0.65334,1.44166,115.8659,128.23,183.9833
20177,train,2021-04-19 18:04:00,2021-04-30 13:22:00,56.05667,-59.79333,-0.65334,1.44166,115.8659,0.174934,0.7855329875880062,-0.6188197842757303,183.9833,75.3167,0.954067,-0.299595,-1.0,-0.0,0,0,0,0,0,1,0,0,0,0,0,0,0,0,1,0,0,0,-0.14166,0.49834,35.2363,116.35,75.3167
20177,train,2021-04-27 10:03:00,2021-05-01 10:00:00,55.40333,-58.35167,-0.14166,0.49834,35.2363,0.129956,0.896099436520778,-0.44385335401137194,75.3167,20.6333,0.903946,-0.427646,0.5,-0.866025,0,0,0,1,0,0,0,0,0,0,0,0,0,0,1,0,0,0,-0.02167,-0.10167,6.8796,249.54,20.6333
20177,train,2021-04-30 13:22:00,2021-05-01 21:32:00,55.26167,-57.85333,-0.02167,-0.10167,6.8796,0.092617,-0.9369164518419247,-0.3495533754206049,20.6333,11.5333,0.880683,-0.473706,-0.258819,-0.965926,0,0,0,1,0,0,0,0,0,0,0,0,0,1,0,0,0,0,-0.05833,-0.06333,7.6296,211.8,11.5333
20177,train,2021-05-01 10:00:00,2021-05-05 21:11:00,55.24,-57.955,-0.05833,-0.06333,7.6296,0.183758,-0.5269557954966775,-0.849892692986864,11.5333,95.65,0.872404,-0.488785,0.5,-0.866025,0,0,0,1,0,0,0,0,0,0,0,0,0,0,1,0,0,0,-0.415,0.855,71.4616,129.87,95.65
20177,train,2021-05-01 21:32:00,2021-05-21 10:03:00,55.18167,-58.01833,-0.415,0.855,71.4616,0.207532,0.767500908880312,-0.6410478569248127,95.65,372.8667,0.872404,-0.488785,-0.707107,0.707107,0,0,0,1,0,0,0,0,0,0,0,0,0,0,0,0,1,0,-0.74834,0.01666,83.2186,179.25,372.8667
20177,train,2021-05-05 21:11:00,2021-05-28 09:55:00,54.76667,-57.16333,-0.74834,0.01666,83.2186,0.061996,0.013089595571344636,-0.999914327574007,372.8667,167.8667,0.836733,-0.547611,-0.707107,0.707107,0,0,0,1,0,0,0,0,0,0,0,0,0,0,1,0,0,0,0.235,0.43334,38.4675,47.04,167.8667
20177,train,2021-05-21 10:03:00,2021-05-28 15:54:00,54.01833,-57.14667,0.235,0.43334,38.4675,0.063654,0.7318296480290911,0.6814876127015197,167.8667,5.9833,0.656411,-0.754404,0.5,-0.866025,0,0,0,1,0,0,0,0,0,0,0,0,0,0,1,0,0,0,0.00334,0.02,1.3512,74.04,5.9833
20177,train,2021-05-28 09:55:00,2021-06-02 10:03:00,54.25333,-56.71333,0.00334,0.02,1.3512,0.06273,0.9614538928450709,0.2749662014376658,5.9833,114.15,0.561034,-0.827793,0.707107,-0.707107,0,0,0,1,0,0,0,0,0,0,0,0,0,0,1,0,0,0,-0.66334,1.01333,99.2087,137.62,114.15
20177,train,2021-05-28 15:54:00,2021-06-21 09:56:00,54.25667,-56.69333,-0.66334,1.01333,99.2087,0.241419,0.6740445769666505,-0.7386906715681802,114.15,455.8833,0.561034,-0.827793,-0.707107,-0.707107,0,0,1,0,0,0,0,0,0,0,0,0,0,0,1,0,0,0,-2.20833,0.46167,247.5352,172.56,455.8833
20178,train,2021-03-17 15:26:00,2021-04-03 10:03:00,56.7,-60.73667,-0.89833,1.74667,147.031,0.243348,0.7424437061983445,-0.6699084587661708,167.8333,234.7833,0.965507,0.260376,-0.707107,-0.707107,0,0,0,0,0,1,0,0,0,0,0,0,0,0,0,0,1,0,-0.69667,1.54833,124.6262,127.79,234.7833
20178,train,2021-03-24 15:16:00,2021-04-08 15:16:00,55.80167,-58.99,-0.69667,1.54833,124.6262,0.147448,0.7902619728013476,-0.6127691362528976,234.7833,125.2167,0.989794,0.142508,-0.707107,-0.707107,0,0,0,0,0,1,0,0,0,0,0,0,0,0,0,0,1,0,0.29333,0.25667,36.4483,26.4,125.2167
20178,train,2021-04-03 10:03:00,2021-04-15 10:04:00,55.105,-57.44167,0.29333,0.25667,36.4483,0.080856,0.44463517918492745,0.8957117602394129,125.2167,162.8,0.999579,-0.029025,0.5,-0.866025,0,0,0,1,0,0,0,0,0,0,0,0,0,0,1,0,0,0,-0.89833,0.90333,115.3479,149.62,162.8
20178,train,2021-04-08 15:16:00,2021-04-19 21:32:00,55.39833,-57.185,-0.89833,0.90333,115.3479,0.196813,0.5057326592305159,-0.8626902557625367,162.8,107.4667,0.99339,-0.114788,-0.707107,-0.707107,0,0,0,0,0,1,0,0,0,0,0,0,0,0,1,0,0,0,-0.45833,0.53167,61.5557,145.67,107.4667
20178,train,2021-04-15 10:04:00,2021-04-21 19:53:00,54.5,-56.28167,-0.45833,0.53167,61.5557,0.159108,0.5639585157263981,-0.8258031197202381,107.4667,46.35,0.972408,-0.233289,0.5,-0.866025,0,0,0,1,0,0,0,0,0,0,0,0,0,0,0,0,1,0,-0.23667,0.24833,30.9347,148.19,46.35
20179,train,2021-03-17 15:26:00,2021-04-03 10:02:00,58.74,-60.81667,-1.25333,1.28,158.344,0.183269,0.4831295785101607,-0.8755488623535493,240.0,162.6,0.965507,0.260376,-0.707107,-0.707107,0,0,0,0,0,1,0,0,0,0,0,0,0,0,1,0,0,0,-0.25334,0.73334,52.229,122.33,162.6
20179,train,2021-03-27 15:26:00,2021-04-03 21:34:00,57.48667,-59.53667,-0.25334,0.73334,52.229,0.089225,0.844981931132099,-0.534794854182675,162.6,11.5333,0.995827,0.091261,-0.707107,-0.707107,0,0,0,0,0,1,0,0,0,0,0,0,0,0,1,0,0,0,-0.11333,0.135,15.0004,147.09,11.5333
20179,train,2021-04-03 10:02:00,2021-04-05 10:16:00,57.23333,-58.80333,-0.11333,0.135,15.0004,0.361281,0.5433209829879194,-0.8395250499211093,11.5333,36.7,0.999579,-0.029025,0.5,-0.866025,0,0,0,1,0,0,0,0,0,0,0,0,0,1,0,0,0,0,-0.235,-0.02,26.1589,182.66,36.7
20179,train,2021-04-03 21:34:00,2021-04-08 15:16:00,57.12,-58.66833,-0.235,-0.02,26.1589,0.197993,-0.04640908259941721,-0.9989225180424558,36.7,77.0,0.999579,-0.029025,-0.707107,0.707107,0,0,0,1,0,0,0,0,0,0,0,0,0,1,0,0,0,0,-0.57167,0.34166,66.9185,161.65,77.0
20179,train,2021-04-05 10:16:00,2021-04-11 10:02:00,56.885,-58.68833,-0.57167,0.34166,66.9185,0.241409,0.31482086633214584,-0.9491511060531285,77.0,66.7667,0.997989,-0.063391,0.5,-0.866025,0,0,0,1,0,0,0,0,0,0,0,0,0,1,0,0,0,0,-0.13166,0.08,15.4517,161.31,66.7667
20179,train,2021-04-08 15:16:00,2021-04-12 21:41:00,56.31333,-58.34667,-0.13166,0.08,15.4517,0.064286,0.32044766632274635,-0.9472662208420112,66.7667,35.65,0.99339,-0.114788,-0.707107,-0.707107,0,0,0,0,0,1,0,0,0,0,0,0,0,1,0,0,0,0,0.02,-0.22,13.792,279.37,35.65
20179,train,2021-04-11 10:02:00,2021-04-15 10:03:00,56.18167,-58.26667,0.02,-0.22,13.792,0.107465,-0.9866575436397382,0.16280937190099967,35.65,60.3667,0.986146,-0.165878,0.5,-0.866025,0,0,0,1,0,0,0,0,0,0,0,0,0,1,0,0,0,0,-0.16834,0.555,39.1669,118.32,60.3667
20179,train,2021-04-12 21:41:00,2021-04-19 18:36:00,56.20167,-58.48667,-0.16834,0.555,39.1669,0.180227,0.8803118118669203,-0.4743955247339291,60.3667,104.55,0.983147,-0.182817,-0.707107,0.707107,0,0,0,1,0,0,0,0,0,0,0,0,0,0,1,0,0,0,-0.35833,0.645,56.6405,134.44,104.55
20181,train,2021-03-17 15:26:00,2021-03-30 21:49:00,58.61667,-61.71167,-1.42834,1.4,179.0647,0.207251,0.47116583422703046,-0.8820446455010916,240.0,78.3833,0.965507,0.260376,-0.707107,-0.707107,0,0,0,0,0,1,0,0,0,0,0,0,0,0,1,0,0,0,0.05334,0.015,5.9995,8.65,78.3833
20181,train,2021-03-27 15:26:00,2021-04-11 10:02:00,57.18833,-60.31167,0.05334,0.015,5.9995,0.021261,0.1503981391128271,0.9886255103685109,78.3833,276.2167,0.995827,0.091261,-0.707107,-0.707107,0,0,0,0,0,1,0,0,0,0,0,0,0,0,1,0,0,0,-1.29834,0.80334,152.5138,160.85,276.2167
20181,train,2021-03-30 21:49:00,2021-04-18 15:16:00,57.24167,-60.29667,-1.29834,0.80334,152.5138,0.153376,0.32804239776812183,-0.9446630008984904,276.2167,173.2333,0.999209,0.03977,-0.707107,0.707107,0,0,0,1,0,0,0,0,0,0,0,0,0,0,1,0,0,0,-0.45833,1.405,101.6957,119.49,173.2333
20181,train,2021-04-11 10:02:00,2021-04-27 10:03:00,55.94333,-59.49333,-0.45833,1.405,101.6957,0.163068,0.8704416268075701,-0.4922716468786222,173.2333,210.7833,0.986146,-0.165878,0.5,-0.866025,0,0,0,1,0,0,0,0,0,0,0,0,0,0,0,0,1,0,-0.10833,0.89333,57.6344,101.7,210.7833
20181,train,2021-04-18 15:16:00,2021-04-30 13:22:00,55.485,-58.08833,-0.10833,0.89333,57.6344,0.075953,0.9792228106217657,-0.20278729535651258,210.7833,75.3167,0.959079,-0.283139,-0.707107,-0.707107,0,0,0,0,0,1,0,0,0,0,0,0,0,0,0,0,1,0,-0.15,0.70167,47.4428,110.29,75.3167
20181,train,2021-04-27 10:03:00,2021-05-01 10:00:00,55.37667,-57.195,-0.15,0.70167,47.4428,0.174975,0.9379494720208499,-0.3467719537906849,75.3167,20.6333,0.903946,-0.427646,0.5,-0.866025,0,0,0,1,0,0,0,0,0,0,0,0,0,0,0,0,1,0,-0.09667,0.29666,21.6877,119.59,20.6333
20181,train,2021-04-30 13:22:00,2021-05-04 09:55:00,55.22667,-56.49333,-0.09667,0.29666,21.6877,0.291972,0.8695811253804696,-0.4937901035683442,20.6333,71.9167,0.880683,-0.473706,-0.258819,-0.965926,0,0,0,1,0,0,0,0,0,0,0,0,0,0,0,0,1,0,-0.40333,0.82667,69.2893,130.0,71.9167
20183,test,2021-03-17 15:26:00,2021-04-18 15:16:00,58.50833,-61.57833,-1.40666,1.42833,177.8274,0.205819,0.48511489057569457,-0.8744504233755804,240.0,527.8333,0.965507,0.260376,-0.707107,-0.707107,0,0,0,0,0,1,0,0,0,0,0,0,0,0,0,0,1,0,-1.685,2.25833,233.5524,142.39,527.8333
20183,test,2021-03-27 15:26:00,2021-04-19 18:24:00,57.10167,-60.15,-1.685,2.25833,233.5524,0.122909,0.6102834352365835,-0.792183140868218,527.8333,27.1333,0.995827,0.091261,-0.707107,-0.707107,0,0,0,0,0,1,0,0,0,0,0,0,0,0,0,0,1,0,-0.10667,-0.06833,12.6228,200.03,27.1333
20183,test,2021-04-18 15:16:00,2021-04-27 10:03:00,55.41667,-57.89167,-0.10667,-0.06833,12.6228,0.129226,-0.34251211832548806,-0.9395134106547851,27.1333,183.65,0.959079,-0.283139,-0.707107,-0.707107,0,0,0,0,0,1,0,0,0,0,0,0,0,0,0,0,1,0,-0.465,0.48333,60.1666,149.05,183.65
20183,test,2021-04-19 18:24:00,2021-04-30 13:22:00,55.31,-57.96,-0.465,0.48333,60.1666,0.091004,0.514289859311162,-0.8576164297689878,183.65,75.3167,0.954067,-0.299595,-1.0,-0.0,1,0,0,0,0,0,0,0,0,0,0,0,0,0,0,0,1,0,-0.00667,-0.015,1.2135,232.33,75.3167
20183,test,2021-04-27 10:03:00,2021-05-01 10:00:00,54.845,-57.47667,-0.00667,-0.015,1.2135,0.004475,-0.7915436193031364,-0.6111126727048715,75.3167,20.6333,0.903946,-0.427646,0.5,-0.866025,0,0,0,1,0,0,0,0,0,0,0,0,0,0,1,0,0,0,0.005,0.01334,1.0192,56.94,20.6333
20183,test,2021-04-30 13:22:00,2021-05-01 21:32:00,54.83833,-57.49167,0.005,0.01334,1.0192,0.013721,0.8380997635333584,0.5455169899877811,20.6333,11.5333,0.880683,-0.473706,-0.258819,-0.965926,0,0,0,1,0,0,0,0,0,0,0,0,0,0,1,0,0,0,0.005,-0.17,10.8982,272.99,11.5333
20183,test,2021-05-01 10:00:00,2021-05-04 09:55:00,54.84333,-57.47833,0.005,-0.17,10.8982,0.262481,-0.9986386538920661,0.052161661712815374,11.5333,60.3833,0.872404,-0.488785,0.5,-0.866025,0,0,0,1,0,0,0,0,0,0,0,0,0,0,1,0,0,0,-0.28166,0.65,52.1975,126.6,60.3833
20184,train,2021-03-17 15:26:00,2021-03-30 21:48:00,58.47,-61.325,-1.18,0.72167,137.9707,0.159688,0.3143238488429037,-0.9493158157581614,240.0,78.3667,0.965507,0.260376,-0.707107,-0.707107,0,0,0,0,0,1,0,0,0,0,0,0,0,0,1,0,0,0,-0.24833,0.14666,28.9942,162.18,78.3667
20184,train,2021-03-27 15:26:00,2021-04-05 10:16:00,57.29,-60.60333,-0.24833,0.14666,28.9942,0.102773,0.3060276421885006,-0.9520226269456766,78.3667,132.4667,0.995827,0.091261,-0.707107,-0.707107,0,0,0,0,0,1,0,0,0,0,0,0,0,0,1,0,0,0,-0.61334,0.31834,70.9101,163.98,132.4667
20184,train,2021-03-30 21:48:00,2021-04-08 15:16:00,57.04167,-60.45667,-0.61334,0.31834,70.9101,0.148696,0.27597288264874575,-0.9611654217888519,132.4667,77.0,0.999209,0.03977,-0.707107,0.707107,0,0,0,1,0,0,0,0,0,0,0,0,0,0,1,0,0,0,-0.735,0.95166,100.8444,143.74,77.0
20184,train,2021-04-05 10:16:00,2021-04-18 15:16:00,56.42833,-60.13833,-0.735,0.95166,100.8444,0.363797,0.5914503904925008,-0.8063413889825254,77.0,240.0,0.997989,-0.063391,0.5,-0.866025,0,0,0,1,0,0,0,0,0,0,0,0,0,0,1,0,0,0,-0.28833,1.49334,99.2535,108.23,240.0
20184,train,2021-04-08 15:16:00,2021-04-27 10:03:00,55.69333,-59.18667,-0.28833,1.49334,99.2535,0.114877,0.9498083831311025,-0.3128322798783412,240.0,210.7833,0.99339,-0.114788,-0.707107,-0.707107,0,0,0,0,0,1,0,0,0,0,0,0,0,0,1,0,0,0,-0.175,1.32166,85.8582,102.56,210.7833
20184,train,2021-04-18 15:16:00,2021-04-30 13:22:00,55.405,-57.69333,-0.175,1.32166,85.8582,0.113147,0.9760688168135231,-0.2174618698628548,210.7833,75.3167,0.959079,-0.283139,-0.707107,-0.707107,0,0,0,0,0,1,0,0,0,0,0,0,0,0,1,0,0,0,0.005,0.6,38.0491,88.92,75.3167
20184,train,2021-04-27 10:03:00,2021-05-04 09:55:00,55.23,-56.37167,0.005,0.6,38.0491,0.14033,0.999822352380809,0.018848439715408175,75.3167,92.55,0.903946,-0.427646,0.5,-0.866025,0,0,0,1,0,0,0,0,0,0,0,0,0,0,0,0,1,0,-0.19,1.06167,70.7049,106.95,92.55
20185,train,2021-03-17 15:26:00,2021-04-05 21:49:00,58.385,-61.675,-1.50167,0.76333,173.0469,0.150985,0.26807920042374783,-0.9633968768374558,318.3667,144.0167,0.965507,0.260376,-0.707107,-0.707107,0,0,0,0,0,1,0,0,0,0,0,0,0,0,1,0,0,0,-0.95,0.565,111.206,161.55,144.0167
20185,train,2021-03-30 21:48:00,2021-04-29 21:49:00,56.88333,-60.91167,-0.95,0.565,111.206,0.214493,0.3164769671815862,-0.9486001946255046,144.0167,576.0,0.999209,0.03977,-0.707107,0.707107,0,0,0,1,0,0,0,0,0,0,0,0,0,0,1,0,0,0,-0.24333,0.37334,35.7243,139.08,576.0
20185,train,2021-04-05 21:49:00,2021-05-14 10:11:00,55.93333,-60.34667,-0.24333,0.37334,35.7243,0.017228,0.6550046164568822,-0.7556248754641238,576.0,348.3667,0.997989,-0.063391,-0.707107,0.707107,0,0,0,1,0,0,0,0,0,0,0,0,0,0,1,0,0,0,-0.13,0.65333,43.4895,109.14,348.3667
20186,train,2021-03-17 15:26:00,2021-04-11 10:02:00,58.4,-61.13667,-2.78833,2.02667,333.4132,0.175462,0.38187704976567444,-0.9242131349760534,527.8333,66.7667,0.965507,0.260376,-0.707107,-0.707107,0,0,0,0,0,1,0,0,0,0,0,0,0,1,0,0,0,0,-0.365,0.46,49.8957,144.24,66.7667
20186,train,2021-04-08 15:16:00,2021-04-18 15:16:00,55.61167,-59.11,-0.365,0.46,49.8957,0.207587,0.5843913031191721,-0.8114719988013609,66.7667,173.2333,0.99339,-0.114788,-0.707107,-0.707107,0,0,0,0,0,1,0,0,0,0,0,0,0,0,1,0,0,0,0.14333,0.68667,46.2775,69.57,173.2333
20186,train,2021-04-11 10:02:00,2021-04-27 10:03:00,55.24667,-58.65,0.14333,0.68667,46.2775,0.074205,0.9370993491224588,0.34906275921997765,173.2333,210.7833,0.986146,-0.165878,0.5,-0.866025,0,0,0,1,0,0,0,0,0,0,0,0,0,0,1,0,0,0,-0.27,0.49833,43.5738,133.35,210.7833
20186,train,2021-04-18 15:16:00,2021-04-30 13:22:00,55.39,-57.96333,-0.27,0.49833,43.5738,0.057423,0.7271739912014069,-0.6864531932478837,210.7833,75.3167,0.959079,-0.283139,-0.707107,-0.707107,0,0,0,0,0,1,0,0,0,0,0,0,0,0,1,0,0,0,-0.10833,0.32333,23.8527,120.2,75.3167
20186,train,2021-04-27 10:03:00,2021-05-04 09:56:00,55.12,-57.465,-0.10833,0.32333,23.8527,0.087972,0.8642748019537047,-0.5030199466302351,75.3167,92.5667,0.903946,-0.427646,0.5,-0.866025,0,0,0,1,0,0,0,0,0,0,0,0,0,0,1,0,0,0,-0.50667,0.26667,58.8799,163.0,92.5667
20187,train,2021-03-17 15:26:00,2021-04-19 18:06:00,58.39333,-61.14667,-1.32,0.26,147.5863,0.11552,0.10643761442688428,-0.994319382409452,354.8833,439.7833,0.965507,0.260376,-0.707107,-0.707107,0,0,0,0,0,1,0,0,0,0,0,0,0,1,0,0,0,0,-1.16,1.15667,147.2311,150.69,439.7833
20187,train,2021-04-01 10:19:00,2021-04-27 10:03:00,57.07333,-60.88667,-1.16,1.15667,147.2311,0.092995,0.48953464909544686,-0.8719838457993345,439.7833,183.95,0.999986,0.005376,0.5,-0.866025,0,0,0,1,0,0,0,0,0,0,0,0,0,1,0,0,0,0,-0.93,1.16,126.6668,144.25,183.95
20187,train,2021-04-19 18:06:00,2021-05-01 10:00:00,55.91333,-59.73,-0.93,1.16,126.6668,0.191276,0.5842496656374344,-0.8115739819650123,183.95,95.95,0.954067,-0.299595,-1.0,-0.0,0,0,0,0,0,1,0,0,0,0,0,0,0,0,1,0,0,0,0.265,0.38667,38.379,39.69,95.95
20187,train,2021-04-27 10:03:00,2021-05-02 10:11:00,54.98333,-58.57,0.265,0.38667,38.379,0.111108,0.6386335222322997,0.769511029343418,95.95,24.1833,0.903946,-0.427646,0.5,-0.866025,0,0,0,1,0,0,0,0,0,0,0,0,0,0,1,0,0,0,-0.01166,-0.30834,19.5894,266.33,24.1833
20187,train,2021-05-01 10:00:00,2021-05-05 21:04:00,55.24833,-58.18333,-0.01166,-0.30834,19.5894,0.225011,-0.9979492705161096,-0.06400979203500645,24.1833,82.8833,0.872404,-0.488785,0.5,-0.866025,0,0,0,1,0,0,0,0,0,0,0,0,0,0,1,0,0,0,-0.35167,1.015,75.5442,120.76,82.8833
20187,train,2021-05-02 10:11:00,2021-05-09 10:03:00,55.23667,-58.49167,-0.35167,1.015,75.5442,0.253181,0.8593171609344504,-0.5114430730037859,82.8833,84.9833,0.863867,-0.50372,0.5,-0.866025,0,0,0,1,0,0,0,0,0,0,0,0,0,0,1,0,0,0,-0.11167,0.18834,17.312,135.75,84.9833
20188,val,2021-03-17 15:26:00,2021-04-05 10:16:00,58.365,-61.49,-1.835,0.79833,209.5549,0.140558,0.23361507086605063,-0.9723291616856147,414.1333,36.7,0.965507,0.260376,-0.707107,-0.707107,0,0,0,0,0,1,0,0,0,0,0,0,0,0,0,0,1,0,-0.105,0.19334,16.6517,134.44,36.7
20188,val,2021-04-03 21:34:00,2021-05-02 10:11:00,56.53,-60.69167,-0.105,0.19334,16.6517,0.126035,0.7139840484019306,-0.7001619659961469,36.7,647.9167,0.999579,-0.029025,-0.707107,0.707107,0,0,0,1,0,0,0,0,0,0,0,0,0,0,0,0,1,0,-1.06833,1.55,153.1358,140.22,647.9167
20188,val,2021-04-05 10:16:00,2021-05-05 20:53:00,56.425,-60.49833,-1.06833,1.55,153.1358,0.065653,0.6398414789511784,-0.7685069172190766,647.9167,82.7,0.997989,-0.063391,0.5,-0.866025,0,0,0,1,0,0,0,0,0,0,0,0,0,0,1,0,0,0,-0.24167,0.60666,46.9213,124.69,82.7
20188,val,2021-05-02 10:11:00,2021-05-09 10:03:00,55.35667,-58.94833,-0.24167,0.60666,46.9213,0.157602,0.8222433865287437,-0.5691360235565334,82.7,85.1667,0.863867,-0.50372,0.5,-0.866025,0,0,0,1,0,0,0,0,0,0,0,0,0,0,1,0,0,0,-0.17,0.495,36.7767,120.73,85.1667
20188,val,2021-05-05 20:53:00,2021-05-16 09:56:00,55.115,-58.34167,-0.17,0.495,36.7767,0.11995,0.8595848340956906,-0.5109930655035193,85.1667,167.8833,0.836733,-0.547611,-0.866025,0.5,0,0,0,0,0,0,0,0,1,0,0,0,0,1,0,0,0,0,-0.425,0.96,77.6661,127.09,167.8833
20189,train,2021-03-17 15:26:00,2021-04-15 10:03:00,58.34833,-61.355,-1.27,1.45167,165.4504,0.191494,0.5302152565725302,-0.8478630677755259,240.0,450.6167,0.965507,0.260376,-0.707107,-0.707107,0,0,0,0,0,1,0,0,0,0,0,0,0,0,0,0,1,0,-1.23,1.33,159.309,148.59,450.6167
20189,train,2021-03-27 15:26:00,2021-04-18 15:16:00,57.07833,-59.90333,-1.23,1.33,159.309,0.098204,0.5211585966218445,-0.8534598509403647,450.6167,77.2167,0.995827,0.091261,-0.707107,-0.707107,0,0,0,0,0,1,0,0,0,0,0,0,0,0,0,0,1,0,-0.30333,0.71166,55.9151,126.81,77.2167
20189,train,2021-04-15 10:03:00,2021-04-19 18:33:00,55.84833,-58.57333,-0.30333,0.71166,55.9151,0.201148,0.8006268094125157,-0.5991633433796958,77.2167,27.2833,0.972408,-0.233289,0.5,-0.866025,0,0,0,1,0,0,0,0,0,0,0,0,0,0,0,0,1,0,0.30833,0.34667,40.5873,32.22,27.2833
20189,train,2021-04-18 15:16:00,2021-04-30 13:22:00,55.545,-57.86167,0.30833,0.34667,40.5873,0.413229,0.5331716207371886,0.8460071056678422,27.2833,258.8167,0.959079,-0.283139,-0.707107,-0.707107,0,0,0,0,0,1,0,0,0,0,0,0,0,0,0,0,1,0,-0.49166,2.53833,168.5322,107.88,258.8167
20190,val,2021-03-17 15:26:00,2021-04-18 15:16:00,58.37833,-60.905,-0.195,-0.01,21.6909,0.090086,-0.027049303815331754,-0.9996341006403823,66.8833,700.95,0.965507,0.260376,-0.707107,-0.707107,0,0,0,0,0,1,0,0,0,0,0,0,0,0,1,0,0,0,-2.74,3.00167,355.1727,147.79,700.95
20190,val,2021-03-20 10:19:00,2021-04-27 10:03:00,58.18333,-60.915,-2.74,3.00167,355.1727,0.140751,0.5330239565223786,-0.8461001487845452,700.95,210.7833,0.977653,0.210225,0.5,-0.866025,0,0,0,1,0,0,0,0,0,0,0,0,0,0,0,0,1,0,-0.46,0.785,71.3876,135.44,210.7833
20190,val,2021-04-18 15:16:00,2021-05-01 10:00:00,55.44333,-57.91333,-0.46,0.785,71.3876,0.094077,0.7016557939706075,-0.7125160677398625,210.7833,95.95,0.959079,-0.283139,-0.707107,-0.707107,0,0,0,0,0,1,0,0,0,0,0,0,0,0,0,0,1,0,-0.27333,0.21666,33.4086,155.38,95.95
20190,val,2021-04-27 10:03:00,2021-05-01 21:32:00,54.98333,-57.12833,-0.27333,0.21666,33.4086,0.096719,0.4165981501682978,-0.9090907442474334,95.95,11.5333,0.903946,-0.427646,0.5,-0.866025,0,0,0,1,0,0,0,0,0,0,0,0,0,0,1,0,0,0,0.02,0.015,2.4236,23.42,11.5333
20190,val,2021-05-01 10:00:00,2021-05-04 09:56:00,54.71,-56.91167,0.02,0.015,2.4236,0.058371,0.3974682232315139,0.9176159390078092,11.5333,60.4,0.872404,-0.488785,0.5,-0.866025,0,0,0,1,0,0,0,0,0,0,0,0,0,0,1,0,0,0,-0.25667,0.26167,33.1454,149.33,60.4
20191,train,2021-03-17 15:26:00,2021-04-03 10:02:00,58.225,-60.86833,-1.29,0.86166,152.3583,0.176341,0.34316793889938824,-0.939274063152787,240.0,162.6,0.965507,0.260376,-0.707107,-0.707107,0,0,0,0,0,1,0,0,0,0,0,0,0,0,0,0,1,0,-0.525,0.4,63.2855,157.12,162.6
20191,train,2021-03-27 15:26:00,2021-04-08 15:16:00,56.935,-60.00667,-0.525,0.4,63.2855,0.108114,0.38880237207298113,-0.9213211793237053,162.6,125.2333,0.995827,0.091261,-0.707107,-0.707107,0,0,0,0,0,1,0,0,0,0,0,0,0,0,0,0,1,0,-0.32667,1.205,82.8346,115.51,125.2333
20191,train,2021-04-03 10:02:00,2021-04-18 15:16:00,56.41,-59.60667,-0.32667,1.205,82.8346,0.183734,0.9025101322420253,-0.43066862110035614,125.2333,240.0,0.999579,-0.029025,0.5,-0.866025,0,0,0,1,0,0,0,0,0,0,0,0,0,0,1,0,0,0,-0.75166,1.25,114.5322,136.35,240.0
20191,train,2021-04-08 15:16:00,2021-04-21 19:01:00,56.08333,-58.40167,-0.75166,1.25,114.5322,0.13256,0.6902512402344373,-0.7235697791884491,240.0,75.75,0.99339,-0.114788,-0.707107,-0.707107,0,0,0,0,0,1,0,0,0,0,0,0,0,0,1,0,0,0,0.04833,0.65834,41.9603,82.37,75.75
20191,train,2021-04-18 15:16:00,2021-04-29 09:47:00,55.33167,-57.15167,0.04833,0.65834,41.9603,0.15387,0.9911461550970212,0.13277537134721798,75.75,182.7667,0.959079,-0.283139,-0.707107,-0.707107,0,0,0,0,0,1,0,0,0,0,0,0,0,0,1,0,0,0,-0.205,2.21166,141.9159,98.33,182.7667
20192,train,2021-03-17 15:26:00,2021-03-27 15:26:00,58.21,-61.14333,-0.25167,-0.04,28.083,0.116634,-0.08402567985463619,-0.996463589462739,66.8833,173.1167,0.965507,0.260376,-0.707107,-0.707107,0,0,0,0,0,1,0,0,0,0,0,0,0,0,0,0,1,0,-0.91833,0.96833,117.3612,150.06,173.1167
20192,train,2021-03-20 10:19:00,2021-04-08 15:16:00,57.95833,-61.18333,-0.91833,0.96833,117.3612,0.188314,0.49909282632798463,-0.8665485276128189,173.1167,287.8333,0.977653,0.210225,0.5,-0.866025,0,0,0,1,0,0,0,0,0,0,0,0,0,0,0,0,1,0,-0.86167,1.40167,128.594,137.58,287.8333
20192,train,2021-03-27 15:26:00,2021-04-15 10:03:00,57.04,-60.215,-0.86167,1.40167,128.594,0.124102,0.6745601160390954,-0.7382199197050444,287.8333,162.7833,0.995827,0.091261,-0.707107,-0.707107,0,0,0,0,0,1,0,0,0,0,0,0,0,0,0,0,1,0,-0.13833,0.85833,55.3974,105.76,162.7833
20192,train,2021-04-08 15:16:00,2021-04-19 15:00:00,56.17833,-58.81333,-0.13833,0.85833,55.3974,0.094532,0.9624078464991239,-0.27160842585773887,162.7833,100.95,0.99339,-0.114788,-0.707107,-0.707107,0,0,0,0,0,1,0,0,0,0,0,0,0,0,0,0,1,0,-0.06667,0.98667,61.7858,96.48,100.95
20192,train,2021-04-15 10:03:00,2021-04-22 09:55:00,56.04,-57.955,-0.06667,0.98667,61.7858,0.170012,0.9936113105200084,-0.1128563848734817,100.95,66.9167,0.972408,-0.233289,0.5,-0.866025,0,0,0,1,0,0,0,0,0,0,0,0,0,0,0,0,1,0,-0.33833,0.79333,62.2355,126.86,66.9167
20192,train,2021-04-19 15:00:00,2021-04-28 09:56:00,55.97333,-56.96833,-0.33833,0.79333,62.2355,0.258346,0.8001036359678468,-0.5998617938417408,66.9167,144.0167,0.954067,-0.299595,-0.707107,-0.707107,0,0,0,0,0,1,0,0,0,0,0,0,0,0,1,0,0,0,-0.15,1.72167,109.5423,98.05,144.0167
20192,train,2021-04-22 09:55:00,2021-04-29 09:47:00,55.635,-56.175,-0.15,1.72167,109.5423,0.211284,0.9901462402487812,-0.14003721977104122,144.0167,23.85,0.937342,-0.348411,0.707107,-0.707107,0,0,0,1,0,0,0,0,0,0,0,0,0,0,0,0,1,0,0.035,0.17333,11.5889,70.31,23.85
20193,train,2021-03-17 15:26:00,2021-03-27 15:26:00,58.16333,-61.17,-0.24,0.08,27.0989,0.112546,0.1743356608056447,-0.984686283732773,66.8833,173.1167,0.965507,0.260376,-0.707107,-0.707107,0,0,0,0,0,1,0,0,0,0,0,0,0,0,1,0,0,0,-1.005,0.95667,125.5728,152.46,173.1167
20193,train,2021-03-20 10:19:00,2021-04-05 21:49:00,57.92333,-61.09,-1.005,0.95667,125.5728,0.20149,0.46236775104099176,-0.8866882557005565,173.1167,222.3833,0.977653,0.210225,0.5,-0.866025,0,0,0,1,0,0,0,0,0,0,0,0,0,0,1,0,0,0,-0.97666,0.66333,116.0043,159.14,222.3833
20193,train,2021-03-27 15:26:00,2021-04-08 15:16:00,56.91833,-60.13333,-0.97666,0.66333,116.0043,0.1449,0.35608571467917,-0.934453296747047,222.3833,65.45,0.995827,0.091261,-0.707107,-0.707107,0,0,0,0,0,1,0,0,0,0,0,0,0,0,0,0,1,0,-0.26167,0.76667,56.0478,120.96,65.45
20193,train,2021-04-05 21:49:00,2021-04-12 21:41:00,55.94167,-59.47,-0.26167,0.76667,56.0478,0.237874,0.8575266561936522,-0.5144395337815065,65.45,102.4167,0.997989,-0.063391,-0.707107,0.707107,0,0,0,1,0,0,0,0,0,0,0,0,0,0,1,0,0,0,-0.18167,0.51166,37.9713,121.93,102.4167
20193,train,2021-04-08 15:16:00,2021-04-18 15:16:00,55.68,-58.70333,-0.18167,0.51166,37.9713,0.102987,0.8486948816015428,-0.5288827828010128,102.4167,137.5833,0.99339,-0.114788,-0.707107,-0.707107,0,0,0,0,0,1,0,0,0,0,0,0,0,0,1,0,0,0,-0.125,0.465,32.4604,115.16,137.5833
20193,train,2021-04-12 21:41:00,2021-04-21 19:16:00,55.49833,-58.19167,-0.125,0.465,32.4604,0.065537,0.9051240819620017,-0.4251474994074922,137.5833,76.0,0.983147,-0.182817,-0.707107,0.707107,0,0,0,1,0,0,0,0,0,0,0,0,0,0,1,0,0,0,-0.11666,0.47667,32.8334,113.08,76.0
20193,train,2021-04-18 15:16:00,2021-04-27 10:03:00,55.37333,-57.72667,-0.11666,0.47667,32.8334,0.120005,0.9199583927694771,-0.3920160144343603,76.0,134.7833,0.959079,-0.283139,-0.707107,-0.707107,0,0,0,0,0,1,0,0,0,0,0,0,0,0,0,0,1,0,-0.27334,0.83667,61.2714,119.4,134.7833
20193,train,2021-04-21 19:16:00,2021-04-30 13:22:00,55.25667,-57.25,-0.27334,0.83667,61.2714,0.126276,0.8712138111201895,-0.4909037536151408,134.7833,75.3167,0.943196,-0.332235,-0.965926,0.258819,0,0,0,0,0,1,0,0,0,0,0,0,0,0,0,0,1,0,-0.10166,0.15833,15.1689,138.11,75.3167
20193,train,2021-04-27 10:03:00,2021-05-01 10:00:00,54.98333,-56.41333,-0.10166,0.15833,15.1689,0.055945,0.6677026384286112,-0.744428093663499,75.3167,20.6333,0.903946,-0.427646,0.5,-0.866025,0,0,0,1,0,0,0,0,0,0,0,0,0,0,1,0,0,0,-0.16334,0.195,22.0476,145.39,20.6333
20193,train,2021-04-30 13:22:00,2021-05-04 09:56:00,54.88167,-56.255,-0.16334,0.195,22.0476,0.296818,0.5679874008018557,-0.8230372485679808,20.6333,71.9333,0.880683,-0.473706,-0.258819,-0.965926,0,0,0,1,0,0,0,0,0,0,0,0,0,1,0,0,0,0,-0.365,-0.42833,49.1002,214.42,71.9333
20194,train,2021-03-17 15:26:00,2021-04-05 21:49:00,58.05333,-61.28,-0.10333,0.25,18.6815,0.077587,0.789619849270123,-0.61359636051612,66.8833,395.5,0.965507,0.260376,-0.707107,-0.707107,0,0,0,0,0,1,0,0,0,0,0,0,0,1,0,0,0,0,-1.95167,1.245,229.7479,160.31,395.5
20194,train,2021-03-20 10:19:00,2021-04-08 15:16:00,57.95,-61.03,-1.95167,1.245,229.7479,0.161362,0.33693093568148685,-0.9415293646938463,395.5,65.45,0.977653,0.210225,0.5,-0.866025,0,0,0,1,0,0,0,0,0,0,0,0,0,0,1,0,0,0,-0.365,0.56,53.5839,139.01,65.45
20194,train,2021-04-05 21:49:00,2021-04-18 15:16:00,55.99833,-59.785,-0.365,0.56,53.5839,0.227417,0.6559272973281133,-0.7548240726287396,65.45,240.0,0.997989,-0.063391,-0.707107,0.707107,0,0,0,1,0,0,0,0,0,0,0,0,0,0,1,0,0,0,-0.23,1.25333,82.9399,107.44,240.0
20194,train,2021-04-08 15:16:00,2021-04-27 10:03:00,55.63333,-59.225,-0.23,1.25333,82.9399,0.095995,0.954031326133758,-0.2997069047510636,240.0,210.7833,0.99339,-0.114788,-0.707107,-0.707107,0,0,0,0,0,1,0,0,0,0,0,0,0,0,1,0,0,0,-0.25166,1.32167,88.2622,107.94,210.7833
20194,train,2021-04-18 15:16:00,2021-04-30 13:22:00,55.40333,-57.97167,-0.25166,1.32167,88.2622,0.116315,0.9513795966007562,-0.3080208810645511,210.7833,75.3167,0.959079,-0.283139,-0.707107,-0.707107,0,0,0,0,0,1,0,0,0,0,0,0,0,0,1,0,0,0,-0.23334,0.375,35.2736,137.2,75.3167
20194,train,2021-04-27 10:03:00,2021-05-01 21:32:00,55.15167,-56.65,-0.23334,0.375,35.2736,0.130094,0.6794413042615167,-0.7337298645028761,75.3167,32.1667,0.903946,-0.427646,0.5,-0.866025,0,0,0,1,0,0,0,0,0,0,0,0,0,0,1,0,0,0,0.08,-0.13833,12.5352,315.26,32.1667
20194,train,2021-04-30 13:22:00,2021-05-04 09:55:00,54.91833,-56.275,0.08,-0.13833,12.5352,0.108248,-0.7038907630027992,0.7103082385551621,32.1667,60.3833,0.880683,-0.473706,-0.258819,-0.965926,0,0,0,1,0,0,0,0,0,0,0,0,0,0,0,0,1,0,-0.22166,0.35666,33.5833,137.07,60.3833
20194,train,2021-05-01 21:32:00,2021-05-05 21:24:00,54.99833,-56.41333,-0.22166,0.35666,33.5833,0.154491,0.6811043341945269,-0.7321863737747584,60.3833,35.4833,0.872404,-0.488785,-0.707107,0.707107,0,0,0,1,0,0,0,0,0,0,0,0,0,0,0,0,1,0,-0.03667,0.11834,8.6186,118.19,35.4833
20194,train,2021-05-04 09:55:00,2021-05-10 09:56:00,54.77667,-56.05667,-0.03667,0.11834,8.6186,0.067469,0.8813859143088522,-0.4723969412029979,35.4833,108.5333,0.846029,-0.533137,0.707107,-0.707107,0,0,0,1,0,0,0,0,0,0,0,0,0,0,1,0,0,0,-0.45167,0.19333,51.7505,165.97,108.5333
20195,test,2021-03-17 15:26:00,2021-03-27 15:26:00,58.04667,-61.055,-0.31167,0.64,51.3016,0.213064,0.7405700764403729,-0.6719791379805627,66.8833,173.1167,0.965507,0.260376,-0.707107,-0.707107,0,0,0,0,0,1,0,0,0,0,0,0,0,0,1,0,0,0,-0.725,0.35833,83.4294,164.93,173.1167
20195,test,2021-03-20 10:19:00,2021-04-08 15:16:00,57.735,-60.415,-0.725,0.35833,83.4294,0.133868,0.25999895266895034,-0.9656088983698571,173.1167,287.8333,0.977653,0.210225,0.5,-0.866025,0,0,0,1,0,0,0,0,0,0,0,0,0,0,1,0,0,0,-0.96333,1.705,149.6823,134.98,287.8333
20195,test,2021-03-27 15:26:00,2021-04-12 21:41:00,57.01,-60.05667,-0.96333,1.705,149.6823,0.144453,0.7073535649320245,-0.7068599112822541,287.8333,102.4167,0.995827,0.091261,-0.707107,-0.707107,0,0,0,0,0,1,0,0,0,0,0,0,0,0,0,0,1,0,-0.435,0.63,62.3513,140.61,102.4167
20195,test,2021-04-08 15:16:00,2021-04-18 15:16:00,56.04667,-58.35167,-0.435,0.63,62.3513,0.169111,0.6345956360844714,-0.7728443431005658,102.4167,137.5833,0.99339,-0.114788,-0.707107,-0.707107,0,0,0,0,0,1,0,0,0,0,0,0,0,0,1,0,0,0,-0.18834,-0.07,21.4011,191.91,137.5833
20195,test,2021-04-12 21:41:00,2021-04-27 10:03:00,55.61167,-57.72167,-0.18834,-0.07,21.4011,0.043208,-0.20637496429059682,-0.9784729807787514,137.5833,210.7833,0.983147,-0.182817,-0.707107,0.707107,0,0,0,1,0,0,0,0,0,0,0,0,0,0,1,0,0,0,-0.21666,1.67,108.3812,102.16,210.7833
20195,test,2021-04-18 15:16:00,2021-04-30 13:22:00,55.42333,-57.79167,-0.21666,1.67,108.3812,0.142829,0.9775631886233652,-0.21064237999158392,210.7833,75.3167,0.959079,-0.283139,-0.707107,-0.707107,0,0,0,0,0,1,0,0,0,0,0,0,0,0,1,0,0,0,-0.18667,0.75834,52.5059,112.97,75.3167
20196,train,2021-03-17 15:26:00,2021-03-27 15:26:00,58.13833,-60.44833,-0.43666,0.07,48.73,0.202384,0.0854169231373676,-0.9963452961909064,66.8833,173.1167,0.965507,0.260376,-0.707107,-0.707107,0,0,0,0,0,1,0,0,0,0,0,0,0,0,1,0,0,0,-0.76334,0.72333,95.3431,152.6,173.1167
20196,train,2021-03-20 10:19:00,2021-04-08 15:16:00,57.70167,-60.37833,-0.76334,0.72333,95.3431,0.152985,0.46019978478385176,-0.8878153851364012,173.1167,287.8333,0.977653,0.210225,0.5,-0.866025,0,0,0,1,0,0,0,0,0,0,0,0,0,0,0,0,1,0,-0.88166,1.21167,123.0476,142.31,287.8333
20196,train,2021-03-27 15:26:00,2021-04-18 15:16:00,56.93833,-59.655,-0.88166,1.21167,123.0476,0.118749,0.6113889363147474,-0.7913302525190868,287.8333,240.0,0.995827,0.091261,-0.707107,-0.707107,0,0,0,0,0,1,0,0,0,0,0,0,0,0,0,0,1,0,-0.76167,1.04333,107.0133,141.89,240.0
20197,val,2021-03-17 15:26:00,2021-03-27 15:26:00,58.12167,-60.48167,-0.40667,0.10167,45.6165,0.189453,0.13242938798960766,-0.991192442059915,66.8833,173.1167,0.965507,0.260376,-0.707107,-0.707107,0,0,0,0,0,1,0,0,0,0,0,0,0,0,1,0,0,0,-0.56167,0.71833,75.8218,145.15,173.1167
20197,val,2021-03-20 10:19:00,2021-04-01 10:19:00,57.715,-60.38,-0.56167,0.71833,75.8218,0.121661,0.5714299381493518,-0.8206508549844007,173.1167,114.8833,0.977653,0.210225,0.5,-0.866025,0,0,0,1,0,0,0,0,0,0,0,0,0,0,1,0,0,0,-0.20666,0.425,34.4781,131.62,114.8833
20197,val,2021-03-27 15:26:00,2021-04-11 10:02:00,57.15333,-59.66167,-0.20666,0.425,34.4781,0.083365,0.7475662909767522,-0.6641872029746296,114.8833,239.7167,0.995827,0.091261,-0.707107,-0.707107,0,0,0,0,0,1,0,0,0,0,0,0,0,0,1,0,0,0,-0.04,0.18167,11.8873,111.9,239.7167
20197,val,2021-04-01 10:19:00,2021-04-12 10:08:00,56.94667,-59.23667,-0.04,0.18167,11.8873,0.013775,0.9278362538989199,-0.37298778257580906,239.7167,24.1,0.999986,0.005376,0.5,-0.866025,0,0,0,1,0,0,0,0,0,0,0,0,0,0,1,0,0,0,0.15666,-0.185,20.7141,327.32,24.1
20197,val,2021-04-11 10:02:00,2021-04-19 17:25:00,56.90667,-59.055,0.15666,-0.185,20.7141,0.238752,-0.5399465448935789,0.8416993101205955,24.1,175.2833,0.986146,-0.165878,0.5,-0.866025,0,0,0,1,0,0,0,0,0,0,0,0,0,1,0,0,0,0,-0.06333,-0.035,7.3535,196.75,175.2833
20197,val,2021-04-12 10:08:00,2021-05-02 10:11:00,57.06333,-59.24,-0.06333,-0.035,7.3535,0.011653,-0.2881962681340892,-0.9575713608048144,175.2833,304.7667,0.983147,-0.182817,0.5,-0.866025,0,0,0,1,0,0,0,0,0,0,0,0,0,0,1,0,0,0,-0.13833,-0.69167,44.6959,250.16,304.7667
20197,val,2021-04-19 17:25:00,2021-05-03 10:15:00,57.0,-59.275,-0.13833,-0.69167,44.6959,0.040738,-0.9406440560061214,-0.3393946963350381,304.7667,24.0667,0.954067,-0.299595,-0.965926,-0.258819,0,0,0,1,0,0,0,0,0,0,0,1,0,0,0,0,0,0,-0.06167,-0.17166,12.4933,236.78,24.0667
20197,val,2021-05-02 10:11:00,2021-05-05 21:48:00,56.86167,-59.96667,-0.06167,-0.17166,12.4933,0.144198,-0.8365731268619911,-0.5478552759738203,24.0667,59.55,0.863867,-0.50372,0.5,-0.866025,0,0,0,1,0,0,0,0,0,0,0,0,0,0,1,0,0,0,-0.29833,0.27166,37.097,153.29,59.55
20197,val,2021-05-03 10:15:00,2021-05-11 10:16:00,56.8,-60.13833,-0.29833,0.27166,37.097,0.173043,0.44947491449327964,-0.8932929537622353,59.55,132.4667,0.855075,-0.518505,0.5,-0.866025,0,0,0,1,0,0,0,0,0,0,0,0,0,1,0,0,0,0,-0.66334,0.985,95.6993,140.01,132.4667
20197,val,2021-05-05 21:48:00,2021-05-14 10:11:00,56.50167,-59.86667,-0.66334,0.985,95.6993,0.200678,0.6426538999195128,-0.7661566190526848,132.4667,71.9167,0.836733,-0.547611,-0.707107,0.707107,0,0,0,1,0,0,0,0,0,0,0,0,0,0,1,0,0,0,-0.52333,0.745,74.6938,140.87,71.9167
20198,test,2021-03-17 15:26:00,2021-03-27 15:26:00,58.17333,-60.31,-0.65833,0.06333,73.2988,0.304422,0.051638768610056576,-0.9986658287817988,66.8833,173.1167,0.965507,0.260376,-0.707107,-0.707107,0,0,0,0,0,1,0,0,0,0,0,0,0,0,1,0,0,0,-0.47,0.375,56.9146,156.51,173.1167
20198,test,2021-03-20 10:19:00,2021-04-03 10:02:00,57.515,-60.24667,-0.47,0.375,56.9146,0.091323,0.3985890056753975,-0.917129655258567,173.1167,162.6,0.977653,0.210225,0.5,-0.866025,0,0,0,1,0,0,0,0,0,0,0,0,0,0,1,0,0,0,-0.16333,0.315,26.3529,133.43,162.6
20198,test,2021-03-27 15:26:00,2021-04-11 10:02:00,57.045,-59.87167,-0.16333,0.315,26.3529,0.04502,0.7262148132107444,-0.6874678502106724,162.6,192.0,0.995827,0.091261,-0.707107,-0.707107,0,0,0,0,0,1,0,0,0,0,0,0,0,0,1,0,0,0,-0.88667,0.11834,98.8612,175.73,192.0
20198,test,2021-04-03 10:02:00,2021-04-18 15:16:00,56.88167,-59.55667,-0.88667,0.11834,98.8612,0.143028,0.07445659165730514,-0.9972242556009041,192.0,173.2333,0.999579,-0.029025,0.5,-0.866025,0,0,0,1,0,0,0,0,0,0,0,0,0,1,0,0,0,0,-0.52833,1.37666,104.3084,123.71,173.2333
20198,test,2021-04-11 10:02:00,2021-04-19 18:32:00,55.995,-59.43833,-0.52833,1.37666,104.3084,0.167257,0.8318572708386354,-0.5549896223830652,173.2333,27.2667,0.986146,-0.165878,0.5,-0.866025,0,0,0,1,0,0,0,0,0,0,0,0,0,1,0,0,0,0,0.5,0.33834,59.4991,20.73,27.2667
20198,test,2021-04-18 15:16:00,2021-04-27 10:03:00,55.46667,-58.06167,0.5,0.33834,59.4991,0.606144,0.3539645926524937,0.9352588236142733,27.2667,183.5167,0.959079,-0.283139,-0.707107,-0.707107,0,0,0,0,0,1,0,0,0,0,0,0,0,0,1,0,0,0,-0.46667,0.51,60.9277,148.18,183.5167
20198,test,2021-04-19 18:32:00,2021-04-30 13:22:00,55.96667,-57.72333,-0.46667,0.51,60.9277,0.092223,0.5272524319022953,-0.8497086989392986,183.5167,75.3167,0.954067,-0.299595,-1.0,-0.0,0,0,0,0,0,1,0,0,0,0,0,0,0,0,1,0,0,0,0.265,0.255,33.5332,28.41,75.3167
20199,test,2021-03-17 15:26:00,2021-03-24 15:16:00,58.13667,-60.07833,-0.96834,0.555,112.6227,0.467741,0.2970415815770349,-0.954864544746643,66.8833,100.95,0.965507,0.260376,-0.707107,-0.707107,0,0,0,0,0,1,0,0,0,0,0,0,0,0,1,0,0,0,-0.36166,0.13666,41.0581,168.31,100.95
20199,test,2021-03-20 10:19:00,2021-03-31 21:41:00,57.16833,-59.52333,-0.36166,0.13666,41.0581,0.112977,0.2026163856471931,-0.9792581887670218,100.95,174.4167,0.977653,0.210225,0.5,-0.866025,0,0,0,1,0,0,0,0,0,0,0,0,0,0,0,0,1,0,-1.02667,1.20667,136.2922,146.38,174.4167
20199,test,2021-03-24 15:16:00,2021-04-08 15:16:00,56.80667,-59.38667,-1.02667,1.20667,136.2922,0.21706,0.5536822598841026,-0.8327280198778189,174.4167,185.5833,0.989794,0.142508,-0.707107,-0.707107,0,0,0,0,0,1,0,0,0,0,0,0,0,0,0,0,1,0,0.20333,1.00667,66.7317,69.78,185.5833
20199,test,2021-03-31 21:41:00,2021-04-15 10:03:00,55.78,-58.18,0.20333,1.00667,66.7317,0.099883,0.938372433776265,0.3456257738201958,185.5833,162.7833,0.999745,0.022576,-0.707107,0.707107,0,0,0,1,0,0,0,0,0,0,0,0,0,0,0,0,1,0,-0.60833,1.92833,138.5261,118.43,162.7833
20199,test,2021-04-08 15:16:00,2021-04-17 15:50:00,55.98333,-57.17333,-0.60833,1.92833,138.5261,0.236385,0.8793994160441588,-0.47608472676740266,162.7833,53.7833,0.99339,-0.114788,-0.707107,-0.707107,0,0,0,0,0,1,0,0,0,0,0,0,0,0,1,0,0,0,-0.5,0.79167,74.9965,137.52,53.7833
20199,test,2021-04-15 10:03:00,2021-04-20 21:05:00,55.375,-55.245,-0.5,0.79167,74.9965,0.387339,0.6753328081210243,-0.737513117358174,53.7833,77.25,0.972408,-0.233289,0.5,-0.866025,0,0,0,1,0,0,0,0,0,0,0,0,0,0,1,0,0,0,-0.06167,0.40333,26.7186,104.71,77.25
20199,test,2021-04-17 15:50:00,2021-04-21 17:17:00,54.875,-54.45333,-0.06167,0.40333,26.7186,0.096076,0.9672234489274104,-0.253926760789337,77.25,20.2,0.963807,-0.266599,-0.707107,-0.707107,0,0,0,0,0,0,0,0,0,1,0,0,0,0,1,0,0,0,0.07,-0.06333,8.7763,332.51,20.2
20199,test,2021-04-20 21:05:00,2021-04-23 09:48:00,54.81333,-54.05,0.07,-0.06333,8.7763,0.120686,-0.4615937936075887,0.8870914100040395,20.2,40.5167,0.948772,-0.315962,-0.707107,0.707107,0,0,0,1,0,0,0,0,0,0,0,0,0,0,1,0,0,0,0.04167,0.36166,23.581,78.52,40.5167
20199,test,2021-04-21 17:17:00,2021-04-25 09:26:00,54.88333,-54.11333,0.04167,0.36166,23.581,0.161669,0.9799942374565596,0.1990258640276093,40.5167,47.6333,0.943196,-0.332235,-0.965926,-0.258819,0,0,0,0,0,1,0,0,0,0,0,0,0,1,0,0,0,0,-0.36833,0.14334,41.9772,167.28,47.6333
20199,test,2021-04-23 09:48:00,2021-04-29 09:47:00,54.925,-53.75167,-0.36833,0.14334,41.9772,0.244794,0.22018671674730161,-0.9754577437121731,47.6333,96.35,0.93121,-0.364483,0.707107,-0.707107,0,0,0,1,0,0,0,0,0,0,0,0,0,0,1,0,0,0,0.19833,-0.26667,27.939,322.23,96.35
20199,test,2021-04-25 09:26:00,2021-04-30 12:42:00,54.55667,-53.60833,0.19833,-0.26667,27.939,0.080548,-0.6124932454588955,0.790475821431136,96.35,26.9167,0.918121,-0.396299,0.707107,-0.707107,0,0,0,1,0,0,0,0,0,0,0,0,0,0,1,0,0,0,-0.11833,0.255,21.0154,128.66,26.9167
20199,test,2021-04-29 09:47:00,2021-05-16 09:56:00,54.755,-53.875,-0.11833,0.255,21.0154,0.216877,0.7808667188358014,-0.6246976608044963,26.9167,381.2333,0.888701,-0.458487,0.707107,-0.707107,0,0,0,1,0,0,0,0,0,0,0,0,0,0,1,0,0,0,-1.39834,-0.685,161.822,196.36,381.2333
20200,train,2021-03-17 15:26:00,2021-03-27 15:26:00,57.88833,-60.91333,-0.38,0.54666,53.2962,0.221348,0.6126312001868032,-0.7903689091542487,66.8833,173.1167,0.965507,0.260376,-0.707107,-0.707107,0,0,0,0,0,1,0,0,0,0,0,0,0,0,1,0,0,0,-0.86666,0.365,98.8605,166.95,173.1167
20200,train,2021-03-20 10:19:00,2021-03-30 21:48:00,57.50833,-60.36667,-0.86666,0.365,98.8605,0.158629,0.22580126686910384,-0.9741733869698493,173.1167,78.3667,0.977653,0.210225,0.5,-0.866025,0,0,0,1,0,0,0,0,0,0,0,0,0,0,1,0,0,0,-0.75,0.52667,89.5124,158.48,78.3667
20200,train,2021-03-27 15:26:00,2021-04-08 15:16:00,56.64167,-60.00167,-0.75,0.52667,89.5124,0.317285,0.3668259813887643,-0.9302895782379645,78.3667,209.4667,0.995827,0.091261,-0.707107,-0.707107,0,0,0,0,0,1,0,0,0,0,0,0,0,0,1,0,0,0,-0.345,1.675,111.6968,109.39,209.4667
20200,train,2021-03-30 21:48:00,2021-04-18 15:16:00,55.89167,-59.475,-0.345,1.675,111.6968,0.148123,0.9432806166351893,-0.33199650341582976,209.4667,240.0,0.999209,0.03977,-0.707107,0.707107,0,0,0,1,0,0,0,0,0,0,0,0,0,0,1,0,0,0,-0.44,0.745,67.9311,135.77,240.0
20200,train,2021-04-08 15:16:00,2021-04-21 19:28:00,55.54667,-57.8,-0.44,0.745,67.9311,0.078624,0.6975403807879085,-0.7165454746003631,240.0,76.2,0.99339,-0.114788,-0.707107,-0.707107,0,0,0,0,0,1,0,0,0,0,0,0,0,0,1,0,0,0,-0.08167,0.83,53.6237,99.41,76.2
20200,train,2021-04-18 15:16:00,2021-04-30 13:22:00,55.10667,-57.055,-0.08167,0.83,53.6237,0.195479,0.9865436408228099,-0.16349814907843693,76.2,209.9,0.959079,-0.283139,-0.707107,-0.707107,0,0,0,0,0,1,0,0,0,0,0,0,0,0,1,0,0,0,-0.10667,0.88333,57.6113,101.52,209.9
20200,train,2021-04-21 19:28:00,2021-05-05 09:48:00,55.025,-56.225,-0.10667,0.88333,57.6113,0.076242,0.9798550523842469,-0.1997099805144069,209.9,116.4333,0.943196,-0.332235,-0.965926,0.258819,0,0,0,0,0,1,0,0,0,0,0,0,0,0,0,0,1,0,0.00667,0.64667,41.3308,88.71,116.4333
20200,train,2021-04-30 13:22:00,2021-05-16 09:56:00,54.91833,-55.34167,0.00667,0.64667,41.3308,0.098604,0.9997465537824209,0.022512845226067987,116.4333,264.1333,0.880683,-0.473706,-0.258819,-0.965926,0,0,0,1,0,0,0,0,0,0,0,0,0,0,1,0,0,0,-0.54,-1.14333,94.9423,231.24,264.1333
20200,train,2021-05-05 09:48:00,2021-05-16 17:07:00,54.925,-54.695,-0.54,-1.14333,94.9423,0.099847,-0.7797752269605653,-0.6260595781701601,264.1333,7.1833,0.836733,-0.547611,0.707107,-0.707107,0,0,0,1,0,0,0,0,0,0,0,0,0,0,1,0,0,0,-0.13167,0.015,14.6733,176.19,7.1833
20200,train,2021-05-16 09:56:00,2021-05-28 18:05:00,54.385,-55.83833,-0.13167,0.015,14.6733,0.567414,0.06644804859873606,-0.9977898861170221,7.1833,288.9667,0.718792,-0.695225,0.707107,-0.707107,0,0,0,1,0,0,0,0,0,0,0,0,0,0,0,0,1,0,-0.51666,0.96333,85.2375,131.99,288.9667
20201,train,2021-03-17 15:26:00,2021-04-08 15:16:00,57.86,-60.375,-1.01,0.01833,112.3123,0.129991,0.009948212638374306,-0.9999505153082835,240.0,287.8333,0.965507,0.260376,-0.707107,-0.707107,0,0,0,0,0,1,0,0,0,0,0,0,0,1,0,0,0,0,-1.27167,2.14,193.644,136.01,287.8333
20201,train,2021-03-27 15:26:00,2021-04-11 10:02:00,56.85,-60.35667,-1.27167,2.14,193.644,0.186879,0.6945328113998174,-0.7194610301392742,287.8333,66.7667,0.995827,0.091261,-0.707107,-0.707107,0,0,0,0,0,1,0,0,0,0,0,0,0,1,0,0,0,0,0.06167,0.19167,13.8543,60.25,66.7667
20201,train,2021-04-08 15:16:00,2021-04-18 15:16:00,55.57833,-58.21667,0.06167,0.19167,13.8543,0.05764,0.8681988144891423,0.49621650367520814,66.7667,173.2333,0.99339,-0.114788,-0.707107,-0.707107,0,0,0,0,0,1,0,0,0,0,0,0,0,1,0,0,0,0,-0.25167,0.445,39.5986,134.78,173.2333
20201,train,2021-04-11 10:02:00,2021-04-21 19:17:00,55.64,-58.025,-0.25167,0.445,39.5986,0.063496,0.7098166570417259,-0.704386480127287,173.2333,76.0167,0.986146,-0.165878,0.5,-0.866025,0,0,0,1,0,0,0,0,0,0,0,0,0,0,0,0,0,1,-0.085,0.31,21.7604,115.62,76.0167
20201,train,2021-04-18 15:16:00,2021-04-27 10:03:00,55.38833,-57.58,-0.085,0.31,21.7604,0.079516,0.901681645086047,-0.4324005214091675,76.0167,134.7667,0.959079,-0.283139,-0.707107,-0.707107,0,0,0,0,0,1,0,0,0,0,0,0,0,1,0,0,0,0,-0.00333,0.84333,53.3823,90.05,134.7667
20201,train,2021-04-21 19:17:00,2021-04-30 13:22:00,55.30333,-57.27,-0.00333,0.84333,53.3823,0.11003,0.9999996192282494,-0.000872664515235034,134.7667,75.3167,0.943196,-0.332235,-0.965926,0.258819,0,0,0,0,0,1,0,0,0,0,0,0,0,0,1,0,0,0,0.08,0.29834,20.8582,64.63,75.3167
20201,train,2021-04-27 10:03:00,2021-05-04 09:55:00,55.3,-56.42667,0.08,0.29834,20.8582,0.076928,0.9035597589364528,0.42846208937396013,75.3167,92.55,0.903946,-0.427646,0.5,-0.866025,0,0,0,1,0,0,0,0,0,0,0,0,0,0,0,0,1,0,-0.13667,0.86333,56.7074,105.19,92.55
20202,test,2021-03-17 15:26:00,2021-04-08 15:16:00,57.88,-60.81,-0.97667,0.87833,120.6797,0.139676,0.44197559563336875,-0.8970270747667146,240.0,287.8333,0.965507,0.260376,-0.707107,-0.707107,0,0,0,0,0,1,0,0,0,0,0,0,0,0,0,0,1,0,-0.54666,1.63334,116.9339,120.64,287.8333
20202,test,2021-03-27 15:26:00,2021-04-15 10:03:00,56.90333,-59.93167,-0.54666,1.63334,116.9339,0.112849,0.8603864393258533,-0.5096422029465177,287.8333,162.7833,0.995827,0.091261,-0.707107,-0.707107,0,0,0,0,0,1,0,0,0,0,0,0,0,0,0,0,1,0,-0.405,0.74166,64.325,134.13,162.7833
20202,test,2021-04-08 15:16:00,2021-04-18 15:16:00,56.35667,-58.29833,-0.405,0.74166,64.325,0.109766,0.7177618202524206,-0.6962887112311471,162.7833,77.2167,0.99339,-0.114788,-0.707107,-0.707107,0,0,0,0,0,1,0,0,0,0,0,0,0,0,1,0,0,0,-0.5,-0.08166,55.8324,185.29,77.2167
20202,test,2021-04-15 10:03:00,2021-04-19 15:03:00,55.95167,-57.55667,-0.5,-0.08166,55.8324,0.20085,-0.09219679929629182,-0.9957408047275753,77.2167,23.7833,0.972408,-0.233289,0.5,-0.866025,0,0,0,1,0,0,0,0,0,0,0,0,0,0,1,0,0,0,0.58166,0.265,66.7706,14.27,23.7833
20202,test,2021-04-18 15:16:00,2021-04-27 10:03:00,55.45167,-57.63833,0.58166,0.265,66.7706,0.779848,0.24649160343733598,0.9691449269510165,23.7833,187.0,0.959079,-0.283139,-0.707107,-0.707107,0,0,0,0,0,1,0,0,0,0,0,0,0,0,0,0,1,0,-0.15,1.75,110.1977,97.98,187.0
20203,train,2021-03-17 15:26:00,2021-03-30 21:48:00,57.87167,-61.00833,-0.345,0.05333,38.4929,0.159868,0.0826342727595428,-0.996579940077815,66.8833,251.4833,0.965507,0.260376,-0.707107,-0.707107,0,0,0,0,0,1,0,0,0,0,0,0,0,0,1,0,0,0,-1.165,1.15333,147.2172,151.15,251.4833
20203,train,2021-03-20 10:19:00,2021-04-08 15:16:00,57.52667,-60.955,-1.165,1.15333,147.2172,0.16261,0.4825182124076631,-0.8758859370345623,251.4833,209.4667,0.977653,0.210225,0.5,-0.866025,0,0,0,1,0,0,0,0,0,0,0,0,0,0,0,0,1,0,-0.47834,2.29667,151.9558,109.53,209.4667
20204,test,2021-03-17 15:26:00,2021-03-27 15:26:00,57.69333,-61.505,-0.04666,0.175,11.6283,0.048294,0.8954788270324118,-0.4451041117948203,66.8833,173.1167,0.965507,0.260376,-0.707107,-0.707107,0,0,0,0,0,1,0,0,0,0,0,0,0,0,1,0,0,0,-0.57334,0.44333,69.0743,157.17,173.1167
20204,test,2021-03-20 10:19:00,2021-04-08 15:16:00,57.64667,-61.33,-0.57334,0.44333,69.0743,0.110835,0.38799821972769094,-0.9216601225441743,173.1167,287.8333,0.977653,0.210225,0.5,-0.866025,0,0,0,1,0,0,0,0,0,0,0,0,0,0,1,0,0,0,-1.49666,1.695,196.4996,147.16,287.8333
20204,test,2021-03-27 15:26:00,2021-04-27 10:03:00,57.07333,-60.88667,-1.49666,1.695,196.4996,0.189635,0.5422949044166029,-0.8401882150112482,287.8333,450.7833,0.995827,0.091261,-0.707107,-0.707107,0,0,0,0,0,1,0,0,0,0,0,0,0,0,1,0,0,0,-0.64,1.175,102.9959,133.22,450.7833
20204,test,2021-04-08 15:16:00,2021-04-30 13:22:00,55.57667,-59.19167,-0.64,1.175,102.9959,0.063467,0.7287296309972869,-0.684801522272372,450.7833,75.3167,0.99339,-0.114788,-0.707107,-0.707107,0,0,0,0,0,1,0,0,0,0,0,0,0,0,0,0,1,0,-0.03,0.385,24.8278,97.56,75.3167
20204,test,2021-04-27 10:03:00,2021-05-01 10:00:00,54.93667,-58.01667,-0.03,0.385,24.8278,0.091568,0.9913076310695066,-0.13156435909228245,75.3167,20.6333,0.903946,-0.427646,0.5,-0.866025,0,0,0,1,0,0,0,0,0,0,0,0,0,0,1,0,0,0,0.00333,-0.015,1.0279,291.12,20.6333
20204,test,2021-04-30 13:22:00,2021-05-01 21:32:00,54.90667,-57.63167,0.00333,-0.015,1.0279,0.013838,-0.9328278153972945,0.3603224484001946,20.6333,11.5333,0.880683,-0.473706,-0.258819,-0.965926,0,0,0,1,0,0,0,0,0,0,0,0,0,1,0,0,0,0,-0.00333,-0.01333,0.9291,246.52,11.5333
20204,test,2021-05-01 10:00:00,2021-05-04 09:55:00,54.91,-57.64667,-0.00333,-0.01333,0.9291,0.022377,-0.9171992081946436,-0.39842893028383225,11.5333,60.3833,0.872404,-0.488785,0.5,-0.866025,0,0,0,1,0,0,0,0,0,0,0,0,0,0,1,0,0,0,-0.245,0.69667,52.3228,121.09,60.3833
20204,test,2021-05-01 21:32:00,2021-05-05 21:20:00,54.90667,-57.66,-0.245,0.69667,52.3228,0.240697,0.8563572236310272,-0.5163838742011208,60.3833,35.4167,0.872404,-0.488785,-0.707107,0.707107,0,0,0,1,0,0,0,0,0,0,0,0,0,0,0,0,1,0,-0.185,0.14166,22.5068,156.01,35.4167
20204,test,2021-05-04 09:55:00,2021-05-10 09:56:00,54.66167,-56.96333,-0.185,0.14166,22.5068,0.176524,0.4065771931206316,-0.9136164326642492,35.4167,108.6,0.846029,-0.533137,0.707107,-0.707107,0,0,0,1,0,0,0,0,0,0,0,0,0,0,1,0,0,0,0.04666,-0.06666,6.7414,320.35,108.6
20204,test,2021-05-05 21:20:00,2021-05-16 09:56:00,54.47667,-56.82167,0.04666,-0.06666,6.7414,0.017243,-0.6380961466011303,0.7699566920890998,108.6,144.0,0.836733,-0.547611,-0.707107,0.707107,0,0,0,1,0,0,0,0,0,0,0,0,0,0,1,0,0,0,-0.27,0.17666,32.1277,159.07,144.0
20205,val,2021-03-17 15:26:00,2021-03-24 15:16:00,57.65833,-61.53167,-0.41833,0.24834,48.8313,0.202805,0.3060276421885006,-0.9520226269456766,66.8833,100.95,0.965507,0.260376,-0.707107,-0.707107,0,0,0,0,0,1,0,0,0,0,0,0,0,0,1,0,0,0,-0.54167,0.54666,68.7426,150.95,100.95
20206,train,2021-03-17 15:26:00,2021-03-24 15:16:00,57.70333,-60.77667,-0.28833,0.14834,33.2594,0.138132,0.26707018676702793,-0.9636770804269575,66.8833,100.95,0.965507,0.260376,-0.707107,-0.707107,0,0,0,0,0,1,0,0,0,0,0,0,0,0,1,0,0,0,-0.66,-0.19,74.2811,188.97,100.95
20207,test,2021-03-17 15:26:00,2021-03-27 15:26:00,57.71167,-60.76833,-0.21834,0.40166,34.089,0.141577,0.7041386644636229,-0.7100624910579247,66.8833,173.1167,0.965507,0.260376,-0.707107,-0.707107,0,0,0,0,0,1,0,0,0,0,0,0,0,0,1,0,0,0,-0.89166,-0.165,99.649,185.82,173.1167
20207,test,2021-03-20 10:19:00,2021-03-31 21:41:00,57.49333,-60.36667,-0.89166,-0.165,99.649,0.159894,-0.10140356989986475,-0.9948453729155919,173.1167,102.25,0.977653,0.210225,0.5,-0.866025,0,0,0,1,0,0,0,0,0,0,0,0,0,0,1,0,0,0,-0.74334,0.885,99.1149,146.14,102.25
20207,test,2021-03-27 15:26:00,2021-04-08 15:16:00,56.60167,-60.53167,-0.74334,0.885,99.1149,0.269261,0.5571655152193885,-0.8304014623363288,102.25,185.5833,0.995827,0.091261,-0.707107,-0.707107,0,0,0,0,0,1,0,0,0,0,0,0,0,0,1,0,0,0,-0.36,1.725,115.3173,109.6,185.5833
20207,test,2021-03-31 21:41:00,2021-04-18 15:16:00,55.85833,-59.64667,-0.36,1.725,115.3173,0.172605,0.9420574527872967,-0.335451569750255,185.5833,240.0,0.999745,0.022576,-0.707107,0.707107,0,0,0,1,0,0,0,0,0,0,0,0,0,0,0,0,1,0,-0.29333,0.65834,52.877,127.81,240.0
20207,test,2021-04-08 15:16:00,2021-04-21 19:13:00,55.49833,-57.92167,-0.29333,0.65834,52.877,0.0612,0.7900480278805349,-0.6130449523828392,240.0,75.95,0.99339,-0.114788,-0.707107,-0.707107,0,0,0,0,0,1,0,0,0,0,0,0,0,0,1,0,0,0,0.05833,0.42166,27.5112,76.19,75.95
20207,test,2021-04-18 15:16:00,2021-04-22 09:55:00,55.205,-57.26333,0.05833,0.42166,27.5112,0.100619,0.9710926331765174,0.2387029488512823,75.95,14.7,0.959079,-0.283139,-0.707107,-0.707107,0,0,0,0,0,1,0,0,0,0,0,0,0,0,1,0,0,0,-0.07166,0.07334,9.2263,149.7,14.7
20207,test,2021-04-21 19:13:00,2021-04-27 10:03:00,55.26333,-56.84167,-0.07166,0.07334,9.2263,0.174344,0.5045276238150194,-0.8633955506067716,14.7,120.1333,0.943196,-0.332235,-0.965926,0.258819,0,0,0,0,0,1,0,0,0,0,0,0,0,0,0,0,1,0,-0.435,0.05,48.4749,176.21,120.1333
20207,test,2021-04-22 09:55:00,2021-04-30 13:22:00,55.19167,-56.76833,-0.435,0.05,48.4749,0.112086,0.06609975018244577,-0.9978130200723071,120.1333,75.3167,0.937342,-0.348411,0.707107,-0.707107,0,0,0,1,0,0,0,0,0,0,0,0,0,0,1,0,0,0,-0.21834,0.17333,26.7169,155.26,75.3167
20207,test,2021-04-27 10:03:00,2021-05-01 21:32:00,54.75667,-56.71833,-0.21834,0.17333,26.7169,0.098536,0.41850123027705305,-0.9082162299015544,75.3167,32.1667,0.903946,-0.427646,0.5,-0.866025,0,0,0,1,0,0,0,0,0,0,0,0,0,0,1,0,0,0,-0.10166,-0.16167,15.3892,222.8,32.1667
20207,test,2021-04-30 13:22:00,2021-05-04 09:56:00,54.53833,-56.545,-0.10166,-0.16167,15.3892,0.132894,-0.6794413042615165,-0.7337298645028764,32.1667,60.4,0.880683,-0.473706,-0.258819,-0.965926,0,0,0,1,0,0,0,0,0,0,0,0,0,0,0,0,1,0,-0.145,-0.015,16.1525,183.46,60.4
20207,test,2021-05-01 21:32:00,2021-05-10 09:56:00,54.43667,-56.70667,-0.145,-0.015,16.1525,0.074285,-0.06035169516985543,-0.9981771750997539,60.4,144.0,0.872404,-0.488785,-0.707107,0.707107,0,0,0,1,0,0,0,0,0,0,0,0,0,0,0,0,1,0,-0.15,-0.00333,16.6806,180.75,144.0
20208,test,2021-03-17 15:26:00,2021-03-24 15:16:00,57.675,-60.69333,-0.355,0.24666,42.1356,0.174996,0.3515148805580522,-0.9361822946126777,66.8833,100.95,0.965507,0.260376,-0.707107,-0.707107,0,0,0,0,0,1,0,0,0,0,0,0,0,0,1,0,0,0,-0.57167,-0.18833,64.58,190.24,100.95
20208,test,2021-03-20 10:19:00,2021-04-08 15:16:00,57.32,-60.44667,-0.57167,-0.18833,64.58,0.177701,-0.17777179526300335,-0.9840717396658482,100.95,360.0,0.977653,0.210225,0.5,-0.866025,0,0,0,1,0,0,0,0,0,0,0,0,0,0,1,0,0,0,-1.32833,2.47333,212.9654,132.87,360.0
20208,test,2021-03-24 15:16:00,2021-04-18 15:16:00,56.74833,-60.635,-1.32833,2.47333,212.9654,0.164325,0.7328992229692087,-0.6803372170998219,360.0,240.0,0.989794,0.142508,-0.707107,-0.707107,0,0,0,0,0,1,0,0,0,0,0,0,0,0,1,0,0,0,-0.44,0.94334,77.3133,128.87,240.0
20208,test,2021-04-08 15:16:00,2021-04-21 19:24:00,55.42,-58.16167,-0.44,0.94334,77.3133,0.089483,0.778571842519217,-0.6275554844284541,240.0,76.1333,0.99339,-0.114788,-0.707107,-0.707107,0,0,0,0,0,1,0,0,0,0,0,0,0,0,1,0,0,0,0.08667,0.36166,24.9861,67.16,76.1333
20208,test,2021-04-18 15:16:00,2021-04-27 10:03:00,54.98,-57.21833,0.08667,0.36166,24.9861,0.091164,0.9215923900425705,0.3881590738545507,76.1333,134.65,0.959079,-0.283139,-0.707107,-0.707107,0,0,0,0,0,1,0,0,0,0,0,0,0,0,0,0,1,0,-0.18167,0.36334,30.7526,130.91,134.65
20208,test,2021-04-21 19:24:00,2021-04-30 13:22:00,55.06667,-56.85667,-0.18167,0.36334,30.7526,0.063441,0.7557391838264476,-0.654872725061393,134.65,75.3167,0.943196,-0.332235,-0.965926,0.258819,0,0,0,0,0,1,0,0,0,0,0,0,0,0,0,0,1,0,-0.01167,0.01333,1.5527,146.68,75.3167
20208,test,2021-04-27 10:03:00,2021-05-04 09:56:00,54.885,-56.49333,-0.01167,0.01333,1.5527,0.005727,0.54931453635119,-0.8356156653350134,75.3167,92.5667,0.903946,-0.427646,0.5,-0.866025,0,0,0,1,0,0,0,0,0,0,0,0,0,0,0,0,1,0,-0.41666,0.04333,46.4142,176.54,92.5667
20208,test,2021-04-30 13:22:00,2021-05-05 21:26:00,54.87333,-56.48,-0.41666,0.04333,46.4142,0.139282,0.060351695169855675,-0.9981771750997539,92.5667,35.5,0.880683,-0.473706,-0.258819,-0.965926,0,0,0,1,0,0,0,0,0,0,0,0,0,0,0,0,1,0,-0.24334,0.46667,40.5894,131.62,35.5
20209,train,2021-03-17 15:26:00,2021-03-24 15:16:00,57.67,-60.675,-0.31,0.43667,43.2234,0.179514,0.6058495547231526,-0.7955792336667402,66.8833,100.95,0.965507,0.260376,-0.707107,-0.707107,0,0,0,0,0,1,0,0,0,0,0,0,0,0,1,0,0,0,-0.55833,0.07333,62.2414,175.89,100.95
20209,train,2021-03-20 10:19:00,2021-03-27 15:26:00,57.36,-60.23833,-0.55833,0.07333,62.2414,0.171266,0.07167152950039199,-0.9974282890810118,100.95,72.1667,0.977653,0.210225,0.5,-0.866025,0,0,0,1,0,0,0,0,0,0,0,0,0,0,1,0,0,0,-0.50167,0.455,62.3651,153.25,72.1667
20209,train,2021-03-24 15:16:00,2021-04-03 10:02:00,56.80167,-60.165,-0.50167,0.455,62.3651,0.240051,0.45009844103743496,-0.892978943411137,72.1667,162.6,0.989794,0.142508,-0.707107,-0.707107,0,0,0,0,0,1,0,0,0,0,0,0,0,0,1,0,0,0,-0.64667,1.80167,133.169,121.93,162.6
20209,train,2021-03-27 15:26:00,2021-04-08 15:16:00,56.3,-59.71,-0.64667,1.80167,133.169,0.227499,0.8486948816015428,-0.5288827828010128,162.6,125.2333,0.995827,0.091261,-0.707107,-0.707107,0,0,0,0,0,1,0,0,0,0,0,0,0,0,1,0,0,0,-0.18333,1.02666,67.7005,107.1,125.2333
20209,train,2021-04-03 10:02:00,2021-04-10 09:55:00,55.65333,-57.90833,-0.18333,1.02666,67.7005,0.150165,0.9557930147983302,-0.2940403252323038,125.2333,42.65,0.999579,-0.029025,0.5,-0.866025,0,0,0,1,0,0,0,0,0,0,0,0,0,0,1,0,0,0,0.03833,0.84167,53.1949,85.06,42.65
20210,train,2021-03-17 15:26:00,2021-03-30 21:48:00,57.64,-59.98667,-0.78167,0.43,90.6846,0.104959,0.28819626813408944,-0.9575713608048144,240.0,78.3667,0.965507,0.260376,-0.707107,-0.707107,0,0,0,0,0,1,0,0,0,0,0,0,0,0,1,0,0,0,-0.31166,-0.14333,35.7424,194.23,78.3667
20210,train,2021-03-27 15:26:00,2021-04-08 15:16:00,56.85833,-59.55667,-0.31166,-0.14333,35.7424,0.126692,-0.24581495262761796,-0.9693167743646459,78.3667,209.4667,0.995827,0.091261,-0.707107,-0.707107,0,0,0,0,0,1,0,0,0,0,0,0,0,0,1,0,0,0,-0.39,2.135,138.4996,107.36,209.4667
20210,train,2021-03-30 21:48:00,2021-04-12 10:08:00,56.54667,-59.7,-0.39,2.135,138.4996,0.183667,0.954448865813652,-0.2983745340122602,209.4667,90.8667,0.999209,0.03977,-0.707107,0.707107,0,0,0,1,0,0,0,0,0,0,0,0,0,0,1,0,0,0,-0.25334,0.305,33.9507,145.94,90.8667
20210,train,2021-04-08 15:16:00,2021-04-16 09:56:00,56.15667,-57.565,-0.25334,0.305,33.9507,0.103787,0.5600607628161104,-0.8284515326522346,90.8667,95.8,0.99339,-0.114788,-0.707107,-0.707107,0,0,0,0,0,1,0,0,0,0,0,0,0,0,1,0,0,0,-0.29,0.60667,49.8057,130.1,95.8
20210,train,2021-04-12 10:08:00,2021-04-21 18:45:00,55.90333,-57.26,-0.29,0.60667,49.8057,0.144415,0.7649214009184319,-0.6441236297613865,95.8,128.8167,0.983147,-0.182817,0.5,-0.866025,0,0,0,1,0,0,0,0,0,0,0,0,0,0,1,0,0,0,-0.64666,1.44333,116.2801,127.6,128.8167
20210,train,2021-04-16 09:56:00,2021-04-22 09:55:00,55.61333,-56.65333,-0.64666,1.44333,116.2801,0.250744,0.7922896433551907,-0.6101451639012676,128.8167,15.1667,0.968251,-0.249981,0.707107,-0.707107,0,0,0,1,0,0,0,0,0,0,0,0,0,0,1,0,0,0,-0.04834,0.1,8.3478,130.04,15.1667
20210,train,2021-04-21 18:45:00,2021-04-23 09:48:00,54.96667,-55.21,-0.04834,0.1,8.3478,0.152891,0.7655955060678507,-0.643322252909622,15.1667,23.8833,0.943196,-0.332235,-1.0,-0.0,0,0,0,0,0,1,0,0,0,0,0,0,0,0,1,0,0,0,-0.07166,0.64,41.706,100.75,23.8833
20210,train,2021-04-22 09:55:00,2021-04-25 09:26:00,54.91833,-55.11,-0.07166,0.64,41.706,0.485066,0.9824503977255097,-0.18652403600873466,23.8833,47.6333,0.937342,-0.348411,0.707107,-0.707107,0,0,0,1,0,0,0,0,0,0,0,0,0,0,1,0,0,0,-0.175,0.54,39.7374,119.1,47.6333
20210,train,2021-04-23 09:48:00,2021-04-28 09:56:00,54.84667,-54.47,-0.175,0.54,39.7374,0.231732,0.8737722230354653,-0.4863353804234904,47.6333,72.5,0.93121,-0.364483,0.707107,-0.707107,0,0,0,1,0,0,0,0,0,0,0,0,0,0,0,0,1,0,-0.15,0.05667,17.0741,167.63,72.5
20210,train,2021-04-25 09:26:00,2021-04-29 09:47:00,54.67167,-53.93,-0.15,0.05667,17.0741,0.065418,0.2142239133458792,-0.9767845796032907,72.5,23.85,0.918121,-0.396299,0.707107,-0.707107,0,0,0,1,0,0,0,0,0,0,0,0,0,0,0,0,1,0,0.19166,-0.27667,27.776,320.22,23.85
20210,train,2021-04-28 09:56:00,2021-04-30 13:22:00,54.52167,-53.87333,0.19166,-0.27667,27.776,0.323503,-0.6398414789511782,0.7685069172190768,23.85,27.5833,0.896456,-0.443132,0.707107,-0.707107,0,0,0,1,0,0,0,0,0,0,0,0,0,0,1,0,0,0,-0.08833,0.30333,21.8385,116.6,27.5833
20210,train,2021-04-29 09:47:00,2021-05-16 09:56:00,54.71333,-54.15,-0.08833,0.30333,21.8385,0.219925,0.8941542368393682,-0.4477590878387696,27.5833,380.5667,0.888701,-0.458487,0.707107,-0.707107,0,0,0,1,0,0,0,0,0,0,0,0,0,0,1,0,0,0,-1.065,-1.165,140.6935,213.16,380.5667
20211,test,2021-03-17 15:26:00,2021-04-13 10:19:00,57.67333,-59.93833,-0.33,0.08666,37.0576,0.042891,0.1403828374718387,-0.990097297715409,240.0,402.8833,0.965507,0.260376,-0.707107,-0.707107,0,0,0,0,0,1,0,0,0,0,0,0,0,0,0,0,1,0,-0.37166,0.25167,44.0253,159.73,402.8833
20211,test,2021-03-27 15:26:00,2021-04-19 17:39:00,57.34333,-59.85167,-0.37166,0.25167,44.0253,0.030354,0.3464445265406965,-0.9380704611221871,402.8833,151.3333,0.995827,0.091261,-0.707107,-0.707107,0,0,0,0,0,1,0,0,0,0,0,0,0,0,0,0,1,0,-0.36667,0.31167,44.974,154.9,151.3333
20211,test,2021-04-13 10:19:00,2021-04-27 10:03:00,56.97167,-59.6,-0.36667,0.31167,44.974,0.082551,0.42419942274539013,-0.9055687990111396,151.3333,184.4,0.979857,-0.199702,0.5,-0.866025,0,0,0,1,0,0,0,0,0,0,0,0,0,0,0,0,1,0,-0.21,1.36166,86.768,105.04,184.4
20211,test,2021-04-19 17:39:00,2021-05-09 10:03:00,56.605,-59.28833,-0.21,1.36166,86.768,0.130706,0.9657449011333329,-0.2594933254150654,184.4,288.0,0.954067,-0.299595,-0.965926,-0.258819,0,0,1,0,0,0,0,0,0,0,0,0,0,0,0,0,1,0,-0.79167,0.825,101.8846,149.43,288.0
20211,test,2021-04-27 10:03:00,2021-05-10 09:56:00,56.395,-57.92667,-0.79167,0.825,101.8846,0.098268,0.5085906625212232,-0.8610084424651266,288.0,23.8833,0.903946,-0.427646,0.5,-0.866025,0,0,0,1,0,0,0,0,0,0,0,0,0,0,0,0,1,0,-0.08333,0.34334,23.4945,113.09,23.8833
20212,test,2021-03-17 15:26:00,2021-03-27 15:26:00,57.53,-60.12667,-0.38833,-0.115,43.7284,0.181611,-0.15867505421111786,-0.9873308600317823,66.8833,173.1167,0.965507,0.260376,-0.707107,-0.707107,0,0,0,0,0,1,0,0,0,0,0,0,0,0,1,0,0,0,-0.64834,0.28834,74.1968,166.2,173.1167
20212,test,2021-03-20 10:19:00,2021-04-08 15:16:00,57.14167,-60.24167,-0.64834,0.28834,74.1968,0.119054,0.2385334575785811,-0.971134279909636,173.1167,287.8333,0.977653,0.210225,0.5,-0.866025,0,0,0,1,0,0,0,0,0,0,0,0,0,0,0,0,1,0,-0.455,2.635,170.3856,106.17,287.8333
20213,val,2021-03-17 15:26:00,2021-04-08 15:16:00,57.44333,-59.67667,-0.54166,0.32667,63.367,0.073341,0.31299804794827846,-0.9497537691320668,240.0,287.8333,0.965507,0.260376,-0.707107,-0.707107,0,0,0,0,0,1,0,0,0,0,0,0,0,1,0,0,0,0,-0.86,2.10833,160.9615,125.56,287.8333
20213,val,2021-03-27 15:26:00,2021-04-21 17:04:00,56.90167,-59.35,-0.86,2.10833,160.9615,0.155338,0.8135069613655281,-0.5815551769263387,287.8333,313.8,0.995827,0.091261,-0.707107,-0.707107,0,0,0,0,0,1,0,0,0,0,0,0,0,1,0,0,0,0,-0.815,2.94167,205.6572,114.92,313.8
20213,val,2021-04-08 15:16:00,2021-04-23 09:48:00,56.04167,-57.24167,-0.815,2.94167,205.6572,0.182049,0.9068969898099272,-0.42135240580029065,313.8,40.7333,0.99339,-0.114788,-0.707107,-0.707107,0,0,0,0,0,1,0,0,0,0,0,0,0,1,0,0,0,0,-0.20834,0.56667,42.8358,122.51,40.7333
20214,train,2021-03-17 15:26:00,2021-04-03 10:03:00,57.35,-60.49667,-0.65833,-0.07666,73.3499,0.1214,-0.0638356160555813,-0.9979604271326616,167.8333,234.7833,0.965507,0.260376,-0.707107,-0.707107,0,0,0,0,0,1,0,0,0,0,0,0,0,0,1,0,0,0,-1.445,1.92166,200.2759,142.54,234.7833
20214,train,2021-03-24 15:16:00,2021-04-08 15:16:00,56.69167,-60.57333,-1.445,1.92166,200.2759,0.236951,0.6082074155854584,-0.7937781425731358,234.7833,125.2167,0.989794,0.142508,-0.707107,-0.707107,0,0,0,0,0,1,0,0,0,0,0,0,0,0,1,0,0,0,0.22833,1.07,72.236,68.98,125.2167
20214,train,2021-04-03 10:03:00,2021-04-21 19:31:00,55.24667,-58.65167,0.22833,1.07,72.236,0.160247,0.9334552756097069,0.3586938087511494,125.2167,316.25,0.999579,-0.029025,0.5,-0.866025,0,0,0,1,0,0,0,0,0,0,0,0,0,0,1,0,0,0,-0.635,1.655,126.6432,123.2,316.25
20214,train,2021-04-08 15:16:00,2021-04-22 09:55:00,55.475,-57.58167,-0.635,1.655,126.6432,0.111237,0.8367643134589617,-0.5475632234925502,316.25,14.4,0.99339,-0.114788,-0.707107,-0.707107,0,0,0,0,0,1,0,0,0,0,0,0,0,0,1,0,0,0,-0.025,0.10667,7.3764,112.1,14.4
20214,train,2021-04-21 19:31:00,2021-04-30 13:22:00,54.84,-55.92667,-0.025,0.10667,7.3764,0.142291,0.9265286308718373,-0.3762242631393655,14.4,195.45,0.943196,-0.332235,-0.965926,0.258819,0,0,0,0,0,1,0,0,0,0,0,0,0,0,1,0,0,0,0.08833,0.72667,47.5342,77.78,195.45
20214,train,2021-04-22 09:55:00,2021-05-05 09:48:00,54.815,-55.82,0.08833,0.72667,47.5342,0.067557,0.9773420684702279,0.2116659660841497,195.45,116.4333,0.937342,-0.348411,0.707107,-0.707107,0,0,0,1,0,0,0,0,0,0,0,0,0,0,0,0,1,0,-0.09333,0.71166,46.7178,102.54,116.4333
20214,train,2021-04-30 13:22:00,2021-05-05 16:17:00,54.90333,-55.09333,-0.09333,0.71166,46.7178,0.111456,0.9761446658590022,-0.2171211443296505,116.4333,6.4833,0.880683,-0.473706,-0.258819,-0.965926,0,0,0,1,0,0,0,0,0,0,0,0,0,0,0,0,1,0,-0.09667,-0.01,10.7683,183.42,6.4833
20215,val,2021-03-17 15:26:00,2021-04-08 15:16:00,57.29,-60.21667,-0.525,-0.435,64.0379,0.105988,-0.4140578688399216,-0.9102505595997963,167.8333,360.0,0.965507,0.260376,-0.707107,-0.707107,0,0,0,0,0,1,0,0,0,0,0,0,0,0,0,0,1,0,-1.43667,2.305,214.4812,137.18,360.0
20215,val,2021-03-24 15:16:00,2021-04-18 15:16:00,56.765,-60.65167,-1.43667,2.305,214.4812,0.165495,0.6796973829014998,-0.7334926500496456,360.0,240.0,0.989794,0.142508,-0.707107,-0.707107,0,0,0,0,0,1,0,0,0,0,0,0,0,0,0,0,1,0,-0.125,1.11334,71.8918,100.69,240.0
20216,val,2021-03-17 15:26:00,2021-04-13 10:19:00,57.375,-59.56333,-0.07333,0.00166,8.1545,0.009438,0.012217000835246974,-0.999925369660452,240.0,402.8833,0.965507,0.260376,-0.707107,-0.707107,0,0,0,0,0,1,0,0,0,0,0,0,0,0,0,0,1,0,-0.06834,-0.92833,56.3303,262.64,402.8833
20216,val,2021-03-27 15:26:00,2021-04-19 17:59:00,57.30167,-59.56167,-0.06834,-0.92833,56.3303,0.038838,-0.9917608370004415,-0.12810324817186966,402.8833,151.6667,0.995827,0.091261,-0.707107,-0.707107,0,0,0,0,0,1,0,0,0,0,0,0,0,0,0,0,1,0,-0.8,0.505,94.1104,160.74,151.6667
20216,val,2021-04-13 10:19:00,2021-04-27 10:03:00,57.23333,-60.49,-0.8,0.505,94.1104,0.172363,0.32985541485885295,-0.9440314641410497,151.6667,184.0667,0.979857,-0.199702,0.5,-0.866025,0,0,0,1,0,0,0,0,0,0,0,0,0,0,1,0,0,0,-0.91833,1.57,141.3081,135.62,184.0667
20216,val,2021-04-19 17:59:00,2021-05-01 10:00:00,56.43333,-59.985,-0.91833,1.57,141.3081,0.21325,0.6994138998789994,-0.7147168646786285,184.0667,95.95,0.954067,-0.299595,-0.965926,-0.258819,0,0,0,1,0,0,0,0,0,0,0,1,0,0,0,0,0,0,-0.07667,0.31833,21.7971,112.89,95.95
20216,val,2021-04-27 10:03:00,2021-05-02 10:11:00,55.515,-58.415,-0.07667,0.31833,21.7971,0.063103,0.9212533064762035,-0.3889631670308414,95.95,24.1833,0.903946,-0.427646,0.5,-0.866025,0,0,0,1,0,0,0,0,0,0,0,0,0,0,1,0,0,0,0.02334,-0.2,12.8765,281.71,24.1833
20216,val,2021-05-01 10:00:00,2021-05-05 21:06:00,55.43833,-58.09667,0.02334,-0.2,12.8765,0.147904,-0.9791874026476775,0.20295819888857705,24.1833,82.9167,0.872404,-0.488785,0.5,-0.866025,0,0,0,1,0,0,0,0,0,0,0,0,0,0,1,0,0,0,-0.49334,0.90334,79.328,133.38,82.9167
20216,val,2021-05-02 10:11:00,2021-05-09 10:03:00,55.46167,-58.29667,-0.49334,0.90334,79.328,0.265755,0.7268144654869029,-0.6868338465444082,82.9167,84.95,0.863867,-0.50372,0.5,-0.866025,0,0,0,1,0,0,0,0,0,0,0,0,0,0,1,0,0,0,-0.20166,0.22833,26.7635,146.82,84.95
20216,val,2021-05-05 21:06:00,2021-05-21 10:03:00,54.96833,-57.39333,-0.20166,0.22833,26.7635,0.087514,0.547271104292362,-0.836955398098739,84.95,288.0,0.836733,-0.547611,-0.707107,0.707107,0,0,0,0,0,1,0,0,0,0,0,0,0,1,0,0,0,0,-0.71,0.035,78.9809,178.34,288.0
20216,val,2021-05-09 10:03:00,2021-05-28 09:55:00,54.76667,-57.165,-0.71,0.035,78.9809,0.076178,0.02896841248711827,-0.9995803274764746,288.0,167.8667,0.797102,-0.603845,0.5,-0.866025,0,0,0,1,0,0,0,0,0,0,0,0,0,0,1,0,0,0,0.23666,0.38833,36.4865,43.69,167.8667
20217,train,2021-03-17 15:26:00,2021-03-27 15:26:00,57.095,-60.395,-0.46,0.97833,78.4346,0.129816,0.7627812041912195,-0.6466566589254247,167.8333,72.1667,0.965507,0.260376,-0.707107,-0.707107,0,0,0,0,0,1,0,0,0,0,0,0,0,0,1,0,0,0,-0.62167,-0.04833,69.1907,182.49,72.1667
20217,train,2021-03-24 15:16:00,2021-04-03 10:02:00,56.635,-59.41667,-0.62167,-0.04833,69.1907,0.266323,-0.0434450198933323,-0.9990558193847169,72.1667,162.6,0.989794,0.142508,-0.707107,-0.707107,0,0,0,0,0,1,0,0,0,0,0,0,0,1,0,0,0,0,-0.53833,1.60667,117.0252,120.1,162.6
20217,train,2021-03-27 15:26:00,2021-04-08 15:16:00,56.01333,-59.465,-0.53833,1.60667,117.0252,0.19992,0.8651514205697046,-0.501510737159457,162.6,125.2333,0.995827,0.091261,-0.707107,-0.707107,0,0,0,0,0,1,0,0,0,0,0,0,0,0,1,0,0,0,-0.06833,0.67166,43.0414,99.89,125.2333
20217,train,2021-04-03 10:02:00,2021-04-21 19:34:00,55.475,-57.85833,-0.06833,0.67166,43.0414,0.095469,0.9851393184393472,-0.17175716364931756,125.2333,316.3,0.999579,-0.029025,0.5,-0.866025,0,0,0,1,0,0,0,0,0,0,0,0,0,0,1,0,0,0,-0.63667,1.53834,120.8083,125.24,316.3
20217,train,2021-04-08 15:16:00,2021-04-22 09:55:00,55.40667,-57.18667,-0.63667,1.53834,120.8083,0.106095,0.8167422735612874,-0.5770026504080714,316.3,14.35,0.99339,-0.114788,-0.707107,-0.707107,0,0,0,0,0,1,0,0,0,0,0,0,0,1,0,0,0,0,-0.07333,0.14833,12.537,130.51,14.35
20217,train,2021-04-21 19:34:00,2021-04-27 10:04:00,54.77,-55.64833,-0.07333,0.14833,12.537,0.242682,0.7602926039513213,-0.6495807543153657,14.35,120.15,0.943196,-0.332235,-0.965926,0.258819,0,0,0,0,0,1,0,0,0,0,0,0,0,0,1,0,0,0,-0.08667,-0.29667,21.3797,243.33,120.15
20217,train,2021-04-22 09:55:00,2021-04-28 09:56:00,54.69667,-55.5,-0.08667,-0.29667,21.3797,0.049428,-0.8936065287331998,-0.4488511688805109,120.15,23.8667,0.937342,-0.348411,0.707107,-0.707107,0,0,0,1,0,0,0,0,0,0,0,0,0,0,1,0,0,0,0.01333,-0.175,11.3648,277.57,23.8667
20217,train,2021-04-27 10:04:00,2021-05-04 09:56:00,54.61,-55.79667,0.01333,-0.175,11.3648,0.132271,-0.9912846536587002,0.13173737290818702,23.8667,144.0,0.903946,-0.427646,0.5,-0.866025,0,0,0,1,0,0,0,0,0,0,0,0,0,0,1,0,0,0,-0.395,0.15834,45.1005,166.81,144.0
20218,train,2021-03-22 10:03:00,2021-04-05 09:21:00,55.975,-57.78167,-1.08833,3.735,264.8583,0.271449,0.9015306538998069,-0.43271524132966077,271.0333,64.2667,0.984306,0.176471,0.5,-0.866025,0,0,0,1,0,0,0,0,0,0,0,0,0,0,1,0,0,0,0.03166,0.575,36.9299,84.29,64.2667
20218,train,2021-04-02 17:05:00,2021-04-05 09:47:00,54.88667,-54.04667,0.03166,0.575,36.9299,0.159621,0.9950382202392986,0.09949341818939218,64.2667,0.4333,0.99993,-0.011826,-0.965926,-0.258819,0,0,0,0,0,1,0,0,0,0,0,0,0,0,1,0,0,0,-0.28,-0.05833,31.3585,186.87,0.4333
20218,train,2021-04-05 09:21:00,2021-04-17 09:47:00,54.91833,-53.47167,-0.28,-0.05833,31.3585,20.101597,-0.11961701586160003,-0.9928201093432615,0.4333,288.0,0.997989,-0.063391,0.707107,-0.707107,0,0,0,1,0,0,0,0,0,0,0,0,0,0,1,0,0,0,-0.84166,-0.005,93.5889,180.2,288.0
20218,train,2021-04-05 09:47:00,2021-04-17 16:03:00,54.63833,-53.53,-0.84166,-0.005,93.5889,0.090267,-0.0034906514152233926,-0.9999939076577904,288.0,6.2667,0.997989,-0.063391,0.707107,-0.707107,0,0,0,1,0,0,0,0,0,0,0,0,0,0,0,0,1,0,-0.02334,0.03833,3.6161,135.85,6.2667
20219,train,2021-03-22 10:03:00,2021-04-10 09:55:00,55.715,-57.86833,-0.975,2.84,210.1924,0.212046,0.8671576376615324,-0.49803376536663707,275.35,180.5167,0.984306,0.176471,0.5,-0.866025,0,0,0,1,0,0,0,0,0,0,0,0,0,0,1,0,0,0,-0.01833,0.47166,30.3519,93.66,180.5167
20219,train,2021-04-02 21:24:00,2021-04-11 09:48:00,54.74,-55.02833,-0.01833,0.47166,30.3519,0.046705,0.9979604271326616,-0.06383561605558136,180.5167,23.8833,0.99993,-0.011826,-0.707107,0.707107,0,0,0,1,0,0,0,0,0,0,0,0,0,0,1,0,0,0,-0.15,-0.18666,20.553,215.83,23.8833
20220,train,2021-03-23 12:10:00,2021-04-01 16:37:00,50.755,-53.05667,-0.03833,-0.01833,4.453,0.044309,-0.2898671056445671,-0.9570669052188783,27.9167,192.5333,0.987196,0.159513,0.0,-1.0,0,0,0,1,0,0,0,0,0,0,0,0,0,0,0,0,1,0,0.42833,0.545,61.0509,38.52,192.5333
20220,train,2021-03-24 16:05:00,2021-04-14 21:23:00,50.71667,-53.075,0.42833,0.545,61.0509,0.088081,0.6227877804881126,0.7823908105765881,192.5333,316.7667,0.989794,0.142508,-0.866025,-0.5,0,0,0,0,0,1,0,0,0,0,0,0,0,0,1,0,0,0,0.61,-1.25833,110.4699,308.37,316.7667
20220,train,2021-04-01 16:37:00,2021-04-15 18:52:00,51.145,-52.53,0.61,-1.25833,110.4699,0.096873,-0.7840185821011955,0.6207373542167662,316.7667,21.4833,0.999986,0.005376,-0.866025,-0.5,0,0,0,1,0,0,0,0,0,0,0,0,0,0,0,0,1,0,-0.13,-0.495,37.0567,247.23,21.4833
20220,train,2021-04-14 21:23:00,2021-04-17 16:26:00,51.755,-53.78833,-0.13,-0.495,37.0567,0.47914,-0.9220659278988151,-0.38703284693691964,21.4833,45.5667,0.976277,-0.216527,-0.707107,0.707107,0,0,0,1,0,0,0,0,0,0,0,0,0,0,0,0,1,0,-0.28667,-0.255,36.4405,209.08,45.5667
20221,val,2021-03-23 12:10:00,2021-03-25 09:40:00,51.165,-51.91167,-0.08167,0.04334,9.5718,0.090693,0.3163114003953941,-0.9486554158280575,29.3167,16.1833,0.987196,0.159513,0.0,-1.0,0,1,0,0,0,0,0,0,0,0,0,0,0,0,0,0,1,0,-0.12166,-0.05834,14.13,196.81,16.1833
20221,val,2021-03-24 17:29:00,2021-04-01 17:25:00,51.08333,-51.86833,-0.12166,-0.05834,14.13,0.242533,-0.28919887631367186,-0.9572690373865174,16.1833,175.75,0.989794,0.142508,-0.965926,-0.258819,0,0,0,0,0,1,0,0,0,0,0,0,0,0,1,0,0,0,-0.38667,0.2,45.2378,161.81,175.75
20222,val,2021-03-23 14:29:00,2021-04-02 19:52:00,53.49333,-54.25833,-0.60666,0.23333,69.2254,0.087832,0.226141303767357,-0.9740945081101731,218.9333,26.45,0.987196,0.159513,-0.5,-0.866025,0,0,0,1,0,0,0,0,0,0,0,0,0,0,0,0,1,0,0.14833,-0.16833,19.9788,325.71,26.45
20222,val,2021-04-01 17:25:00,2021-04-17 18:15:00,52.88667,-54.025,0.14833,-0.16833,19.9788,0.209818,-0.5633818590034706,0.826196635762815,26.45,358.3833,0.999986,0.005376,-0.965926,-0.258819,0,0,0,1,0,0,0,0,0,0,0,0,0,0,0,0,1,0,-1.34,-1.88834,196.5586,221.46,358.3833
20222,val,2021-04-02 19:52:00,2021-04-21 15:00:00,53.035,-54.19333,-1.34,-1.88834,196.5586,0.15235,-0.6620970170505533,-0.7494181342967083,358.3833,92.75,0.99993,-0.011826,-0.965926,0.258819,0,0,0,0,0,1,0,0,0,0,0,0,1,0,0,0,0,0,-0.28558,-0.87412,68.2716,242.62,92.75
20223,train,2021-03-23 14:29:00,2021-04-02 19:56:00,53.78667,-54.11333,-0.95667,0.53666,112.1925,0.142347,0.32143946530316175,-0.9469301294951056,218.9333,26.5167,0.987196,0.159513,-0.5,-0.866025,0,0,0,1,0,0,0,0,0,0,0,0,0,0,0,0,1,0,-0.19,-0.19666,24.9333,212.15,26.5167
20223,train,2021-04-01 17:25:00,2021-04-05 09:47:00,52.83,-53.57667,-0.19,-0.19666,24.9333,0.261191,-0.5321376304173835,-0.8466578661382484,26.5167,61.85,0.999986,0.005376,-0.965926,-0.258819,0,0,0,1,0,0,0,0,0,0,0,0,0,0,0,0,1,0,-0.37833,0.32833,47.5899,152.0,61.85
20225,train,2021-03-23 14:29:00,2021-03-30 09:48:00,54.16333,-53.59833,-0.41833,0.78833,69.4568,0.167188,0.7462897661545728,-0.66562120228622,115.4,47.9167,0.987196,0.159513,-0.5,-0.866025,0,0,0,1,0,0,0,0,0,0,0,0,0,0,0,0,1,0,-0.20667,0.15,25.0176,156.66,47.9167
20225,train,2021-03-28 09:53:00,2021-04-11 09:33:00,53.745,-52.81,-0.20667,0.15,25.0176,0.14503,0.39618660265314193,-0.918170014691267,47.9167,287.75,0.99725,0.074117,0.707107,-0.707107,0,0,0,1,0,0,0,0,0,0,0,0,0,0,1,0,0,0,-2.22666,3.22,330.0444,137.31,287.75
20226,train,2021-03-23 14:29:00,2021-04-10 09:55:00,54.265,-54.40667,0.16667,0.485,36.4897,0.032984,0.8596740061174911,0.5108430318658599,307.3,120.1333,0.987196,0.159513,-0.5,-0.866025,0,0,0,1,0,0,0,0,0,0,0,0,0,0,0,0,1,0,-0.00667,-0.29833,19.3115,267.92,120.1333
20226,train,2021-04-05 09:47:00,2021-04-11 09:48:00,54.43167,-53.92167,-0.00667,-0.29833,19.3115,0.044653,-0.9993411239631712,-0.03629487506557553,120.1333,23.8833,0.997989,-0.063391,0.707107,-0.707107,0,0,0,1,0,0,0,0,0,0,0,0,0,0,0,0,1,0,-0.17333,-0.005,19.2761,180.97,23.8833
20226,train,2021-04-10 09:55:00,2021-04-17 09:47:00,54.425,-54.22,-0.17333,-0.005,19.2761,0.224193,-0.016928885039897406,-0.9998566961576574,23.8833,143.9833,0.988854,-0.14889,0.707107,-0.707107,0,0,0,1,0,0,0,0,0,0,0,0,0,0,1,0,0,0,-0.23667,-0.50667,42.2155,231.64,143.9833
20226,train,2021-04-11 09:48:00,2021-04-21 19:46:00,54.25167,-54.225,-0.23667,-0.50667,42.2155,0.081444,-0.7841269092655714,-0.6206005077065458,143.9833,105.9833,0.986146,-0.165878,0.707107,-0.707107,0,0,0,1,0,0,0,0,0,0,0,0,0,0,0,0,1,0,0.13167,-0.625,43.3189,290.01,105.9833
20226,train,2021-04-17 09:47:00,2021-04-22 09:55:00,54.015,-54.73167,0.13167,-0.625,43.3189,0.113537,-0.9396329126977828,0.34218414541746495,105.9833,14.15,0.963807,-0.266599,0.707107,-0.707107,0,0,0,1,0,0,0,0,0,0,0,0,0,0,0,0,1,0,-0.07834,-0.065,9.6869,205.97,14.15
20226,train,2021-04-21 19:46:00,2021-05-04 09:55:00,54.14667,-55.35667,-0.07834,-0.065,9.6869,0.190164,-0.43790047925745545,-0.8990234536796529,14.15,288.0,0.943196,-0.332235,-0.965926,0.258819,0,0,0,0,0,1,0,0,0,0,0,0,0,0,0,0,1,0,0.455,-0.29833,54.1711,339.18,288.0
20227,train,2021-03-23 14:29:00,2021-04-01 17:25:00,54.50167,-56.28833,-0.94334,0.67833,113.8653,0.262738,0.39346059747399337,-0.9193414807542452,120.3833,98.55,0.987196,0.159513,-0.5,-0.866025,0,0,0,1,0,0,0,0,0,0,0,0,0,0,0,0,1,0,-0.45333,0.305,54.3244,157.99,98.55
20227,train,2021-03-28 14:52:00,2021-04-14 18:09:00,53.55833,-55.61,-0.45333,0.305,54.3244,0.153121,0.3747684118198408,-0.9271184592607539,98.55,312.7333,0.99725,0.074117,-0.5,-0.866025,0,0,0,1,0,0,0,0,0,0,0,0,0,0,0,0,1,0,-1.22988,-0.336,138.6352,189.58,312.7333
20227,train,2021-04-01 17:25:00,2021-04-16 16:52:00,53.105,-55.305,-1.22988,-0.336,138.6352,0.123139,-0.16642455901778902,-0.986054190273402,312.7333,46.7167,0.999986,0.005376,-0.965926,-0.258819,0,0,0,1,0,0,0,0,0,0,0,0,0,0,0,0,1,0,-0.28845,-0.564,50.3731,230.67,46.7167
20227,train,2021-04-14 18:09:00,2021-04-17 18:28:00,51.87512,-55.641,-0.28845,-0.564,50.3731,0.299519,-0.7735084662159232,-0.6337859675728788,46.7167,25.6,0.976277,-0.216527,-1.0,-0.0,0,0,0,0,0,1,0,0,0,0,1,0,0,0,0,0,0,0,-0.09834,-0.49,35.6105,252.31,25.6
20227,train,2021-04-16 16:52:00,2021-04-21 14:49:00,51.58667,-56.205,-0.09834,-0.49,35.6105,0.386398,-0.9527145305229335,-0.30386678550059776,25.6,92.35,0.968251,-0.249981,-0.866025,-0.5,0,1,0,0,0,0,0,0,0,0,0,0,0,0,1,0,0,0,-0.34666,-0.39167,47.1895,215.38,92.35
20227,train,2021-04-17 18:28:00,2021-04-22 09:56:00,51.48833,-56.695,-0.34666,-0.39167,47.1895,0.141941,-0.5789966037794302,-0.8153299533390672,92.35,19.1167,0.963807,-0.266599,-1.0,-0.0,0,0,0,0,0,1,0,0,0,0,0,0,0,0,1,0,0,0,-0.00334,-0.005,0.5095,223.21,19.1167
20228,val,2021-03-23 14:29:00,2021-04-02 19:40:00,54.34,-55.28167,-0.40833,-0.365,51.2535,0.118265,-0.46623224473202013,-0.8846623615663445,120.3833,124.8,0.987196,0.159513,-0.5,-0.866025,0,0,0,1,0,0,0,0,0,0,0,0,0,0,0,0,1,0,-0.48167,0.60834,66.88,142.96,124.8
20228,val,2021-03-28 14:52:00,2021-04-21 13:30:00,53.93167,-55.64667,-0.48167,0.60834,66.88,0.14886,0.6023724292150385,-0.7982151693131203,124.8,449.8333,0.99725,0.074117,-0.5,-0.866025,0,0,0,1,0,0,0,0,0,0,0,0,0,0,1,0,0,0,-1.08167,-0.17667,120.8582,185.7,449.8333
20228,val,2021-04-02 19:40:00,2021-04-21 15:11:00,53.45,-55.03833,-1.08167,-0.17667,120.8582,0.074631,-0.09931974974363891,-0.9950555699612263,449.8333,1.6833,0.99993,-0.011826,-0.965926,0.258819,0,0,0,0,0,1,0,0,0,0,0,0,0,0,1,0,0,0,-0.56833,-0.98333,92.2385,227.14,1.6833
20228,val,2021-04-21 13:30:00,2021-05-04 15:11:00,52.36833,-55.215,-0.56833,-0.98333,92.2385,15.22088,-0.7330179530505346,-0.6802092916930819,1.6833,312.0,0.943196,-0.332235,-0.258819,-0.965926,0,0,0,1,0,0,0,0,0,0,0,1,0,0,0,0,0,0,-0.00167,-0.00167,0.2183,211.73,312.0
20228,val,2021-04-21 15:11:00,2021-05-10 09:57:00,51.8,-56.19833,-0.00167,-0.00167,0.2183,0.000194,-0.5259170626765554,-0.8505358564961646,312.0,138.7667,0.943196,-0.332235,-0.707107,-0.707107,0,1,0,0,0,0,0,0,0,0,0,0,0,0,1,0,0,0,-0.16666,-0.23667,24.6835,221.44,138.7667
20229,val,2021-03-23 14:29:00,2021-04-05 09:21:00,55.18167,-55.74833,-0.64667,1.71166,131.0376,0.147415,0.8426404121604322,-0.5384766808266602,246.9167,59.95,0.987196,0.159513,-0.5,-0.866025,0,0,0,1,0,0,0,0,0,0,0,0,0,0,1,0,0,0,0.28333,0.26167,35.7152,28.0,59.95
20229,val,2021-04-02 21:24:00,2021-04-05 09:47:00,54.535,-54.03667,0.28333,0.26167,35.7152,0.165486,0.4694715627858908,0.882947592858927,59.95,0.4333,0.99993,-0.011826,-0.707107,0.707107,0,0,0,1,0,0,0,0,0,0,0,0,0,0,0,0,1,0,-0.42333,0.37,52.7597,153.0,0.4333
20229,val,2021-04-05 09:21:00,2021-04-11 09:48:00,54.81833,-53.775,-0.42333,0.37,52.7597,33.820327,0.45399049973954686,-0.8910065241883678,0.4333,144.0167,0.997989,-0.063391,0.707107,-0.707107,0,0,0,1,0,0,0,0,0,0,0,0,0,0,1,0,0,0,-0.43833,-0.37833,54.6063,206.96,144.0167
20229,val,2021-04-05 09:47:00,2021-04-17 09:47:00,54.395,-53.405,-0.43833,-0.37833,54.6063,0.105324,-0.4533683492551951,-0.8913232521894733,144.0167,143.9833,0.997989,-0.063391,0.707107,-0.707107,0,0,0,1,0,0,0,0,0,0,0,0,0,0,0,0,1,0,-0.54667,-0.65834,74.6632,215.76,143.9833
20229,val,2021-04-11 09:48:00,2021-04-21 20:00:00,53.95667,-53.78333,-0.54667,-0.65834,74.6632,0.144043,-0.5843913031191719,-0.8114719988013611,143.9833,106.2167,0.986146,-0.165878,0.707107,-0.707107,0,0,0,1,0,0,0,0,0,0,0,0,0,0,0,0,1,0,0.05667,-0.32833,22.6422,286.29,106.2167
20230,train,2021-03-23 14:29:00,2021-04-01 17:25:00,54.72,-56.30667,-1.01333,0.415,115.8628,0.267347,0.2358206125312082,-0.9717966035675396,120.3833,98.55,0.987196,0.159513,-0.5,-0.866025,0,0,0,1,0,0,0,0,0,0,0,0,0,0,0,0,1,0,-0.32834,0.52,50.1346,136.53,98.55
20230,train,2021-03-28 14:52:00,2021-04-02 21:24:00,53.70667,-55.89167,-0.32834,0.52,50.1346,0.141312,0.6879746762204404,-0.7257346931760809,98.55,27.9833,0.99725,0.074117,-0.5,-0.866025,0,0,0,1,0,0,0,0,0,0,0,0,0,0,0,0,1,0,-0.12666,0.285,23.5965,126.53,27.9833
20230,train,2021-04-01 17:25:00,2021-04-17 18:10:00,53.37833,-55.37167,-0.12666,0.285,23.5965,0.234231,0.8035453019576486,-0.5952436036630644,27.9833,356.7667,0.999986,0.005376,-0.965926,-0.258819,0,0,0,1,0,0,0,0,0,0,0,0,0,0,0,0,1,0,-1.25667,-0.44333,142.903,192.26,356.7667
20230,train,2021-04-02 21:24:00,2021-04-21 15:13:00,53.25167,-55.08667,-1.25667,-0.44333,142.903,0.111264,-0.2123482279275363,-0.9771940595890025,356.7667,93.05,0.99993,-0.011826,-0.707107,0.707107,0,0,0,1,0,0,0,0,0,0,0,0,0,0,1,0,0,0,-0.11333,-0.505,36.8413,250.2,93.05
20230,train,2021-04-17 18:10:00,2021-05-04 15:18:00,51.995,-55.53,-0.11333,-0.505,36.8413,0.109981,-0.9408807689542255,-0.33873792024529137,93.05,312.0833,0.963807,-0.266599,-1.0,-0.0,0,0,0,0,0,1,0,0,0,0,0,0,0,0,0,0,1,0,0.12,0.21833,20.0506,48.19,312.0833
20230,train,2021-04-21 15:13:00,2021-05-17 15:04:00,51.88167,-56.035,0.12,0.21833,20.0506,0.017847,0.745359656467431,0.6666625702038125,312.0833,311.7667,0.943196,-0.332235,-0.707107,-0.707107,0,0,0,0,0,1,0,0,0,0,0,0,0,0,0,0,1,0,-0.12167,-0.2,19.2612,225.46,311.7667
20231,train,2021-03-23 14:29:00,2021-04-02 19:33:00,54.67167,-56.00833,-0.85,0.54666,100.9678,0.232978,0.3554332564868628,-0.9347016637318798,120.3833,124.6833,0.987196,0.159513,-0.5,-0.866025,0,0,0,1,0,0,0,0,0,0,0,0,0,0,0,0,1,0,0.01666,0.29167,19.2304,84.35,124.6833
20231,train,2021-03-28 14:52:00,2021-04-05 09:47:00,53.82167,-55.46167,0.01666,0.29167,19.2304,0.042843,0.9951418638934383,0.09845136223889193,124.6833,62.2333,0.99725,0.074117,-0.5,-0.866025,0,0,0,1,0,0,0,0,0,0,0,0,0,0,0,0,1,0,0.36167,0.145,41.3164,13.2,62.2333
20231,train,2021-04-02 19:33:00,2021-04-17 09:47:00,53.83833,-55.17,0.36167,0.145,41.3164,0.184415,0.22835087011065572,0.9735789028731603,62.2333,288.0,0.99993,-0.011826,-0.965926,0.258819,0,0,0,0,0,1,0,0,0,0,0,0,0,0,0,0,1,0,-0.46833,0.16667,53.2049,168.11,288.0
20232,train,2021-03-23 14:29:00,2021-03-30 09:48:00,54.70333,-55.15667,-0.58833,0.06167,65.5409,0.151232,0.061396950580715766,-0.9981134276520827,120.3833,42.9333,0.987196,0.159513,-0.5,-0.866025,0,0,0,1,0,0,0,0,0,0,0,0,0,0,0,0,1,0,-0.02333,0.12167,8.3459,108.06,42.9333
20232,train,2021-03-28 14:52:00,2021-04-02 21:24:00,54.115,-55.095,-0.02333,0.12167,8.3459,0.053998,0.9507323930394708,-0.3100127688103206,42.9333,83.6,0.99725,0.074117,-0.5,-0.866025,0,0,0,1,0,0,0,0,0,0,0,0,0,0,1,0,0,0,-0.04334,0.04,5.4805,151.54,83.6
20232,train,2021-03-30 09:48:00,2021-04-05 09:47:00,54.09167,-54.97333,-0.04334,0.04,5.4805,0.01821,0.4765451139432021,-0.8791500181293637,83.6,60.3833,0.999209,0.03977,0.707107,-0.707107,0,0,0,1,0,0,0,0,0,0,0,0,0,0,1,0,0,0,0.20167,0.60833,45.5232,60.24,60.3833
20232,train,2021-04-02 21:24:00,2021-04-11 09:48:00,54.04833,-54.93333,0.20167,0.60833,45.5232,0.209417,0.8681121951482392,0.4963680253953768,60.3833,144.0167,0.99993,-0.011826,-0.707107,0.707107,0,0,0,1,0,0,0,0,0,0,0,0,0,0,1,0,0,0,0.15333,-0.44667,33.6096,300.66,144.0167
20232,train,2021-04-05 09:47:00,2021-04-21 13:30:00,54.25,-54.325,0.15333,-0.44667,33.6096,0.064826,-0.8602084882227564,0.5099425034153556,144.0167,243.7,0.997989,-0.063391,0.707107,-0.707107,0,0,0,1,0,0,0,0,0,0,0,0,0,0,0,0,1,0,-0.225,-0.79333,57.2444,244.41,243.7
20232,train,2021-04-11 09:48:00,2021-04-21 19:43:00,54.40333,-54.77167,-0.225,-0.79333,57.2444,0.065249,-0.9019079258587115,-0.43192834275286557,243.7,6.2167,0.986146,-0.165878,0.707107,-0.707107,0,0,0,1,0,0,0,0,0,0,0,0,0,0,1,0,0,0,0.07667,-0.03,8.7456,347.13,6.2167
20232,train,2021-04-21 13:30:00,2021-05-04 09:55:00,54.17833,-55.565,0.07667,-0.03,8.7456,0.390778,-0.2227397016638506,0.9748779540551211,6.2167,302.2,0.943196,-0.332235,-0.258819,-0.965926,0,0,0,0,0,0,0,0,1,0,0,0,0,0,0,0,1,0,0.41,0.26167,48.6259,20.25,302.2
20233,train,2021-03-23 14:29:00,2021-03-30 09:48:00,54.72333,-55.01833,-0.58666,-0.01667,65.2425,0.150543,-0.01657986818769726,-0.9998625445384374,120.3833,42.9333,0.987196,0.159513,-0.5,-0.866025,0,0,0,1,0,0,0,0,0,0,0,0,0,0,0,0,1,0,-0.01334,0.01,1.6201,156.28,42.9333
20233,train,2021-03-28 14:52:00,2021-04-05 09:21:00,54.13667,-55.035,-0.01334,0.01,1.6201,0.010482,0.4022673787032332,-0.9155222313145812,42.9333,143.55,0.99725,0.074117,-0.5,-0.866025,0,0,0,1,0,0,0,0,0,0,0,0,0,0,1,0,0,0,0.50667,0.98,84.8668,48.01,143.55
20233,train,2021-03-30 09:48:00,2021-04-05 09:47:00,54.12333,-55.025,0.50667,0.98,84.8668,0.164222,0.7432615994801266,0.6690008929278375,143.55,0.4333,0.999209,0.03977,0.707107,-0.707107,0,0,0,1,0,0,0,0,0,0,0,0,0,0,1,0,0,0,-0.30167,-0.54333,48.5519,226.52,0.4333
20233,train,2021-04-05 09:21:00,2021-04-10 09:55:00,54.63,-54.045,-0.30167,-0.54333,48.5519,31.123044,-0.7256146078904151,-0.6881013303402626,0.4333,120.1333,0.997989,-0.063391,0.707107,-0.707107,0,0,0,1,0,0,0,0,0,0,0,0,0,0,1,0,0,0,0.09167,-0.19334,16.1467,309.22,120.1333
20233,train,2021-04-05 09:47:00,2021-04-11 09:48:00,54.32833,-54.58833,0.09167,-0.19334,16.1467,0.037335,-0.77472382165033,0.6322997708108928,120.1333,23.8833,0.997989,-0.063391,0.707107,-0.707107,0,0,0,1,0,0,0,0,0,0,0,0,0,0,0,0,1,0,0.135,0.01167,15.0302,2.87,23.8833
20233,train,2021-04-10 09:55:00,2021-04-16 09:56:00,54.42,-54.78167,0.135,0.01167,15.0302,0.174811,0.05007000493284858,0.9987457106821659,23.8833,120.1333,0.988854,-0.14889,0.707107,-0.707107,0,0,0,1,0,0,0,0,0,0,0,0,0,0,0,0,1,0,-0.06167,-0.19833,14.5201,241.9,120.1333
20233,train,2021-04-11 09:48:00,2021-04-21 19:39:00,54.555,-54.77,-0.06167,-0.19833,14.5201,0.033574,-0.8821268660176679,-0.4710118812194099,120.1333,129.7167,0.986146,-0.165878,0.707107,-0.707107,0,0,0,1,0,0,0,0,0,0,0,0,0,0,0,0,1,0,0.15834,-0.68334,47.4342,292.07,129.7167
20233,train,2021-04-16 09:56:00,2021-04-30 13:22:00,54.49333,-54.96833,0.15834,-0.68334,47.4342,0.101576,-0.926725494419827,0.37573908233284325,129.7167,209.7167,0.968251,-0.249981,0.707107,-0.707107,0,0,0,1,0,0,0,0,0,0,0,0,0,0,0,0,1,0,0.27666,0.24334,34.4929,26.79,209.7167
20234,train,2021-03-23 14:29:00,2021-04-04 09:56:00,55.46167,-56.205,-0.72334,1.78,138.8933,0.159001,0.8226405180208598,-0.568561850734264,242.65,40.8,0.987196,0.159513,-0.5,-0.866025,0,0,0,1,0,0,0,0,0,0,0,0,0,0,0,0,1,0,0.01834,0.03667,3.1141,49.08,40.8
20234,train,2021-04-02 17:08:00,2021-04-05 09:21:00,54.73833,-54.425,0.01834,0.03667,3.1141,0.021202,0.7556248754641235,0.6550046164568826,40.8,23.4167,0.99993,-0.011826,-0.965926,-0.258819,0,0,0,0,0,1,0,0,0,0,0,0,0,0,0,0,1,0,0.07333,0.40666,27.3151,72.47,23.4167
20234,train,2021-04-04 09:56:00,2021-04-05 09:47:00,54.75667,-54.38833,0.07333,0.40666,27.3151,0.324022,0.9535593708335298,0.30120512328903487,23.4167,0.4333,0.998932,-0.046215,0.707107,-0.707107,0,0,0,1,0,0,0,0,0,0,0,0,0,0,1,0,0,0,-0.23167,-0.005,25.7625,180.72,0.4333
20234,train,2021-04-05 09:21:00,2021-04-10 09:55:00,54.83,-53.98167,-0.23167,-0.005,25.7625,16.514443,-0.012566039883352592,-0.9999210442038161,0.4333,120.1333,0.997989,-0.063391,0.707107,-0.707107,0,0,0,1,0,0,0,0,0,0,0,0,0,0,1,0,0,0,-0.19666,-0.50166,39.0829,236.18,120.1333
20234,train,2021-04-05 09:47:00,2021-04-11 09:48:00,54.59833,-53.98667,-0.19666,-0.50166,39.0829,0.090369,-0.8307902348497056,-0.5565856499033829,120.1333,23.8833,0.997989,-0.063391,0.707107,-0.707107,0,0,0,1,0,0,0,0,0,0,0,0,0,0,1,0,0,0,0.00333,-0.31334,20.2839,271.17,23.8833
20234,train,2021-04-10 09:55:00,2021-04-21 10:57:00,54.40167,-54.48833,0.00333,-0.31334,20.2839,0.235915,-0.9997915118519811,0.02041893309480078,23.8833,241.15,0.988854,-0.14889,0.707107,-0.707107,0,0,0,1,0,0,0,0,0,0,0,0,0,0,1,0,0,0,-0.275,-0.80333,60.4677,239.95,241.15
20234,train,2021-04-11 09:48:00,2021-04-21 19:42:00,54.405,-54.80167,-0.275,-0.80333,60.4677,0.069652,-0.8655887417688118,-0.5007555592533,241.15,8.75,0.986146,-0.165878,0.707107,-0.707107,0,0,0,1,0,0,0,0,0,0,0,0,0,0,1,0,0,0,0.11833,0.15333,16.5119,37.11,8.75
20234,train,2021-04-21 10:57:00,2021-05-04 09:56:00,54.13,-55.605,0.11833,0.15333,16.5119,0.524187,0.6033471832133827,0.7974786370232603,8.75,302.2333,0.943196,-0.332235,0.5,-0.866025,0,1,0,0,0,0,0,0,0,0,0,0,0,0,0,0,1,0,-0.06833,0.47667,31.9117,103.58,302.2333
20235,train,2021-03-23 14:29:00,2021-04-04 09:56:00,55.42833,-56.135,-0.79833,2.03333,157.068,0.179769,0.8331143600534535,-0.5531007711735038,242.7,40.75,0.987196,0.159513,-0.5,-0.866025,0,0,0,1,0,0,0,0,0,0,0,0,0,0,0,0,1,0,0.13667,-0.15166,18.0532,327.39,40.75
20235,train,2021-04-02 17:11:00,2021-04-05 09:21:00,54.63,-54.10167,0.13667,-0.15166,18.0532,0.123062,-0.5389178124813595,0.8423583509352218,40.75,23.4167,0.99993,-0.011826,-0.965926,-0.258819,0,0,0,0,0,1,0,0,0,0,0,0,0,0,0,0,1,0,0.21,0.29166,29.8915,38.51,23.4167
20235,train,2021-04-04 09:56:00,2021-04-05 09:47:00,54.76667,-54.25333,0.21,0.29166,29.8915,0.354585,0.6226512180463863,0.7824994956326499,23.4167,0.4333,0.998932,-0.046215,0.707107,-0.707107,0,0,0,1,0,0,0,0,0,0,0,0,0,0,1,0,0,0,-0.36167,-0.005,40.2171,180.46,0.4333
20235,train,2021-04-05 09:21:00,2021-04-11 09:48:00,54.97667,-53.96167,-0.36167,-0.005,40.2171,25.780222,-0.008028428310396738,-0.9999677716500991,0.4333,144.0167,0.997989,-0.063391,0.707107,-0.707107,0,0,0,1,0,0,0,0,0,0,0,0,0,0,1,0,0,0,-0.18667,-0.095,21.6433,196.49,144.0167
20235,train,2021-04-05 09:47:00,2021-04-17 09:47:00,54.615,-53.96667,-0.18667,-0.095,21.6433,0.041745,-0.28384799476590583,-0.9588692902931943,144.0167,143.9833,0.997989,-0.063391,0.707107,-0.707107,0,0,0,1,0,0,0,0,0,0,0,0,0,0,0,0,1,0,-0.245,-0.18333,29.726,203.66,143.9833
20236,train,2021-03-23 14:29:00,2021-04-22 09:55:00,55.145,-56.55833,-1.17667,0.84166,141.6464,0.326841,0.3886415652715232,-0.9213890241061592,120.3833,595.05,0.987196,0.159513,-0.5,-0.866025,0,0,0,1,0,0,0,0,0,0,0,0,0,0,0,0,1,0,-0.05,-0.315,21.3525,255.03,595.05
20238,train,2021-03-23 14:29:00,2021-04-10 09:55:00,54.72833,-56.94333,-0.72333,1.28833,115.9046,0.267443,0.7263347879241294,-0.6873410913449086,120.3833,307.05,0.987196,0.159513,-0.5,-0.866025,0,0,0,0,0,0,0,0,1,0,0,0,0,0,1,0,0,0,-0.08833,-0.16333,14.5134,227.48,307.05
20238,train,2021-03-28 14:52:00,2021-04-21 12:03:00,54.005,-55.655,-0.08833,-0.16333,14.5134,0.01313,-0.737041466427067,-0.6758475247916786,307.05,266.1333,0.99725,0.074117,-0.5,-0.866025,0,0,0,1,0,0,0,0,0,0,0,0,0,1,0,0,0,0,0.0,-0.53667,35.1462,270.22,266.1333
20238,train,2021-04-10 09:55:00,2021-05-04 09:56:00,53.91667,-55.81833,0.0,-0.53667,35.1462,0.036684,-0.9999926282674982,0.00383971491924308,266.1333,309.8833,0.988854,-0.14889,0.707107,-0.707107,0,0,0,1,0,0,0,0,0,0,0,0,0,0,1,0,0,0,-0.045,-0.14167,10.5456,241.73,309.8833
20239,test,2021-03-23 17:11:00,2021-04-21 11:15:00,55.09833,-56.86,-1.08166,0.185,120.8651,0.285288,0.10001440532103491,-0.9949859892120491,117.6833,572.3833,0.987196,0.159513,-0.965926,-0.258819,0,0,0,1,0,0,0,0,0,0,0,0,0,0,0,0,1,0,0.035,0.62333,40.8921,84.29,572.3833
20252,train,2021-03-24 15:16:00,2021-04-04 09:56:00,56.32,-58.74167,-1.00167,3.01834,218.967,0.259065,0.8718983926044019,-0.489686831529969,234.7833,23.8833,0.989794,0.142508,-0.707107,-0.707107,0,0,0,0,0,1,0,0,0,0,0,0,0,0,1,0,0,0,-0.02166,0.20666,13.2992,100.35,23.8833
20255,train,2021-03-24 15:16:00,2021-04-11 09:48:00,56.26,-58.79833,-1.15167,2.85833,220.2087,0.260534,0.8254092011912527,-0.5645348975827961,234.7833,191.75,0.989794,0.142508,-0.707107,-0.707107,0,0,0,0,0,1,0,0,0,0,0,0,0,0,1,0,0,0,-0.33166,1.56667,106.6402,109.59,191.75
20255,train,2021-04-03 10:03:00,2021-04-21 18:36:00,55.10833,-55.94,-0.33166,1.56667,106.6402,0.154484,0.9421159857823752,-0.3352871445989293,191.75,248.8,0.999579,-0.029025,0.5,-0.866025,0,0,0,1,0,0,0,0,0,0,0,0,0,0,1,0,0,0,-0.13,-0.39834,29.3887,240.7,248.8
20255,train,2021-04-11 09:48:00,2021-04-30 13:22:00,54.77667,-54.37333,-0.13,-0.39834,29.3887,0.032812,-0.8720692724321204,-0.48938245174884654,248.8,210.7667,0.986146,-0.165878,0.707107,-0.707107,0,0,0,1,0,0,0,0,0,0,0,0,0,0,0,0,1,0,0.58333,0.00167,64.8634,0.09,210.7667
20259,train,2021-03-24 15:16:00,2021-04-18 15:16:00,56.23,-60.23167,-0.74,1.72667,135.5705,0.104607,0.802296865209416,-0.5969252382628365,360.0,240.0,0.989794,0.142508,-0.707107,-0.707107,0,0,0,0,0,0,0,0,1,0,0,0,0,0,0,0,0,1,-0.375,1.43,99.6551,114.15,240.0
20260,train,2021-03-24 15:16:00,2021-04-03 10:02:00,56.32,-60.34833,-0.33167,0.55,50.2029,0.193237,0.6813598739532999,-0.7319485789086165,72.1667,162.6,0.989794,0.142508,-0.707107,-0.707107,0,0,0,0,0,1,0,0,0,0,0,0,0,0,0,0,1,0,-0.74166,1.16666,110.3052,137.9,162.6
20260,train,2021-03-27 15:26:00,2021-04-08 15:16:00,55.98833,-59.79833,-0.74166,1.16666,110.3052,0.18844,0.6704266189587992,-0.7419758409756163,162.6,125.2333,0.995827,0.091261,-0.707107,-0.707107,0,0,0,0,0,1,0,0,0,0,0,0,0,0,1,0,0,0,0.07666,0.83334,53.4549,80.48,125.2333
20260,train,2021-04-03 10:02:00,2021-04-18 15:16:00,55.24667,-58.63167,0.07666,0.83334,53.4549,0.118567,0.986227928967551,0.1653918744206477,125.2333,240.0,0.999579,-0.029025,0.5,-0.866025,0,0,0,1,0,0,0,0,0,0,0,0,0,0,1,0,0,0,-0.32666,0.59833,52.5734,133.46,240.0
20260,train,2021-04-08 15:16:00,2021-04-21 19:22:00,55.32333,-57.79833,-0.32666,0.59833,52.5734,0.060849,0.7258547563546035,-0.6878480011437114,240.0,76.1,0.99339,-0.114788,-0.707107,-0.707107,0,0,0,0,0,1,0,0,0,0,0,0,0,0,1,0,0,0,0.08,0.36333,24.8017,68.83,76.1
20260,train,2021-04-18 15:16:00,2021-04-27 10:03:00,54.99667,-57.2,0.08,0.36333,24.8017,0.09053,0.9325130195880528,0.3611363569329069,76.1,134.6833,0.959079,-0.283139,-0.707107,-0.707107,0,0,0,0,0,1,0,0,0,0,0,0,0,0,1,0,0,0,-0.28167,-0.29333,36.4976,211.01,134.6833
20260,train,2021-04-21 19:22:00,2021-04-30 13:22:00,55.07667,-56.83667,-0.28167,-0.29333,36.4976,0.075274,-0.515187670981193,-0.857077396545361,134.6833,75.3167,0.943196,-0.332235,-0.965926,0.258819,0,0,0,0,0,1,0,0,0,0,0,0,0,0,1,0,0,0,0.055,-0.26667,18.1448,289.81,75.3167
20260,train,2021-04-27 10:03:00,2021-05-01 10:00:00,54.795,-57.13,0.055,-0.26667,18.1448,0.06692,-0.9408216337039959,0.3389021297580532,75.3167,20.6333,0.903946,-0.427646,0.5,-0.866025,0,0,0,1,0,0,0,0,0,0,0,0,0,0,1,0,0,0,0.00167,0.015,0.978,79.05,20.6333
20260,train,2021-04-30 13:22:00,2021-05-04 09:56:00,54.85,-57.39667,0.00167,0.015,0.978,0.013167,0.9817933219112157,0.18995229151168477,20.6333,71.9333,0.880683,-0.473706,-0.258819,-0.965926,0,0,0,1,0,0,0,0,0,0,0,0,0,0,1,0,0,0,-0.34834,0.54334,52.1582,137.73,71.9333
20260,train,2021-05-01 10:00:00,2021-05-10 09:56:00,54.85167,-57.38167,-0.34834,0.54334,52.1582,0.201414,0.672625151336645,-0.7399833821035142,71.9333,144.0,0.872404,-0.488785,0.5,-0.866025,0,0,0,1,0,0,0,0,0,0,0,0,0,0,1,0,0,0,-0.24,0.17833,29.0781,156.53,144.0
20261,train,2021-03-24 15:16:00,2021-04-18 15:16:00,56.40667,-60.50167,-0.90834,1.88667,154.9015,0.119523,0.7670531860507086,-0.6415835173766989,360.0,240.0,0.989794,0.142508,-0.707107,-0.707107,0,0,0,0,0,1,0,0,0,0,0,0,0,0,1,0,0,0,-0.32,1.365,93.3664,111.84,240.0
20262,train,2021-03-24 15:16:00,2021-04-18 15:16:00,56.475,-60.58833,-0.86833,1.475,133.0974,0.102699,0.6960381226757314,-0.7180048271300434,360.0,240.0,0.989794,0.142508,-0.707107,-0.707107,0,0,0,0,0,1,0,0,0,0,0,0,0,0,0,0,1,0,-0.41834,1.88166,127.5942,110.6,240.0
20265,train,2021-03-25 09:40:00,2021-04-01 17:52:00,51.39667,-52.5,-0.21167,0.22833,28.3913,0.045078,0.560494462232512,-0.8281581719736195,174.95,1.25,0.992099,0.125461,0.707107,-0.707107,0,0,0,1,0,0,0,0,0,0,0,0,0,0,0,0,1,0,-0.13667,0.09667,16.6277,156.02,1.25
20266,train,2021-03-25 09:40:00,2021-04-01 17:45:00,50.51,-52.67167,0.06167,0.91667,65.1403,0.103902,0.9937679191605964,0.11146893220632569,174.15,1.9333,0.992099,0.125461,0.707107,-0.707107,0,0,0,1,0,0,0,0,0,0,0,0,0,0,0,0,1,0,0.03833,-0.14667,11.1967,292.43,1.9333
20267,train,2021-03-25 10:27:00,2021-04-06 10:27:00,60.095,-60.97,-0.44333,0.37833,53.6275,0.08874,0.3963468475165558,-0.9181008531004031,167.8667,120.1333,0.992099,0.125461,0.5,-0.866025,0,0,0,1,0,0,0,0,0,0,0,0,0,0,1,0,0,0,-0.18,-0.06166,20.3142,189.87,120.1333
20267,train,2021-04-01 10:19:00,2021-04-10 10:26:00,59.65167,-60.59167,-0.18,-0.06166,20.3142,0.046972,-0.17141327469830364,-0.9851992129804023,120.1333,95.9833,0.999986,0.005376,0.5,-0.866025,0,0,0,1,0,0,0,0,0,0,0,0,0,0,1,0,0,0,0.015,0.11166,6.5224,75.14,95.9833
20267,train,2021-04-06 10:27:00,2021-04-30 10:27:00,59.47167,-60.65333,0.015,0.11166,6.5224,0.018876,0.9665553563609826,0.2564580727719328,95.9833,480.0167,0.996751,-0.080549,0.5,-0.866025,0,0,0,1,0,0,0,0,0,0,0,0,0,0,1,0,0,0,-1.11167,-0.36333,125.3576,189.73,480.0167
20268,val,2021-03-25 10:27:00,2021-04-06 10:27:00,60.00167,-61.31,-0.04667,0.555,31.3098,0.05181,0.9868557164068074,-0.16160382110336097,167.8667,120.1333,0.992099,0.125461,0.5,-0.866025,0,0,0,1,0,0,0,0,0,0,0,0,0,0,0,0,1,0,-0.13,0.5,31.4144,117.18,120.1333
20268,val,2021-04-01 10:19:00,2021-04-10 10:26:00,59.955,-60.755,-0.13,0.5,31.4144,0.072638,0.8895758763783379,-0.45678743433429964,120.1333,95.9833,0.999986,0.005376,0.5,-0.866025,0,0,0,1,0,0,0,0,0,0,0,0,0,0,1,0,0,0,-0.24667,-0.34333,33.5152,215.22,95.9833
20268,val,2021-04-06 10:27:00,2021-04-19 15:55:00,59.825,-60.255,-0.24667,-0.34333,33.5152,0.096994,-0.5767175184245724,-0.81694363571926,95.9833,221.4833,0.996751,-0.080549,0.5,-0.866025,0,0,0,1,0,0,0,0,0,0,0,0,0,0,1,0,0,0,-0.92166,0.43,105.3809,166.35,221.4833
20268,val,2021-04-10 10:26:00,2021-04-30 10:27:00,59.57833,-60.59833,-0.92166,0.43,105.3809,0.132166,0.23599021944251328,-0.9717554303051126,221.4833,258.5333,0.988854,-0.14889,0.5,-0.866025,0,0,0,1,0,0,0,0,0,0,0,0,0,0,1,0,0,0,-0.33,-0.27334,39.9848,203.52,258.5333
20268,val,2021-04-19 15:55:00,2021-05-02 10:07:00,58.65667,-60.16833,-0.33,-0.27334,39.9848,0.042961,-0.39906915898029527,-0.9169208288346163,258.5333,47.6667,0.954067,-0.299595,-0.707107,-0.707107,0,0,0,0,0,1,0,0,0,0,0,0,0,1,0,0,0,0,-0.21334,-0.21833,26.9485,208.42,47.6667
20270,val,2021-03-25 10:27:00,2021-04-30 10:27:00,59.94667,-60.42,-0.84167,0.25833,94.7162,0.156732,0.15574489043303627,-0.9877973117517589,167.8667,696.1333,0.992099,0.125461,0.5,-0.866025,0,0,0,1,0,0,0,0,0,0,0,0,0,0,0,0,1,0,-0.89333,-0.36,101.4921,191.99,696.1333
20270,val,2021-04-01 10:19:00,2021-05-02 10:07:00,59.105,-60.16167,-0.89333,-0.36,101.4921,0.040498,-0.20774096868991723,-0.9781838732711631,696.1333,47.6667,0.999986,0.005376,0.5,-0.866025,0,0,0,1,0,0,0,0,0,0,0,0,0,0,1,0,0,0,-0.125,0.01334,13.9214,176.77,47.6667
20270,val,2021-04-30 10:27:00,2021-05-15 10:15:00,58.21167,-60.52167,-0.125,0.01334,13.9214,0.081127,0.056344279679018255,-0.998411399247551,47.6667,312.1333,0.880683,-0.473706,0.5,-0.866025,0,0,0,1,0,0,0,0,0,0,0,0,0,0,1,0,0,0,-1.635,0.16666,182.0795,176.78,312.1333
20270,val,2021-05-02 10:07:00,2021-05-26 10:11:00,58.08667,-60.50833,-1.635,0.16666,182.0795,0.162039,0.05617002315966781,-0.9984212179727765,312.1333,263.9333,0.863867,-0.50372,0.5,-0.866025,0,0,0,1,0,0,0,0,0,0,0,0,0,0,1,0,0,0,-1.24834,2.155,193.3305,134.99,263.9333
20270,val,2021-05-15 10:15:00,2021-05-28 16:18:00,56.45167,-60.34167,-1.24834,2.155,193.3305,0.203472,0.7072301838310177,-0.706983357002373,263.9333,54.1167,0.730644,-0.682758,0.5,-0.866025,0,0,0,1,0,0,0,0,0,0,0,0,0,0,0,0,1,0,-0.245,0.74667,54.7797,119.52,54.1167
20270,val,2021-05-26 10:11:00,2021-06-02 10:03:00,55.20333,-58.18667,-0.245,0.74667,54.7797,0.281181,0.8701837546695257,-0.49272734154829145,54.1167,113.75,0.589176,-0.808005,0.5,-0.866025,0,0,0,1,0,0,0,0,0,0,0,0,0,0,0,0,1,0,-0.58166,0.43167,70.3826,156.6,113.75
20270,val,2021-05-28 16:18:00,2021-06-03 09:56:00,54.95833,-57.44,-0.58166,0.43167,70.3826,0.171875,0.3971478906347806,-0.9177546256839811,113.75,23.8833,0.561034,-0.827793,-0.866025,-0.5,0,0,0,0,0,1,0,0,0,0,0,0,0,0,0,0,1,0,-0.08334,0.275,20.0933,117.35,23.8833
20271,train,2021-03-25 10:27:00,2021-04-30 10:27:00,59.92833,-61.05167,-0.83666,0.83167,104.1935,0.100495,0.45585562236349997,-0.8900537352090525,288.0,576.0,0.992099,0.125461,0.5,-0.866025,0,0,0,1,0,0,0,0,0,0,0,0,0,0,0,0,1,0,-0.67,0.25,75.8829,168.94,576.0
20275,test,2021-03-25 10:27:00,2021-05-03 10:15:00,59.915,-61.23167,-0.90333,0.34667,102.337,0.098705,0.19389192144798734,-0.981022896163595,288.0,647.8,0.992099,0.125461,0.5,-0.866025,0,0,0,1,0,0,0,0,0,0,0,0,0,0,0,0,1,0,-2.20834,0.32667,246.3126,175.37,647.8
20275,test,2021-04-06 10:27:00,2021-05-07 10:19:00,59.01167,-60.885,-2.20834,0.32667,246.3126,0.105619,0.08072082551181832,-0.9967367497632916,647.8,96.0667,0.996751,-0.080549,0.5,-0.866025,0,0,0,1,0,0,0,0,0,0,0,0,0,0,0,0,1,0,-0.22833,0.23333,29.114,150.6,96.0667
20275,test,2021-05-03 10:15:00,2021-05-11 21:49:00,56.80333,-60.55833,-0.22833,0.23333,29.114,0.084184,0.490903753615141,-0.8712138111201894,96.0667,107.5,0.855075,-0.518505,0.5,-0.866025,0,0,0,1,0,0,0,0,0,0,0,0,0,0,1,0,0,0,-0.69833,0.63,86.8683,153.1,107.5
20275,test,2021-05-07 10:19:00,2021-05-14 10:11:00,56.575,-60.325,-0.69833,0.63,86.8683,0.224466,0.4524347093117829,-0.891797529605214,107.5,60.3667,0.817401,-0.576069,0.5,-0.866025,0,0,0,1,0,0,0,0,0,0,0,0,0,0,1,0,0,0,-0.25,0.23333,31.4001,152.19,60.3667
20278,train,2021-04-06 10:27:00,2021-05-03 10:15:00,58.38833,-60.805,-0.985,0.39833,112.0275,0.054026,0.21303038627497667,-0.9770455744352636,576.0,71.8,0.996751,-0.080549,0.5,-0.866025,0,0,0,1,0,0,0,0,0,0,0,0,0,0,1,0,0,0,-0.41,-0.44333,52.8355,210.55,71.8
20279,train,2021-03-25 10:27:00,2021-04-30 10:27:00,59.89333,-61.24667,-0.915,0.33334,103.4741,0.099801,0.1846375240562266,-0.9828066873553447,288.0,576.0,0.992099,0.125461,0.5,-0.866025,0,0,0,1,0,0,0,0,0,0,0,0,0,0,1,0,0,0,-1.905,0.02666,211.8321,179.56,576.0
20279,train,2021-04-06 10:27:00,2021-05-05 21:48:00,58.97833,-60.91333,-1.905,0.02666,211.8321,0.102157,0.007679373227782782,-0.9999705131786779,576.0,131.35,0.996751,-0.080549,0.5,-0.866025,0,0,0,1,0,0,0,0,0,0,0,0,0,0,0,0,1,0,-0.85666,0.87667,109.2977,150.27,131.35
20281,train,2021-03-25 10:27:00,2021-04-30 10:27:00,59.87167,-60.95,-0.72,0.72833,89.9877,0.148907,0.4614389599191915,-0.8871719598075082,167.8667,696.1333,0.992099,0.125461,0.5,-0.866025,0,0,0,1,0,0,0,0,0,0,0,0,0,0,0,0,1,0,-1.02167,-0.16666,114.013,184.92,696.1333
20281,train,2021-04-01 10:19:00,2021-05-03 10:15:00,59.15167,-60.22167,-1.02167,-0.16666,114.013,0.045495,-0.08576470804451376,-0.9963154193597725,696.1333,71.8,0.999986,0.005376,0.5,-0.866025,0,0,0,1,0,0,0,0,0,0,0,0,0,0,1,0,0,0,-0.315,-0.325,39.9267,208.82,71.8
20283,test,2021-03-25 10:27:00,2021-04-30 10:27:00,59.87333,-61.13833,-1.02166,1.04666,128.1499,0.123601,0.4697797410301481,-0.8827836625797099,288.0,576.0,0.992099,0.125461,0.5,-0.866025,0,0,0,1,0,0,0,0,0,0,0,0,0,0,0,0,1,0,-0.58167,-0.435,69.4248,201.5,576.0
20283,test,2021-04-06 10:27:00,2021-05-05 21:49:00,58.85167,-60.09167,-0.58167,-0.435,69.4248,0.03348,-0.36650122672429736,-0.9304175679820245,576.0,131.3667,0.996751,-0.080549,0.5,-0.866025,0,0,0,1,0,0,0,0,0,0,0,0,0,0,0,0,1,0,-0.83333,0.23334,93.6847,171.43,131.3667
20283,test,2021-04-30 10:27:00,2021-05-14 10:11:00,58.27,-60.52667,-0.83333,0.23334,93.6847,0.198098,0.1490176113389028,-0.9888345420295792,131.3667,204.3667,0.880683,-0.473706,0.5,-0.866025,0,0,0,1,0,0,0,0,0,0,0,0,0,0,0,0,1,0,-0.82334,0.45166,95.5442,163.19,204.3667
20283,test,2021-05-05 21:49:00,2021-05-15 10:15:00,57.43667,-60.29333,-0.82334,0.45166,95.5442,0.129865,0.2891988763136721,-0.9572690373865173,204.3667,24.0667,0.836733,-0.547611,-0.707107,0.707107,0,0,0,1,0,0,0,0,0,0,0,0,0,0,0,0,1,0,0.00334,-0.00333,0.4236,331.25,24.0667
20283,test,2021-05-14 10:11:00,2021-05-21 10:03:00,56.61333,-59.84167,0.00334,-0.00333,0.4236,0.004889,-0.48098876891938774,0.8767267557075077,24.0667,143.8,0.742281,-0.670089,0.5,-0.866025,0,0,0,1,0,0,0,0,0,0,0,0,0,0,1,0,0,0,-0.82667,1.72833,140.9792,129.97,143.8
20288,train,2021-03-25 10:27:00,2021-04-06 10:27:00,59.87333,-61.24667,-0.525,0.49167,64.5968,0.106892,0.43145604568095886,-0.9021339593682028,167.8667,120.1333,0.992099,0.125461,0.5,-0.866025,0,0,0,1,0,0,0,0,0,0,0,0,0,0,0,0,1,0,-0.375,-0.11,42.1669,188.6,120.1333
20294,train,2021-03-25 10:27:00,2021-04-19 17:13:00,59.825,-61.08833,-1.46333,0.32833,163.7913,0.157978,0.11701741194167738,-0.9931298632618354,288.0,318.7667,0.992099,0.125461,0.5,-0.866025,0,0,0,1,0,0,0,0,0,0,0,0,0,0,0,0,1,0,-1.14,1.00333,140.0128,154.44,318.7667
20294,train,2021-04-06 10:27:00,2021-04-21 10:15:00,58.36167,-60.76,-1.14,1.00333,140.0128,0.122009,0.43145604568095886,-0.9021339593682028,318.7667,41.0333,0.996751,-0.080549,0.5,-0.866025,0,0,0,1,0,0,0,0,0,0,0,0,0,0,0,0,1,0,0.12833,-0.10666,15.6431,335.86,41.0333
20294,train,2021-04-19 17:13:00,2021-04-22 10:26:00,57.22167,-59.75667,0.12833,-0.10666,15.6431,0.105897,-0.4089676392986628,0.9125488863652614,41.0333,24.1833,0.954067,-0.299595,-0.965926,-0.258819,0,0,1,0,0,0,0,0,0,0,0,0,0,0,0,0,1,0,0.00667,-0.36167,21.7074,272.11,24.1833
20294,train,2021-04-21 10:15:00,2021-05-02 10:11:00,57.35,-59.86333,0.00667,-0.36167,21.7074,0.249338,-0.9993219830243762,0.036818123855356405,24.1833,239.75,0.943196,-0.332235,0.5,-0.866025,0,0,0,1,0,0,0,0,0,0,0,0,0,0,1,0,0,0,-0.675,0.31667,77.4653,165.54,239.75
20294,train,2021-04-22 10:26:00,2021-05-05 20:14:00,57.35667,-60.225,-0.675,0.31667,77.4653,0.089752,0.24970404853445896,-0.9683222026502855,239.75,82.05,0.937342,-0.348411,0.5,-0.866025,0,0,0,1,0,0,0,0,0,0,0,0,0,1,0,0,0,0,-0.41834,0.69833,63.2715,137.03,82.05
20294,train,2021-05-02 10:11:00,2021-05-14 10:11:00,56.68167,-59.90833,-0.41834,0.69833,63.2715,0.214204,0.6816153306904396,-0.7317106948567601,82.05,205.95,0.863867,-0.50372,0.5,-0.866025,0,0,0,1,0,0,0,0,0,0,0,0,0,0,1,0,0,0,-0.60666,1.195,100.412,131.71,205.95
20294,train,2021-05-05 20:14:00,2021-05-15 10:15:00,56.26333,-59.21,-0.60666,1.195,100.412,0.135432,0.7465220663143017,-0.6653606574676814,205.95,24.0667,0.836733,-0.547611,-0.866025,0.5,0,0,0,0,0,1,0,0,0,0,0,0,0,0,0,0,1,0,-0.06667,-0.27333,18.6936,246.75,24.0667
20294,train,2021-05-14 10:11:00,2021-05-21 10:03:00,55.65667,-58.015,-0.06667,-0.27333,18.6936,0.215761,-0.9187912101488984,-0.39474385638426707,24.0667,143.8,0.742281,-0.670089,0.5,-0.866025,0,0,0,1,0,0,0,0,0,0,0,0,0,0,0,0,1,0,-0.075,0.92833,58.9817,97.75,143.8
20294,train,2021-05-15 10:15:00,2021-05-26 10:11:00,55.59,-58.28833,-0.075,0.92833,58.9817,0.113935,0.9908658973868822,-0.13485093027372297,143.8,120.1333,0.730644,-0.682758,0.5,-0.866025,0,0,0,1,0,0,0,0,0,0,0,0,0,0,0,0,1,0,-0.255,0.29,33.7563,147.02,120.1333
20294,train,2021-05-21 10:03:00,2021-06-03 09:56:00,55.515,-57.36,-0.255,0.29,33.7563,0.078053,0.5443462505846606,-0.8388606317347489,120.1333,191.75,0.656411,-0.754404,0.5,-0.866025,0,0,0,1,0,0,0,0,0,0,0,0,0,0,0,0,1,0,-1.17667,1.04833,147.1787,152.31,191.75
20295,train,2021-03-25 10:27:00,2021-04-19 17:10:00,59.84167,-61.14833,-1.52667,0.23333,170.2804,0.164237,0.08002495237480874,-0.9967928606272266,288.0,318.7167,0.992099,0.125461,0.5,-0.866025,0,0,0,1,0,0,0,0,0,0,0,0,0,0,0,0,1,0,-0.995,0.375,112.8455,168.49,318.7167
20295,train,2021-04-06 10:27:00,2021-04-29 21:49:00,58.315,-60.915,-0.995,0.375,112.8455,0.098351,0.19953896050495432,-0.9798898934271147,318.7167,244.65,0.996751,-0.080549,0.5,-0.866025,0,0,0,1,0,0,0,0,0,0,0,0,0,0,0,0,1,0,-0.945,0.17167,105.5964,174.25,244.65
20295,train,2021-04-19 17:10:00,2021-05-05 21:48:00,57.32,-60.54,-0.945,0.17167,105.5964,0.119895,0.10018806161207638,-0.9949685182509117,244.65,143.9833,0.954067,-0.299595,-0.965926,-0.258819,0,0,0,1,0,0,0,0,0,0,0,0,0,0,1,0,0,0,-0.42,0.49,55.6903,146.79,143.9833
20295,train,2021-04-29 21:49:00,2021-05-14 10:11:00,56.375,-60.36833,-0.42,0.49,55.6903,0.10744,0.5477092580752745,-0.8366687329036698,143.9833,204.3833,0.888701,-0.458487,-0.707107,0.707107,0,0,0,1,0,0,0,0,0,0,0,0,0,0,1,0,0,0,-0.615,0.695,81.1049,147.19,204.3833
20297,train,2021-03-25 10:27:00,2021-04-30 10:27:00,59.82,-60.78833,-0.92,0.59666,107.7413,0.178285,0.3181321039872996,-0.9480463935971774,167.8667,696.1333,0.992099,0.125461,0.5,-0.866025,0,0,0,1,0,0,0,0,0,0,0,0,0,0,0,0,1,0,-1.20167,-0.26833,134.536,186.81,696.1333
20297,train,2021-04-01 10:19:00,2021-05-07 10:19:00,58.9,-60.19167,-1.20167,-0.26833,134.536,0.053684,-0.11857727167697753,-0.9929448275919686,696.1333,167.8667,0.999986,0.005376,0.5,-0.866025,0,0,0,1,0,0,0,0,0,0,0,0,0,0,1,0,0,0,-0.86833,-0.21,97.376,187.54,167.8667
20297,train,2021-05-07 10:19:00,2021-05-15 10:15:00,57.06667,-60.9,-0.94834,0.705,113.9405,0.188543,0.383489523534424,-0.9235452264720664,167.8667,24.0667,0.817401,-0.576069,0.5,-0.866025,0,0,0,1,0,0,0,0,0,0,0,0,0,0,1,0,0,0,-0.09,0.11167,12.173,145.25,24.0667
20297,train,2021-05-14 10:11:00,2021-05-21 10:03:00,56.11833,-60.195,-0.09,0.11167,12.173,0.140501,0.5699967625963032,-0.8216469379421636,24.0667,143.8,0.742281,-0.670089,0.5,-0.866025,0,0,0,1,0,0,0,0,0,0,0,0,0,0,1,0,0,0,-0.66666,1.23166,107.0156,133.33,143.8
20297,train,2021-05-15 10:15:00,2021-06-02 10:03:00,56.02833,-60.08333,-0.66666,1.23166,107.0156,0.206722,0.7274135642622279,-0.6861993198242924,143.8,288.0,0.730644,-0.682758,0.5,-0.866025,0,0,0,1,0,0,0,0,0,0,0,0,0,0,0,0,1,0,-0.39167,0.85834,69.7766,128.27,288.0
20297,train,2021-05-21 10:03:00,2021-06-06 21:32:00,55.36167,-58.85167,-0.39167,0.85834,69.7766,0.0673,0.7851007784849978,-0.6193680389092178,288.0,107.4833,0.656411,-0.754404,0.5,-0.866025,0,0,0,1,0,0,0,0,0,0,0,0,0,0,1,0,0,0,-0.15167,0.55833,39.4861,115.06,107.4833
20297,train,2021-06-02 10:03:00,2021-06-09 09:55:00,54.97,-57.99333,-0.15167,0.55833,39.4861,0.102047,0.9058647253699461,-0.42356711313607925,107.4833,60.3833,0.487847,-0.872929,0.5,-0.866025,0,0,0,1,0,0,0,0,0,0,0,0,0,0,1,0,0,0,-0.385,0.48333,52.9216,143.79,60.3833
20297,train,2021-06-06 21:32:00,2021-06-09 21:21:00,54.81833,-57.435,-0.385,0.48333,52.9216,0.243452,0.5907464997675702,-0.8068572197188076,60.3833,11.4333,0.426674,-0.904405,-0.707107,0.707107,0,0,0,1,0,0,0,0,0,0,0,0,0,0,1,0,0,0,-0.18833,0.235,25.8961,143.87,11.4333
20301,train,2021-03-25 10:27:00,2021-04-06 10:27:00,59.71167,-61.17167,-1.29,0.42,145.4357,0.177877,0.16814529388735175,-0.9857622229237313,227.1167,60.8833,0.992099,0.125461,0.5,-0.866025,0,0,0,1,0,0,0,0,0,0,0,0,0,0,1,0,0,0,-0.36,-0.00333,40.0306,180.28,60.8833
20301,train,2021-04-03 21:34:00,2021-04-13 10:19:00,58.42167,-60.75167,-0.36,-0.00333,40.0306,0.182638,-0.004886902454024558,-0.9999880590209089,60.8833,167.8667,0.999579,-0.029025,-0.707107,0.707107,0,0,0,1,0,0,0,0,0,0,0,0,0,0,1,0,0,0,-0.82334,0.12333,91.8448,175.37,167.8667
20301,train,2021-04-06 10:27:00,2021-04-19 17:52:00,58.06167,-60.755,-0.82334,0.12333,91.8448,0.15198,0.08072082551181832,-0.9967367497632916,167.8667,151.55,0.996751,-0.080549,0.5,-0.866025,0,0,0,1,0,0,0,0,0,0,0,0,0,0,1,0,0,0,-0.645,0.11,72.0308,174.64,151.55
20301,train,2021-04-13 10:19:00,2021-04-29 21:49:00,57.23833,-60.63167,-0.645,0.11,72.0308,0.132026,0.09341325707375064,-0.9956274219821757,151.55,243.95,0.979857,-0.199702,0.5,-0.866025,0,0,0,1,0,0,0,0,0,0,0,0,0,0,1,0,0,0,-0.62333,0.55667,77.3602,153.4,243.95
20301,train,2021-04-19 17:52:00,2021-05-02 10:11:00,56.59333,-60.52167,-0.62333,0.55667,77.3602,0.088087,0.4477590878387698,-0.8941542368393681,243.95,60.3667,0.954067,-0.299595,-0.965926,-0.258819,0,0,0,1,0,0,0,0,0,0,0,1,0,0,0,0,0,0,-0.41167,0.77,66.4503,133.22,60.3667
20301,train,2021-04-29 21:49:00,2021-05-06 21:41:00,55.97,-59.965,-0.41167,0.77,66.4503,0.305772,0.7287296309972869,-0.684801522272372,60.3667,107.5,0.888701,-0.458487,-0.707107,0.707107,0,0,0,1,0,0,0,0,0,0,0,0,0,0,1,0,0,0,-0.33166,0.36333,43.4343,147.96,107.5
20301,train,2021-05-02 10:11:00,2021-05-09 10:03:00,55.55833,-59.195,-0.33166,0.36333,43.4343,0.112233,0.530511184306734,-0.8476779360850832,107.5,60.3667,0.863867,-0.50372,0.5,-0.866025,0,0,0,1,0,0,0,0,0,0,0,0,0,0,1,0,0,0,-0.205,0.34,31.4154,136.38,60.3667
20301,train,2021-05-06 21:41:00,2021-05-15 10:15:00,55.22667,-58.83167,-0.205,0.34,31.4154,0.144558,0.6898722853831593,-0.7239310946907977,60.3667,144.2,0.827189,-0.561923,-0.707107,0.707107,0,0,0,1,0,0,0,0,0,0,0,0,0,0,0,0,1,0,0.0,-0.00333,0.2123,270.0,144.2
20301,train,2021-05-09 10:03:00,2021-06-02 10:03:00,55.02167,-58.49167,0.0,-0.00333,0.2123,0.000409,-1.0,-1.8369701987210297e-16,144.2,431.8,0.797102,-0.603845,0.5,-0.866025,0,0,0,1,0,0,0,0,0,0,0,0,0,0,0,0,1,0,0.08,-0.10167,11.0023,323.99,431.8
20306,test,2021-03-25 10:27:00,2021-04-03 21:34:00,59.655,-61.00667,-0.635,0.32667,72.9981,0.154356,0.2561206656870397,-0.9666448182285092,131.3667,95.75,0.992099,0.125461,0.5,-0.866025,0,0,0,1,0,0,0,0,0,0,0,0,0,0,0,0,1,0,-0.63333,-0.34833,73.2407,196.09,95.75
20306,test,2021-03-30 21:49:00,2021-04-06 10:27:00,59.02,-60.68,-0.63333,-0.34833,73.2407,0.212477,-0.2771469614832398,-0.9608275400614865,95.75,60.8833,0.999209,0.03977,-0.707107,0.707107,0,0,0,1,0,0,0,0,0,0,0,0,0,0,0,0,1,0,-0.29334,0.34333,38.3108,148.22,60.8833
20306,test,2021-04-03 21:34:00,2021-04-19 17:46:00,58.38667,-61.02833,-0.29334,0.34333,38.3108,0.174791,0.5266590948830946,-0.8500765834775826,60.8833,319.3167,0.999579,-0.029025,-0.707107,0.707107,0,0,0,1,0,0,0,0,0,0,0,0,0,0,0,0,1,0,-1.32166,0.935,157.2535,158.76,319.3167
20306,test,2021-04-06 10:27:00,2021-04-29 21:49:00,58.09333,-60.685,-1.32166,0.935,157.2535,0.136797,0.3622753667045458,-0.932071112458211,319.3167,244.05,0.996751,-0.080549,0.5,-0.866025,0,0,0,1,0,0,0,0,0,0,0,0,0,0,0,0,1,0,-0.45667,0.12667,51.3697,171.25,244.05
20306,test,2021-04-19 17:46:00,2021-05-02 10:11:00,56.77167,-59.75,-0.45667,0.12667,51.3697,0.058469,0.15212338618991664,-0.9883615104677607,244.05,60.3667,0.954067,-0.299595,-0.965926,-0.258819,0,0,0,0,0,0,0,1,0,0,0,0,0,0,0,0,1,0,-0.48667,0.45166,60.9443,152.43,60.3667
20306,test,2021-04-29 21:49:00,2021-05-05 20:26:00,56.315,-59.62333,-0.48667,0.45166,60.9443,0.280436,0.4628319565244296,-0.8864460389779902,60.3667,82.25,0.888701,-0.458487,-0.707107,0.707107,0,0,0,1,0,0,0,0,0,0,0,0,0,0,1,0,0,0,-0.115,0.365,26.1671,119.1,82.25
20306,test,2021-05-02 10:11:00,2021-05-09 10:03:00,55.82833,-59.17167,-0.115,0.365,26.1671,0.088373,0.8737722230354653,-0.4863353804234904,82.25,85.6167,0.863867,-0.50372,0.5,-0.866025,0,0,0,1,0,0,0,0,0,0,0,0,0,0,1,0,0,0,0.07667,0.25167,17.9085,61.47,85.6167
20306,test,2021-05-05 20:26:00,2021-05-14 10:11:00,55.71333,-58.80667,0.07667,0.25167,17.9085,0.058103,0.8785671524643954,0.47761884239485747,85.6167,120.1333,0.836733,-0.547611,-0.866025,0.5,0,1,0,0,0,0,0,0,0,0,0,0,0,0,1,0,0,0,0.10167,0.28167,20.9064,57.15,120.1333
20307,val,2021-03-25 10:27:00,2021-04-13 10:19:00,59.51,-60.36167,-1.12167,0.19,125.199,0.264736,0.08837275882253881,-0.9960874738184862,131.3667,324.5,0.992099,0.125461,0.5,-0.866025,0,0,0,1,0,0,0,0,0,0,0,0,0,0,0,0,1,0,-1.025,-0.65166,120.3104,198.96,324.5
20307,val,2021-03-30 21:49:00,2021-04-19 17:54:00,58.38833,-60.17167,-1.025,-0.65166,120.3104,0.102988,-0.3249079786804766,-0.9457456346131168,324.5,151.5833,0.999209,0.03977,-0.707107,0.707107,0,0,0,1,0,0,0,0,0,0,0,0,0,0,1,0,0,0,-0.57833,0.39333,68.5606,159.55,151.5833
20307,val,2021-04-13 10:19:00,2021-04-29 21:49:00,57.36333,-60.82333,-0.57833,0.39333,68.5606,0.125638,0.3493898473284248,-0.936977446144687,151.5833,243.9167,0.979857,-0.199702,0.5,-0.866025,0,0,0,1,0,0,0,0,0,0,0,0,0,0,1,0,0,0,-0.80167,0.335,91.4957,166.83,243.9167
20307,val,2021-04-19 17:54:00,2021-05-06 21:41:00,56.785,-60.43,-0.80167,0.335,91.4957,0.104197,0.22784107411061247,-0.9736983336476048,243.9167,167.8667,0.954067,-0.299595,-0.965926,-0.258819,0,0,0,1,0,0,0,0,0,0,0,1,0,0,0,0,0,0,-0.69166,1.08,102.5131,138.16,167.8667
20307,val,2021-04-29 21:49:00,2021-05-07 10:19:00,55.98333,-60.095,-0.69166,1.08,102.5131,0.169634,0.6670527482048245,-0.7450104906055962,167.8667,12.6333,0.888701,-0.458487,-0.707107,0.707107,0,0,0,1,0,0,0,0,0,0,0,0,0,0,1,0,0,0,0.0,0.00167,0.1057,90.0,12.6333
20307,val,2021-05-06 21:41:00,2021-05-09 10:03:00,55.29167,-59.015,0.0,0.00167,0.1057,0.002325,1.0,6.123233995736766e-17,12.6333,47.7333,0.827189,-0.561923,-0.707107,0.707107,0,0,0,1,0,0,0,0,0,0,0,0,0,0,1,0,0,0,-0.03834,0.21833,14.4722,107.04,47.7333
20307,val,2021-05-07 10:19:00,2021-05-11 10:16:00,55.29167,-59.01333,-0.03834,0.21833,14.4722,0.084219,0.9561004089784723,-0.2930392600850575,47.7333,48.2167,0.817401,-0.576069,0.5,-0.866025,0,0,0,1,0,0,0,0,0,0,0,0,0,0,0,0,1,0,-0.02666,0.16,10.5678,106.23,48.2167
20307,val,2021-05-09 10:03:00,2021-05-15 10:15:00,55.25333,-58.795,-0.02666,0.16,10.5678,0.060881,0.9601474746471127,-0.27949387637079287,48.2167,95.9833,0.797102,-0.603845,0.5,-0.866025,0,0,0,1,0,0,0,0,0,0,0,0,0,0,0,0,1,0,-0.05167,0.14,10.5802,122.83,95.9833
20307,val,2021-05-11 10:16:00,2021-05-21 10:03:00,55.22667,-58.635,-0.05167,0.14,10.5802,0.030619,0.8402828505299581,-0.5421482556508396,95.9833,143.8,0.775859,-0.630907,0.5,-0.866025,0,0,0,1,0,0,0,0,0,0,0,0,0,0,0,0,1,0,-0.41,1.33,96.3545,117.69,143.8
20307,val,2021-05-15 10:15:00,2021-05-28 09:56:00,55.175,-58.495,-0.41,1.33,96.3545,0.186127,0.8854747425106839,-0.46468750830599914,143.8,167.8833,0.730644,-0.682758,0.5,-0.866025,0,0,0,1,0,0,0,0,0,0,0,0,0,0,0,0,1,0,-0.59,0.40167,70.5525,158.25,167.8833
20307,val,2021-05-21 10:03:00,2021-05-28 15:55:00,54.765,-57.165,-0.59,0.40167,70.5525,0.116735,0.3705574375098363,-0.9288095528719242,167.8833,5.9833,0.656411,-0.754404,0.5,-0.866025,0,0,0,1,0,0,0,0,0,0,0,0,0,0,1,0,0,0,-0.025,0.05833,4.7062,126.18,5.9833
20307,val,2021-05-28 09:56:00,2021-06-03 09:56:00,54.175,-56.76333,-0.025,0.05833,4.7062,0.218488,0.8071664232464002,-0.5903239493562946,5.9833,138.0167,0.561034,-0.827793,0.707107,-0.707107,0,0,0,1,0,0,0,0,0,0,0,0,0,0,1,0,0,0,-0.37667,0.59833,57.3263,136.7,138.0167
20314,train,2021-03-25 10:27:00,2021-04-27 10:03:00,58.93833,-59.68833,-1.69166,1.1,198.8967,0.095123,0.3328195445229865,-0.9429905358928645,580.8167,210.7833,0.992099,0.125461,0.5,-0.866025,0,0,0,1,0,0,0,0,0,0,0,0,0,0,0,0,1,0,-0.64,0.51333,77.6827,156.15,210.7833
20314,train,2021-04-18 15:16:00,2021-05-09 10:03:00,57.24667,-58.58833,-0.64,0.51333,77.6827,0.102373,0.404343595528745,-0.9146071597986136,210.7833,288.0,0.959079,-0.283139,-0.707107,-0.707107,0,0,0,0,0,1,0,0,0,0,0,0,0,0,0,0,1,0,-0.93,0.995,120.3863,148.79,288.0
20315,train,2021-03-25 10:27:00,2021-04-27 10:03:00,58.91833,-59.64167,-1.76666,1.25,209.7635,0.10032,0.3595082654662636,-0.9331419008175759,580.8167,210.7833,0.992099,0.125461,0.5,-0.866025,0,0,0,1,0,0,0,0,0,0,0,0,0,0,0,0,1,0,-0.42334,1.395,96.8284,118.5,210.7833
20315,train,2021-04-18 15:16:00,2021-05-02 10:11:00,57.15167,-58.39167,-0.42334,1.395,96.8284,0.127604,0.8788171126619654,-0.47715876025960846,210.7833,120.1333,0.959079,-0.283139,-0.707107,-0.707107,0,0,0,0,0,1,0,0,0,0,0,0,0,0,0,0,1,0,0.125,-0.42666,29.468,298.32,120.1333
20315,train,2021-04-27 10:03:00,2021-05-09 10:03:00,56.72833,-56.99667,0.125,-0.42666,29.468,0.068137,-0.8803118118669201,0.47439552473392943,120.1333,167.8667,0.903946,-0.427646,0.5,-0.866025,0,0,0,1,0,0,0,0,0,0,0,0,0,0,0,0,1,0,-1.02166,0.07,113.6853,177.8,167.8667
20316,train,2021-03-25 10:27:00,2021-04-19 17:25:00,58.89667,-59.61667,-1.745,1.22167,206.9324,0.098966,0.35608571467917,-0.934453296747047,580.8167,26.15,0.992099,0.125461,0.5,-0.866025,0,0,0,1,0,0,0,0,0,0,0,0,0,0,0,0,1,0,-0.09667,-0.845,52.1514,258.46,26.15
20316,train,2021-04-18 15:16:00,2021-05-07 10:19:00,57.15167,-58.395,-0.09667,-0.845,52.1514,0.553977,-0.9797852807552981,-0.2000520022775616,26.15,424.9,0.959079,-0.283139,-0.707107,-0.707107,0,0,0,0,0,1,0,0,0,0,0,0,0,0,0,0,1,0,-0.435,-1.29,92.1733,238.89,424.9
20316,train,2021-04-19 17:25:00,2021-05-14 10:11:00,57.055,-59.24,-0.435,-1.29,92.1733,0.060258,-0.8561769194862422,-0.5166827677976581,424.9,167.8667,0.954067,-0.299595,-0.965926,-0.258819,0,0,1,0,0,0,0,0,0,0,0,0,0,0,0,0,1,0,-1.01167,1.04,129.6563,149.75,167.8667
20324,train,2021-03-27 15:26:00,2021-04-08 15:16:00,56.005,-59.47667,-0.61,1.22667,102.5103,0.175106,0.7556248754641236,-0.6550046164568825,162.6167,125.2167,0.995827,0.091261,-0.707107,-0.707107,0,0,0,0,0,1,0,0,0,0,0,0,0,0,0,0,1,0,0.06167,0.89833,57.0975,82.73,125.2167
20324,train,2021-04-03 10:03:00,2021-04-21 19:33:00,55.395,-58.25,0.06167,0.89833,57.0975,0.126664,0.9919608374937318,0.12654523649167665,125.2167,316.2833,0.999579,-0.029025,0.5,-0.866025,0,0,0,1,0,0,0,0,0,0,0,0,0,0,1,0,0,0,-0.655,1.355,112.8016,129.66,316.2833
20324,train,2021-04-08 15:16:00,2021-04-22 09:55:00,55.45667,-57.35167,-0.655,1.355,112.8016,0.099069,0.7698453115755293,-0.6382305196754353,316.2833,14.3667,0.99339,-0.114788,-0.707107,-0.707107,0,0,0,0,0,1,0,0,0,0,0,0,0,0,1,0,0,0,0.02166,0.105,7.1461,70.26,14.3667
20324,train,2021-04-21 19:33:00,2021-04-30 13:22:00,54.80167,-55.99667,0.02166,0.105,7.1461,0.13817,0.9412349785144077,0.33775244665432475,14.3667,195.45,0.943196,-0.332235,-0.965926,0.258819,0,0,0,0,0,1,0,0,0,0,0,0,0,0,1,0,0,0,0.12167,0.72,47.9991,73.33,195.45
20325,val,2021-03-27 15:26:00,2021-04-08 15:16:00,56.00833,-59.47167,-0.68333,1.61667,126.6954,0.216418,0.8071664232464002,-0.5903239493562946,162.6167,125.2167,0.995827,0.091261,-0.707107,-0.707107,0,0,0,0,0,1,0,0,0,0,0,0,0,0,0,0,1,0,0.47,0.63833,65.8981,37.26,125.2167
20325,val,2021-04-03 10:03:00,2021-04-15 10:03:00,55.325,-57.855,0.47,0.63833,65.8981,0.146187,0.6054329073810013,0.7958963466810159,125.2167,162.7833,0.999579,-0.029025,0.5,-0.866025,0,0,0,1,0,0,0,0,0,0,0,0,0,0,0,0,1,0,-0.84,1.98334,156.2809,125.88,162.7833
20325,val,2021-04-08 15:16:00,2021-04-17 09:47:00,55.795,-57.21667,-0.84,1.98334,156.2809,0.266682,0.8102462736564353,-0.5860895631436043,162.7833,47.7333,0.99339,-0.114788,-0.707107,-0.707107,0,0,0,0,0,1,0,0,0,0,0,0,0,0,1,0,0,0,-0.44333,0.47666,58.0222,147.97,47.7333
20325,val,2021-04-15 10:03:00,2021-04-17 15:45:00,54.955,-55.23333,-0.44333,0.47666,58.0222,0.337653,0.5303632285175258,-0.847770514842588,47.7333,5.9667,0.972408,-0.233289,0.5,-0.866025,0,0,0,1,0,0,0,0,0,0,0,0,0,0,1,0,0,0,-0.00334,0.04667,3.0356,97.01,5.9667
20326,train,2021-03-27 15:26:00,2021-04-15 10:03:00,56.01,-59.465,-0.27833,2.24,143.1261,0.138126,0.9797153897424851,-0.2003939996649864,287.8333,162.7833,0.995827,0.091261,-0.707107,-0.707107,0,0,0,0,0,1,0,0,0,0,0,0,0,0,0,0,1,0,-0.78,1.3,119.4953,136.0,162.7833
20326,train,2021-04-08 15:16:00,2021-04-16 09:56:00,55.73167,-57.225,-0.78,1.3,119.4953,0.20391,0.6946583704589971,-0.7193398003386513,162.7833,23.8833,0.99339,-0.114788,-0.707107,-0.707107,0,0,0,0,0,1,0,0,0,0,0,0,0,0,1,0,0,0,-0.26667,0.16,31.3742,160.86,23.8833
20326,train,2021-04-15 10:03:00,2021-04-21 13:30:00,54.95167,-55.925,-0.26667,0.16,31.3742,0.364901,0.3278775179757126,-0.9447202407094315,23.8833,123.5667,0.972408,-0.233289,0.5,-0.866025,0,0,0,1,0,0,0,0,0,0,0,0,0,0,1,0,0,0,-0.47,0.03333,52.306,177.63,123.5667
20326,train,2021-04-16 09:56:00,2021-04-21 19:40:00,54.685,-55.765,-0.47,0.03333,52.306,0.117584,0.041352508522367395,-0.9991446191812813,123.5667,6.1667,0.968251,-0.249981,0.707107,-0.707107,0,0,0,1,0,0,0,0,0,0,0,0,0,0,1,0,0,0,0.24167,0.03167,26.9508,4.36,6.1667
20326,train,2021-04-21 13:30:00,2021-04-30 13:22:00,54.215,-55.73167,0.24167,0.03167,26.9508,1.214,0.07602293535370327,0.9971060692324597,6.1667,209.7,0.943196,-0.332235,-0.258819,-0.965926,1,0,0,0,0,0,0,0,0,0,0,0,0,0,0,0,1,0,-0.175,1.17833,78.7699,103.82,209.7
20326,train,2021-04-21 19:40:00,2021-05-04 09:56:00,54.45667,-55.7,-0.175,1.17833,78.7699,0.104342,0.9710509568622256,-0.23887243285267556,209.7,92.5667,0.943196,-0.332235,-0.965926,0.258819,0,0,0,0,0,1,0,0,0,0,0,0,0,0,0,0,1,0,-0.18667,-0.05833,21.1008,190.39,92.5667
20327,train,2021-03-27 15:26:00,2021-04-18 15:16:00,55.54667,-59.47667,-0.04,1.45667,91.7873,0.088581,0.9992762554049955,-0.03803899819619552,287.8333,240.0,0.995827,0.091261,-0.707107,-0.707107,0,0,0,0,0,1,0,0,0,0,0,0,0,0,1,0,0,0,-0.3,0.80167,60.6677,123.03,240.0
20327,train,2021-04-08 15:16:00,2021-04-21 19:09:00,55.50667,-58.02,-0.3,0.80167,60.6677,0.070217,0.838385280663431,-0.5450780872195287,240.0,75.8833,0.99339,-0.114788,-0.707107,-0.707107,0,0,0,0,0,1,0,0,0,0,0,0,0,1,0,0,0,0,0.08,0.48333,31.9016,73.61,75.8833
20327,train,2021-04-18 15:16:00,2021-04-28 09:56:00,55.20667,-57.21833,0.08,0.48333,31.9016,0.116779,0.9593632378089878,0.28217402066925906,75.8833,158.7833,0.959079,-0.283139,-0.707107,-0.707107,0,0,0,0,0,1,0,0,0,0,0,0,0,0,1,0,0,0,-0.32167,2.11667,139.2409,104.01,158.7833
20328,train,2021-03-27 15:26:00,2021-04-30 13:22:00,55.50667,-59.50667,-0.52334,1.80167,128.1715,0.048203,0.8967955339340408,-0.4424452173048758,738.6167,75.3167,0.995827,0.091261,-0.707107,-0.707107,0,0,0,0,0,1,0,0,0,0,0,0,0,0,0,0,1,0,-0.02666,0.29667,19.166,98.78,75.3167
20328,train,2021-04-27 10:03:00,2021-05-04 09:56:00,54.98333,-57.705,-0.02666,0.29667,19.166,0.070687,0.9882817233701945,-0.15264087019025535,75.3167,92.5667,0.903946,-0.427646,0.5,-0.866025,0,0,0,1,0,0,0,0,0,0,0,0,0,0,0,0,1,0,-0.48834,0.64833,68.4314,142.25,92.5667
20328,train,2021-04-30 13:22:00,2021-05-10 09:56:00,54.95667,-57.40833,-0.48834,0.64833,68.4314,0.205352,0.6122172800344493,-0.7906895737438434,92.5667,144.0,0.880683,-0.473706,-0.258819,-0.965926,0,0,0,1,0,0,0,0,0,0,0,0,0,0,0,0,1,0,-0.48,0.23333,55.4865,164.04,144.0
20329,train,2021-03-28 14:52:00,2021-04-21 13:30:00,53.99,-56.97167,-0.09667,0.13834,14.0544,0.023941,0.6449243002526144,-0.764246456938909,163.0667,411.5667,0.99725,0.074117,-0.5,-0.866025,0,0,0,1,0,0,0,0,0,0,0,0,0,0,1,0,0,0,0.145,0.00166,16.1236,0.39,411.5667
20329,train,2021-04-04 09:56:00,2021-04-27 10:04:00,53.89333,-56.83333,0.145,0.00166,16.1236,0.010882,0.006806731520561792,0.9999768339346702,411.5667,140.5667,0.998932,-0.046215,0.707107,-0.707107,0,0,0,1,0,0,0,0,0,0,0,0,0,0,1,0,0,0,0.15334,-0.32833,27.362,308.68,140.5667
20329,train,2021-04-21 13:30:00,2021-05-01 10:00:00,54.03833,-56.83167,0.15334,-0.32833,27.362,0.054071,-0.7806486106468978,0.6249701966454626,140.5667,95.9333,0.943196,-0.332235,-0.258819,-0.965926,0,0,0,1,0,0,0,0,0,0,0,0,0,0,0,0,1,0,0.00166,-0.18167,11.8202,270.97,95.9333
20329,train,2021-04-27 10:04:00,2021-05-04 09:56:00,54.19167,-57.16,0.00166,-0.18167,11.8202,0.034226,-0.9998566961576574,0.01692888503989823,95.9333,71.9333,0.903946,-0.427646,0.5,-0.866025,0,0,0,1,0,0,0,0,0,0,0,0,0,0,0,0,1,0,0.05834,0.28834,19.8354,70.79,71.9333
20329,train,2021-05-01 10:00:00,2021-05-10 09:56:00,54.19333,-57.34167,0.05834,0.28834,19.8354,0.076597,0.9443189577962421,0.3290314664992076,71.9333,144.0,0.872404,-0.488785,0.5,-0.866025,0,0,0,1,0,0,0,0,0,0,0,0,0,0,1,0,0,0,-0.36167,-0.015,40.2278,181.4,144.0
20330,train,2021-03-28 14:52:00,2021-04-28 09:56:00,54.00167,-56.97667,0.03333,0.26334,17.5986,0.008507,0.9771940595890025,0.2123482279275365,574.6333,164.4333,0.99725,0.074117,-0.5,-0.866025,0,0,0,1,0,0,0,0,0,0,0,0,0,0,1,0,0,0,-0.06333,-0.27,18.9987,248.35,164.4333
20330,train,2021-04-21 13:30:00,2021-05-04 09:56:00,54.035,-56.71333,-0.06333,-0.27,18.9987,0.032095,-0.9294548826213166,-0.3689357954595821,164.4333,144.0,0.943196,-0.332235,-0.258819,-0.965926,0,0,0,1,0,0,0,0,0,0,0,0,0,0,0,0,1,0,0.03333,-0.10167,7.6103,299.18,144.0
20331,train,2021-03-28 14:52:00,2021-04-22 09:55:00,53.775,-56.04833,-0.05667,0.13,10.6198,0.005159,0.805514782714852,-0.5925756785659066,571.7833,23.2667,0.99725,0.074117,-0.5,-0.866025,0,0,0,1,0,0,0,0,0,0,0,0,0,0,0,0,1,0,-0.1,-0.125,13.8367,216.57,23.2667
20331,train,2021-04-21 10:39:00,2021-05-04 09:56:00,53.71833,-55.91833,-0.1,-0.125,13.8367,0.165195,-0.5958044390085682,-0.8031295477428815,23.2667,288.0167,0.943196,-0.332235,0.5,-0.866025,0,0,0,1,0,0,0,0,0,0,0,0,0,0,0,0,1,0,0.285,-0.24334,35.4986,333.32,288.0167
20334,train,2021-03-28 14:52:00,2021-04-10 09:55:00,54.025,-55.58167,0.025,0.20834,13.8857,0.030948,0.9794698311727877,0.20159079796049895,124.6333,182.4167,0.99725,0.074117,-0.5,-0.866025,0,0,0,1,0,0,0,0,0,0,0,0,0,1,0,0,0,0,0.25833,-0.69334,53.4879,302.76,182.4167
20334,train,2021-04-10 09:55:00,2021-04-21 19:44:00,54.595,-55.24167,-0.43167,-0.74666,68.1328,0.071351,-0.7134950691839065,-0.7006602502284915,265.25,8.5667,0.988854,-0.14889,0.707107,-0.707107,0,0,0,1,0,0,0,0,0,0,0,0,0,0,1,0,0,0,0.01334,0.16833,11.0568,82.22,8.5667
20334,train,2021-04-21 11:10:00,2021-04-22 09:55:00,54.16333,-55.98833,0.01334,0.16833,11.0568,0.358522,0.9907951537823761,0.1353697279355972,8.5667,14.1833,0.943196,-0.332235,0.258819,-0.965926,0,1,0,0,0,0,0,0,0,0,0,0,0,0,0,0,1,0,-0.095,0.15667,14.6898,135.92,14.1833
20334,train,2021-04-21 19:44:00,2021-05-04 09:56:00,54.17667,-55.82,-0.095,0.15667,14.6898,0.287697,0.695662080833151,-0.7183691733996459,14.1833,288.0167,0.943196,-0.332235,-0.965926,0.258819,0,0,0,0,0,1,0,0,0,0,0,0,0,0,0,0,1,0,-0.07167,0.73,48.3208,99.2,288.0167
20335,train,2021-03-28 14:52:00,2021-04-05 09:47:00,54.60667,-55.31167,-0.19,0.64167,46.4981,0.079208,0.8929003728131467,-0.45025428840838766,163.0667,23.85,0.99725,0.074117,-0.5,-0.866025,0,0,0,1,0,0,0,0,0,0,0,0,0,1,0,0,0,0,0.11,0.52167,35.8587,69.84,23.85
20335,train,2021-04-04 09:56:00,2021-04-11 09:48:00,54.41667,-54.67,0.11,0.52167,35.8587,0.417641,0.9387338576538741,0.344642923174517,23.85,144.0167,0.998932,-0.046215,0.707107,-0.707107,0,0,0,1,0,0,0,0,0,0,0,0,0,0,1,0,0,0,0.01166,-0.33667,21.7605,273.55,144.0167
20335,train,2021-04-05 09:47:00,2021-04-21 18:41:00,54.52667,-54.14833,0.01166,-0.33667,21.7605,0.041971,-0.9980811434661735,0.06191955310930215,144.0167,248.8833,0.997989,-0.063391,0.707107,-0.707107,0,0,0,1,0,0,0,0,0,0,0,0,0,0,0,0,1,0,0.21834,-0.60167,45.6935,302.34,248.8833
20335,train,2021-04-11 09:48:00,2021-04-28 09:56:00,54.53833,-54.485,0.21834,-0.60167,45.6935,0.050998,-0.8448885789524804,0.5349423232047156,248.8833,159.25,0.986146,-0.165878,0.707107,-0.707107,0,0,0,1,0,0,0,0,0,0,0,0,0,0,0,0,1,0,0.005,0.56,35.9344,88.88,159.25
20335,train,2021-04-21 18:41:00,2021-04-29 09:47:00,54.75667,-55.08667,0.005,0.56,35.9344,0.06268,0.9998089500379678,0.019546442744821205,159.25,23.85,0.943196,-0.332235,-1.0,-0.0,0,0,0,0,0,1,0,0,0,0,0,0,0,0,0,0,1,0,0.09833,0.12,13.367,35.07,23.85
20335,train,2021-04-28 09:56:00,2021-04-30 13:22:00,54.76167,-54.52667,0.09833,0.12,13.367,0.155683,0.5745767910520772,0.8184506773070065,23.85,27.5833,0.896456,-0.443132,0.707107,-0.707107,0,0,0,1,0,0,0,0,0,0,0,0,0,0,1,0,0,0,-0.05667,0.43167,28.3558,102.66,27.5833
20335,train,2021-04-29 09:47:00,2021-05-16 17:06:00,54.86,-54.40667,-0.05667,0.43167,28.3558,0.285557,0.975687787806105,-0.2191650992426237,27.5833,387.7333,0.888701,-0.458487,0.707107,-0.707107,0,0,0,1,0,0,0,0,0,0,0,0,0,0,1,0,0,0,-0.645,-1.45833,118.3997,233.31,387.7333
20335,train,2021-04-30 13:22:00,2021-05-28 18:17:00,54.80333,-53.975,-0.645,-1.45833,118.3997,0.084823,-0.8018799372965573,-0.5974852016253368,387.7333,289.1833,0.880683,-0.473706,-0.258819,-0.965926,0,0,0,1,0,0,0,0,0,0,0,0,0,0,0,0,1,0,-0.38333,0.8,67.4911,128.84,289.1833
20336,train,2021-03-28 14:52:00,2021-04-03 13:55:00,52.53333,-55.13833,-0.55833,0.11,62.5333,0.17484,0.12048336919425501,-0.9927153457802498,99.35,43.7,0.99725,0.074117,-0.5,-0.866025,0,0,0,1,0,0,0,0,0,0,0,0,0,0,0,0,1,0,-0.18167,0.31333,29.5052,133.08,43.7
20336,train,2021-04-01 18:13:00,2021-04-05 09:47:00,51.975,-55.02833,-0.18167,0.31333,29.5052,0.187549,0.7304007396727444,-0.6830188573425391,43.7,43.8667,0.999986,0.005376,-1.0,-0.0,0,0,0,1,0,0,0,0,0,0,0,0,0,0,0,0,1,0,-0.13166,0.02333,14.7278,173.73,43.8667
20338,test,2021-04-01 17:25:00,2021-04-05 09:21:00,52.78667,-53.41333,0.26166,0.11166,30.043,0.325352,0.2485208337255388,0.96862655094952,25.65,62.2833,0.999986,0.005376,-0.965926,-0.258819,0,0,0,1,0,0,0,0,0,0,0,0,0,0,0,0,1,0,0.40834,0.35667,51.2313,27.45,62.2833
20338,test,2021-04-02 19:04:00,2021-04-05 09:47:00,53.04833,-53.30167,0.40834,0.35667,51.2313,0.228487,0.46097437453546236,0.8874134470592833,62.2833,0.4333,0.99993,-0.011826,-0.965926,0.258819,0,0,0,0,0,1,0,0,0,0,0,0,0,0,0,0,1,0,-0.38167,-0.07333,42.7191,186.58,0.4333
20338,test,2021-04-05 09:21:00,2021-04-06 09:40:00,53.45667,-52.945,-0.38167,-0.07333,42.7191,27.384007,-0.11459039098834974,-0.9934128257140317,0.4333,23.8833,0.997989,-0.063391,0.707107,-0.707107,0,0,0,1,0,0,0,0,0,0,0,0,0,0,0,0,1,0,0.12667,-0.05167,14.5006,346.27,23.8833
20338,test,2021-04-05 09:47:00,2021-04-17 15:46:00,53.075,-53.01833,0.12667,-0.05167,14.5006,0.168651,-0.23734681550677908,0.9714249786621667,23.8833,270.1,0.997989,-0.063391,0.707107,-0.707107,0,0,0,1,0,0,0,0,0,0,0,0,0,0,1,0,0,0,-0.43,-0.54167,60.007,217.39,270.1
20338,test,2021-04-06 09:40:00,2021-04-17 16:44:00,53.20167,-53.07,-0.43,-0.54167,60.007,0.061713,-0.607237178965584,-0.794520615517256,270.1,0.9667,0.996751,-0.080549,0.707107,-0.707107,0,0,0,1,0,0,0,0,0,0,0,0,0,0,1,0,0,0,-0.07667,-0.03833,8.9074,196.86,0.9667
20338,test,2021-04-17 15:46:00,2021-04-21 20:15:00,52.77167,-53.61167,-0.07667,-0.03833,8.9074,2.559594,-0.2900341409153704,-0.9570162992883052,0.9667,99.5167,0.963807,-0.266599,-0.707107,-0.707107,0,0,0,1,0,0,0,0,0,0,0,0,0,0,0,0,1,0,-0.04167,-0.64833,43.9569,264.21,99.5167
20339,train,2021-04-01 17:25:00,2021-04-14 21:23:00,52.765,-53.45667,-0.06,-0.28166,20.1032,0.210858,-0.9439738791324722,-0.3300201744069485,26.4833,289.4833,0.999986,0.005376,-0.965926,-0.258819,0,0,0,1,0,0,0,0,0,0,0,0,0,0,0,0,1,0,-0.81167,-0.25167,91.8616,190.84,289.4833
20339,train,2021-04-02 19:54:00,2021-04-15 18:49:00,52.705,-53.73833,-0.81167,-0.25167,91.8616,0.088147,-0.18806703473535402,-0.9821561945260291,289.4833,21.4333,0.99993,-0.011826,-0.965926,0.258819,0,1,0,0,0,0,0,0,0,0,0,0,0,0,0,0,1,0,-0.235,-0.275,32.2613,216.01,21.4333
20339,train,2021-04-14 21:23:00,2021-04-17 17:55:00,51.89333,-53.99,-0.235,-0.275,32.2613,0.418109,-0.5879264434418391,-0.8089143941739633,21.4333,47.1,0.976277,-0.216527,-0.707107,0.707107,0,0,0,1,0,0,0,0,0,0,0,0,0,0,0,0,1,0,-0.43166,-0.32,52.8745,204.93,47.1
20341,test,2021-04-01 18:13:00,2021-04-05 09:47:00,51.51167,-54.04667,0.04,0.06667,6.4071,17.797486,0.7194610301392744,0.6945328113998173,0.1,87.4667,0.999986,0.005376,-1.0,-0.0,0,0,0,1,0,0,0,0,0,0,0,0,0,0,0,0,1,0,-0.1,0.23333,19.6083,124.46,87.4667
20344,train,2021-04-01 18:59:00,2021-04-05 09:48:00,50.34333,-53.17833,-0.10166,-0.04,11.6558,3.349354,-0.24412280216829035,-0.9697443258207298,0.9667,85.85,0.999986,0.005376,-1.0,-0.0,0,0,0,1,0,0,0,0,0,0,0,0,0,0,0,0,1,0,0.15666,0.35333,30.5407,55.09,85.85
20348,train,2021-04-01 20:49:00,2021-04-03 14:06:00,50.25,-53.95667,0.00167,0.19834,14.1034,0.159469,0.999895076364634,0.014485726138606513,24.5667,16.7167,0.999986,0.005376,-0.866025,0.5,0,0,0,0,0,1,0,0,0,0,0,0,0,0,1,0,0,0,0.08833,0.19333,16.8838,54.35,16.7167
20356,train,2021-04-02 20:00:00,2021-04-14 21:23:00,52.54167,-53.86667,-0.11667,-0.43166,31.9801,0.073104,-0.9152411726209175,-0.4029064357136628,121.5167,167.8667,0.99993,-0.011826,-0.866025,0.5,0,0,0,0,0,1,0,0,0,0,0,0,0,0,0,0,1,0,-0.87833,-0.82834,112.9421,210.48,167.8667
20356,train,2021-04-07 21:31:00,2021-04-16 16:52:00,52.425,-54.29833,-0.87833,-0.82834,112.9421,0.186891,-0.5072375667301887,-0.8618062722547553,167.8667,43.4833,0.995218,-0.097683,-0.707107,0.707107,0,0,0,1,0,0,0,0,0,0,0,0,0,0,1,0,0,0,-0.07,-0.135,12.16,230.25,43.4833
20359,val,2021-04-03 13:43:00,2021-04-17 18:15:00,52.23667,-54.53167,-0.48275,-0.92043,82.78,0.085662,-0.7653708976003735,-0.6435894569571495,268.4333,72.1,0.999579,-0.029025,-0.258819,-0.965926,0,0,0,1,0,0,0,0,0,0,0,0,0,0,0,0,1,0,-0.22392,-0.32457,33.4897,222.1,72.1
20359,val,2021-04-14 18:09:00,2021-04-21 15:12:00,51.75392,-55.4521,-0.22392,-0.32457,33.4897,0.129025,-0.6704266189587991,-0.7419758409756164,72.1,92.95,0.976277,-0.216527,-1.0,-0.0,0,0,0,0,0,1,0,0,0,0,1,0,0,0,0,0,0,0,0.025,0.035,3.686,41.03,92.95
20362,train,2021-04-03 21:34:00,2021-04-10 10:26:00,59.57,-61.99833,0.0,0.00333,0.1875,0.000856,1.0,6.123233995736766e-17,60.8833,95.9833,0.999579,-0.029025,-0.707107,0.707107,0,0,0,1,0,0,0,0,0,0,0,0,0,1,0,0,0,0,0.0,0.0,0.0,0.0,95.9833
20362,train,2021-04-06 10:27:00,2021-04-22 10:26:00,59.57,-61.995,0.0,0.0,0.0,0.0,0.0,1.0,95.9833,288.0,0.996751,-0.080549,0.5,-0.866025,0,0,0,1,0,0,0,0,0,0,0,0,0,0,1,0,0,0,-0.235,0.62667,44.0126,126.15,288.0
20362,train,2021-04-10 10:26:00,2021-04-23 10:34:00,59.57,-61.995,-0.235,0.62667,44.0126,0.04245,0.8074754054847398,-0.5899012371043606,288.0,24.1333,0.988854,-0.14889,0.5,-0.866025,0,0,0,1,0,0,0,0,0,0,0,0,0,1,0,0,0,0,0.0,0.23,13.0436,89.9,24.1333
20362,train,2021-04-22 10:26:00,2021-04-30 10:27:00,59.335,-61.36833,0.0,0.23,13.0436,0.150134,0.9999984769132877,0.0017453283658982615,24.1333,167.8833,0.937342,-0.348411,0.5,-0.866025,0,0,0,1,0,0,0,0,0,0,0,0,0,1,0,0,0,0,0.25333,-0.975,61.8708,297.5,167.8833
20362,train,2021-04-23 10:34:00,2021-05-01 10:34:00,59.335,-61.13833,0.25333,-0.975,61.8708,0.102371,-0.8870108331782216,0.4617486132350341,167.8833,24.1167,0.93121,-0.364483,0.5,-0.866025,0,0,0,1,0,0,0,0,0,0,0,0,0,0,0,0,1,0,0.0,0.0,0.0,0.0,24.1167
20362,train,2021-04-30 10:27:00,2021-05-13 16:32:00,59.58833,-62.11333,0.0,0.0,0.0,0.0,0.0,1.0,24.1167,293.9667,0.880683,-0.473706,0.5,-0.866025,0,0,0,1,0,0,0,0,0,0,0,0,0,0,1,0,0,0,0.13,-1.015,58.8249,284.66,293.9667
20362,train,2021-05-01 10:34:00,2021-05-19 20:17:00,59.58833,-62.11333,0.13,-1.015,58.8249,0.055585,-0.9674446735096538,0.2530826025190183,293.9667,147.75,0.872404,-0.488785,0.5,-0.866025,0,0,0,1,0,0,0,0,0,0,0,0,0,0,1,0,0,0,0.17,0.38833,28.7926,48.8,147.75
20362,train,2021-05-13 16:32:00,2021-05-24 10:27:00,59.71833,-63.12833,0.17,0.38833,28.7926,0.054132,0.7524149088957244,0.6586894601186806,147.75,110.1667,0.753698,-0.657221,-0.866025,-0.5,0,0,0,0,0,1,0,0,0,0,0,0,0,0,1,0,0,0,-0.39,-0.31667,46.8651,202.42,110.1667
20367,train,2021-04-05 09:21:00,2021-04-12 09:39:00,55.025,-53.55333,-0.91667,0.71,111.7326,0.214862,0.41421673122548464,-0.9101782790052038,144.45,23.85,0.997989,-0.063391,0.707107,-0.707107,0,0,0,1,0,0,0,0,0,0,0,0,0,0,1,0,0,0,-0.10833,0.15,15.523,140.83,23.85
20368,train,2021-04-05 09:21:00,2021-04-21 13:30:00,54.96833,-53.71333,-1.70666,-0.07834,189.8406,0.178455,-0.027398240287735486,-0.9996245977511435,295.5,92.65,0.997989,-0.063391,0.707107,-0.707107,0,0,0,1,0,0,0,0,0,0,0,0,0,0,1,0,0,0,-0.35334,-0.39,47.1392,213.7,92.65
20368,train,2021-04-17 16:51:00,2021-04-21 20:15:00,53.26167,-53.79167,-0.35334,-0.39,47.1392,0.14133,-0.554844427447999,-0.8319541221304827,92.65,6.75,0.963807,-0.266599,-0.866025,-0.5,0,1,0,0,0,0,0,0,0,0,0,0,0,0,0,0,1,0,-0.08833,-0.07333,10.9864,206.65,6.75
20368,train,2021-04-21 13:30:00,2021-05-08 21:23:00,52.90833,-54.18167,-0.08833,-0.07333,10.9864,0.452114,-0.4485392140183951,-0.8937631529033631,6.75,409.1333,0.943196,-0.332235,-0.258819,-0.965926,0,0,0,1,0,0,0,0,0,0,0,1,0,0,0,0,0,0,-0.85,0.32,96.9774,166.94,409.1333
20369,test,2021-04-05 09:21:00,2021-04-17 09:47:00,54.92833,-53.69167,-0.82166,0.02167,91.3751,0.193043,0.015532805679964557,-0.9998793586966922,131.4833,156.95,0.997989,-0.063391,0.707107,-0.707107,0,0,0,1,0,0,0,0,0,0,0,0,0,0,1,0,0,0,-0.47167,-0.85,76.5251,227.08,156.95
20372,test,2021-04-05 09:47:00,2021-04-16 16:52:00,51.63833,-55.41667,0.06334,-0.06833,8.4741,0.010342,-0.5557153433806965,0.8313726343411085,227.6,43.4833,0.997989,-0.063391,0.707107,-0.707107,0,0,0,1,0,0,0,0,0,0,0,0,0,0,1,0,0,0,-0.08667,-0.255,20.0569,241.38,43.4833
20372,test,2021-04-14 21:23:00,2021-04-17 18:12:00,51.70167,-55.485,-0.08667,-0.255,20.0569,0.128126,-0.8778158269611216,-0.4789983026447612,43.4833,25.3333,0.976277,-0.216527,-0.707107,0.707107,0,0,0,1,0,0,0,0,0,0,0,0,0,0,1,0,0,0,-0.07333,-0.34333,25.0867,251.17,25.3333
20372,test,2021-04-16 16:52:00,2021-04-21 15:02:00,51.615,-55.74,-0.07333,-0.34333,25.0867,0.275073,-0.9464803924353345,-0.3227613154258966,25.3333,92.8333,0.968251,-0.249981,-0.866025,-0.5,0,1,0,0,0,0,0,0,0,0,0,0,0,0,0,0,1,0,-0.07667,-0.23167,18.1606,242.09,92.8333
20372,test,2021-04-17 18:12:00,2021-04-28 09:57:00,51.54167,-56.08333,-0.07667,-0.23167,18.1606,0.05434,-0.8836839474693169,-0.46808405333342185,92.8333,162.9167,0.963807,-0.266599,-1.0,-0.0,0,0,0,0,0,1,0,0,0,0,0,0,0,0,0,0,1,0,0.03167,0.045,4.7024,41.49,162.9167
20372,test,2021-04-21 15:02:00,2021-05-04 15:05:00,51.465,-56.315,0.03167,0.045,4.7024,0.008018,0.6624893206913265,0.749071358396478,162.9167,149.1333,0.943196,-0.332235,-0.707107,-0.707107,0,0,0,0,0,1,0,0,0,0,0,0,0,0,0,0,1,0,-0.075,-0.18667,15.3886,237.26,149.1333
20372,test,2021-04-28 09:57:00,2021-05-10 09:57:00,51.49667,-56.27,-0.075,-0.18667,15.3886,0.028663,-0.8411334180111024,-0.5408276741300874,149.1333,138.8667,0.896456,-0.443132,0.707107,-0.707107,0,0,0,1,0,0,0,0,0,0,0,0,0,0,1,0,0,0,-0.29167,-0.535,49.3636,229.14,138.8667
20372,test,2021-05-04 15:05:00,2021-05-17 14:44:00,51.42167,-56.45667,-0.29167,-0.535,49.3636,0.098743,-0.7563103802514718,-0.6542129689358612,138.8667,172.7833,0.846029,-0.533137,-0.707107,-0.707107,0,0,0,0,0,1,0,0,0,0,0,0,0,0,0,0,1,0,0.015,-0.02333,2.3305,315.71,172.7833
20375,test,2021-04-05 09:47:00,2021-04-17 09:47:00,54.595,-53.54667,-0.32167,0.15167,37.0887,0.085758,0.2655561174868091,-0.96409540423411,120.1333,167.8667,0.997989,-0.063391,0.707107,-0.707107,0,0,0,1,0,0,0,0,0,0,0,0,0,0,0,0,1,0,-0.51166,-0.24333,59.0731,195.71,167.8667
20375,test,2021-04-10 09:55:00,2021-04-17 16:04:00,54.27333,-53.395,-0.51166,-0.24333,59.0731,0.097751,-0.2707684632600994,-0.9626445030766884,167.8667,6.2833,0.988854,-0.14889,0.707107,-0.707107,0,0,0,1,0,0,0,0,0,0,0,0,0,0,1,0,0,0,-0.03167,0.16666,11.511,107.75,6.2833
20377,train,2021-04-05 09:47:00,2021-04-17 09:47:00,54.605,-53.95,-0.20167,-0.03833,22.5608,0.043515,-0.10990778833190513,-0.9939417880660764,144.0167,143.9833,0.997989,-0.063391,0.707107,-0.707107,0,0,0,1,0,0,0,0,0,0,0,0,0,0,0,0,1,0,-0.38833,-0.55667,56.3467,220.2,143.9833
20379,train,2021-04-06 10:27:00,2021-04-30 10:27:00,60.17667,-61.87333,-0.39667,-0.75,60.7158,0.041325,-0.6913869689552063,-0.7224846428533499,408.1167,167.8833,0.996751,-0.080549,0.5,-0.866025,0,0,0,1,0,0,0,0,0,0,0,0,0,0,0,0,1,0,0.71833,-1.11,100.7764,322.91,167.8833
20379,train,2021-04-23 10:34:00,2021-05-05 10:34:00,59.78,-62.62333,0.71833,-1.11,100.7764,0.166743,-0.6030687739024162,0.797689196331401,167.8833,120.1167,0.93121,-0.364483,0.5,-0.866025,0,0,0,1,0,0,0,0,0,0,0,0,0,0,1,0,0,0,0.01167,-0.31,17.0214,274.51,120.1167
20380,test,2021-04-06 10:27:00,2021-04-30 10:27:00,60.19167,-61.89,-0.21334,0.13,24.7935,0.016875,0.29170400686199927,-0.9565086368562777,408.1167,167.8833,0.996751,-0.080549,0.5,-0.866025,0,0,0,1,0,0,0,0,0,0,0,0,0,0,0,0,1,0,0.52,-0.14,58.3354,352.45,167.8833
20380,test,2021-04-23 10:34:00,2021-05-01 10:34:00,59.97833,-61.76,0.52,-0.14,58.3354,0.096521,-0.1313913412686981,0.9913305782833558,167.8833,24.1167,0.93121,-0.364483,0.5,-0.866025,0,0,0,1,0,0,0,0,0,0,0,0,0,0,1,0,0,0,0.14334,-0.31333,23.3904,313.09,24.1167
20381,train,2021-04-06 10:27:00,2021-05-03 10:15:00,59.76833,-61.49667,-0.505,-0.96,78.0096,0.03762,-0.6994138998789996,-0.7147168646786284,576.0,71.8,0.996751,-0.080549,0.5,-0.866025,0,0,0,1,0,0,0,0,0,0,0,0,0,0,0,0,1,0,-0.20666,-0.585,40.4976,235.68,71.8
20381,train,2021-04-30 10:27:00,2021-05-13 16:43:00,59.26333,-62.45667,-0.20666,-0.585,40.4976,0.156676,-0.8259015364714785,-0.563814377303427,71.8,246.4667,0.880683,-0.473706,0.5,-0.866025,0,0,0,1,0,0,0,0,0,0,0,0,0,0,1,0,0,0,0.325,0.03334,36.1881,2.99,246.4667
20381,train,2021-05-03 10:15:00,2021-05-19 20:23:00,59.05667,-63.04167,0.325,0.03334,36.1881,0.040785,0.052161661712815256,0.9986386538920661,246.4667,147.6667,0.855075,-0.518505,0.5,-0.866025,0,0,0,1,0,0,0,0,0,0,0,0,0,0,1,0,0,0,0.075,-0.16334,12.4472,312.14,147.6667
20381,train,2021-05-13 16:43:00,2021-05-24 10:27:00,59.38167,-63.00833,0.075,-0.16334,12.4472,0.023415,-0.7415076141228774,0.6709444523936374,147.6667,110.0667,0.753698,-0.657221,-0.866025,-0.5,0,0,1,0,0,0,0,0,0,0,0,0,0,0,0,0,1,0,0.035,0.12334,7.9795,60.76,110.0667
20382,train,2021-04-06 10:27:00,2021-05-13 16:32:00,59.90167,-61.64667,-0.16167,0.10667,18.9399,0.009134,0.31564903694710256,-0.9488760116444965,576.0,318.0833,0.996751,-0.080549,0.5,-0.866025,0,0,0,1,0,0,0,0,0,0,0,0,0,0,0,0,1,0,0.01,-1.51667,84.9776,271.4,318.0833
20382,train,2021-04-30 10:27:00,2021-05-19 20:15:00,59.74,-61.54,0.01,-1.51667,84.9776,0.07421,-0.9997014897811831,0.024432178152652338,318.0833,147.7167,0.880683,-0.473706,0.5,-0.866025,0,0,0,1,0,0,0,0,0,0,0,0,0,0,1,0,0,0,0.23333,0.035,26.0186,4.29,147.7167
20382,train,2021-05-13 16:32:00,2021-05-24 10:27:00,59.75,-63.05667,0.23333,0.035,26.0186,0.048927,0.07480468404690047,0.997198204593572,147.7167,110.2,0.753698,-0.657221,-0.866025,-0.5,0,0,0,1,0,0,0,0,0,0,0,1,0,0,0,0,0,0,-0.37833,0.69667,57.3467,136.89,110.2
20382,train,2021-05-19 20:15:00,2021-05-29 15:36:00,59.98333,-63.02167,-0.37833,0.69667,57.3467,0.144552,0.6834012006313066,-0.7300430117299176,110.2,125.15,0.681972,-0.731378,-0.866025,0.5,0,0,0,0,0,0,0,0,0,1,0,0,0,0,0,0,1,0,-0.71333,-0.01333,79.3223,180.55,125.15
20383,train,2021-04-06 10:27:00,2021-05-13 16:35:00,59.73833,-61.66333,-0.21333,-0.52667,37.9375,0.018295,-0.7829339974608235,-0.6221047786506829,576.0,318.1333,0.996751,-0.080549,0.5,-0.866025,0,0,0,1,0,0,0,0,0,0,0,0,0,0,0,0,1,0,0.21667,-1.12833,67.847,291.29,318.1333
20383,train,2021-04-30 10:27:00,2021-05-19 20:15:00,59.525,-62.19,0.21667,-1.12833,67.847,0.059241,-0.9317546126945947,0.36308861414583876,318.1333,147.6667,0.880683,-0.473706,0.5,-0.866025,0,0,0,1,0,0,0,0,0,0,0,0,0,0,1,0,0,0,0.235,0.265,30.0289,29.41,147.6667
20383,train,2021-05-13 16:35:00,2021-05-24 10:27:00,59.74167,-63.31833,0.235,0.265,30.0289,0.056488,0.4910558016324061,0.8711281189831694,147.6667,110.2,0.753698,-0.657221,-0.866025,-0.5,0,0,0,0,0,1,0,0,0,0,0,0,0,0,1,0,0,0,-0.15667,-0.665,40.9735,245.13,110.2
20384,train,2021-04-06 10:27:00,2021-04-30 10:27:00,59.69,-61.645,-0.91,-0.035,101.207,0.068885,-0.019895440708277163,-0.9998020661306034,408.1167,167.8833,0.996751,-0.080549,0.5,-0.866025,0,0,0,1,0,0,0,0,0,0,0,0,0,0,0,0,1,0,0.21667,-0.44167,34.9914,313.7,167.8833
20384,train,2021-04-23 10:34:00,2021-05-03 10:15:00,58.78,-61.68,0.21667,-0.44167,34.9914,0.057896,-0.7229671459095686,0.6908824110768579,167.8833,71.8,0.93121,-0.364483,0.5,-0.866025,0,0,0,1,0,0,0,0,0,0,0,0,0,0,1,0,0,0,0.03833,-0.57166,33.0,277.67,71.8
20384,train,2021-04-30 10:27:00,2021-05-13 16:38:00,58.99667,-62.12167,0.03833,-0.57166,33.0,0.127669,-0.9910532188724305,0.1334672894854558,71.8,246.3833,0.880683,-0.473706,0.5,-0.866025,0,0,0,1,0,0,0,0,0,0,0,0,0,0,1,0,0,0,0.54833,-0.545,68.368,333.34,246.3833
20384,train,2021-05-03 10:15:00,2021-05-19 20:22:00,59.035,-62.69333,0.54833,-0.545,68.368,0.07708,-0.44869519828347226,0.8936848544298799,246.3833,147.7333,0.855075,-0.518505,0.5,-0.866025,0,0,0,1,0,0,0,0,0,0,0,0,0,0,1,0,0,0,0.11667,0.11166,14.4111,25.77,147.7333
20384,train,2021-05-13 16:38:00,2021-05-24 10:27:00,59.58333,-63.23833,0.11667,0.11166,14.4111,0.027097,0.43475963392697575,0.9005465344487658,147.7333,110.0833,0.753698,-0.657221,-0.866025,-0.5,0,0,0,1,0,0,0,0,0,0,0,1,0,0,0,0,0,0,-0.1,0.235,17.2619,130.0,110.0833
20385,train,2021-04-06 10:27:00,2021-04-22 10:26:00,58.91333,-62.895,0.0,0.00167,0.0959,0.000277,1.0,6.123233995736766e-17,95.9833,288.0,0.996751,-0.080549,0.5,-0.866025,0,0,0,1,0,0,0,0,0,0,0,0,0,0,1,0,0,0,-0.385,0.77833,62.063,133.28,288.0
20385,train,2021-04-10 10:26:00,2021-04-23 10:34:00,58.91333,-62.89333,-0.385,0.77833,62.063,0.05986,0.7280121090804811,-0.6855642705335435,288.0,24.1333,0.988854,-0.14889,0.5,-0.866025,0,0,0,1,0,0,0,0,0,0,0,0,0,0,1,0,0,0,-0.01166,0.48,27.8998,92.46,24.1333
20385,train,2021-04-22 10:26:00,2021-04-30 10:27:00,58.52833,-62.115,-0.01166,0.48,27.8998,0.321131,0.9990784301944899,-0.04292190955810046,24.1333,167.8833,0.937342,-0.348411,0.5,-0.866025,0,0,0,1,0,0,0,0,0,0,0,0,0,1,0,0,0,0,-0.06834,0.285,18.2262,114.52,167.8833
20385,train,2021-04-23 10:34:00,2021-05-03 10:15:00,58.51667,-61.635,-0.06834,0.285,18.2262,0.030157,0.9098164601920701,-0.4150108537900802,167.8833,71.8,0.93121,-0.364483,0.5,-0.866025,0,0,0,1,0,0,0,0,0,0,0,0,0,0,1,0,0,0,-0.2,-0.78167,50.7429,244.34,71.8
20387,train,2021-04-06 10:27:00,2021-04-21 10:15:00,59.43333,-61.38667,0.035,-0.16666,10.1916,0.029495,-0.9237458945102883,0.38300590383881444,95.9833,263.8167,0.996751,-0.080549,0.5,-0.866025,0,0,0,1,0,0,0,0,0,0,0,0,0,0,1,0,0,0,-0.67666,0.51833,80.8434,158.32,263.8167
20387,train,2021-04-10 10:26:00,2021-04-22 10:26:00,59.46833,-61.55333,-0.67666,0.51833,80.8434,0.085122,0.3694224063029396,-0.9292615808917023,263.8167,24.1833,0.988854,-0.14889,0.5,-0.866025,0,0,0,1,0,0,0,0,0,0,0,0,0,0,1,0,0,0,-0.16,0.16167,20.0921,152.24,24.1833
20387,train,2021-04-21 10:15:00,2021-04-23 10:34:00,58.79167,-61.035,-0.16,0.16167,20.0921,0.230784,0.46576897271374407,-0.8849063589200744,24.1833,24.1333,0.943196,-0.332235,0.5,-0.866025,0,0,0,1,0,0,0,0,0,0,0,0,0,1,0,0,0,0,-0.02,-0.51167,29.7078,265.93,24.1333
20387,train,2021-04-22 10:26:00,2021-04-30 10:27:00,58.63167,-60.87333,-0.02,-0.51167,29.7078,0.341941,-0.9974780821765206,-0.07097517578316011,24.1333,167.8833,0.937342,-0.348411,0.5,-0.866025,0,0,0,1,0,0,0,0,0,0,0,0,0,0,1,0,0,0,-0.445,0.30333,52.5449,160.21,167.8833
20387,train,2021-04-23 10:34:00,2021-05-03 10:15:00,58.61167,-61.385,-0.445,0.30333,52.5449,0.08694,0.338573700413982,-0.9409398755435882,167.8833,71.8,0.93121,-0.364483,0.5,-0.866025,0,0,0,1,0,0,0,0,0,0,0,0,0,0,1,0,0,0,-0.295,-0.27166,36.496,206.12,71.8
20387,train,2021-04-30 10:27:00,2021-05-24 10:27:00,58.16667,-61.08167,-0.295,-0.27166,36.496,0.141195,-0.440252613806337,-0.8978739533123167,71.8,504.2,0.880683,-0.473706,0.5,-0.866025,0,0,0,1,0,0,0,0,0,0,0,0,0,0,1,0,0,0,0.00666,-0.17167,10.1778,274.25,504.2
20387,train,2021-05-03 10:15:00,2021-05-29 15:36:00,57.87167,-61.35333,0.00666,-0.17167,10.1778,0.005607,-0.9972501850994857,0.07410849019539888,504.2,125.15,0.855075,-0.518505,0.5,-0.866025,0,0,0,1,0,0,0,0,0,0,0,0,0,0,1,0,0,0,-0.22833,0.08167,25.8471,169.16,125.15
20389,train,2021-04-06 10:27:00,2021-05-03 10:15:00,59.48333,-61.475,-1.16833,-0.05833,129.9555,0.062671,-0.026176948307873177,-0.9996573249755573,576.0,71.8,0.996751,-0.080549,0.5,-0.866025,0,0,0,1,0,0,0,0,0,0,0,0,0,0,0,0,1,0,-0.33333,-0.36,42.6618,209.83,71.8
20389,train,2021-04-30 10:27:00,2021-05-05 21:49:00,58.315,-61.53333,-0.33333,-0.36,42.6618,0.165049,-0.49742825381157013,-0.8675051194719096,71.8,59.5667,0.880683,-0.473706,0.5,-0.866025,0,0,0,1,0,0,0,0,0,0,0,0,0,0,1,0,0,0,-0.00167,-0.00667,0.4349,244.72,59.5667
20389,train,2021-05-03 10:15:00,2021-05-29 15:36:00,57.98167,-61.89333,-0.00167,-0.00667,0.4349,0.002028,-0.9042316706138985,-0.4270422530134437,59.5667,569.7833,0.855075,-0.518505,0.5,-0.866025,0,0,0,1,0,0,0,0,0,0,0,0,0,0,1,0,0,0,0.32667,-0.065,36.5238,354.03,569.7833
20390,test,2021-04-06 10:27:00,2021-05-01 10:34:00,59.37667,-61.605,-0.72834,-0.73667,91.3092,0.044034,-0.4666953889300819,-0.884418121677411,576.0,24.1167,0.996751,-0.080549,0.5,-0.866025,0,0,0,1,0,0,0,0,0,0,0,0,0,0,0,0,1,0,0.00167,0.00167,0.2093,27.49,24.1167
20391,test,2021-04-06 10:27:00,2021-05-05 21:49:00,59.35167,-61.58833,-1.35834,-0.245,151.7029,0.073159,-0.09515081157871183,-0.9954628687479571,576.0,131.3667,0.996751,-0.080549,0.5,-0.866025,0,0,0,1,0,0,0,0,0,0,0,0,0,0,0,0,1,0,-0.09666,0.29833,20.6274,121.28,131.3667
20392,train,2021-04-06 10:27:00,2021-04-22 10:26:00,59.07667,-61.40667,-0.28,-0.63833,48.0693,0.139113,-0.7650338100487342,-0.6439901159818506,95.9833,288.0,0.996751,-0.080549,0.5,-0.866025,0,0,0,1,0,0,0,0,0,0,0,0,0,0,0,0,1,0,-0.90167,0.74333,109.2403,156.29,288.0
20393,test,2021-04-06 10:27:00,2021-04-21 10:15:00,59.21167,-61.35333,-0.20334,-0.04834,22.7782,0.06592,-0.12152287202099554,-0.9925886315970824,95.9833,263.8167,0.996751,-0.080549,0.5,-0.866025,0,0,0,1,0,0,0,0,0,0,0,0,0,0,0,0,1,0,-0.97666,0.7,115.9553,159.18,263.8167
20394,train,2021-04-06 10:27:00,2021-04-21 10:15:00,59.24667,-61.69333,-0.315,-0.235,37.5105,0.108556,-0.35950826546626335,-0.933141900817576,95.9833,263.8167,0.996751,-0.080549,0.5,-0.866025,0,0,0,1,0,0,0,0,0,0,0,0,0,0,0,0,1,0,-0.66834,0.98666,93.7566,142.01,263.8167
20396,train,2021-04-06 10:27:00,2021-04-21 10:15:00,59.08333,-61.43167,-0.27166,-0.745,52.3293,0.151442,-0.8197522428684549,-0.5727183079945477,95.9833,263.8167,0.996751,-0.080549,0.5,-0.866025,0,0,0,1,0,0,0,0,0,0,0,0,0,0,0,0,1,0,-0.48334,1.28167,91.7107,125.33,263.8167
20399,train,2021-04-06 10:27:00,2021-04-30 10:27:00,59.215,-61.09833,-0.28833,-0.29334,36.1795,0.104704,-0.46530557300226283,-0.885150113671707,95.9833,480.0167,0.996751,-0.080549,0.5,-0.866025,0,0,0,1,0,0,0,0,0,0,0,0,0,0,0,0,1,0,-1.505,0.19834,167.7518,175.94,480.0167
20401,train,2021-04-06 10:27:00,2021-04-19 16:56:00,59.185,-61.09,-0.43667,0.25333,50.6806,0.146671,0.28836339147444884,-0.9575210464827151,95.9833,222.5,0.996751,-0.080549,0.5,-0.866025,0,0,0,1,0,0,0,0,0,0,0,0,0,0,1,0,0,0,-0.82666,0.365,94.3569,166.79,222.5
20401,train,2021-04-10 10:26:00,2021-04-21 10:15:00,58.74833,-60.83667,-0.82666,0.365,94.3569,0.117799,0.2285207882056413,-0.9735390332995757,222.5,41.3167,0.988854,-0.14889,0.5,-0.866025,0,0,0,1,0,0,0,0,0,0,0,0,0,1,0,0,0,0,-0.05167,0.2,13.1416,115.84,41.3167
20401,train,2021-04-19 16:56:00,2021-05-15 10:15:00,57.92167,-60.47167,-0.05167,0.2,13.1416,0.088353,0.9000147033970147,-0.435859534333234,41.3167,576.0,0.954067,-0.299595,-0.866025,-0.5,0,0,0,1,0,0,0,0,0,0,0,1,0,0,0,0,0,0,-1.30667,-0.13,145.5057,183.14,576.0
20401,train,2021-04-21 10:15:00,2021-05-26 10:11:00,57.87,-60.27167,-1.30667,-0.13,145.5057,0.070171,-0.0547759098534332,-0.998498672858271,576.0,263.9333,0.943196,-0.332235,0.5,-0.866025,0,0,0,1,0,0,0,0,0,0,0,0,0,1,0,0,0,0,-0.00333,-0.00833,0.6306,234.04,263.9333
20401,train,2021-05-15 10:15:00,2021-06-02 10:03:00,56.56333,-60.40167,-0.00333,-0.00833,0.6306,0.000664,-0.8094271487069732,-0.5872203086883998,263.9333,167.8667,0.730644,-0.682758,0.5,-0.866025,0,0,0,1,0,0,0,0,0,0,0,0,0,0,1,0,0,0,-1.28333,1.71167,178.1416,142.51,167.8667
20404,train,2021-04-06 10:27:00,2021-05-03 10:15:00,59.05167,-61.03833,-0.35834,-0.1,40.2581,0.116508,-0.1434926219911791,-0.9896513868196702,95.9833,551.8167,0.996751,-0.080549,0.5,-0.866025,0,0,0,1,0,0,0,0,0,0,0,0,0,0,0,0,1,0,-1.97833,0.44333,221.5501,172.98,551.8167
20404,train,2021-04-10 10:26:00,2021-05-07 10:19:00,58.69333,-61.13833,-1.97833,0.44333,221.5501,0.111526,0.12221579993988949,-0.9925035507468237,551.8167,96.0667,0.988854,-0.14889,0.5,-0.866025,0,0,0,1,0,0,0,0,0,0,0,0,0,0,1,0,0,0,-0.16,0.37667,29.1054,127.52,96.0667
20404,train,2021-05-03 10:15:00,2021-05-11 21:49:00,56.715,-60.695,-0.16,0.37667,29.1054,0.084159,0.7931407941357945,-0.6090383244736255,96.0667,107.5,0.855075,-0.518505,0.5,-0.866025,0,0,0,1,0,0,0,0,0,0,0,0,0,0,1,0,0,0,-0.69667,0.635,86.8515,152.85,107.5
20404,train,2021-05-07 10:19:00,2021-05-14 10:11:00,56.555,-60.31833,-0.69667,0.635,86.8515,0.224422,0.4563215909004758,-0.8898149277675997,107.5,60.3667,0.817401,-0.576069,0.5,-0.866025,0,0,0,1,0,0,0,0,0,0,0,0,0,0,1,0,0,0,-0.37,0.375,47.3874,150.1,60.3667
20408,val,2021-04-08 15:16:00,2021-04-27 10:03:00,56.05,-58.57667,-0.645,0.83,88.5705,0.102512,0.5915911146048106,-0.8062381491350046,240.0,210.7833,0.99339,-0.114788,-0.707107,-0.707107,0,0,0,0,0,1,0,0,0,0,0,0,0,0,0,0,1,0,-0.30833,1.03,73.7352,117.28,210.7833
20408,val,2021-04-18 15:16:00,2021-04-30 13:22:00,55.405,-57.74667,-0.30833,1.03,73.7352,0.097171,0.8887772774108115,-0.4583393406180899,210.7833,75.3167,0.959079,-0.283139,-0.707107,-0.707107,0,0,0,0,0,1,0,0,0,0,0,0,0,0,0,0,1,0,0.16666,0.43667,33.3482,56.06,75.3167
20408,val,2021-04-27 10:03:00,2021-05-01 10:00:00,55.09667,-56.71667,0.16666,0.43667,33.3482,0.122993,0.8296227033165013,0.5583244309018014,75.3167,20.6333,0.903946,-0.427646,0.5,-0.866025,0,0,0,1,0,0,0,0,0,0,0,0,0,0,0,0,1,0,-0.15833,0.27167,24.6458,135.48,20.6333
20408,val,2021-04-30 13:22:00,2021-05-04 09:55:00,55.26333,-56.28,-0.15833,0.27167,24.6458,0.331796,0.7011581929675424,-0.7130057422170529,20.6333,71.9167,0.880683,-0.473706,-0.258819,-0.965926,0,0,0,1,0,0,0,0,0,0,0,0,0,0,0,0,1,0,0.07,0.41666,27.6014,73.45,71.9167
20409,train,2021-04-08 15:16:00,2021-04-21 19:25:00,55.95333,-58.57333,-0.765,1.32333,118.9807,0.137709,0.705995188550928,-0.7082166291064759,240.0,76.15,0.99339,-0.114788,-0.707107,-0.707107,0,0,0,0,0,1,0,0,0,0,0,0,0,0,0,0,1,0,0.00167,0.47333,30.0464,89.45,76.15
20409,train,2021-04-18 15:16:00,2021-04-27 10:03:00,55.18833,-57.25,0.00167,0.47333,30.0464,0.109602,0.999953926969049,0.009599163462400048,76.15,134.6333,0.959079,-0.283139,-0.707107,-0.707107,0,0,0,0,0,1,0,0,0,0,0,0,0,0,0,0,1,0,-0.20667,0.36334,32.6005,134.67,134.6333
20409,train,2021-04-21 19:25:00,2021-04-30 13:22:00,55.19,-56.77667,-0.20667,0.36334,32.6005,0.067262,0.7111676730264646,-0.70302243267347,134.6333,75.3167,0.943196,-0.332235,-0.965926,0.258819,0,0,0,0,0,1,0,0,0,0,0,0,0,0,0,0,1,0,0.075,0.665,43.2032,78.6,75.3167
20409,train,2021-04-27 10:03:00,2021-05-01 10:00:00,54.98333,-56.41333,0.075,0.665,43.2032,0.159339,0.9802711746217219,0.19765734037912627,75.3167,20.6333,0.903946,-0.427646,0.5,-0.866025,0,0,0,1,0,0,0,0,0,0,0,0,0,0,1,0,0,0,-0.06166,0.06333,7.9562,149.49,20.6333
20409,train,2021-04-30 13:22:00,2021-05-04 09:55:00,55.05833,-55.74833,-0.06166,0.06333,7.9562,0.10711,0.5076887378874982,-0.8615405651634745,20.6333,71.9167,0.880683,-0.473706,-0.258819,-0.965926,0,0,0,1,0,0,0,0,0,0,0,0,0,0,1,0,0,0,-0.33834,0.76167,61.6076,127.33,71.9167
20410,train,2021-04-08 15:16:00,2021-04-21 19:25:00,55.94833,-58.58167,-0.76833,1.36,120.8753,0.139902,0.7143505544619074,-0.6997880288630017,240.0,76.15,0.99339,-0.114788,-0.707107,-0.707107,0,0,0,0,0,1,0,0,0,0,0,0,0,0,0,0,1,0,-0.10333,0.32834,23.8273,118.7,76.15
20410,train,2021-04-18 15:16:00,2021-04-27 10:03:00,55.18,-57.22167,-0.10333,0.32834,23.8273,0.086917,0.8771461637055888,-0.48022349744318876,76.15,134.6333,0.959079,-0.283139,-0.707107,-0.707107,0,0,0,0,0,1,0,0,0,0,0,0,0,0,0,0,1,0,-0.085,0.45166,30.2939,107.99,134.6333
20410,train,2021-04-21 19:25:00,2021-04-30 13:22:00,55.07667,-56.89333,-0.085,0.45166,30.2939,0.062503,0.9511104354494253,-0.30885099899337315,134.6333,75.3167,0.943196,-0.332235,-0.965926,0.258819,0,0,0,0,0,1,0,0,0,0,0,0,0,0,0,0,1,0,0.04333,0.545,35.0802,81.88,75.3167
20410,train,2021-04-27 10:03:00,2021-05-01 10:00:00,54.99167,-56.44167,0.04333,0.545,35.0802,0.129381,0.989974413593518,0.1412468067963667,75.3167,20.6333,0.903946,-0.427646,0.5,-0.866025,0,0,0,1,0,0,0,0,0,0,0,0,0,0,1,0,0,0,-0.03,0.06167,5.1559,130.29,20.6333
20410,train,2021-04-30 13:22:00,2021-05-01 21:32:00,55.035,-55.89667,-0.03,0.06167,5.1559,0.069411,0.7627812041912195,-0.6466566589254247,20.6333,11.5333,0.880683,-0.473706,-0.258819,-0.965926,0,0,0,1,0,0,0,0,0,0,0,0,0,0,0,0,1,0,-0.05,0.13667,10.3425,122.46,11.5333
20410,train,2021-05-01 10:00:00,2021-05-04 09:55:00,55.005,-55.835,-0.05,0.13667,10.3425,0.249096,0.843766346142456,-0.5367106791534979,11.5333,60.3833,0.872404,-0.488785,0.5,-0.866025,0,0,0,1,0,0,0,0,0,0,0,0,0,0,1,0,0,0,-0.25667,0.35,36.2926,141.71,60.3833
20412,val,2021-04-08 15:16:00,2021-04-21 19:09:00,55.97,-58.51667,-0.67167,1.20667,106.3662,0.123109,0.7181262977631888,-0.6959127965923143,240.0,75.8833,0.99339,-0.114788,-0.707107,-0.707107,0,0,0,0,0,1,0,0,0,0,0,0,0,0,1,0,0,0,0.04667,0.49333,31.6396,80.36,75.8833
20412,val,2021-04-18 15:16:00,2021-04-27 10:03:00,55.29833,-57.31,0.04667,0.49333,31.6396,0.11582,0.9858793702499323,0.16745706110999556,75.8833,134.9,0.959079,-0.283139,-0.707107,-0.707107,0,0,0,0,0,1,0,0,0,0,0,0,0,0,1,0,0,0,-0.115,1.62334,103.5813,96.42,134.9
20412,val,2021-04-21 19:09:00,2021-04-29 09:47:00,55.345,-56.81667,-0.115,1.62334,103.5813,0.213288,0.9937289486199696,-0.11181581585200623,134.9,47.7333,0.943196,-0.332235,-0.965926,0.258819,0,0,0,0,0,1,0,0,0,0,0,0,0,0,0,0,1,0,-0.05167,0.89,56.765,95.44,47.7333
20413,train,2021-04-08 15:16:00,2021-04-12 10:08:00,55.97,-58.51167,-0.10833,0.82834,53.0043,0.220521,0.975188006960356,-0.22137829857664154,66.7667,24.1,0.99339,-0.114788,-0.707107,-0.707107,0,0,0,0,0,1,0,0,0,0,0,0,0,1,0,0,0,0,-0.09667,0.33333,23.4367,117.16,24.1
20413,train,2021-04-11 10:02:00,2021-04-18 15:16:00,55.86167,-57.68333,-0.09667,0.33333,23.4367,0.270132,0.8897352710732563,-0.4564768859517413,24.1,149.1333,0.986146,-0.165878,0.5,-0.866025,0,0,0,1,0,0,0,0,0,0,0,0,0,1,0,0,0,0,-0.515,0.15167,58.0563,170.47,149.1333
20413,train,2021-04-12 10:08:00,2021-04-21 19:00:00,55.765,-57.35,-0.515,0.15167,58.0563,0.108136,0.16556400114606767,-0.9861990476189403,149.1333,75.7333,0.983147,-0.182817,0.5,-0.866025,0,0,0,1,0,0,0,0,0,0,0,0,0,1,0,0,0,0,-0.02,0.945,59.9507,91.74,75.7333
20413,train,2021-04-18 15:16:00,2021-04-28 09:56:00,55.25,-57.19833,-0.02,0.945,59.9507,0.21989,0.9995389055889605,-0.03036406122413619,75.7333,158.9333,0.959079,-0.283139,-0.707107,-0.707107,0,0,0,0,0,1,0,0,0,0,0,0,0,0,1,0,0,0,-0.27333,1.87833,123.3183,103.5,158.9333
20414,test,2021-04-08 15:16:00,2021-04-18 15:16:00,55.945,-58.57667,-0.325,0.87667,65.6567,0.112038,0.838385280663431,-0.5450780872195287,162.7833,77.2167,0.99339,-0.114788,-0.707107,-0.707107,0,0,0,0,0,1,0,0,0,0,0,0,0,0,1,0,0,0,-0.19,-0.03667,21.2527,186.25,77.2167
20414,test,2021-04-15 10:03:00,2021-04-27 10:03:00,55.62,-57.7,-0.19,-0.03667,21.2527,0.076454,-0.10886687485196432,-0.9940563382223196,77.2167,210.7833,0.972408,-0.233289,0.5,-0.866025,0,0,0,1,0,0,0,0,0,0,0,0,0,0,1,0,0,0,-0.44,1.295,95.6225,120.24,210.7833
20414,test,2021-04-18 15:16:00,2021-04-30 13:22:00,55.43,-57.73667,-0.44,1.295,95.6225,0.126015,0.8639234171928354,-0.5036232016357608,210.7833,75.3167,0.959079,-0.283139,-0.707107,-0.707107,0,0,0,0,0,1,0,0,0,0,0,0,0,0,0,0,1,0,0.05167,0.945,60.52,84.17,75.3167
20415,test,2021-04-11 10:02:00,2021-04-19 15:02:00,57.06833,-58.73167,-0.08833,0.51834,32.8724,0.0951,0.9554330635407162,-0.29520782695111897,96.0167,100.9833,0.986146,-0.165878,0.5,-0.866025,0,0,0,1,0,0,0,0,0,0,0,0,0,1,0,0,0,0,-0.68833,1.17333,104.9092,136.36,100.9833
20415,test,2021-04-15 10:03:00,2021-04-22 09:55:00,56.98,-58.21333,-0.68833,1.17333,104.9092,0.288577,0.6901249429718029,-0.7236902397353205,100.9833,66.8833,0.972408,-0.233289,0.5,-0.866025,0,0,0,1,0,0,0,0,0,0,0,0,0,0,1,0,0,0,-0.37834,0.71167,60.9718,133.33,66.8833
20415,test,2021-04-19 15:02:00,2021-04-28 09:56:00,56.29167,-57.04,-0.37834,0.71167,60.9718,0.253226,0.7274135642622279,-0.6861993198242924,66.8833,144.0167,0.954067,-0.299595,-0.707107,-0.707107,0,0,0,0,0,1,0,0,0,0,0,0,0,0,0,0,1,0,0.14334,0.40833,29.9863,57.72,144.0167
20415,test,2021-04-22 09:55:00,2021-05-01 10:00:00,55.91333,-56.32833,0.14334,0.40833,29.9863,0.057837,0.8454483058790254,0.5340572648005886,144.0167,72.0667,0.937342,-0.348411,0.707107,-0.707107,0,0,0,1,0,0,0,0,0,0,0,0,0,0,0,0,1,0,-0.34167,0.35167,43.8675,149.86,72.0667
20415,test,2021-04-28 09:56:00,2021-05-04 09:55:00,56.05667,-55.92,-0.34167,0.35167,43.8675,0.169085,0.5021146045279637,-0.8648010892220976,72.0667,71.9167,0.896456,-0.443132,0.707107,-0.707107,0,0,0,1,0,0,0,0,0,0,0,0,0,0,1,0,0,0,-0.355,0.63,55.9423,134.62,71.9167
20415,test,2021-05-01 10:00:00,2021-05-05 09:48:00,55.715,-55.56833,-0.355,0.63,55.9423,0.216077,0.7117809049643131,-0.7024015541897551,71.9167,23.8833,0.872404,-0.488785,0.5,-0.866025,0,0,0,1,0,0,0,0,0,0,0,0,0,0,1,0,0,0,0.105,0.38833,27.1505,64.37,23.8833
20430,train,2021-04-17 18:44:00,2021-04-21 14:37:00,50.70833,-58.06167,-0.32833,-0.68333,60.5339,0.192501,-0.8004176131778042,-0.5994427783489822,87.35,4.5333,0.963807,-0.266599,-1.0,-0.0,0,0,0,0,0,1,0,0,0,0,0,0,0,0,0,0,1,0,0.20167,0.31667,31.7005,44.86,4.5333
20432,train,2021-04-17 18:15:00,2021-05-04 15:03:00,51.735,-56.37167,0.0,0.01,0.6886,0.002061,1.0,6.123233995736766e-17,92.8167,311.9833,0.963807,-0.266599,-1.0,-0.0,0,0,1,0,0,0,0,0,0,0,0,0,0,0,0,0,1,0,-0.15167,-0.33,28.3297,233.59,311.9833
20432,train,2021-04-21 15:04:00,2021-05-17 14:55:00,51.735,-56.36167,-0.15167,-0.33,28.3297,0.025224,-0.804790213963059,-0.5935593580336289,311.9833,311.8667,0.943196,-0.332235,-0.707107,-0.707107,0,0,0,0,0,0,0,0,0,1,0,0,0,0,0,0,1,0,0.025,0.02167,3.1573,28.29,311.8667
20432,train,2021-05-04 15:03:00,2021-05-20 12:58:00,51.58333,-56.69167,0.025,0.02167,3.1573,0.002812,0.4739345295390403,0.8805600841002325,311.8667,70.05,0.846029,-0.533137,-0.707107,-0.707107,0,0,0,0,0,1,0,0,0,0,0,0,0,0,0,0,1,0,-0.15,0.27833,25.4723,130.8,70.05
20437,train,2021-04-17 18:25:00,2021-04-21 14:45:00,51.31833,-56.73167,-0.38333,-0.77333,68.7696,0.217901,-0.7880107536067221,-0.6156614753256581,87.6667,4.6667,0.963807,-0.266599,-1.0,-0.0,0,0,0,0,0,1,0,0,0,0,0,0,0,0,0,0,1,0,-0.00667,0.02333,1.7953,114.39,4.6667
20437,train,2021-04-21 10:05:00,2021-04-22 09:56:00,50.935,-57.505,-0.00667,0.02333,1.7953,0.106865,0.910755747259856,-0.4129454792501565,4.6667,19.1833,0.943196,-0.332235,0.5,-0.866025,0,0,0,1,0,0,0,0,0,0,0,0,0,0,0,0,1,0,-0.03,-0.005,3.3542,186.0,19.1833
20439,train,2021-04-17 18:29:00,2021-04-21 14:44:00,51.135,-57.08667,-0.18667,-0.70166,53.2665,0.168907,-0.9228072778591085,-0.385261895248235,87.6,4.65,0.963807,-0.266599,-1.0,-0.0,0,0,0,0,0,1,0,0,0,0,0,0,0,0,0,0,1,0,0.00334,0.00833,0.6917,57.52,4.65
20446,test,2021-04-17 18:42:00,2021-04-21 14:36:00,50.86333,-57.64333,-0.16,-0.55,42.5634,0.135302,-0.9100336346413742,-0.414534418138482,87.3833,4.5167,0.963807,-0.266599,-1.0,-0.0,0,0,0,0,0,1,0,0,0,0,0,0,0,0,0,0,1,0,0.005,0.03333,2.412,76.66,4.5167
20448,train,2021-04-18 15:16:00,2021-04-27 10:03:00,55.42333,-57.80833,-0.2,0.435,35.3822,0.129349,0.7797752269605652,-0.6260595781701602,75.9833,134.8,0.959079,-0.283139,-0.707107,-0.707107,0,0,0,0,0,1,0,0,0,0,0,0,0,0,1,0,0,0,-0.24,0.245,30.9045,149.61,134.8
20448,train,2021-04-21 19:15:00,2021-04-30 13:22:00,55.22333,-57.37333,-0.24,0.245,30.9045,0.063684,0.5058832193808819,-0.8626019756230764,134.8,75.3167,0.943196,-0.332235,-0.965926,0.258819,0,0,0,0,0,1,0,0,0,0,0,0,0,0,1,0,0,0,-0.17166,-0.07,19.6055,193.23,75.3167
20448,train,2021-04-27 10:03:00,2021-05-01 10:00:00,54.98333,-57.12833,-0.17166,-0.07,19.6055,0.072308,-0.22886060350701262,-0.9734592051865378,75.3167,20.6333,0.903946,-0.427646,0.5,-0.866025,0,0,0,1,0,0,0,0,0,0,0,0,0,0,1,0,0,0,-0.00834,0.00666,1.0209,155.28,20.6333
20448,train,2021-04-30 13:22:00,2021-05-04 09:56:00,54.81167,-57.19833,-0.00834,0.00666,1.0209,0.013743,0.41818417751630144,-0.9083622590547311,20.6333,71.9333,0.880683,-0.473706,-0.258819,-0.965926,0,0,0,1,0,0,0,0,0,0,0,0,0,1,0,0,0,0,-0.31333,0.38,42.563,144.79,71.9333
20448,train,2021-05-01 10:00:00,2021-05-10 09:56:00,54.80333,-57.19167,-0.31333,0.38,42.563,0.164361,0.5765749260789212,-0.8170442794714902,71.9333,144.0,0.872404,-0.488785,0.5,-0.866025,0,0,0,1,0,0,0,0,0,0,0,0,0,0,1,0,0,0,0.07833,-0.04166,9.1153,342.87,144.0
20449,test,2021-04-19 15:54:00,2021-04-30 10:27:00,58.65,-60.135,-0.41667,0.4,51.8505,0.216477,0.4516562969785654,-0.8921920137501848,66.5333,192.0167,0.954067,-0.299595,-0.707107,-0.707107,0,0,0,0,0,1,0,0,0,0,0,0,0,1,0,0,0,0,0.18834,-0.235,25.0366,326.87,192.0167
20450,val,2021-04-19 16:04:00,2021-04-22 10:26:00,58.55167,-61.11833,0.0,0.00166,0.0963,0.000634,1.0,6.123233995736766e-17,42.1833,24.1833,0.954067,-0.299595,-0.866025,-0.5,0,0,0,0,0,0,0,0,1,0,0,0,0,0,0,0,0,1,0.0,-0.01,0.5801,270.0,24.1833
20451,train,2021-04-19 17:27:00,2021-05-09 10:03:00,56.885,-58.65833,-0.28833,0.52333,45.2368,0.06807,0.708216629106476,-0.7059951885509279,184.6,288.0,0.954067,-0.299595,-0.965926,-0.258819,0,0,1,0,0,0,0,0,0,0,0,0,0,0,0,0,1,0,-0.85834,1.13667,118.5774,143.13,288.0
20452,test,2021-04-19 17:33:00,2021-05-09 10:03:00,56.675,-58.68333,-0.08333,0.59833,37.7467,0.05683,0.9704643831515374,-0.24124444249413488,184.5,288.0,0.954067,-0.299595,-0.965926,-0.258819,0,0,1,0,0,0,0,0,0,0,0,0,0,0,0,0,1,0,-0.87,1.01833,115.4761,146.48,288.0
20453,test,2021-04-19 17:41:00,2021-05-02 10:11:00,56.67333,-59.6,-0.27833,1.67333,107.1669,0.161464,0.9608275400614866,-0.2771469614832397,184.3667,120.1333,0.954067,-0.299595,-0.965926,-0.258819,0,0,0,0,0,0,0,1,0,0,0,0,0,0,0,0,1,0,-0.35833,-0.57666,53.4685,222.06,120.1333
20453,test,2021-04-27 10:03:00,2021-05-05 20:24:00,56.395,-57.92667,-0.35833,-0.57666,53.4685,0.123632,-0.6699084587661707,-0.7424437061983445,120.1333,82.2167,0.903946,-0.427646,0.5,-0.866025,0,0,0,1,0,0,0,0,0,0,0,0,0,0,0,0,1,0,-0.11167,0.08333,13.4558,157.31,82.2167
20453,test,2021-05-02 10:11:00,2021-05-09 10:03:00,56.03667,-58.50333,-0.11167,0.08333,13.4558,0.045462,0.38574502317609016,-0.9226054287152649,82.2167,85.65,0.863867,-0.50372,0.5,-0.866025,0,0,0,1,0,0,0,0,0,0,0,0,0,0,0,0,1,0,0.04667,0.78833,49.3567,83.64,85.65
20454,train,2021-04-19 18:07:00,2021-05-10 09:56:00,55.94167,-59.73833,-0.34,1.95833,128.183,0.193583,0.9596091157655277,-0.28133671097050617,183.9333,311.8833,0.954067,-0.299595,-1.0,-0.0,0,0,0,0,0,1,0,0,0,0,0,0,0,0,0,0,1,0,-0.28834,1.845,120.6597,104.65,311.8833
20456,train,2021-04-19 18:31:00,2021-05-01 10:00:00,55.96667,-57.72167,-0.63334,0.68834,82.6109,0.125032,0.5269557954966777,-0.8498926929868638,183.5333,95.95,0.954067,-0.299595,-1.0,-0.0,0,0,0,0,0,1,0,0,0,0,0,0,0,0,1,0,0,0,-0.16333,1.03,67.758,105.12,95.95
20456,train,2021-04-27 10:03:00,2021-05-04 09:55:00,55.33333,-57.03333,-0.16333,1.03,67.758,0.196161,0.9653816388332739,-0.2608415062898969,95.95,71.9167,0.903946,-0.427646,0.5,-0.866025,0,0,0,1,0,0,0,0,0,0,0,0,0,1,0,0,0,0,0.02,0.66,41.9637,86.69,71.9167
20456,train,2021-05-01 10:00:00,2021-05-10 09:56:00,55.17,-56.00333,0.02,0.66,41.9637,0.162085,0.9983317545904524,0.05773826959953497,71.9167,144.0167,0.872404,-0.488785,0.5,-0.866025,0,0,0,1,0,0,0,0,0,0,0,0,0,0,1,0,0,0,-0.20667,1.04333,70.2621,108.66,144.0167
20456,train,2021-05-04 09:55:00,2021-05-11 09:47:00,55.19,-55.34333,-0.20667,1.04333,70.2621,0.135521,0.947433876990871,-0.3199516349857383,144.0167,23.85,0.846029,-0.533137,0.707107,-0.707107,0,0,0,1,0,0,0,0,0,0,0,0,0,0,1,0,0,0,-0.04833,0.19333,13.4621,113.45,23.85
20459,train,2021-04-21 10:15:00,2021-04-30 10:27:00,59.92167,-61.42667,0.01833,-0.04833,3.3771,0.019415,-0.7971626158746585,0.6037646593266879,48.3167,167.8833,0.943196,-0.332235,0.5,-0.866025,0,0,0,1,0,0,0,0,0,0,0,0,0,1,0,0,0,0,0.11,-0.41833,26.2813,297.92,167.8833
20459,train,2021-04-23 10:34:00,2021-05-19 16:07:00,59.94,-61.475,0.11,-0.41833,26.2813,0.043485,-0.8836022379313877,0.46823827814761504,167.8833,461.6667,0.93121,-0.364483,0.5,-0.866025,0,0,0,1,0,0,0,0,0,0,0,0,0,0,1,0,0,0,0.39,0.335,47.142,22.94,461.6667
20460,test,2021-04-21 10:15:00,2021-05-03 10:15:00,58.665,-60.57,-0.19667,-0.27667,27.1227,0.034848,-0.5931378895184065,-0.8051008905830688,216.2,71.8,0.943196,-0.332235,0.5,-0.866025,0,0,0,1,0,0,0,0,0,0,0,0,0,0,1,0,0,0,-0.44333,-0.48666,56.9304,210.22,71.8
20460,test,2021-04-30 10:27:00,2021-05-05 10:34:00,58.46833,-60.84667,-0.44333,-0.48666,56.9304,0.220251,-0.5033216047971033,-0.864099162217201,71.8,48.3167,0.880683,-0.473706,0.5,-0.866025,0,0,0,1,0,0,0,0,0,0,0,0,0,0,1,0,0,0,-0.20333,-0.1,23.3677,194.68,48.3167
20460,test,2021-05-03 10:15:00,2021-05-05 21:49:00,58.025,-61.33333,-0.20333,-0.1,23.3677,0.134343,-0.25342028899115826,-0.9673562720774791,48.3167,11.25,0.855075,-0.518505,0.5,-0.866025,0,0,0,1,0,0,0,0,0,0,0,0,0,1,0,0,0,0,0.0,-0.00167,0.0989,270.0,11.25
20468,train,2021-04-21 18:53:00,2021-04-29 09:47:00,55.35,-55.36667,-0.305,0.60667,51.3085,0.366227,0.7532190881467202,-0.6577697205340356,38.9167,143.9833,0.943196,-0.332235,-1.0,-0.0,0,0,0,0,0,1,0,0,0,0,0,0,0,0,1,0,0,0,-0.22333,0.86667,60.6805,113.8,143.9833
20468,train,2021-04-23 09:48:00,2021-04-30 13:22:00,55.045,-54.76,-0.22333,0.86667,60.6805,0.117067,0.9149596678498249,-0.4035452963523899,143.9833,27.5833,0.93121,-0.364483,0.707107,-0.707107,0,0,0,1,0,0,0,0,0,0,0,0,0,0,1,0,0,0,-0.06334,0.23,16.3415,115.44,27.5833
20468,train,2021-04-29 09:47:00,2021-05-16 09:56:00,54.82167,-53.89333,-0.06334,0.23,16.3415,0.164567,0.9030356195360872,-0.4295656758274281,27.5833,380.5667,0.888701,-0.458487,0.707107,-0.707107,0,0,0,1,0,0,0,0,0,0,0,0,0,0,1,0,0,0,-1.39666,-1.145,172.3393,206.16,380.5667
20470,train,2021-04-21 19:00:00,2021-04-29 09:47:00,55.28167,-55.94167,0.00166,0.07334,4.6482,0.086559,0.9991873755767364,0.040306184241054394,14.9167,167.8667,0.943196,-0.332235,-0.965926,0.258819,0,0,0,0,0,1,0,0,0,0,0,0,0,0,0,0,1,0,-0.315,2.36166,154.174,102.16,167.8667
20473,train,2021-04-22 10:26:00,2021-04-30 10:27:00,59.57,-61.995,0.03667,0.34,19.5674,0.225224,0.9775264097036622,0.2108129937453286,24.1333,167.8833,0.937342,-0.348411,0.5,-0.866025,0,0,0,1,0,0,0,0,0,0,0,0,0,1,0,0,0,0,0.27333,-0.17833,31.9931,341.88,167.8833
20473,train,2021-04-23 10:34:00,2021-05-05 19:04:00,59.60667,-61.655,0.27333,-0.17833,31.9931,0.052935,-0.3110082032786817,0.9504072271891487,167.8833,128.6167,0.93121,-0.364483,0.5,-0.866025,0,0,0,1,0,0,0,0,0,0,0,0,0,0,1,0,0,0,0.075,-0.53167,30.7842,285.95,128.6167
20473,train,2021-04-30 10:27:00,2021-05-13 16:32:00,59.88,-61.83333,0.075,-0.53167,30.7842,0.066486,-0.961501868856515,0.27479839189017996,128.6167,189.4667,0.880683,-0.473706,0.5,-0.866025,0,0,0,1,0,0,0,0,0,0,0,0,0,0,1,0,0,0,-0.125,-0.73667,43.3769,251.63,189.4667
20473,train,2021-05-05 19:04:00,2021-05-19 20:15:00,59.955,-62.365,-0.125,-0.73667,43.3769,0.063595,-0.949041155016339,-0.3151521633834252,189.4667,147.7167,0.836733,-0.547611,-0.965926,0.258819,0,0,0,0,0,0,0,1,0,0,0,0,0,0,0,0,1,0,0.16,0.09667,18.5895,16.81,147.7167
20473,train,2021-05-13 16:32:00,2021-05-24 10:27:00,59.83,-63.10167,0.16,0.09667,18.5895,0.034957,0.28919887631367197,0.9572690373865173,147.7167,110.2,0.753698,-0.657221,-0.866025,-0.5,0,0,0,0,0,1,0,0,0,0,0,0,0,0,0,0,1,0,-0.1,0.35333,22.604,119.31,110.2
20474,test,2021-04-22 10:26:00,2021-04-30 10:27:00,59.37,-61.31167,0.16167,-0.285,24.1375,0.277826,-0.6657514442835016,0.7461735819730095,24.1333,167.8833,0.937342,-0.348411,0.5,-0.866025,0,0,0,1,0,0,0,0,0,0,0,0,0,0,1,0,0,0,0.20666,0.05667,23.1993,7.87,167.8833
20474,test,2021-04-23 10:34:00,2021-05-01 10:34:00,59.53167,-61.59667,0.20666,0.05667,23.1993,0.038385,0.13692589767807317,0.9905812932541447,167.8833,24.1167,0.93121,-0.364483,0.5,-0.866025,0,0,0,1,0,0,0,0,0,0,0,0,0,0,1,0,0,0,-0.07166,0.08333,9.2382,149.57,24.1167
20474,test,2021-04-30 10:27:00,2021-05-03 10:15:00,59.73833,-61.54,-0.07166,0.08333,9.2382,0.106406,0.5064853058356493,-0.8622485923285516,24.1167,47.6833,0.880683,-0.473706,0.5,-0.866025,0,0,0,1,0,0,0,0,0,0,0,0,0,1,0,0,0,0,-0.07,-0.785,44.81,260.34,47.6833
20474,test,2021-05-01 10:34:00,2021-05-05 10:34:00,59.66667,-61.45667,-0.07,-0.785,44.81,0.261039,-0.9858208566464723,-0.1678011877217067,47.6833,48.3167,0.872404,-0.488785,0.5,-0.866025,0,0,0,1,0,0,0,0,0,0,0,0,0,1,0,0,0,0,0.0,-0.02,1.1255,270.01,48.3167
20474,test,2021-05-03 10:15:00,2021-05-05 21:49:00,59.59667,-62.24167,0.0,-0.02,1.1255,0.006471,-0.9999999847691291,0.00017453292431314225,48.3167,11.25,0.855075,-0.518505,0.5,-0.866025,0,0,0,1,0,0,0,0,0,0,0,0,0,1,0,0,0,0,0.0,0.0,0.0,0.0,11.25
20474,test,2021-05-05 10:34:00,2021-05-13 16:39:00,59.59667,-62.26167,0.0,0.0,0.0,0.0,0.0,1.0,11.25,186.8333,0.836733,-0.547611,0.5,-0.866025,0,0,0,1,0,0,0,0,0,0,0,0,0,1,0,0,0,0,-0.105,-0.89166,51.5936,257.31,186.8333
20474,test,2021-05-05 21:49:00,2021-05-19 20:23:00,59.59667,-62.26167,-0.105,-0.89166,51.5936,0.076708,-0.9755728994885607,-0.21967593810766453,186.8333,147.7333,0.836733,-0.547611,-0.707107,0.707107,0,0,0,1,0,0,0,0,0,0,0,0,0,0,0,0,1,0,0.12666,0.25833,20.2537,45.83,147.7333
20474,test,2021-05-13 16:39:00,2021-05-24 10:27:00,59.49167,-63.15333,0.12666,0.25833,20.2537,0.038082,0.7172755441554933,0.6967896337894537,147.7333,110.0667,0.753698,-0.657221,-0.866025,-0.5,0,0,0,0,0,0,1,0,0,0,0,0,0,0,0,0,1,0,-0.07333,0.14,11.3406,135.91,110.0667
20474,test,2021-05-19 20:23:00,2021-05-29 15:36:00,59.61833,-62.895,-0.07333,0.14,11.3406,0.028621,0.6957874493101815,-0.7182477465209561,110.0667,125.15,0.681972,-0.731378,-0.866025,0.5,0,0,1,0,0,0,0,0,0,0,0,0,0,0,0,0,1,0,-0.3,0.23667,35.9485,158.02,125.15
20475,val,2021-04-22 09:55:00,2021-04-28 09:56:00,54.545,-56.84,-0.23,0.20667,28.8577,0.066717,0.46453295673218786,-0.8855558322938488,120.15,23.8667,0.937342,-0.348411,0.707107,-0.707107,0,0,0,1,0,0,0,0,0,0,0,0,0,0,1,0,0,0,0.00167,-0.00167,0.215,329.74,23.8667
20475,val,2021-04-27 10:04:00,2021-05-04 09:55:00,54.315,-56.63333,0.00167,-0.00167,0.215,0.002502,-0.5039247371094591,0.8637475669020217,23.8667,143.9833,0.903946,-0.427646,0.5,-0.866025,0,0,0,1,0,0,0,0,0,0,0,0,0,0,1,0,0,0,-0.61167,0.32333,71.2201,162.61,143.9833
20477,val,2021-04-22 09:55:00,2021-04-28 09:56:00,54.54,-56.705,-0.63333,0.44833,76.2153,0.176204,0.38526189524823456,-0.9228072778591088,120.15,23.8667,0.937342,-0.348411,0.707107,-0.707107,0,0,0,1,0,0,0,0,0,0,0,0,0,1,0,0,0,0,0.0,0.0,0.0,0.0,23.8667
20477,val,2021-04-27 10:04:00,2021-05-04 09:56:00,53.90667,-56.25667,0.0,0.0,0.0,0.0,0.0,1.0,23.8667,144.0,0.903946,-0.427646,0.5,-0.866025,0,0,0,1,0,0,0,0,0,0,0,0,0,1,0,0,0,0,0.035,0.08667,6.8812,55.52,144.0
20477,val,2021-04-28 09:56:00,2021-05-16 09:56:00,53.90667,-56.25667,0.035,0.08667,6.8812,0.013274,0.8243238514841259,0.5661185281143666,144.0,288.0,0.896456,-0.443132,0.707107,-0.707107,0,0,0,1,0,0,0,0,0,0,0,0,0,0,1,0,0,0,-0.205,0.12667,24.2628,159.92,288.0
20477,val,2021-05-04 09:56:00,2021-05-16 17:19:00,53.94167,-56.17,-0.205,0.12667,24.2628,0.023402,0.34333186792161535,-0.9392141547429183,288.0,7.3833,0.846029,-0.533137,0.707107,-0.707107,0,0,0,1,0,0,0,0,0,0,0,0,0,0,1,0,0,0,-0.00167,0.00666,0.4758,112.97,7.3833
20477,val,2021-05-16 09:56:00,2021-05-28 15:32:00,53.73667,-56.04333,-0.00167,0.00666,0.4758,0.0179,0.9207093136027443,-0.3902490997365189,7.3833,286.2167,0.718792,-0.695225,0.707107,-0.707107,0,0,0,1,0,0,0,0,0,0,0,0,0,0,1,0,0,0,-0.60167,0.53,75.5549,152.1,286.2167
20477,val,2021-05-16 17:19:00,2021-06-02 20:15:00,53.735,-56.03667,-0.60167,0.53,75.5549,0.073327,0.4679298142605734,-0.8837656300886935,286.2167,124.7167,0.718792,-0.695225,-0.965926,-0.258819,0,0,0,1,0,0,0,0,0,0,0,0,0,0,1,0,0,0,-1.375,0.015,152.8964,179.61,124.7167
20477,val,2021-05-28 15:32:00,2021-06-04 09:47:00,53.13333,-55.50667,-1.375,0.015,152.8964,0.340542,0.0068067315205614905,-0.9999768339346702,124.7167,37.5333,0.561034,-0.827793,-0.707107,-0.707107,0,0,0,0,0,1,0,0,0,0,0,0,0,0,0,0,1,0,-0.04166,0.28667,20.2761,103.09,37.5333
20477,val,2021-06-02 20:15:00,2021-06-05 14:11:00,51.75833,-55.49167,-0.04166,0.28667,20.2761,0.15006,0.9740155105600358,-0.22648131311097805,37.5333,28.4,0.487847,-0.872929,-0.866025,0.5,0,0,0,1,0,0,0,0,0,0,0,0,0,0,0,0,1,0,0.115,0.03667,13.0339,11.15,28.4
20477,val,2021-06-04 09:47:00,2021-06-05 23:10:00,51.71667,-55.205,0.115,0.03667,13.0339,0.127484,0.1933782325059078,0.9811242832551292,28.4,8.9833,0.457531,-0.889193,0.707107,-0.707107,0,0,0,1,0,0,0,0,0,0,0,0,0,0,0,0,1,0,-0.02834,-0.00334,3.1596,184.17,8.9833
20478,train,2021-04-22 09:55:00,2021-04-28 09:56:00,54.465,-56.70167,-0.21833,-0.02666,24.3386,0.056269,-0.07114926746876722,-0.9974656794790775,120.15,23.8667,0.937342,-0.348411,0.707107,-0.707107,0,0,0,1,0,0,0,0,0,0,0,0,0,0,1,0,0,0,0.00666,-0.02834,1.9845,291.92,23.8667
20478,train,2021-04-27 10:04:00,2021-05-01 10:00:00,54.24667,-56.72833,0.00666,-0.02834,1.9845,0.023097,-0.9277060000770342,0.37331163579651483,23.8667,72.0667,0.903946,-0.427646,0.5,-0.866025,0,0,0,1,0,0,0,0,0,0,0,0,0,0,1,0,0,0,0.0,0.0,0.0,0.0,72.0667
20478,train,2021-04-28 09:56:00,2021-05-04 09:56:00,54.25333,-56.75667,0.0,0.0,0.0,0.0,0.0,1.0,72.0667,71.9333,0.896456,-0.443132,0.707107,-0.707107,0,0,0,1,0,0,0,0,0,0,0,0,0,0,1,0,0,0,-0.15833,-0.00333,17.6068,180.71,71.9333
20479,train,2021-04-22 09:55:00,2021-05-04 09:56:00,54.10333,-56.875,-0.10333,-0.09833,13.1611,0.025385,-0.488316653173953,-0.8726665149030237,144.0167,144.0,0.937342,-0.348411,0.707107,-0.707107,0,0,0,1,0,0,0,0,0,0,0,0,0,0,0,0,1,0,-0.02333,-0.09334,6.6308,247.01,144.0
20481,train,2021-04-22 09:55:00,2021-04-28 09:56:00,54.43,-56.69,-0.24167,-0.00167,26.8727,0.062128,-0.004014246498463346,-0.9999919428800662,120.15,23.8667,0.937342,-0.348411,0.707107,-0.707107,0,0,0,1,0,0,0,0,0,0,0,0,0,0,1,0,0,0,0.01667,-0.065,4.6167,293.7,23.8667
20481,train,2021-04-27 10:04:00,2021-05-04 09:56:00,54.18833,-56.69167,0.01667,-0.065,4.6167,0.053732,-0.9156625933395611,0.40194777665596,23.8667,144.0,0.903946,-0.427646,0.5,-0.866025,0,0,0,1,0,0,0,0,0,0,0,0,0,0,1,0,0,0,-0.31833,0.17,37.0959,162.52,144.0
20482,train,2021-04-22 09:55:00,2021-04-28 09:56:00,54.285,-56.825,-0.01833,0.07333,5.1789,0.011973,0.9194787684000263,-0.393139662793734,120.15,23.8667,0.937342,-0.348411,0.707107,-0.707107,0,0,0,1,0,0,0,0,0,0,0,0,0,0,1,0,0,0,0.00833,-0.01833,1.5082,307.9,23.8667
20482,train,2021-04-27 10:04:00,2021-05-01 10:00:00,54.26667,-56.75167,0.00833,-0.01833,1.5082,0.017553,-0.789084084834691,0.6142852000989428,23.8667,72.0667,0.903946,-0.427646,0.5,-0.866025,0,0,0,1,0,0,0,0,0,0,0,0,0,0,1,0,0,0,-0.00167,0.0,0.1857,180.0,72.0667
20482,train,2021-04-28 09:56:00,2021-05-01 21:32:00,54.275,-56.77,-0.00167,0.0,0.1857,0.000716,1.2246467991473532e-16,-1.0,72.0667,11.5333,0.896456,-0.443132,0.707107,-0.707107,0,0,0,1,0,0,0,0,0,0,0,0,0,0,1,0,0,0,0.03834,0.1,7.7649,56.66,11.5333
20482,train,2021-05-01 10:00:00,2021-05-04 09:56:00,54.27333,-56.77,0.03834,0.1,7.7649,0.187015,0.8354238674845224,0.5496061877719384,11.5333,60.4,0.872404,-0.488785,0.5,-0.866025,0,0,0,1,0,0,0,0,0,0,0,0,0,0,1,0,0,0,-0.375,0.06667,41.9238,174.02,60.4
20485,train,2021-04-22 09:55:00,2021-04-28 09:56:00,54.02,-57.035,0.0,0.0,0.0,0.0,0.0,1.0,120.15,23.8667,0.937342,-0.348411,0.707107,-0.707107,0,0,0,1,0,0,0,0,0,0,0,0,0,0,1,0,0,0,0.0,0.0,0.0,0.0,23.8667
20485,train,2021-04-27 10:04:00,2021-05-04 09:56:00,54.02,-57.035,0.0,0.0,0.0,0.0,0.0,1.0,23.8667,144.0,0.903946,-0.427646,0.5,-0.866025,0,0,0,1,0,0,0,0,0,0,0,0,0,0,1,0,0,0,0.0,0.0,0.0,0.0,144.0
20485,train,2021-04-28 09:56:00,2021-05-10 09:56:00,54.02,-57.035,0.0,0.0,0.0,0.0,0.0,1.0,144.0,144.0,0.896456,-0.443132,0.707107,-0.707107,0,0,0,1,0,0,0,0,0,0,0,0,0,0,1,0,0,0,0.28167,0.13333,32.5009,15.44,144.0
20485,train,2021-05-04 09:56:00,2021-05-16 09:56:00,54.02,-57.035,0.28167,0.13333,32.5009,0.062695,0.2662291182820112,0.9639097761610175,144.0,144.0,0.846029,-0.533137,0.707107,-0.707107,0,0,0,1,0,0,0,0,0,0,0,0,0,0,1,0,0,0,-0.28167,-0.13333,32.5009,195.55,144.0
20485,train,2021-05-10 09:56:00,2021-05-21 10:03:00,54.30167,-56.90167,-0.28167,-0.13333,32.5009,0.062695,-0.268079200423748,-0.9633968768374558,144.0,120.1167,0.786597,-0.617467,0.707107,-0.707107,0,0,0,1,0,0,0,0,0,0,0,0,0,0,1,0,0,0,-0.11333,0.77167,52.0287,103.7,120.1167
20485,train,2021-05-16 09:56:00,2021-05-28 09:55:00,54.02,-57.035,-0.11333,0.77167,52.0287,0.12032,0.9715491199976461,-0.23683814606561862,120.1167,167.8667,0.718792,-0.695225,0.707107,-0.707107,0,0,0,1,0,0,0,0,0,0,0,0,0,0,1,0,0,0,-0.17167,0.22,23.9357,142.8,167.8667
20485,train,2021-05-21 10:03:00,2021-05-28 15:46:00,53.90667,-56.26333,-0.17167,0.22,23.9357,0.039608,0.6045991148623746,-0.7965299180241965,167.8667,5.85,0.656411,-0.754404,0.5,-0.866025,0,0,0,1,0,0,0,0,0,0,0,0,0,0,1,0,0,0,-0.00167,0.0,0.1857,180.0,5.85
20487,train,2021-04-22 09:55:00,2021-05-01 21:32:00,54.27833,-56.80333,0.03667,0.08666,6.9463,0.016059,0.8092221208415908,0.5875028162831544,120.15,107.4667,0.937342,-0.348411,0.707107,-0.707107,0,0,0,1,0,0,0,0,0,0,0,0,0,0,0,0,1,0,-0.40833,0.45834,54.3519,146.47,107.4667
20487,train,2021-04-27 10:04:00,2021-05-04 09:56:00,54.315,-56.71667,-0.40833,0.45834,54.3519,0.140488,0.5523735312292036,-0.8335967142433924,107.4667,60.4,0.903946,-0.427646,0.5,-0.866025,0,0,0,1,0,0,0,0,0,0,0,0,0,0,1,0,0,0,0.0,-0.005,0.3275,270.0,60.4
20488,train,2021-04-22 09:55:00,2021-05-01 10:00:00,54.29167,-56.93,0.00833,0.24667,16.034,0.037069,0.9982294618048927,0.05948059838900739,120.15,95.9333,0.937342,-0.348411,0.707107,-0.707107,0,0,0,1,0,0,0,0,0,0,0,0,0,0,0,0,1,0,0.09667,-0.19834,16.7566,309.98,95.9333
20488,train,2021-04-27 10:04:00,2021-05-04 09:56:00,54.3,-56.68333,0.09667,-0.19834,16.7566,0.048519,-0.7662687716479267,0.6425201705761286,95.9333,71.9333,0.903946,-0.427646,0.5,-0.866025,0,0,0,1,0,0,0,0,0,0,0,0,0,0,0,0,1,0,-0.04834,0.22667,15.635,110.02,71.9333
20491,train,2021-04-27 10:03:00,2021-05-01 10:00:00,54.77333,-57.155,0.0,-0.01833,1.1757,0.004336,-0.9999999847691291,0.00017453292431314225,75.3167,20.6333,0.903946,-0.427646,0.5,-0.866025,0,0,0,1,0,0,0,0,0,0,0,0,0,0,1,0,0,0,0.00334,0.01333,0.9321,66.51,20.6333
20491,train,2021-04-30 13:22:00,2021-05-01 21:32:00,54.77333,-57.17333,0.00334,0.01333,0.9321,0.012549,0.9171296552585672,0.398589005675397,20.6333,11.5333,0.880683,-0.473706,-0.258819,-0.965926,0,0,0,1,0,0,0,0,0,0,0,0,0,1,0,0,0,0,-0.05834,0.15333,11.7865,123.33,11.5333
20491,train,2021-05-01 10:00:00,2021-05-04 09:56:00,54.77667,-57.16,-0.05834,0.15333,11.7865,0.283875,0.8355197791354617,-0.5494603704303243,11.5333,60.4,0.872404,-0.488785,0.5,-0.866025,0,0,0,1,0,0,0,0,0,0,0,0,0,0,1,0,0,0,-0.31333,0.13334,35.8857,166.08,60.4
20492,train,2021-04-27 10:04:00,2021-05-01 10:00:00,54.71667,-56.9,0.0,0.0,0.0,0.0,0.0,1.0,23.8667,72.0667,0.903946,-0.427646,0.5,-0.866025,0,0,0,1,0,0,0,0,0,0,0,0,0,0,1,0,0,0,-0.02834,-0.00667,3.1803,187.75,72.0667
20492,train,2021-04-28 09:56:00,2021-05-01 21:32:00,54.71667,-56.9,-0.02834,-0.00667,3.1803,0.012258,-0.1348509302737229,-0.9908658973868822,72.0667,11.5333,0.896456,-0.443132,0.707107,-0.707107,0,0,0,1,0,0,0,0,0,0,0,0,0,0,1,0,0,0,-0.12166,0.05167,13.9308,166.17,11.5333
20492,train,2021-05-01 10:00:00,2021-05-04 09:56:00,54.68833,-56.90667,-0.12166,0.05167,13.9308,0.335521,0.2390419095775992,-0.9710092509680301,11.5333,60.4,0.872404,-0.488785,0.5,-0.866025,0,0,0,1,0,0,0,0,0,0,0,0,0,0,1,0,0,0,-0.265,-0.045,29.61,185.66,60.4
20492,train,2021-05-01 21:32:00,2021-05-10 09:56:00,54.56667,-56.855,-0.265,-0.045,29.61,0.136176,-0.09862504575900369,-0.9951246657324069,60.4,144.0,0.872404,-0.488785,-0.707107,0.707107,0,0,0,1,0,0,0,0,0,0,0,0,0,0,1,0,0,0,-0.03167,0.245,16.288,102.39,144.0
20493,train,2021-04-27 10:04:00,2021-04-30 13:22:00,54.695,-56.88333,0.00333,-0.01667,1.1334,0.013191,-0.945063075179805,0.326888029654942,23.8667,51.4333,0.903946,-0.427646,0.5,-0.866025,0,0,0,1,0,0,0,0,0,0,0,0,0,0,1,0,0,0,-0.23833,0.195,29.3298,154.55,51.4333
20493,train,2021-04-28 09:56:00,2021-05-01 10:00:00,54.69833,-56.9,-0.23833,0.195,29.3298,0.158402,0.4297232787322056,-0.9029606324284815,51.4333,20.6333,0.896456,-0.443132,0.707107,-0.707107,0,0,0,1,0,0,0,0,0,0,0,0,0,0,1,0,0,0,0.00833,-0.00333,0.9509,346.92,20.6333
20493,train,2021-04-30 13:22:00,2021-05-01 21:32:00,54.46,-56.705,0.00833,-0.00333,0.9509,0.012802,-0.2263113118860861,0.9740550241708107,20.6333,11.5333,0.880683,-0.473706,-0.258819,-0.965926,0,0,0,1,0,0,0,0,0,0,0,0,0,1,0,0,0,0,0.0,0.0,0.0,0.0,11.5333
20493,train,2021-05-01 10:00:00,2021-05-04 09:56:00,54.46833,-56.70833,0.0,0.0,0.0,0.0,0.0,1.0,11.5333,60.4,0.872404,-0.488785,0.5,-0.866025,0,0,0,1,0,0,0,0,0,0,0,0,0,1,0,0,0,0,-0.11166,0.15166,15.8262,141.61,60.4
20494,test,2021-04-27 10:04:00,2021-05-01 21:32:00,54.71167,-56.95167,0.00833,-0.05166,3.445,0.009975,-0.9630686373944738,0.26925601138535715,95.9333,11.5333,0.903946,-0.427646,0.5,-0.866025,0,0,0,1,0,0,0,0,0,0,0,0,0,0,1,0,0,0,-0.03333,0.095,7.1408,121.23,11.5333
20494,test,2021-05-01 10:00:00,2021-05-04 09:56:00,54.72,-57.00333,-0.03333,0.095,7.1408,0.171984,0.8550929046135839,-0.5184748060219554,11.5333,60.4,0.872404,-0.488785,0.5,-0.866025,0,0,0,1,0,0,0,0,0,0,0,0,0,0,1,0,0,0,-0.22667,0.10666,26.1253,164.7,60.4
20495,test,2021-04-27 10:04:00,2021-05-01 10:00:00,54.57833,-56.84833,-0.00166,0.0,0.1846,0.002148,1.2246467991473532e-16,-1.0,23.8667,72.0667,0.903946,-0.427646,0.5,-0.866025,0,0,0,1,0,0,0,0,0,0,0,0,0,0,1,0,0,0,0.00166,-0.00167,0.2137,329.75,72.0667
20495,test,2021-04-28 09:56:00,2021-05-01 21:32:00,54.57667,-56.84833,0.00166,-0.00167,0.2137,0.000824,-0.5037739770455265,0.8638355052043956,72.0667,11.5333,0.896456,-0.443132,0.707107,-0.707107,0,0,0,1,0,0,0,0,0,0,0,0,0,0,1,0,0,0,-0.03333,0.00833,3.7448,171.75,11.5333
20495,test,2021-05-01 10:00:00,2021-05-04 09:56:00,54.57833,-56.85,-0.03333,0.00833,3.7448,0.090194,0.14349262199117935,-0.9896513868196702,11.5333,60.4,0.872404,-0.488785,0.5,-0.866025,0,0,0,1,0,0,0,0,0,0,0,0,0,0,1,0,0,0,-0.14,0.27834,23.7856,130.77,60.4
20496,train,2021-04-27 10:04:00,2021-05-01 10:00:00,54.53667,-56.825,0.0,0.0,0.0,0.0,0.0,1.0,23.8667,72.0667,0.903946,-0.427646,0.5,-0.866025,0,0,0,1,0,0,0,0,0,0,0,0,0,0,1,0,0,0,-0.005,-0.015,1.1161,240.13,72.0667
20496,train,2021-04-28 09:56:00,2021-05-01 21:32:00,54.53667,-56.825,-0.005,-0.015,1.1161,0.004302,-0.8671576376615325,-0.4980337653666369,72.0667,11.5333,0.896456,-0.443132,0.707107,-0.707107,0,0,0,1,0,0,0,0,0,0,0,0,0,0,1,0,0,0,-0.09,0.09167,11.628,149.35,11.5333
20496,train,2021-05-01 10:00:00,2021-05-04 09:56:00,54.53167,-56.84,-0.09,0.09167,11.628,0.280059,0.5097923609455184,-0.8602974768773848,11.5333,60.4,0.872404,-0.488785,0.5,-0.866025,0,0,0,1,0,0,0,0,0,0,0,0,0,0,1,0,0,0,-0.23334,-0.13334,27.3491,198.49,60.4
20496,train,2021-05-01 21:32:00,2021-05-10 09:56:00,54.44167,-56.74833,-0.23334,-0.13334,27.3491,0.125778,-0.3171391378715274,-0.9483790208719847,60.4,144.0,0.872404,-0.488785,-0.707107,0.707107,0,0,0,1,0,0,0,0,0,0,0,0,0,0,0,0,1,0,-0.24,-0.07166,27.0929,189.96,144.0
20496,train,2021-05-04 09:56:00,2021-06-02 10:03:00,54.20833,-56.88167,-0.24,-0.07166,27.0929,0.052263,-0.17296060989420375,-0.9849287423083078,144.0,552.1167,0.846029,-0.533137,0.707107,-0.707107,0,0,0,1,0,0,0,0,0,0,0,0,0,0,1,0,0,0,0.10834,-0.20167,17.8515,312.52,552.1167
20496,train,2021-05-10 09:56:00,2021-06-21 09:56:00,53.96833,-56.95333,0.10834,-0.20167,17.8515,0.008981,-0.7370414664270672,0.6758475247916784,552.1167,455.8833,0.786597,-0.617467,0.707107,-0.707107,0,0,0,1,0,0,0,0,0,0,0,0,0,0,1,0,0,0,-0.05667,0.12,10.0538,128.76,455.8833
20497,train,2021-04-27 10:04:00,2021-05-01 10:00:00,54.545,-56.84,0.00167,0.0,0.1857,0.002161,0.0,1.0,23.8667,72.0667,0.903946,-0.427646,0.5,-0.866025,0,0,0,1,0,0,0,0,0,0,0,0,0,0,1,0,0,0,-0.00167,-0.00167,0.2147,210.12,72.0667
20497,train,2021-04-28 09:56:00,2021-05-01 21:32:00,54.54667,-56.84,-0.00167,-0.00167,0.2147,0.000827,-0.5018127014158884,-0.8649763075932707,72.0667,11.5333,0.896456,-0.443132,0.707107,-0.707107,0,0,0,1,0,0,0,0,0,0,0,0,0,0,1,0,0,0,-0.01,0.045,3.1085,110.94,11.5333
20497,train,2021-05-01 10:00:00,2021-05-04 09:56:00,54.545,-56.84167,-0.01,0.045,3.1085,0.074869,0.9339551965751001,-0.3573901100903132,11.5333,60.4,0.872404,-0.488785,0.5,-0.866025,0,0,0,1,0,0,0,0,0,0,0,0,0,0,1,0,0,0,-0.17167,0.14334,21.2194,154.05,60.4
20498,test,2021-04-27 10:04:00,2021-04-30 13:22:00,54.505,-56.84,0.00167,0.0,0.1857,0.002161,0.0,1.0,23.8667,51.4333,0.903946,-0.427646,0.5,-0.866025,0,0,0,1,0,0,0,0,0,0,0,0,0,0,1,0,0,0,-0.19667,0.17833,24.7271,152.11,51.4333
20498,test,2021-04-28 09:56:00,2021-05-04 09:56:00,54.50667,-56.84,-0.19667,0.17833,24.7271,0.133544,0.46777556093376776,-0.8838472857870294,51.4333,92.5667,0.896456,-0.443132,0.707107,-0.707107,0,0,0,1,0,0,0,0,0,0,0,0,0,0,1,0,0,0,-0.38,0.05167,42.388,175.42,92.5667
20499,train,2021-04-27 10:04:00,2021-04-30 13:22:00,54.51,-56.875,0.025,-0.08333,6.0538,0.070458,-0.8880562234694229,0.4597348626732872,23.8667,51.4333,0.903946,-0.427646,0.5,-0.866025,0,0,0,1,0,0,0,0,0,0,0,0,0,0,0,0,1,0,-0.20333,0.15666,24.7758,155.8,51.4333
20499,train,2021-04-28 09:56:00,2021-05-04 09:56:00,54.535,-56.95833,-0.20333,0.15666,24.7758,0.133807,0.4099230338415728,-0.912120116172273,51.4333,92.5667,0.896456,-0.443132,0.707107,-0.707107,0,0,0,1,0,0,0,0,0,0,0,0,0,0,1,0,0,0,-0.40167,0.19,46.3474,164.43,92.5667
20500,test,2021-04-27 10:04:00,2021-04-30 13:22:00,54.39667,-56.88333,-0.065,0.055,8.0583,0.093788,0.44260173091309857,-0.8967182990174389,23.8667,51.4333,0.903946,-0.427646,0.5,-0.866025,0,0,0,1,0,0,0,0,0,0,0,0,0,0,1,0,0,0,-0.07834,0.03666,9.0301,164.71,51.4333
20500,test,2021-04-28 09:56:00,2021-05-04 09:55:00,54.33167,-56.82833,-0.07834,0.03666,9.0301,0.048769,0.2637046989194449,-0.9646034583018065,51.4333,92.55,0.896456,-0.443132,0.707107,-0.707107,0,0,0,1,0,0,0,0,0,0,0,0,0,0,1,0,0,0,-0.43666,0.55334,60.5246,143.12,92.55
20501,train,2021-04-27 10:04:00,2021-05-01 10:00:00,54.48667,-56.71,0.02333,-0.04333,3.8156,0.044408,-0.7331366608028571,0.6800813455659819,23.8667,72.0667,0.903946,-0.427646,0.5,-0.866025,0,0,0,1,0,0,0,0,0,0,0,0,0,0,1,0,0,0,-0.075,-0.21,15.927,238.51,72.0667
20501,train,2021-04-28 09:56:00,2021-05-01 21:32:00,54.51,-56.75333,-0.075,-0.21,15.927,0.06139,-0.852731344570089,-0.5223497429765694,72.0667,11.5333,0.896456,-0.443132,0.707107,-0.707107,0,0,0,1,0,0,0,0,0,0,0,0,0,0,1,0,0,0,0.05833,0.07666,8.1617,37.34,11.5333
20501,train,2021-05-01 10:00:00,2021-05-04 09:56:00,54.435,-56.96333,0.05833,0.07666,8.1617,0.196574,0.6065435977990361,0.7950502273246648,11.5333,60.4,0.872404,-0.488785,0.5,-0.866025,0,0,0,1,0,0,0,0,0,0,0,0,0,0,1,0,0,0,-0.19333,0.135,23.2057,157.82,60.4
20503,train,2021-04-27 10:04:00,2021-04-30 13:22:00,54.44667,-56.72333,-0.085,-0.07667,10.675,0.124244,-0.46530557300226283,-0.885150113671707,23.8667,51.4333,0.903946,-0.427646,0.5,-0.866025,0,0,0,1,0,0,0,0,0,0,0,0,0,0,1,0,0,0,-0.16,0.17,20.9359,148.12,51.4333
20503,train,2021-04-28 09:56:00,2021-05-04 09:56:00,54.36167,-56.8,-0.16,0.17,20.9359,0.113069,0.5281419555099545,-0.8491560956797762,51.4333,92.5667,0.896456,-0.443132,0.707107,-0.707107,0,0,0,1,0,0,0,0,0,0,0,0,0,0,1,0,0,0,-0.31667,0.06,35.4293,173.63,92.5667
20504,val,2021-04-27 10:04:00,2021-04-30 13:22:00,54.32167,-57.04333,-0.00334,-0.00167,0.3869,0.004503,-0.279996570077525,-0.9600010003874067,23.8667,51.4333,0.903946,-0.427646,0.5,-0.866025,0,0,0,1,0,0,0,0,0,0,0,0,0,0,1,0,0,0,-0.13666,0.265,22.963,131.33,51.4333
20504,val,2021-04-28 09:56:00,2021-05-04 09:56:00,54.31833,-57.045,-0.13666,0.265,22.963,0.124017,0.7509184544724025,-0.6603949384518164,51.4333,92.5667,0.896456,-0.443132,0.707107,-0.707107,0,0,0,1,0,0,0,0,0,0,0,0,0,0,1,0,0,0,-0.30167,0.16833,35.2997,161.79,92.5667
20505,train,2021-04-27 10:04:00,2021-05-04 09:56:00,54.31167,-57.04833,-0.41834,0.215,48.5834,0.125577,0.2900341409153706,-0.9570162992883052,107.4667,60.4,0.903946,-0.427646,0.5,-0.866025,0,0,0,1,0,0,0,0,0,0,0,0,0,0,1,0,0,0,0.10834,-0.14334,15.2682,322.15,60.4
20505,train,2021-05-01 21:32:00,2021-06-02 10:03:00,53.89333,-56.83333,0.10834,-0.14334,15.2682,0.070218,-0.6135963605161209,0.7896198492701223,60.4,696.1167,0.872404,-0.488785,-0.707107,0.707107,0,0,0,1,0,0,0,0,0,0,0,0,0,0,1,0,0,0,-0.215,0.19167,27.005,152.21,696.1167
20505,train,2021-05-04 09:56:00,2021-06-03 09:56:00,54.00167,-56.97667,-0.215,0.19167,27.005,0.010776,0.46623224473201996,-0.8846623615663446,696.1167,23.8833,0.846029,-0.533137,0.707107,-0.707107,0,0,0,1,0,0,0,0,0,0,0,0,0,0,1,0,0,0,0.02333,0.24833,16.5141,80.86,23.8833
20506,train,2021-04-27 10:04:00,2021-05-01 10:00:00,54.29667,-57.01333,0.00166,0.00166,0.2137,0.002487,0.5040754818229661,0.8636596022883926,23.8667,72.0667,0.903946,-0.427646,0.5,-0.866025,0,0,0,1,0,0,0,0,0,0,0,0,0,0,1,0,0,0,0.035,0.07334,6.1461,50.68,72.0667
20506,train,2021-04-28 09:56:00,2021-05-01 21:32:00,54.29833,-57.01167,0.035,0.07334,6.1461,0.02369,0.7736190709530248,0.6336509552251766,72.0667,11.5333,0.896456,-0.443132,0.707107,-0.707107,0,0,0,1,0,0,0,0,0,0,0,0,0,0,1,0,0,0,-0.02666,-0.14667,9.9635,252.75,11.5333
20506,train,2021-05-01 10:00:00,2021-05-04 09:56:00,54.33333,-56.93833,-0.02666,-0.14667,9.9635,0.23997,-0.9550199444571866,-0.29654157497557104,11.5333,60.4,0.872404,-0.488785,0.5,-0.866025,0,0,0,1,0,0,0,0,0,0,0,0,0,0,1,0,0,0,-0.27167,0.03333,30.2861,175.88,60.4
20506,train,2021-05-01 21:32:00,2021-05-10 09:56:00,54.30667,-57.085,-0.27167,0.03333,30.2861,0.139285,0.07184561248485832,-0.9974157648476766,60.4,144.0,0.872404,-0.488785,-0.707107,0.707107,0,0,0,1,0,0,0,0,0,0,0,0,0,0,0,0,1,0,-0.03,0.05667,4.9833,132.0,144.0
20506,train,2021-05-04 09:56:00,2021-05-28 15:53:00,54.035,-57.05167,-0.03,0.05667,4.9833,0.009613,0.7431448254773942,-0.6691306063588582,144.0,437.95,0.846029,-0.533137,0.707107,-0.707107,0,0,0,1,0,0,0,0,0,0,0,0,0,0,0,0,1,0,0.02833,0.68,44.5349,85.67,437.95
20507,train,2021-04-27 10:04:00,2021-05-01 21:32:00,54.265,-57.19833,0.00667,-0.06,3.9662,0.011484,-0.9822872507286886,0.18738131458572513,95.9333,11.5333,0.903946,-0.427646,0.5,-0.866025,0,0,0,1,0,0,0,0,0,0,0,0,0,0,1,0,0,0,0.0,0.0,0.0,0.0,11.5333
20507,train,2021-05-01 10:00:00,2021-05-04 09:56:00,54.27167,-57.25833,0.0,0.0,0.0,0.0,0.0,1.0,11.5333,60.4,0.872404,-0.488785,0.5,-0.866025,0,0,0,1,0,0,0,0,0,0,0,0,0,0,1,0,0,0,-0.21167,0.11666,24.7315,162.07,60.4
20509,train,2021-04-27 10:03:00,2021-05-09 10:03:00,56.335,-57.90667,-0.34167,0.46167,47.544,0.109933,0.6039037812533288,-0.7970572269215879,120.1333,167.8667,0.903946,-0.427646,0.5,-0.866025,0,0,0,1,0,0,0,0,0,0,0,0,0,0,0,0,1,0,-0.365,0.49,50.839,142.77,167.8667
20510,val,2021-04-29 21:49:00,2021-05-14 10:11:00,55.97333,-60.42833,-0.41666,1.0,77.844,0.075081,0.8078870374283973,-0.5893373692166205,288.0,60.3667,0.888701,-0.458487,-0.707107,0.707107,0,0,0,1,0,0,0,0,0,0,0,0,0,0,1,0,0,0,-0.26667,0.43,40.1938,137.36,60.3667
20511,test,2021-04-29 21:49:00,2021-05-14 10:11:00,56.245,-60.545,-0.31333,0.315,39.9468,0.183816,0.49120783469125595,-0.8710424003100697,60.3667,288.0,0.888701,-0.458487,-0.707107,0.707107,0,0,0,1,0,0,0,0,0,0,0,0,0,0,1,0,0,0,-0.40167,0.73667,64.2044,133.77,288.0
20513,train,2021-04-29 21:49:00,2021-05-05 20:39:00,56.12167,-59.65333,-0.265,0.48,41.9471,0.19302,0.71410623884275,-0.7000373416081896,60.3667,82.4667,0.888701,-0.458487,-0.707107,0.707107,0,0,0,1,0,0,0,0,0,0,0,0,0,0,0,0,1,0,-0.395,0.78333,65.9042,131.47,82.4667
20513,train,2021-05-02 10:11:00,2021-05-09 10:03:00,55.85667,-59.17333,-0.395,0.78333,65.9042,0.221989,0.7493025651538527,-0.6622278051047511,82.4667,85.4,0.863867,-0.50372,0.5,-0.866025,0,0,0,1,0,0,0,0,0,0,0,0,0,0,0,0,1,0,-0.35,0.16667,40.3238,164.76,85.4
20513,train,2021-05-05 20:39:00,2021-05-21 10:03:00,55.46167,-58.39,-0.35,0.16667,40.3238,0.13116,0.26286282329881205,-0.9648332167413068,85.4,288.0,0.836733,-0.547611,-0.866025,0.5,0,0,1,0,0,0,0,0,0,0,0,0,0,0,0,0,1,0,-0.63834,0.905,91.6732,140.37,288.0
20513,train,2021-05-09 10:03:00,2021-05-28 09:56:00,55.11167,-58.22333,-0.63834,0.905,91.6732,0.088419,0.6378273421440543,-0.770179382750182,288.0,167.8833,0.797102,-0.603845,0.5,-0.866025,0,0,0,1,0,0,0,0,0,0,0,0,0,0,0,0,1,0,-0.18,0.57666,42.3675,117.96,167.8833
20514,train,2021-04-29 21:49:00,2021-05-05 20:37:00,56.33667,-59.91,-0.42667,0.38167,53.014,0.243944,0.44869519828347176,-0.8936848544298801,60.3667,82.4333,0.888701,-0.458487,-0.707107,0.707107,0,0,0,1,0,0,0,0,0,0,0,0,0,0,1,0,0,0,-0.25,1.22166,81.284,109.49,82.4333
20514,train,2021-05-02 10:11:00,2021-05-09 10:03:00,55.91,-59.52833,-0.25,1.22166,81.284,0.273905,0.9426997370222254,-0.3336423321735822,82.4333,85.4333,0.863867,-0.50372,0.5,-0.866025,0,0,0,1,0,0,0,0,0,0,0,0,0,0,1,0,0,0,0.00833,1.02167,64.0839,88.75,85.4333
20515,train,2021-04-29 21:49:00,2021-05-05 20:36:00,56.36333,-59.95167,-0.425,0.39,53.0731,0.244217,0.4577187453816703,-0.8890970420186031,60.3667,82.4167,0.888701,-0.458487,-0.707107,0.707107,0,0,0,1,0,0,0,0,0,0,0,0,0,0,1,0,0,0,-0.21833,1.115,73.7457,108.76,82.4167
20515,train,2021-05-02 10:11:00,2021-05-09 10:03:00,55.93833,-59.56167,-0.21833,1.115,73.7457,0.248553,0.946874013302666,-0.3216047308919797,82.4167,85.45,0.863867,-0.50372,0.5,-0.866025,0,0,0,1,0,0,0,0,0,0,0,0,0,0,0,0,1,0,-0.02167,1.14334,71.666,91.45,85.45
20516,train,2021-04-29 21:49:00,2021-05-05 20:28:00,56.445,-59.92667,-0.43167,0.49667,56.9768,0.262179,0.5418549085794403,-0.8404720447750577,60.3667,82.2833,0.888701,-0.458487,-0.707107,0.707107,0,0,0,1,0,0,0,0,0,0,0,0,0,0,1,0,0,0,-0.18166,0.85167,56.7768,110.49,82.2833
20516,train,2021-05-02 10:11:00,2021-05-09 10:03:00,56.01333,-59.43,-0.18166,0.85167,56.7768,0.191671,0.9367332977004318,-0.35004389578919143,82.2833,85.5833,0.863867,-0.50372,0.5,-0.866025,0,0,0,1,0,0,0,0,0,0,0,0,0,0,0,0,1,0,-0.14334,1.23666,78.9951,101.13,85.5833
20517,train,2021-04-29 21:49:00,2021-05-06 21:41:00,56.105,-59.99667,-0.43333,0.735,66.5008,0.306004,0.6930244535631981,-0.720914077240437,60.3667,107.5,0.888701,-0.458487,-0.707107,0.707107,0,0,0,1,0,0,0,0,0,0,0,0,0,0,0,0,1,0,-0.41834,0.48334,55.6082,146.57,107.5
20517,train,2021-05-02 10:11:00,2021-05-09 10:03:00,55.67167,-59.26167,-0.41834,0.48334,55.6082,0.14369,0.5509177899253295,-0.8345595177959392,107.5,60.3667,0.863867,-0.50372,0.5,-0.866025,0,0,0,1,0,0,0,0,0,0,0,0,0,0,0,0,1,0,-0.025,0.14333,9.5022,106.95,60.3667
20517,train,2021-05-06 21:41:00,2021-05-15 10:15:00,55.25333,-58.77833,-0.025,0.14333,9.5022,0.043724,0.9565595342411698,-0.2915370601695713,60.3667,144.2,0.827189,-0.561923,-0.707107,0.707107,0,0,0,1,0,0,0,0,0,0,0,0,0,0,0,0,1,0,0.02,0.19833,12.7691,79.89,144.2
20517,train,2021-05-09 10:03:00,2021-05-21 10:03:00,55.22833,-58.635,0.02,0.19833,12.7691,0.024598,0.9844725577120637,0.17553855163999582,144.2,143.8,0.797102,-0.603845,0.5,-0.866025,0,0,0,1,0,0,0,0,0,0,0,0,0,0,1,0,0,0,-0.35,0.66834,57.662,132.17,143.8
20517,train,2021-05-15 10:15:00,2021-05-28 09:56:00,55.24833,-58.43667,-0.35,0.66834,57.662,0.111385,0.7411562068009024,-0.6713326128831356,143.8,167.8833,0.730644,-0.682758,0.5,-0.866025,0,0,0,1,0,0,0,0,0,0,0,0,0,0,0,0,1,0,-0.445,1.03833,83.0949,126.12,167.8833
20518,test,2021-04-29 21:49:00,2021-05-06 21:41:00,56.325,-60.14333,-0.49167,0.47833,62.2083,0.120015,0.48022349744318893,-0.8771461637055887,143.9833,23.8833,0.888701,-0.458487,-0.707107,0.707107,0,0,0,1,0,0,0,0,0,0,0,0,0,0,1,0,0,0,-0.225,0.17333,27.2723,156.47,23.8833
20518,test,2021-05-05 21:48:00,2021-05-09 10:03:00,55.83333,-59.665,-0.225,0.17333,27.2723,0.317194,0.39922918577574457,-0.9168511641617935,23.8833,60.3667,0.836733,-0.547611,-0.707107,0.707107,0,0,0,1,0,0,0,0,0,0,0,0,0,0,0,0,1,0,-0.38,0.66167,59.407,135.06,60.3667
20518,test,2021-05-06 21:41:00,2021-05-11 10:16:00,55.60833,-59.49167,-0.38,0.66167,59.407,0.273362,0.7063659131175501,-0.7078468738262602,60.3667,48.2167,0.827189,-0.561923,-0.707107,0.707107,0,0,0,1,0,0,0,0,0,0,0,0,0,0,1,0,0,0,0.02334,0.03833,3.5553,43.1,48.2167
20518,test,2021-05-09 10:03:00,2021-05-14 10:11:00,55.22833,-58.83,0.02334,0.03833,3.5553,0.020482,0.6832737736807991,0.7301622766207523,48.2167,71.9167,0.797102,-0.603845,0.5,-0.866025,0,0,0,1,0,0,0,0,0,0,0,0,0,0,1,0,0,0,-0.02334,0.155,10.1634,104.73,71.9167
20518,test,2021-05-11 10:16:00,2021-05-15 10:15:00,55.25167,-58.79167,-0.02334,0.155,10.1634,0.039256,0.9671347528418948,-0.2542643699881036,71.9167,24.0667,0.775859,-0.630907,0.5,-0.866025,0,0,0,1,0,0,0,0,0,0,0,0,0,0,1,0,0,0,0.0,0.0,0.0,0.0,24.0667
20518,test,2021-05-14 10:11:00,2021-05-21 10:03:00,55.22833,-58.63667,0.0,0.0,0.0,0.0,0.0,1.0,24.0667,143.8,0.742281,-0.670089,0.5,-0.866025,0,0,0,1,0,0,0,0,0,0,0,0,0,0,1,0,0,0,-0.45666,1.34834,99.8657,120.01,143.8
20518,test,2021-05-15 10:15:00,2021-05-28 09:56:00,55.22833,-58.63667,-0.45666,1.34834,99.8657,0.19291,0.8659381241319607,-0.5001511423308168,143.8,167.8833,0.730644,-0.682758,0.5,-0.866025,0,0,0,1,0,0,0,0,0,0,0,0,0,0,0,0,1,0,-0.51834,0.575,68.5537,146.98,167.8833
20518,test,2021-05-21 10:03:00,2021-06-02 10:03:00,54.77167,-57.28833,-0.51834,0.575,68.5537,0.113428,0.5449317530827793,-0.8384804019666344,167.8833,120.1167,0.656411,-0.754404,0.5,-0.866025,0,0,0,1,0,0,0,0,0,0,0,0,0,0,1,0,0,0,-0.67666,1.03,101.0506,137.71,120.1167
20518,test,2021-05-28 09:56:00,2021-06-09 09:55:00,54.25333,-56.71333,-0.67666,1.03,101.0506,0.233686,0.6728834132812869,-0.7397485465554663,120.1167,167.8667,0.561034,-0.827793,0.707107,-0.707107,0,0,0,1,0,0,0,0,0,0,0,0,0,0,1,0,0,0,-0.54167,0.17833,61.3853,168.8,167.8667
20518,test,2021-06-02 10:03:00,2021-06-09 21:21:00,53.57667,-55.68333,-0.54167,0.17833,61.3853,0.101578,0.19423435121997193,-0.9809551553491915,167.8667,11.4333,0.487847,-0.872929,0.5,-0.866025,0,0,0,1,0,0,0,0,0,0,0,0,0,0,1,0,0,0,-0.16167,0.045,18.2279,170.46,11.4333
20518,test,2021-06-09 09:55:00,2021-06-22 17:47:00,53.035,-55.505,-0.16167,0.045,18.2279,0.442854,0.16573612282811967,-0.9861701362289889,11.4333,308.4333,0.379453,-0.925211,0.707107,-0.707107,0,0,0,1,0,0,0,0,0,0,0,0,0,0,1,0,0,0,-1.015,-0.59333,119.8361,199.88,308.4333
20519,train,2021-04-29 21:49:00,2021-05-07 10:19:00,56.34,-60.225,-0.465,0.52667,61.1547,0.117982,0.5372996083468238,-0.8433914458128857,143.9833,36.5167,0.888701,-0.458487,-0.707107,0.707107,0,0,0,1,0,0,0,0,0,0,0,0,0,0,1,0,0,0,-0.24833,0.23666,31.334,151.7,36.5167
20521,train,2021-04-29 21:49:00,2021-05-05 20:26:00,56.445,-60.215,-0.33833,0.51667,49.3221,0.226956,0.6495807543153658,-0.7602926039513211,60.3667,82.25,0.888701,-0.458487,-0.707107,0.707107,0,0,0,1,0,0,0,0,0,0,0,0,0,0,1,0,0,0,-0.30334,1.07166,74.7538,116.38,82.25
20521,train,2021-05-02 10:11:00,2021-05-09 10:03:00,56.10667,-59.69833,-0.30334,1.07166,74.7538,0.252461,0.89586691262332,-0.44432248971525257,82.25,85.6167,0.863867,-0.50372,0.5,-0.866025,0,0,0,1,0,0,0,0,0,0,0,0,0,0,1,0,0,0,-0.08,0.20834,15.78,124.23,85.6167
20521,train,2021-05-05 20:26:00,2021-05-14 10:11:00,55.80333,-58.62667,-0.08,0.20834,15.78,0.051197,0.8267861547451667,-0.5625163591591814,85.6167,120.1333,0.836733,-0.547611,-0.866025,0.5,0,0,0,0,0,1,0,0,0,0,0,0,0,0,0,0,1,0,-0.31833,0.92666,68.1754,120.9,120.1333
20524,train,2021-04-30 10:27:00,2021-05-19 15:59:00,59.88167,-59.42333,-0.16,-1.62334,92.5183,0.080888,-0.9836344239584563,-0.18017580304778918,317.7167,143.8167,0.880683,-0.473706,0.5,-0.866025,0,0,0,1,0,0,0,0,0,0,0,0,0,0,1,0,0,0,0.01666,0.20834,11.8236,80.9,143.8167
20525,train,2021-04-30 10:27:00,2021-05-19 15:59:00,59.98333,-60.705,-0.23333,-0.68167,46.0549,0.040261,-0.829135157500775,-0.5590482006018487,317.75,143.7833,0.880683,-0.473706,0.5,-0.866025,0,0,0,1,0,0,0,0,0,0,0,0,0,0,1,0,0,0,0.02333,0.28167,15.9847,80.54,143.7833
20525,train,2021-05-13 16:12:00,2021-05-31 15:26:00,59.75,-61.38667,0.02333,0.28167,15.9847,0.030881,0.9864005861418533,0.1643590084510375,143.7833,287.45,0.753698,-0.657221,-0.866025,-0.5,0,1,0,0,0,0,0,0,0,0,0,0,0,1,0,0,0,0,-1.22,0.985,146.8124,157.09,287.45
20526,train,2021-04-30 10:27:00,2021-05-13 16:07:00,59.86833,-60.40667,0.005,-0.90833,50.7006,0.109628,-0.9998415422032161,0.01780141805291314,128.4667,189.2,0.880683,-0.473706,0.5,-0.866025,0,0,0,1,0,0,0,0,0,0,0,0,0,0,0,0,1,0,-0.40166,0.225,46.4148,164.11,189.2
20526,train,2021-05-05 18:55:00,2021-05-19 15:36:00,59.87333,-61.315,-0.40166,0.225,46.4148,0.068145,0.2737913589966061,-0.9617891098046346,189.2,143.4833,0.836733,-0.547611,-1.0,-0.0,0,0,0,0,0,0,0,1,0,0,0,0,0,0,0,0,1,0,-0.14667,-0.105,17.3582,200.07,143.4833
20526,train,2021-05-13 16:07:00,2021-05-29 15:36:00,59.47167,-61.09,-0.14667,-0.105,17.3582,0.033605,-0.343167938899388,-0.9392740631527872,143.4833,240.0,0.753698,-0.657221,-0.866025,-0.5,0,0,0,0,0,1,0,0,0,0,0,0,1,0,0,0,0,0,-0.9,-0.58333,105.5416,198.77,240.0
20527,train,2021-04-30 10:27:00,2021-05-26 10:11:00,58.825,-60.70833,-1.76,-0.19167,196.0295,0.151341,-0.05913214695634007,-0.9982501636345139,359.8,263.9333,0.880683,-0.473706,0.5,-0.866025,0,0,0,1,0,0,0,0,0,0,0,0,0,0,1,0,0,0,-1.12,1.13167,142.5868,150.38,263.9333
20527,train,2021-05-15 10:15:00,2021-06-02 10:03:00,57.065,-60.9,-1.12,1.13167,142.5868,0.150066,0.4942453474723934,-0.8693224582983539,263.9333,167.8667,0.730644,-0.682758,0.5,-0.866025,0,0,0,1,0,0,0,0,0,0,0,0,0,0,1,0,0,0,-0.82167,1.28333,121.9351,138.0,167.8667
20531,train,2021-04-30 10:27:00,2021-05-13 16:45:00,59.06667,-61.53667,0.12666,-0.405,27.0604,0.104691,-0.8522751837888445,0.5230936924659781,71.8,246.5,0.880683,-0.473706,0.5,-0.866025,0,0,0,1,0,0,0,0,0,0,0,0,0,1,0,0,0,0,-0.135,-0.985,58.1738,255.47,246.5
20531,train,2021-05-03 10:15:00,2021-05-19 15:36:00,59.19333,-61.94167,-0.135,-0.985,58.1738,0.065555,-0.9680164090089575,-0.2508868906288305,246.5,142.85,0.855075,-0.518505,0.5,-0.866025,0,0,0,1,0,0,0,0,0,0,0,0,0,1,0,0,0,0,-0.14333,0.02834,16.0201,174.17,142.85
20531,train,2021-05-13 16:45:00,2021-05-19 20:29:00,59.05833,-62.92667,-0.14333,0.02834,16.0201,0.031152,0.10157720162757529,-0.99482765950164,142.85,4.8833,0.753698,-0.657221,-0.866025,-0.5,0,0,0,0,0,1,0,0,0,0,0,0,0,1,0,0,0,0,-0.01,0.11333,6.6016,99.65,4.8833
20531,train,2021-05-19 15:36:00,2021-05-29 15:36:00,58.915,-62.89833,-0.01,0.11333,6.6016,0.37552,0.9858501284635585,-0.16762912696898866,4.8833,235.1167,0.681972,-0.731378,-0.707107,-0.707107,0,0,0,0,0,1,0,0,0,0,0,0,0,0,0,0,0,1,0.3,0.225,35.7532,20.99,235.1167
20533,train,2021-04-30 10:27:00,2021-05-13 16:31:00,60.045,-61.56333,-0.12,-0.625,37.2368,0.080432,-0.9352588236142733,-0.3539645926524936,128.6,189.4667,0.880683,-0.473706,0.5,-0.866025,0,0,0,1,0,0,0,0,0,0,0,0,0,0,1,0,0,0,-0.19,-0.85334,52.1571,246.47,189.4667
20533,train,2021-05-05 19:03:00,2021-05-19 20:17:00,59.925,-62.18833,-0.19,-0.85334,52.1571,0.076468,-0.9168511641617934,-0.399229185775745,189.4667,147.7667,0.836733,-0.547611,-0.965926,0.258819,0,0,0,0,0,0,0,1,0,0,0,0,0,0,0,0,1,0,0.165,0.01834,18.3758,3.19,147.7667
20533,train,2021-05-13 16:31:00,2021-05-24 10:27:00,59.735,-63.04167,0.165,0.01834,18.3758,0.034544,0.05564724335662734,0.9984504916653646,147.7667,110.1667,0.753698,-0.657221,-0.866025,-0.5,0,0,0,0,0,1,0,0,0,0,0,0,0,0,0,0,1,0,-0.23333,-0.62167,43.3985,233.55,110.1667
20537,train,2021-04-30 10:27:00,2021-05-19 20:13:00,60.09333,-63.31667,-0.17333,-0.445,31.358,0.072517,-0.7909032297134245,-0.6119412400131847,120.1167,345.65,0.880683,-0.473706,0.5,-0.866025,0,0,0,1,0,0,0,0,0,0,0,0,0,0,1,0,0,0,0.06333,0.13167,10.1654,46.1,345.65
20537,train,2021-05-05 10:34:00,2021-05-24 10:27:00,59.92,-63.76167,0.06333,0.13167,10.1654,0.008169,0.7205511116803304,0.693401828275813,345.65,110.2333,0.836733,-0.547611,0.5,-0.866025,0,0,0,1,0,0,0,0,0,0,0,0,0,0,1,0,0,0,-0.30166,0.03333,33.5947,176.81,110.2333
20538,test,2021-04-30 10:27:00,2021-05-19 16:02:00,59.72333,-61.42167,-0.13166,-0.84833,49.8502,0.043559,-0.9577723263849826,-0.28752768703395926,317.9,143.6833,0.880683,-0.473706,0.5,-0.866025,0,0,0,1,0,0,0,0,0,0,0,0,0,0,1,0,0,0,0.48,0.49,59.9869,26.95,143.6833
20538,test,2021-05-13 16:21:00,2021-05-24 10:27:00,59.59167,-62.27,0.48,0.49,59.9869,0.11597,0.45321277709628727,0.8914023663176305,143.6833,114.4167,0.753698,-0.657221,-0.866025,-0.5,0,0,0,0,0,0,0,1,0,0,0,0,0,1,0,0,0,0,-0.48334,0.55667,62.0982,149.7,114.4167
20538,test,2021-05-19 16:02:00,2021-05-29 15:36:00,60.07167,-61.78,-0.48334,0.55667,62.0982,0.15076,0.5045276238150194,-0.8633955506067716,114.4167,125.15,0.681972,-0.731378,-0.866025,-0.5,0,0,0,0,0,1,0,0,0,0,0,0,0,0,1,0,0,0,-0.56166,-0.96334,83.0043,221.62,125.15
20538,test,2021-05-24 10:27:00,2021-05-31 15:26:00,59.58833,-61.22333,-0.56166,-0.96334,83.0043,0.184233,-0.6641872029746295,-0.7475662909767523,125.15,47.8333,0.616621,-0.78726,0.5,-0.866025,0,0,0,1,0,0,0,0,0,0,0,0,0,0,1,0,0,0,-0.07834,-0.14,11.8411,222.7,47.8333
20540,train,2021-04-30 10:27:00,2021-05-03 10:15:00,58.91333,-62.895,0.0,0.00167,0.0959,0.001104,1.0,6.123233995736766e-17,24.1167,47.6833,0.880683,-0.473706,0.5,-0.866025,0,0,0,1,0,0,0,0,0,0,0,0,0,0,1,0,0,0,-0.005,0.07,4.0575,97.85,47.6833
20544,train,2021-04-30 10:27:00,2021-05-26 10:11:00,59.15833,-60.54167,-2.09166,-0.35833,233.5315,0.112621,-0.0927181553005,-0.995692394104561,576.0,47.7333,0.880683,-0.473706,0.5,-0.866025,0,0,0,1,0,0,0,0,0,0,0,0,0,0,1,0,0,0,-0.46167,0.37,56.0521,156.17,47.7333
20544,train,2021-05-24 10:27:00,2021-06-02 10:03:00,57.06667,-60.9,-0.46167,0.37,56.0521,0.326187,0.4040243127751925,-0.9147482466157196,47.7333,167.8667,0.616621,-0.78726,0.5,-0.866025,0,0,0,1,0,0,0,0,0,0,0,0,0,0,1,0,0,0,-1.045,1.79667,161.0155,135.44,167.8667
20545,train,2021-04-30 10:27:00,2021-05-17 21:49:00,59.11833,-60.84333,-1.245,-0.67667,143.911,0.124962,-0.277985336052978,-0.9605853178867106,319.9,99.4667,0.880683,-0.473706,0.5,-0.866025,0,0,0,1,0,0,0,0,0,0,0,0,0,0,1,0,0,0,0.005,-0.005,0.6297,332.0,99.4667
20546,train,2021-04-30 10:27:00,2021-05-19 15:36:00,59.155,-61.39,-0.73333,-1.11833,103.9281,0.090408,-0.6266038113644604,-0.7793379649314742,319.3167,141.8333,0.880683,-0.473706,0.5,-0.866025,0,0,0,1,0,0,0,0,0,0,0,0,0,0,1,0,0,0,-0.00334,-0.00334,0.4192,207.64,141.8333
20546,train,2021-05-13 17:46:00,2021-05-29 15:36:00,58.42167,-62.50833,-0.00334,-0.00334,0.4192,0.000821,-0.4639146089791967,-0.885879921646088,141.8333,240.0,0.753698,-0.657221,-0.965926,-0.258819,0,0,0,0,0,0,1,0,0,0,0,0,0,1,0,0,0,0,-0.54833,0.99834,84.5574,135.72,240.0
20554,test,2021-04-30 10:27:00,2021-05-13 18:10:00,58.71333,-61.57667,-0.03,-0.23,13.6996,0.157793,-0.9703379348334419,-0.24175254336443094,24.1167,295.6,0.880683,-0.473706,0.5,-0.866025,0,0,0,1,0,0,0,0,0,0,0,0,0,0,0,0,0,1,-0.865,0.38167,98.7417,166.77,295.6
20555,train,2021-04-30 10:27:00,2021-05-29 15:36:00,59.38333,-60.52167,-0.95666,-1.79833,148.2509,0.128992,-0.7061187849173315,-0.708093398914911,319.25,381.9,0.880683,-0.473706,0.5,-0.866025,0,0,0,1,0,0,0,0,0,0,0,0,0,0,0,0,1,0,-0.11167,0.23333,18.4204,132.28,381.9
20558,train,2021-04-30 10:27:00,2021-05-07 10:19:00,58.305,-61.03,-0.345,-0.38333,44.4755,0.172065,-0.5084403804536227,-0.8610971951668264,71.8,96.0667,0.880683,-0.473706,0.5,-0.866025,0,0,0,1,0,0,0,0,0,0,0,0,0,0,1,0,0,0,-0.44833,0.14666,50.6064,170.03,96.0667
20559,test,2021-04-30 13:22:00,2021-05-01 21:32:00,54.88667,-57.49667,0.0,0.01667,1.0662,0.014354,0.9999999847691291,0.00017453292431338717,20.6333,11.5333,0.880683,-0.473706,-0.258819,-0.965926,0,0,0,1,0,0,0,0,0,0,0,0,0,0,0,0,1,0,-0.00167,0.0,0.1857,180.0,11.5333
20559,test,2021-05-01 10:00:00,2021-05-04 09:56:00,54.88667,-57.48,-0.00167,0.0,0.1857,0.004472,1.2246467991473532e-16,-1.0,11.5333,60.4,0.872404,-0.488785,0.5,-0.866025,0,0,0,1,0,0,0,0,0,0,0,0,0,0,1,0,0,0,-0.47,0.56167,63.5368,145.11,60.4
20577,train,2021-05-01 10:00:00,2021-05-09 10:03:00,57.15333,-58.35167,-0.205,-0.32,29.9023,0.344417,-0.6490498116908973,-0.7607459115526095,24.1167,167.9333,0.872404,-0.488785,0.5,-0.866025,0,0,0,1,0,0,0,0,0,0,0,0,0,0,1,0,0,0,-0.80666,0.56167,96.0768,158.77,167.9333
20577,train,2021-05-02 10:07:00,2021-05-14 10:11:00,56.94833,-58.67167,-0.80666,0.56167,96.0768,0.15892,0.36211268408985076,-0.9321343272411139,167.9333,120.1333,0.863867,-0.50372,0.5,-0.866025,0,0,0,1,0,0,0,0,0,0,0,0,0,0,1,0,0,0,-0.23667,0.03,26.3825,175.94,120.1333
20578,test,2021-05-01 10:00:00,2021-05-09 10:03:00,56.73333,-58.70833,0.215,0.03833,24.0203,0.275905,0.09671436296578402,0.9953121781612654,24.1833,167.8667,0.872404,-0.488785,0.5,-0.866025,0,0,0,1,0,0,0,0,0,0,0,0,0,0,1,0,0,0,-0.11333,0.34833,24.6253,120.63,167.8667
20580,train,2021-05-01 10:00:00,2021-05-05 09:48:00,55.03333,-55.715,-0.175,0.59833,42.8814,0.165629,0.8930574868074332,-0.44994257995569975,71.9167,23.8833,0.872404,-0.488785,0.5,-0.866025,0,0,0,1,0,0,0,0,0,0,0,0,0,0,1,0,0,0,-0.06333,0.33167,22.3815,108.2,23.8833
20580,train,2021-05-04 09:55:00,2021-05-16 09:56:00,54.85833,-55.11667,-0.06333,0.33167,22.3815,0.26031,0.9499720515246526,-0.3123349185122325,23.8833,264.1333,0.846029,-0.533137,0.707107,-0.707107,0,0,0,1,0,0,0,0,0,0,0,0,0,0,1,0,0,0,-0.59,-1.06667,95.1187,226.83,264.1333
20581,train,2021-05-01 10:00:00,2021-05-05 16:22:00,55.02667,-55.78167,-0.17667,0.69667,48.6439,0.187887,0.9168511641617935,-0.39922918577574457,71.9167,30.45,0.872404,-0.488785,0.5,-0.866025,0,0,0,1,0,0,0,0,0,0,0,0,0,0,1,0,0,0,0.01667,0.36333,23.3282,85.29,30.45
20585,test,2021-05-01 21:32:00,2021-05-10 09:56:00,55.065,-57.65167,-0.47667,0.75834,71.8939,0.208606,0.6795693539319416,-0.7336112684497993,95.7333,108.6667,0.872404,-0.488785,-0.707107,0.707107,0,0,0,1,0,0,0,0,0,0,0,0,0,0,0,0,1,0,-0.395,0.05833,44.084,175.06,108.6667
20586,train,2021-05-01 21:32:00,2021-05-10 09:56:00,54.94667,-57.82833,-0.285,0.86666,63.948,0.185615,0.8716418736727571,-0.49014328931471185,95.7,108.7,0.872404,-0.488785,-0.707107,0.707107,0,0,0,1,0,0,0,0,0,0,0,0,0,0,0,0,1,0,-0.00167,-0.005,0.3713,240.0,108.7
20586,train,2021-05-05 21:14:00,2021-05-16 09:56:00,54.66167,-56.96167,-0.00167,-0.005,0.3713,0.000949,-0.8660254037844385,-0.5000000000000004,108.7,144.0,0.836733,-0.547611,-0.707107,0.707107,0,0,0,1,0,0,0,0,0,0,0,0,0,0,1,0,0,0,-0.36667,0.23834,43.5828,159.21,144.0
20587,train,2021-05-02 10:11:00,2021-05-09 10:03:00,56.265,-59.12833,-0.33167,0.54,49.817,0.168346,0.6752040775140258,-0.7376309739350928,82.2,85.6667,0.863867,-0.50372,0.5,-0.866025,0,0,0,1,0,0,0,0,0,0,0,0,0,0,1,0,0,0,0.18834,0.545,39.8161,58.04,85.6667
20587,train,2021-05-05 20:23:00,2021-05-14 10:11:00,55.93333,-58.58833,0.18834,0.545,39.8161,0.129105,0.8484178428994289,0.529327085883464,85.6667,120.1333,0.836733,-0.547611,-0.866025,0.5,0,0,0,0,0,1,0,0,0,0,0,0,0,0,0,0,1,0,-0.315,0.26666,38.7592,154.54,120.1333
20588,test,2021-05-02 10:11:00,2021-05-09 10:03:00,55.95667,-58.69667,-0.06834,0.26667,18.2699,0.061714,0.9101782790052039,-0.41421673122548447,82.2333,85.6333,0.863867,-0.50372,0.5,-0.866025,0,0,0,1,0,0,0,0,0,0,0,0,0,0,1,0,0,0,0.20834,0.48667,38.1149,52.37,85.6333
20588,test,2021-05-05 20:25:00,2021-05-14 10:11:00,55.88833,-58.43,0.20834,0.48667,38.1149,0.123637,0.7919700635036826,0.6105599221321139,85.6333,120.1333,0.836733,-0.547611,-0.866025,0.5,0,0,0,0,0,1,0,0,0,0,0,0,0,0,0,0,1,0,-0.305,0.39333,41.8336,144.0,120.1333
20589,val,2021-05-02 10:11:00,2021-05-09 10:03:00,55.30167,-58.87167,-0.18667,0.52834,39.4276,0.10188,0.8521838737361154,-0.5232424345789517,107.5,60.3667,0.863867,-0.50372,0.5,-0.866025,0,0,0,1,0,0,0,0,0,0,0,0,0,0,0,0,1,0,-0.00167,0.0,0.1857,180.0,60.3667
20589,val,2021-05-06 21:41:00,2021-06-02 10:03:00,55.115,-58.34333,-0.00167,0.0,0.1857,0.000854,1.2246467991473532e-16,-1.0,60.3667,576.0,0.827189,-0.561923,-0.707107,0.707107,0,0,0,1,0,0,0,0,0,0,0,0,0,0,0,0,1,0,-0.175,0.075,20.0377,166.17,576.0
20590,train,2021-05-02 10:11:00,2021-05-21 10:03:00,55.325,-58.90667,-0.25,0.85334,60.871,0.100727,0.892428378123718,-0.45118908444184475,167.8667,288.0,0.863867,-0.50372,0.5,-0.866025,0,0,0,1,0,0,0,0,0,0,0,0,0,0,0,0,1,0,-0.11667,0.28,22.0668,125.89,288.0
20590,train,2021-05-09 10:03:00,2021-05-28 09:55:00,55.075,-58.05333,-0.11667,0.28,22.0668,0.021284,0.8101439693903139,-0.586230968868505,288.0,167.8667,0.797102,-0.603845,0.5,-0.866025,0,0,0,1,0,0,0,0,0,0,0,0,0,0,0,0,1,0,-0.33666,0.81333,64.1897,125.34,167.8667
20590,train,2021-05-21 10:03:00,2021-05-28 16:05:00,54.95833,-57.77333,-0.33666,0.81333,64.1897,0.106218,0.8157339704990273,-0.5784272550406767,167.8667,6.1667,0.656411,-0.754404,0.5,-0.866025,0,0,0,1,0,0,0,0,0,0,0,0,0,0,1,0,0,0,-0.10834,0.06,12.6526,162.18,6.1667
20590,train,2021-05-28 09:55:00,2021-06-03 09:56:00,54.62167,-56.96,-0.10834,0.06,12.6526,0.569935,0.3060276421885006,-0.9520226269456766,6.1667,137.85,0.561034,-0.827793,0.707107,-0.707107,0,0,0,1,0,0,0,0,0,0,0,0,0,0,1,0,0,0,-0.81166,1.00333,111.4586,143.66,137.85
20591,train,2021-05-02 10:11:00,2021-05-09 10:03:00,56.09667,-59.30667,-0.46,0.815,72.1247,0.24304,0.7092016936773764,-0.7050056437257369,82.4333,85.4333,0.863867,-0.50372,0.5,-0.866025,0,0,0,1,0,0,0,0,0,0,0,0,0,0,0,0,1,0,0.10666,0.1,13.4144,27.81,85.4333
20591,train,2021-05-05 20:37:00,2021-05-14 10:11:00,55.63667,-58.49167,0.10666,0.1,13.4144,0.043615,0.4665410217408127,0.8844995619179461,85.4333,120.1333,0.836733,-0.547611,-0.866025,0.5,0,0,1,0,0,0,0,0,0,0,0,0,0,0,1,0,0,0,-0.31666,1.00334,72.2195,118.77,120.1333
20592,train,2021-05-02 10:11:00,2021-05-09 10:03:00,56.08,-59.015,-0.24,0.465,39.3686,0.132984,0.7375131173581739,-0.6753328081210244,82.2333,85.6333,0.863867,-0.50372,0.5,-0.866025,0,0,0,1,0,0,0,0,0,0,0,0,0,0,1,0,0,0,-0.05667,0.55167,35.0406,100.13,85.6333
20593,train,2021-05-02 10:11:00,2021-05-06 21:41:00,56.31333,-59.45333,-0.37166,0.305,45.4442,0.153632,0.41802563202558396,-0.9084352321269861,82.1667,25.3333,0.863867,-0.50372,0.5,-0.866025,0,0,0,1,0,0,0,0,0,0,0,0,0,0,1,0,0,0,-0.28,0.26,35.1199,152.33,25.3333
20593,train,2021-05-05 20:21:00,2021-05-09 10:03:00,55.94167,-59.14833,-0.28,0.26,35.1199,0.385086,0.464378391007893,-0.8856368951014408,25.3333,60.3667,0.836733,-0.547611,-0.866025,0.5,0,0,0,0,0,1,0,0,0,0,0,0,0,0,0,0,1,0,0.05166,0.41333,26.5372,77.33,60.3667
20593,train,2021-05-06 21:41:00,2021-05-14 10:11:00,55.66167,-58.88833,0.05166,0.41333,26.5372,0.122111,0.975649521419852,0.21933538554737106,60.3667,120.1333,0.827189,-0.561923,-0.707107,0.707107,0,0,0,1,0,0,0,0,0,0,0,0,0,0,0,0,1,0,-0.36666,0.34833,46.2904,151.59,120.1333
20596,train,2021-05-04 09:56:00,2021-05-28 15:45:00,53.93,-57.095,0.54333,0.265,62.826,0.042761,0.2726161078876727,0.9621228911735635,408.1167,173.7,0.846029,-0.533137,0.707107,-0.707107,0,0,0,1,0,0,0,0,0,0,0,0,0,0,1,0,0,0,-0.55666,0.54333,71.2777,150.05,173.7
20601,train,2021-05-04 09:55:00,2021-05-16 15:58:00,55.155,-55.57167,-0.24167,0.60667,47.0816,0.42856,0.823631592193872,-0.5671252069342246,30.5167,263.5333,0.846029,-0.533137,0.707107,-0.707107,0,0,0,1,0,0,0,0,0,0,0,0,0,0,0,0,1,0,-0.42833,-0.935,76.6669,231.98,263.5333
20601,train,2021-05-05 16:26:00,2021-05-28 17:59:00,54.91333,-54.965,-0.42833,-0.935,76.6669,0.080811,-0.7877957992062835,-0.6159365054556623,263.5333,290.0167,0.836733,-0.547611,-0.866025,-0.5,0,0,0,1,0,0,0,0,0,0,0,1,0,0,0,0,0,0,-0.71667,1.17667,110.582,135.63,290.0167
20601,train,2021-05-16 15:58:00,2021-06-21 09:56:00,54.485,-55.9,-0.71667,1.17667,110.582,0.105915,0.6992891476018684,-0.7148389245461192,290.0167,567.95,0.718792,-0.695225,-0.707107,-0.707107,0,0,0,1,0,0,0,0,0,0,0,0,0,0,0,0,1,0,-0.32166,-0.06834,36.05,187.21,567.95
20612,train,2021-05-04 09:55:00,2021-05-10 09:56:00,54.63833,-56.77667,-0.13666,-0.05833,15.6542,0.122836,-0.24056687180899153,-0.9706325670345274,35.4,108.6167,0.846029,-0.533137,0.707107,-0.707107,0,0,0,1,0,0,0,0,0,0,0,0,0,0,0,0,1,0,-0.38834,0.17667,44.6766,165.06,108.6167
20613,val,2021-05-04 09:55:00,2021-05-10 09:56:00,54.64,-56.82333,-0.17833,0.09833,20.8187,0.16313,0.30519672929758357,-0.9522893239063732,35.45,108.5667,0.846029,-0.533137,0.707107,-0.707107,0,0,0,1,0,0,0,0,0,0,0,0,0,0,1,0,0,0,0.00166,-0.00333,0.2835,310.62,108.5667
20615,train,2021-05-04 09:55:00,2021-05-10 09:56:00,54.58833,-56.89667,-0.045,0.05334,6.0714,0.047686,0.5666938767204175,-0.8239284253426291,35.3667,108.65,0.846029,-0.533137,0.707107,-0.707107,0,0,0,1,0,0,0,0,0,0,0,0,0,0,0,0,1,0,-0.25,0.11666,28.8052,164.76,108.65
20618,train,2021-05-05 18:58:00,2021-05-19 16:01:00,59.99,-61.58667,-0.18333,0.18667,22.8896,0.033588,0.45601095910162387,-0.8899741598379232,189.3,143.75,0.836733,-0.547611,-1.0,-0.0,0,0,0,0,0,0,0,0,1,0,0,0,1,0,0,0,0,0,0.17666,0.31333,26.292,41.52,143.75
20618,train,2021-05-13 16:16:00,2021-05-31 15:26:00,59.80667,-61.4,0.17666,0.31333,26.292,0.050806,0.6628814427068952,0.7487243771340861,143.75,287.4167,0.753698,-0.657221,-0.866025,-0.5,0,0,0,0,0,1,0,0,0,0,0,0,1,0,0,0,0,0,-0.88833,-0.08666,98.8985,182.87,287.4167
20619,val,2021-05-05 20:45:00,2021-05-21 10:03:00,55.075,-58.05167,-0.30667,0.76667,59.6912,0.064035,0.8239284253426294,-0.5666938767204169,258.9333,114.3667,0.836733,-0.547611,-0.866025,0.5,0,1,0,0,0,0,0,0,0,0,0,0,0,0,0,0,0,1,-0.19833,0.42833,35.2841,128.51,114.3667
20619,val,2021-05-16 15:41:00,2021-05-28 09:55:00,54.76833,-57.285,-0.19833,0.42833,35.2841,0.085699,0.78249949563265,-0.6226512180463862,114.3667,167.8667,0.718792,-0.695225,-0.707107,-0.707107,0,0,0,1,0,0,0,0,0,0,0,0,0,0,1,0,0,0,-0.84,0.61834,101.7132,156.43,167.8667
20619,val,2021-05-21 10:03:00,2021-06-02 10:03:00,54.57,-56.85667,-0.84,0.61834,101.7132,0.16831,0.3998691712966368,-0.9165722262029005,167.8667,120.1333,0.656411,-0.754404,0.5,-0.866025,0,0,0,1,0,0,0,0,0,0,0,0,0,1,0,0,0,0,-0.11833,0.09166,14.477,155.31,120.1333
20619,val,2021-05-28 09:55:00,2021-06-03 09:56:00,53.73,-56.23833,-0.11833,0.09166,14.477,0.033474,0.4177085028476109,-0.9085810952517158,120.1333,23.8833,0.561034,-0.827793,0.707107,-0.707107,0,0,0,1,0,0,0,0,0,0,0,0,0,0,1,0,0,0,-0.015,0.01,1.7937,158.41,23.8833
20619,val,2021-06-02 10:03:00,2021-06-14 10:03:00,53.61167,-56.14667,-0.015,0.01,1.7937,0.020862,0.3679622704687807,-0.9298407215816372,23.8833,264.1167,0.487847,-0.872929,0.5,-0.866025,0,0,0,1,0,0,0,0,0,0,0,0,0,0,1,0,0,0,0.04833,-0.025,5.6213,342.95,264.1167
20619,val,2021-06-03 09:56:00,2021-07-11 14:57:00,53.59667,-56.13667,0.04833,-0.025,5.6213,0.005912,-0.2932061266221308,0.956049249417229,264.1167,652.9,0.472759,-0.881192,0.707107,-0.707107,0,0,0,1,0,0,0,0,0,0,0,0,0,0,1,0,0,0,0.26667,-0.07833,30.0957,350.18,652.9
20619,val,2021-06-14 10:03:00,2021-07-15 09:56:00,53.645,-56.16167,0.26667,-0.07833,30.0957,0.012804,-0.17055346103536578,0.9853484241266426,652.9,90.9833,0.298569,-0.954388,0.5,-0.866025,0,0,0,1,0,0,0,0,0,0,0,0,0,0,0,0,1,0,-0.33,0.36667,43.9066,146.54,90.9833
20619,val,2021-07-11 14:57:00,2021-07-16 14:57:00,53.91167,-56.24,-0.33,0.36667,43.9066,0.13405,0.5513546887284264,-0.834270943529247,90.9833,29.0167,-0.160575,-0.987024,-0.5,-0.866025,0,0,0,0,0,1,0,0,0,0,0,0,0,0,0,0,1,0,-0.03667,0.03,4.5334,154.07,29.0167
20623,test,2021-05-09 10:03:00,2021-05-21 10:03:00,54.885,-57.48,-0.01167,-0.005,1.3365,0.002138,-0.23938084117738417,-0.9709257504450111,173.65,114.35,0.797102,-0.603845,0.5,-0.866025,0,0,0,1,0,0,0,0,0,0,0,0,0,0,0,0,1,0,-0.21833,0.52,41.2581,125.83,114.35
20623,test,2021-05-16 15:42:00,2021-05-28 09:55:00,54.87333,-57.485,-0.21833,0.52,41.2581,0.100224,0.8107574247020484,-0.5853822668056339,114.35,167.8667,0.718792,-0.695225,-0.707107,-0.707107,0,0,0,1,0,0,0,0,0,0,0,0,0,1,0,0,0,0,-0.45833,0.90833,77.7798,130.57,167.8667
20623,test,2021-05-21 10:03:00,2021-05-28 15:52:00,54.655,-56.965,-0.45833,0.90833,77.7798,0.128706,0.7596119478233951,-0.6503765745504273,167.8667,5.95,0.656411,-0.754404,0.5,-0.866025,0,0,0,1,0,0,0,0,0,0,0,0,0,0,1,0,0,0,-0.10667,0.14167,15.0277,142.06,5.95
20625,train,2021-05-09 10:03:00,2021-05-28 09:55:00,54.77667,-57.16167,-0.66334,-0.07666,73.9264,0.071302,-0.06766702901737043,-0.9977079598679979,288.0,167.8667,0.797102,-0.603845,0.5,-0.866025,0,0,0,1,0,0,0,0,0,0,0,0,0,0,1,0,0,0,0.06167,0.475,31.6886,77.31,167.8667
20625,train,2021-05-21 10:03:00,2021-05-28 15:55:00,54.11333,-57.23833,0.06167,0.475,31.6886,0.052437,0.9755728994885607,0.21967593810766486,167.8667,6.0,0.656411,-0.754404,0.5,-0.866025,0,0,0,1,0,0,0,0,0,0,0,0,0,0,1,0,0,0,-0.08,0.31166,22.1668,113.53,6.0
20627,train,2021-05-11 10:16:00,2021-05-15 10:15:00,56.61333,-59.84167,-0.595,0.06334,66.2762,0.255991,0.059480598389007454,-0.9982294618048926,71.9167,24.0667,0.775859,-0.630907,0.5,-0.866025,0,0,0,1,0,0,0,0,0,0,0,0,0,0,1,0,0,0,-0.05333,0.05166,6.7445,151.53,24.0667
20627,train,2021-05-14 10:11:00,2021-05-26 10:11:00,56.01833,-59.77833,-0.05333,0.05166,6.7445,0.077845,0.4766985473085788,-0.8790668319268398,24.0667,263.9333,0.742281,-0.670089,0.5,-0.866025,0,0,0,1,0,0,0,0,0,0,0,0,0,0,1,0,0,0,-0.77333,2.26334,166.2214,120.21,263.9333
20627,train,2021-05-15 10:15:00,2021-05-28 16:18:00,55.965,-59.72667,-0.77333,2.26334,166.2214,0.17494,0.8641869952477734,-0.5031707833773984,263.9333,54.1167,0.730644,-0.682758,0.5,-0.866025,0,0,0,1,0,0,0,0,0,0,0,0,0,0,1,0,0,0,-0.16334,0.25666,24.4207,137.95,54.1167
20627,train,2021-05-26 10:11:00,2021-06-02 10:03:00,55.19167,-57.46333,-0.16334,0.25666,24.4207,0.12535,0.6697788676917007,-0.7425606159726108,54.1167,113.75,0.589176,-0.808005,0.5,-0.866025,0,0,0,1,0,0,0,0,0,0,0,0,0,0,1,0,0,0,-0.475,0.34667,57.3031,157.04,113.75
20627,train,2021-05-28 16:18:00,2021-06-03 09:56:00,55.02833,-57.20667,-0.475,0.34667,57.3031,0.139934,0.39008839970373976,-0.9207774108961272,113.75,23.8833,0.561034,-0.827793,-0.866025,-0.5,0,0,0,0,0,1,0,0,0,0,0,0,0,0,1,0,0,0,-0.15166,-0.01167,16.8807,182.56,23.8833
20627,train,2021-06-02 10:03:00,2021-06-09 09:55:00,54.55333,-56.86,-0.15166,-0.01167,16.8807,0.196333,-0.04466556410828622,-0.999001995685138,23.8833,143.9833,0.487847,-0.872929,0.5,-0.866025,0,0,0,1,0,0,0,0,0,0,0,0,0,0,1,0,0,0,-0.75667,0.64167,93.9994,153.26,143.9833
20627,train,2021-06-03 09:56:00,2021-06-09 21:21:00,54.40167,-56.87167,-0.75667,0.64167,93.9994,0.181347,0.4499425799557003,-0.8930574868074329,143.9833,11.4333,0.472759,-0.881192,0.707107,-0.707107,0,0,0,1,0,0,0,0,0,0,0,0,0,0,0,0,1,0,0.00167,0.0,0.1857,0.0,11.4333
20627,train,2021-06-09 09:55:00,2021-06-14 10:03:00,53.645,-56.23,0.00167,0.0,0.1857,0.004512,0.0,1.0,11.4333,108.7,0.379453,-0.925211,0.707107,-0.707107,0,0,0,1,0,0,0,0,0,0,0,0,0,0,0,0,1,0,-0.01334,-0.00333,1.4995,188.42,108.7
20627,train,2021-06-09 21:21:00,2021-06-15 09:56:00,53.64667,-56.23,-0.01334,-0.00333,1.4995,0.003832,-0.14642834084369336,-0.9892212800975134,108.7,23.8833,0.379453,-0.925211,-0.707107,0.707107,0,0,0,1,0,0,0,0,0,0,0,0,0,0,1,0,0,0,-0.00166,-0.00334,0.2873,230.03,23.8833
20627,train,2021-06-14 10:03:00,2021-07-09 09:56:00,53.63333,-56.23333,-0.00166,-0.00334,0.2873,0.003342,-0.7663809009012866,-0.6423864216604614,23.8833,576.0,0.298569,-0.954388,0.5,-0.866025,0,0,0,1,0,0,0,0,0,0,0,0,0,0,1,0,0,0,-0.115,0.775,52.7431,103.72,576.0
20627,train,2021-06-15 09:56:00,2021-07-11 14:57:00,53.63167,-56.23667,-0.115,0.775,52.7431,0.025436,0.9714663887003052,-0.23717726624950292,576.0,53.0167,0.282108,-0.959383,0.707107,-0.707107,0,0,0,1,0,0,0,0,0,0,0,0,0,0,1,0,0,0,-0.71,-0.18666,79.9231,189.03,53.0167
20627,train,2021-07-09 09:56:00,2021-07-15 09:56:00,53.51667,-55.46167,-0.71,-0.18666,79.9231,0.418752,-0.15695159597871108,-0.9876062963143438,53.0167,90.9833,-0.126528,-0.991963,0.707107,-0.707107,0,0,0,1,0,0,0,0,0,0,0,0,0,0,1,0,0,0,-0.17834,0.285,27.5998,135.82,90.9833
20630,val,2021-05-13 16:33:00,2021-05-24 10:27:00,59.70833,-63.28,0.06334,0.32667,19.6128,0.036877,0.9323869024091287,0.361461843374802,147.7333,110.1667,0.753698,-0.657221,-0.866025,-0.5,0,0,0,0,0,1,0,0,0,0,0,0,0,0,1,0,0,0,-0.31667,0.88,60.7429,125.05,110.1667
20630,val,2021-05-19 20:17:00,2021-05-29 15:36:00,59.77167,-62.95333,-0.31667,0.88,60.7429,0.153159,0.8186511925762553,-0.5742910628709758,110.1667,125.15,0.681972,-0.731378,-0.866025,0.5,0,0,0,0,0,1,0,0,0,0,0,0,0,0,1,0,0,0,-0.78167,-0.18667,87.5702,187.08,125.15
20631,train,2021-05-13 16:36:00,2021-05-24 10:27:00,59.70333,-63.295,0.03667,0.345,19.7674,0.037176,0.9779657911279521,0.20876520635268372,147.7,110.15,0.753698,-0.657221,-0.866025,-0.5,0,0,0,0,0,1,0,0,0,0,0,0,0,0,1,0,0,0,-0.09667,0.19667,15.4059,134.16,110.15
20631,train,2021-05-19 20:18:00,2021-05-29 15:36:00,59.74,-62.95,-0.09667,0.19667,15.4059,0.038851,0.7173971459631786,-0.6966644349784807,110.15,125.15,0.681972,-0.731378,-0.866025,0.5,0,0,0,0,0,1,0,0,0,0,0,0,0,0,1,0,0,0,-0.33333,0.26,39.8671,158.28,125.15
20631,train,2021-05-24 10:27:00,2021-05-31 15:26:00,59.64333,-62.75333,-0.33333,0.26,39.8671,0.088487,0.3700710631921984,-0.9290034489644244,125.15,47.8333,0.616621,-0.78726,0.5,-0.866025,0,0,0,1,0,0,0,0,0,0,0,0,0,0,1,0,0,0,-0.065,0.34833,21.0663,109.92,47.8333
20632,train,2021-05-13 16:36:00,2021-05-24 10:27:00,59.63,-63.26333,0.13333,0.32666,23.5734,0.044344,0.7759363215537186,0.6308112434743726,147.6667,110.1833,0.753698,-0.657221,-0.866025,-0.5,0,1,0,0,0,0,0,0,0,0,0,0,0,1,0,0,0,0,-0.42,0.77167,63.8087,136.71,110.1833
20632,train,2021-05-19 20:16:00,2021-05-29 15:36:00,59.76333,-62.93667,-0.42,0.77167,63.8087,0.160865,0.6856913221741356,-0.7278924444552819,110.1833,125.15,0.681972,-0.731378,-0.866025,0.5,1,0,0,0,0,0,0,0,0,0,0,0,0,1,0,0,0,0,-0.765,-0.09,85.2205,183.51,125.15
20633,train,2021-05-13 16:38:00,2021-05-24 10:27:00,59.56167,-63.33,0.44333,0.42167,54.6525,0.102842,0.4289351334031458,0.9033352928633008,147.6167,110.2,0.753698,-0.657221,-0.866025,-0.5,0,0,0,0,0,0,0,0,1,0,0,0,0,0,0,0,1,0,-0.15667,-0.6,37.6988,242.74,110.2
20643,train,2021-05-15 16:04:00,2021-06-02 10:03:00,57.05833,-60.89167,-1.17,1.055,145.3358,0.156406,0.4527459778046175,-0.8916395457704536,258.1167,167.8667,0.730644,-0.682758,-0.866025,-0.5,0,1,0,0,0,0,0,0,0,0,0,0,0,0,1,0,0,0,-0.82333,0.99667,111.0217,145.14,167.8667
20643,train,2021-05-26 10:11:00,2021-06-07 10:11:00,55.88833,-59.83667,-0.82333,0.99667,111.0217,0.183713,0.5715731600395372,-0.8205511091470278,167.8667,120.1333,0.589176,-0.808005,0.5,-0.866025,0,0,0,1,0,0,0,0,0,0,0,0,0,0,1,0,0,0,0.29333,-0.41,41.7184,321.6,120.1333
20644,train,2021-05-15 16:07:00,2021-06-02 10:03:00,57.05333,-61.005,-0.92833,1.07667,122.4764,0.131831,0.5447854023464591,-0.8385754977282646,258.0667,167.8667,0.730644,-0.682758,-0.866025,-0.5,0,0,0,0,0,0,0,0,1,0,0,0,0,0,1,0,0,0,-0.985,1.295,136.39,142.88,167.8667
20645,train,2021-05-15 16:08:00,2021-06-02 10:03:00,57.26667,-61.12,-1.03834,0.71,123.3051,0.132732,0.35592261638915895,-0.9345154311955987,258.05,167.8667,0.730644,-0.682758,-0.866025,-0.5,0,0,1,0,0,0,0,0,0,0,0,0,0,0,1,0,0,0,-1.00666,1.63667,151.7606,136.84,167.8667
20646,test,2021-05-15 16:11:00,2021-06-02 10:03:00,57.05333,-61.00667,-1.16833,1.24334,150.6908,0.162242,0.5145891925811266,-0.857436856496561,258.0,167.8667,0.730644,-0.682758,-0.866025,-0.5,1,0,0,0,0,0,0,0,0,0,0,0,0,1,0,0,0,0,-0.78333,1.15666,113.555,139.61,167.8667
20647,train,2021-05-15 16:15:00,2021-06-02 10:03:00,56.89,-60.775,-1.04333,1.1,134.3398,0.144675,0.5111430835754401,-0.8594956358894388,257.9333,167.8667,0.730644,-0.682758,-0.866025,-0.5,1,0,0,0,0,0,0,0,0,0,0,0,0,0,1,0,0,0,-0.77834,1.53667,129.9075,131.14,167.8667
20647,train,2021-05-26 10:11:00,2021-06-06 21:32:00,55.84667,-59.675,-0.77834,1.53667,129.9075,0.214965,0.7531042742016879,-0.6579011720457328,167.8667,107.4833,0.589176,-0.808005,0.5,-0.866025,0,0,0,1,0,0,0,0,0,0,0,0,0,0,1,0,0,0,-0.37166,0.63,57.7217,135.46,107.4833
20648,train,2021-05-15 16:15:00,2021-06-02 10:03:00,56.92667,-60.86833,-1.05167,1.17333,137.4278,0.148001,0.5325808664749138,-0.8463791234812152,257.9333,167.8667,0.730644,-0.682758,-0.866025,-0.5,0,1,0,0,0,0,0,0,0,0,0,0,0,0,1,0,0,0,-0.765,1.475,125.9679,131.86,167.8667
20648,train,2021-05-26 10:11:00,2021-06-06 21:32:00,55.875,-59.695,-0.765,1.475,125.9679,0.208446,0.7447775998868773,-0.6673127652808257,167.8667,107.4833,0.589176,-0.808005,0.5,-0.866025,0,0,0,1,0,0,0,0,0,0,0,0,0,0,1,0,0,0,-0.14333,0.44167,32.3417,119.34,107.4833
20648,train,2021-06-02 10:03:00,2021-06-09 09:55:00,55.11,-58.22,-0.14333,0.44167,32.3417,0.083583,0.8717274065385089,-0.4899911516442366,107.4833,60.3833,0.487847,-0.872929,0.5,-0.866025,0,0,0,1,0,0,0,0,0,0,0,0,0,0,1,0,0,0,-0.2,0.88833,61.0396,111.0,60.3833
20648,train,2021-06-06 21:32:00,2021-06-10 16:56:00,54.96667,-57.77833,-0.2,0.88833,61.0396,0.280797,0.9335804264972017,-0.35836794954530027,60.3833,31.0167,0.426674,-0.904405,-0.707107,0.707107,0,0,0,1,0,0,0,0,0,0,0,0,0,0,1,0,0,0,-0.375,0.275,45.308,156.86,31.0167
20648,train,2021-06-09 09:55:00,2021-06-14 10:03:00,54.76667,-56.89,-0.375,0.275,45.308,0.405768,0.39297917748758143,-0.9195473702105749,31.0167,89.1167,0.379453,-0.925211,0.707107,-0.707107,0,0,0,1,0,0,0,0,0,0,0,0,0,0,1,0,0,0,-0.205,0.17167,25.3723,153.88,89.1167
20649,test,2021-05-15 16:17:00,2021-06-02 10:03:00,56.85333,-60.98,-0.98666,1.225,133.1518,0.143415,0.5740052647142504,-0.8188516080953394,257.9,167.8667,0.730644,-0.682758,-0.866025,-0.5,0,0,0,0,0,1,0,0,0,0,0,0,0,0,0,0,1,0,-0.805,1.23667,118.697,138.44,167.8667
20651,val,2021-05-15 16:19:00,2021-06-07 10:11:00,56.72667,-60.85667,-1.79667,2.56,255.8458,0.166931,0.6393048040280856,-0.7689534235222645,425.7333,120.1333,0.730644,-0.682758,-0.866025,-0.5,0,0,0,0,0,0,1,0,0,0,0,0,0,0,1,0,0,0,0.32167,-0.59833,52.2396,313.46,120.1333
20651,val,2021-06-02 10:03:00,2021-06-07 21:24:00,54.93,-58.29667,0.32167,-0.59833,52.2396,0.120791,-0.725854756354604,0.6878480011437109,120.1333,11.2167,0.487847,-0.872929,0.5,-0.866025,0,0,0,1,0,0,0,0,0,0,0,0,0,0,1,0,0,0,0.0,0.0,0.0,0.0,11.2167
20652,train,2021-05-15 16:20:00,2021-06-07 10:11:00,56.61833,-60.75833,-1.65,2.16333,227.901,0.148704,0.6058495547231526,-0.7955792336667402,425.7167,120.1333,0.730644,-0.682758,-0.866025,-0.5,0,0,0,0,0,0,1,0,0,0,0,0,0,0,1,0,0,0,0.26167,-0.345,36.4467,323.11,120.1333
20653,train,2021-05-15 16:20:00,2021-06-06 21:32:00,56.78833,-60.72333,-1.71166,2.87333,261.2159,0.170442,0.7001619659961467,-0.7139840484019309,425.7167,107.4833,0.730644,-0.682758,-0.866025,-0.5,0,0,0,0,0,0,1,0,0,0,0,0,0,0,0,0,1,0,-0.27,0.695,53.5896,123.79,107.4833
20653,train,2021-06-02 10:03:00,2021-06-09 09:55:00,55.07667,-57.85,-0.27,0.695,53.5896,0.138496,0.831081548518267,-0.5561505728779568,107.4833,60.3833,0.487847,-0.872929,0.5,-0.866025,0,0,0,1,0,0,0,0,0,0,0,0,0,0,0,0,1,0,-0.41834,0.52667,57.5745,143.68,60.3833
20654,test,2021-05-15 16:21:00,2021-06-06 21:32:00,56.69,-60.665,-1.675,2.43167,240.2311,0.156756,0.6453243703386112,-0.7639086706191224,425.7,107.4833,0.730644,-0.682758,-0.866025,-0.5,0,0,0,0,0,1,0,0,0,0,0,0,0,0,1,0,0,0,0.085,-0.14334,13.1404,316.05,107.4833
20654,test,2021-06-02 10:03:00,2021-06-09 21:26:00,55.015,-58.23333,0.085,-0.14334,13.1404,0.03396,-0.6940303636345613,0.719945730144487,107.4833,71.9,0.487847,-0.872929,0.5,-0.866025,0,0,0,1,0,0,0,0,0,0,0,0,0,0,1,0,0,0,0.13833,0.62667,42.6683,68.61,71.9
20656,train,2021-05-15 16:23:00,2021-06-06 21:32:00,56.66,-60.615,-1.61333,2.405,233.8832,0.152625,0.6550046164568822,-0.7556248754641238,425.6667,107.4833,0.730644,-0.682758,-0.866025,-0.5,0,0,1,0,0,0,0,0,0,0,0,0,0,0,1,0,0,0,0.06333,-0.01167,7.081,353.98,107.4833
20656,train,2021-06-02 10:03:00,2021-06-09 21:26:00,55.04667,-58.21,0.06333,-0.01167,7.081,0.0183,-0.10487561052351238,0.9944853474623548,107.4833,71.9,0.487847,-0.872929,0.5,-0.866025,0,0,0,1,0,0,0,0,0,0,0,0,0,0,1,0,0,0,-0.17333,0.71,49.1894,112.78,71.9
20656,train,2021-06-06 21:32:00,2021-06-14 10:03:00,55.11,-58.22167,-0.17333,0.71,49.1894,0.190038,0.9219983638803668,-0.3871937719048779,71.9,108.6167,0.426674,-0.904405,-0.707107,0.707107,0,0,0,1,0,0,0,0,0,0,0,0,0,0,1,0,0,0,-0.555,0.65834,74.8427,145.28,108.6167
20656,train,2021-06-09 21:26:00,2021-06-15 09:56:00,54.93667,-57.51167,-0.555,0.65834,74.8427,0.191404,0.5695664711513575,-0.821945274905933,108.6167,23.8833,0.379453,-0.925211,-0.707107,0.707107,0,0,0,1,0,0,0,0,0,0,0,0,0,0,0,0,1,0,-0.07,0.06,8.701,153.43,23.8833
20657,train,2021-05-15 16:24:00,2021-06-10 15:15:00,56.69167,-60.59,-1.87834,2.78667,272.0437,0.177535,0.6563224323571809,-0.7544805264450194,425.65,197.2,0.730644,-0.682758,-0.866025,-0.5,0,0,1,0,0,0,0,0,0,0,0,0,0,0,1,0,0,0,-0.36166,0.98333,74.9836,122.03,197.2
20657,train,2021-06-02 10:03:00,2021-06-14 10:03:00,54.81333,-57.80333,-0.36166,0.98333,74.9836,0.105623,0.8477705148425881,-0.5303632285175257,197.2,90.8,0.487847,-0.872929,0.5,-0.866025,0,0,0,1,0,0,0,0,0,0,0,0,0,0,1,0,0,0,-0.125,0.20167,19.0706,136.71,90.8
20657,train,2021-06-10 15:15:00,2021-06-15 09:56:00,54.45167,-56.82,-0.125,0.20167,19.0706,0.058341,0.6856913221741356,-0.7278924444552819,90.8,23.8833,0.363482,-0.931601,-0.707107,-0.707107,0,0,1,0,0,0,0,0,0,0,0,0,0,0,0,0,1,0,0.00166,0.0,0.1846,0.0,23.8833
20658,train,2021-05-15 16:24:00,2021-06-03 09:56:00,56.75167,-60.40833,-1.995,3.24833,300.8106,0.196308,0.6927727648614083,-0.7211559444851577,425.65,23.8833,0.730644,-0.682758,-0.866025,-0.5,0,0,0,0,0,0,0,0,1,0,0,0,0,0,0,0,1,0,-0.28,0.31167,37.0413,147.07,23.8833
20658,train,2021-06-02 10:03:00,2021-06-06 21:32:00,54.75667,-57.16,-0.28,0.31167,37.0413,0.430813,0.5436139994064435,-0.8393353439772039,23.8833,83.6,0.487847,-0.872929,0.5,-0.866025,0,0,0,1,0,0,0,0,0,0,0,0,0,0,1,0,0,0,-0.08667,0.21833,17.096,124.22,83.6
20658,train,2021-06-03 09:56:00,2021-06-09 09:55:00,54.47667,-56.84833,-0.08667,0.21833,17.096,0.056805,0.8268843197776317,-0.5623720491861979,83.6,60.3833,0.472759,-0.881192,0.707107,-0.707107,0,0,0,1,0,0,0,0,0,0,0,0,0,0,0,0,1,0,-0.48167,0.59333,66.0424,143.95,60.3833
20659,train,2021-05-15 16:27:00,2021-06-02 10:03:00,56.57333,-60.53667,-1.315,2.22834,201.6291,0.21731,0.7002865690559508,-0.7138618362119136,257.7333,167.8667,0.730644,-0.682758,-0.866025,-0.5,0,0,0,0,0,1,0,0,0,0,0,0,0,0,1,0,0,0,-0.57666,0.75166,80.0819,142.89,167.8667
20659,train,2021-05-26 10:11:00,2021-06-10 16:56:00,55.25833,-58.30833,-0.57666,0.75166,80.0819,0.132516,0.6033471832133828,-0.7974786370232602,167.8667,198.8833,0.589176,-0.808005,0.5,-0.866025,0,0,0,1,0,0,0,0,0,0,0,0,0,0,1,0,0,0,-0.14167,0.73667,49.9855,108.07,198.8833
20659,train,2021-06-02 10:03:00,2021-06-14 10:03:00,54.68167,-57.55667,-0.14167,0.73667,49.9855,0.069814,0.9506782711238735,-0.31017869819335253,198.8833,89.1167,0.487847,-0.872929,0.5,-0.866025,0,0,0,1,0,0,0,0,0,0,0,0,0,0,1,0,0,0,-0.13,0.07,15.1464,162.6,89.1167
20660,train,2021-05-15 16:28:00,2021-06-02 10:03:00,56.61667,-59.84167,0.00666,-0.03,1.9791,0.002133,-0.9272492216291858,0.37444476360081363,257.7167,167.8667,0.730644,-0.682758,-0.866025,-0.5,0,0,0,0,0,1,0,0,0,0,0,0,0,0,1,0,0,0,-1.08,2.49167,195.739,126.8,167.8667
20662,train,2021-05-15 17:00:00,2021-05-21 10:03:00,56.09833,-59.89833,-0.23333,0.22,29.3335,0.154322,0.4679298142605734,-0.8837656300886935,52.8,84.25,0.730644,-0.682758,-0.965926,-0.258819,0,0,0,0,0,1,0,0,0,0,0,0,0,0,1,0,0,0,-0.28,1.42166,94.3111,108.69,84.25
20662,train,2021-05-17 21:48:00,2021-06-02 10:03:00,55.865,-59.67833,-0.28,1.42166,94.3111,0.31095,0.9472662208420112,-0.32044766632274635,84.25,288.0,0.706727,-0.707487,-0.707107,0.707107,0,0,0,1,0,0,0,0,0,0,0,0,0,0,1,0,0,0,-1.195,1.62834,168.6581,141.31,288.0
20667,train,2021-05-15 17:05:00,2021-06-06 21:32:00,56.245,-60.33,-1.2,2.08333,186.7844,0.122091,0.7105538995034963,-0.7036427757750201,424.9667,107.4833,0.730644,-0.682758,-0.965926,-0.258819,0,0,0,0,0,1,0,0,0,0,0,0,0,0,0,0,1,0,0.05167,-0.31166,20.6572,286.28,107.4833
20669,train,2021-05-15 17:11:00,2021-05-28 16:12:00,56.14833,-60.045,-0.66166,1.36333,112.5445,0.228415,0.7631196882501977,-0.6462571789968148,136.8667,174.15,0.730644,-0.682758,-0.965926,-0.258819,0,0,0,0,0,0,0,0,1,0,0,0,0,1,0,0,0,0,-0.715,1.39334,119.022,131.34,174.15
20669,train,2021-05-21 10:03:00,2021-06-02 10:03:00,55.48667,-58.68167,-0.715,1.39334,119.022,0.189846,0.750803182375451,-0.6605259883872059,174.15,113.85,0.656411,-0.754404,0.5,-0.866025,0,0,0,1,0,0,0,0,0,0,0,0,0,0,1,0,0,0,-0.47834,0.555,64.1191,145.82,113.85
20671,train,2021-05-15 17:13:00,2021-06-07 10:11:00,56.01,-60.21667,-1.09833,1.58834,157.9236,0.103259,0.6429212998731355,-0.7659322438502232,424.8333,120.1333,0.730644,-0.682758,-0.965926,-0.258819,0,0,0,0,0,1,0,0,0,0,0,0,0,0,0,0,1,0,0.37666,-0.27667,45.4309,337.32,120.1333
20671,train,2021-06-02 10:03:00,2021-06-07 21:24:00,54.91167,-58.62833,0.37666,-0.27667,45.4309,0.105047,-0.385583992277397,0.9226727398701147,120.1333,11.2167,0.487847,-0.872929,0.5,-0.866025,0,0,0,1,0,0,0,0,0,0,0,0,0,0,0,0,1,0,-0.03666,0.15667,10.7294,112.26,11.2167
20672,train,2021-05-15 17:15:00,2021-06-03 09:56:00,55.955,-59.86667,-1.10667,2.66334,208.3522,0.136242,0.8182500623120254,-0.5748624492227394,424.8,23.8833,0.730644,-0.682758,-0.965926,-0.258819,0,0,0,0,0,0,1,0,0,0,0,0,0,1,0,0,0,0,-0.29333,0.345,39.4363,145.66,23.8833
20672,train,2021-06-02 10:03:00,2021-06-06 21:32:00,54.84833,-57.20333,-0.29333,0.345,39.4363,0.458669,0.5641026369702106,-0.8257046778135962,23.8833,83.6,0.487847,-0.872929,0.5,-0.866025,0,0,0,1,0,0,0,0,0,0,0,0,0,1,0,0,0,0,-0.26167,0.115,30.0324,165.61,83.6
20672,train,2021-06-03 09:56:00,2021-06-09 21:21:00,54.555,-56.85833,-0.26167,0.115,30.0324,0.099789,0.24852083372553838,-0.9686265509495201,83.6,71.8167,0.472759,-0.881192,0.707107,-0.707107,0,0,0,1,0,0,0,0,0,0,0,0,0,0,0,0,1,0,-0.4,-0.09,44.8635,187.55,71.8167
20672,train,2021-06-06 21:32:00,2021-06-21 09:56:00,54.29333,-56.74333,-0.4,-0.09,44.8635,0.173526,-0.13139134126869814,-0.9913305782833557,71.8167,276.5833,0.426674,-0.904405,-0.707107,0.707107,0,0,0,1,0,0,0,0,0,0,0,0,0,0,1,0,0,0,0.0,0.0,0.0,0.0,276.5833
20673,train,2021-05-15 17:16:00,2021-06-03 09:56:00,55.95333,-59.86333,-1.35,2.69166,227.1195,0.202945,0.7632324697825288,-0.646123979642964,310.8667,137.8,0.730644,-0.682758,-0.965926,-0.258819,0,0,1,0,0,0,0,0,0,0,0,0,0,0,1,0,0,0,-0.94833,0.83167,118.5557,152.46,137.8
20674,test,2021-05-15 17:17:00,2021-05-28 16:08:00,55.97667,-59.805,-0.09667,0.10333,12.5291,0.066271,0.5144395337815066,-0.8575266561936521,52.5167,258.3333,0.730644,-0.682758,-0.965926,-0.258819,0,0,1,0,0,0,0,0,0,0,0,0,0,0,0,0,1,0,-1.285,2.515,214.0817,130.83,258.3333
20674,test,2021-05-17 21:48:00,2021-06-03 09:56:00,55.88,-59.70167,-1.285,2.515,214.0817,0.230195,0.7566528216719455,-0.6538168760867856,258.3333,137.8,0.706727,-0.707487,-0.707107,0.707107,0,0,0,1,0,0,0,0,0,0,0,0,0,0,0,0,1,0,-0.65667,0.815,90.1807,143.73,137.8
20675,train,2021-05-15 17:18:00,2021-05-28 16:01:00,55.96,-59.81333,-1.405,2.95333,243.7504,0.222274,0.7811937027116522,-0.624288714333087,304.6167,6.1,0.730644,-0.682758,-0.965926,-0.258819,0,0,0,0,0,0,0,0,1,0,0,0,0,0,0,0,0,1,-0.10167,0.125,13.8903,144.43,6.1
20676,val,2021-05-15 17:19:00,2021-05-28 16:03:00,55.95167,-59.80333,-1.43667,2.90166,243.6258,0.222173,0.7686185789184651,-0.6397073394462184,304.6,6.1333,0.730644,-0.682758,-0.965926,-0.258819,0,1,0,0,0,0,0,0,0,0,0,0,0,0,1,0,0,0,-0.06167,0.05334,7.6744,153.3,6.1333
20676,val,2021-05-28 09:55:00,2021-06-02 10:03:00,54.515,-56.90167,-0.06167,0.05334,7.6744,0.34757,0.4493189986158966,-0.8933713883278376,6.1333,114.0,0.561034,-0.827793,0.707107,-0.707107,0,0,0,1,0,0,0,0,0,0,0,0,0,0,1,0,0,0,-0.71833,0.80666,95.6387,146.31,114.0
20677,train,2021-05-15 17:20:00,2021-06-02 10:03:00,55.78833,-59.715,-0.52833,0.965,84.5006,0.171686,0.7235697791884493,-0.6902512402344372,136.7167,288.0,0.730644,-0.682758,-0.965926,-0.258819,0,1,0,0,0,0,0,0,0,0,0,0,0,0,1,0,0,0,-0.22667,0.42667,37.0185,132.74,288.0
20678,train,2021-05-15 17:22:00,2021-05-21 10:03:00,55.755,-59.66,-0.14667,0.16833,19.4253,0.10291,0.5441998334946451,-0.8389556253011243,52.4333,84.25,0.730644,-0.682758,-0.965926,-0.258819,0,0,0,0,0,1,0,0,0,0,0,0,0,0,1,0,0,0,-0.335,0.71167,58.3316,129.39,84.25
20678,train,2021-05-17 21:48:00,2021-06-02 10:03:00,55.60833,-59.49167,-0.335,0.71167,58.3316,0.192323,0.7728443431005659,-0.6345956360844713,84.25,288.0,0.706727,-0.707487,-0.707107,0.707107,0,0,0,1,0,0,0,0,0,0,0,0,0,0,1,0,0,0,-0.23,0.43667,37.7304,132.49,288.0
20678,train,2021-05-21 10:03:00,2021-06-06 21:32:00,55.27333,-58.78,-0.23,0.43667,37.7304,0.036391,0.7373952383153207,-0.6754615181562096,288.0,107.4833,0.656411,-0.754404,0.5,-0.866025,0,0,0,1,0,0,0,0,0,0,0,0,0,0,1,0,0,0,0.01834,0.02833,2.723,41.49,107.4833
20678,train,2021-06-02 10:03:00,2021-06-09 21:26:00,55.04333,-58.34333,0.01834,0.02833,2.723,0.007037,0.6624893206913265,0.749071358396478,107.4833,71.9,0.487847,-0.872929,0.5,-0.866025,0,0,0,1,0,0,0,0,0,0,0,0,0,0,1,0,0,0,0.12333,0.64667,43.3434,71.29,71.9
20679,train,2021-05-15 17:22:00,2021-06-02 10:03:00,55.75667,-59.65833,-0.15334,0.27,24.0261,0.127284,0.7058715706786811,-0.7083398377245287,52.4333,372.25,0.730644,-0.682758,-0.965926,-0.258819,0,0,0,0,0,1,0,0,0,0,0,0,0,0,1,0,0,0,-0.71166,1.615,129.381,127.04,372.25
20679,train,2021-05-17 21:48:00,2021-06-06 21:32:00,55.60333,-59.38833,-0.71166,1.615,129.381,0.096546,0.7982151693131202,-0.6023724292150388,372.25,107.4833,0.706727,-0.707487,-0.707107,0.707107,0,0,0,1,0,0,0,0,0,0,0,0,0,0,1,0,0,0,-0.00167,0.0,0.1857,180.0,107.4833
20679,train,2021-06-02 10:03:00,2021-06-09 09:55:00,54.89167,-57.77333,-0.00167,0.0,0.1857,0.00048,1.2246467991473532e-16,-1.0,107.4833,60.3833,0.487847,-0.872929,0.5,-0.866025,0,0,0,1,0,0,0,0,0,0,0,0,0,0,1,0,0,0,-0.40333,0.83833,70.1038,129.43,60.3833
20679,train,2021-06-06 21:32:00,2021-06-09 21:21:00,54.89,-57.77333,-0.40333,0.83833,70.1038,0.322494,0.7724011234683431,-0.6351350285292423,60.3833,11.4333,0.426674,-0.904405,-0.707107,0.707107,0,0,0,1,0,0,0,0,0,0,0,0,0,0,1,0,0,0,-0.19334,0.19333,24.8769,149.71,11.4333
20680,test,2021-05-15 17:22:00,2021-06-06 21:32:00,55.735,-59.59,-0.87333,1.83833,151.5596,0.099132,0.7761564689396478,-0.6305403521767163,424.6833,107.4833,0.730644,-0.682758,-0.965926,-0.258819,0,0,0,0,0,0,1,0,0,0,0,0,0,0,0,0,1,0,-0.31667,0.92834,69.2629,120.18,107.4833
20680,test,2021-06-02 10:03:00,2021-06-09 09:55:00,54.86167,-57.75167,-0.31667,0.92834,69.2629,0.179002,0.8644503363809455,-0.5027182271719121,107.4833,60.3833,0.487847,-0.872929,0.5,-0.866025,0,0,0,1,0,0,0,0,0,0,0,0,0,0,0,0,1,0,-0.3,0.10833,34.0877,168.08,60.3833
20681,train,2021-05-15 17:22:00,2021-06-03 09:56:00,55.73333,-59.595,-0.96833,2.21833,177.0805,0.115825,0.8035453019576486,-0.5952436036630644,424.6833,23.8833,0.730644,-0.682758,-0.965926,-0.258819,1,0,0,0,0,0,0,0,0,0,0,0,0,0,1,0,0,0,-0.21167,0.51667,40.7225,125.1,23.8833
20681,train,2021-06-02 10:03:00,2021-06-06 21:32:00,54.765,-57.37667,-0.21167,0.51667,40.7225,0.473628,0.8181497174250234,-0.5750052520432786,23.8833,83.6,0.487847,-0.872929,0.5,-0.866025,0,0,0,1,0,0,0,0,0,0,0,0,0,0,1,0,0,0,-0.30833,0.145,35.5463,164.63,83.6
20682,train,2021-05-15 17:22:00,2021-06-09 09:55:00,55.73333,-59.59167,-0.87166,1.83834,151.4431,0.099056,0.7768163435563278,-0.6297272174392475,424.6833,167.8667,0.730644,-0.682758,-0.965926,-0.258819,0,0,0,0,0,1,0,0,0,0,0,0,0,0,1,0,0,0,-0.31834,0.93166,69.5421,120.22,167.8667
20682,train,2021-06-02 10:03:00,2021-06-09 21:21:00,54.86167,-57.75333,-0.31834,0.93166,69.5421,0.115075,0.864099162217201,-0.5033216047971033,167.8667,11.4333,0.487847,-0.872929,0.5,-0.866025,0,0,0,1,0,0,0,0,0,0,0,0,0,0,1,0,0,0,-0.155,0.19167,21.2246,144.22,11.4333
20683,train,2021-05-15 17:22:00,2021-05-21 10:03:00,55.73333,-59.59167,-0.10833,0.11834,14.1473,0.074949,0.525174629961296,-0.8509944817946917,52.4333,84.25,0.730644,-0.682758,-0.965926,-0.258819,0,0,0,0,0,1,0,0,0,0,0,0,0,0,0,0,1,0,-0.40333,0.63833,60.2817,137.81,84.25
20683,train,2021-05-17 21:48:00,2021-06-02 10:03:00,55.625,-59.47333,-0.40333,0.63833,60.2817,0.198753,0.6715912842995659,-0.7409218223624269,84.25,288.0,0.706727,-0.707487,-0.707107,0.707107,0,0,0,1,0,0,0,0,0,0,0,0,0,0,0,0,1,0,-0.44,0.335,53.3871,156.27,288.0
20683,train,2021-05-21 10:03:00,2021-06-07 10:11:00,55.22167,-58.835,-0.44,0.335,53.3871,0.051492,0.4024271613486554,-0.9154520084684196,288.0,120.1333,0.656411,-0.754404,0.5,-0.866025,0,0,0,1,0,0,0,0,0,0,0,0,0,0,0,0,1,0,0.44333,-0.615,62.9944,321.75,120.1333
20684,test,2021-05-15 17:22:00,2021-05-28 16:04:00,55.775,-59.56167,-1.15333,2.60167,209.0411,0.190665,0.801149373145041,-0.5984644366287004,304.55,6.15,0.730644,-0.682758,-0.965926,-0.258819,0,0,0,0,0,0,0,1,0,0,0,0,0,0,1,0,0,0,-0.065,0.10167,9.7545,137.77,6.15
20684,test,2021-05-28 09:55:00,2021-06-02 10:03:00,54.62167,-56.96,-0.065,0.10167,9.7545,0.440582,0.6721083816068354,-0.7404527826768162,6.15,113.9833,0.561034,-0.827793,0.707107,-0.707107,0,0,0,1,0,0,0,0,0,0,0,0,0,0,1,0,0,0,-0.665,0.67,85.8174,149.23,113.9833
20684,test,2021-05-28 16:04:00,2021-06-03 09:56:00,54.55667,-56.85833,-0.665,0.67,85.8174,0.209137,0.5115930443510731,-0.8592278841911504,113.9833,23.8833,0.561034,-0.827793,-0.866025,-0.5,0,0,0,0,0,0,0,0,0,1,0,0,0,0,1,0,0,0,-0.15667,0.14666,19.9046,151.01,23.8833
20685,test,2021-05-15 17:23:00,2021-05-28 16:06:00,55.775,-59.56333,-1.12667,2.59833,207.0237,0.188835,0.8073724359982185,-0.5900421591634809,304.5333,6.1833,0.730644,-0.682758,-0.965926,-0.258819,0,0,0,0,0,1,0,0,0,0,0,0,0,0,0,0,1,0,-0.085,-0.03167,9.6691,192.19,6.1833
20686,test,2021-05-15 17:24:00,2021-06-02 10:03:00,55.65333,-59.46667,-0.45166,0.87334,74.557,0.151557,0.7432615994801266,-0.6690008929278375,136.65,288.0,0.730644,-0.682758,-0.965926,-0.258819,0,0,0,0,0,1,0,0,0,0,0,0,0,0,0,0,1,0,-0.15167,-0.055,17.2236,191.74,288.0
20686,test,2021-05-21 10:03:00,2021-06-06 21:32:00,55.20167,-58.59333,-0.15167,-0.055,17.2236,0.016612,-0.2034708723691878,-0.9790809997632074,288.0,107.4833,0.656411,-0.754404,0.5,-0.866025,0,0,0,1,0,0,0,0,0,0,0,0,0,0,0,0,1,0,-0.15,0.81333,54.5192,107.48,107.4833
20687,train,2021-05-15 17:24:00,2021-05-28 16:10:00,55.81333,-59.55,-0.53833,1.08,90.5493,0.184066,0.7555105440841496,-0.6551364878997903,136.65,174.1167,0.730644,-0.682758,-0.965926,-0.258819,0,0,0,0,0,1,0,0,0,0,0,0,0,1,0,0,0,0,-0.58833,1.20833,101.1137,129.82,174.1167
20687,train,2021-05-21 10:03:00,2021-06-02 10:03:00,55.275,-58.47,-0.58833,1.20833,101.1137,0.161312,0.7680600363549533,-0.640377842023307,174.1167,113.8833,0.656411,-0.754404,0.5,-0.866025,0,0,0,1,0,0,0,0,0,0,0,0,0,0,1,0,0,0,-0.74,0.625,91.727,153.52,113.8833
20687,train,2021-05-28 16:10:00,2021-06-03 09:56:00,54.68667,-57.26167,-0.74,0.625,91.727,0.223735,0.44588539490824375,-0.8950900594954228,113.8833,23.8833,0.561034,-0.827793,-0.866025,-0.5,0,0,0,0,0,1,0,0,0,0,0,0,0,0,0,0,1,0,-0.00667,0.26334,17.2509,92.36,23.8833
20688,train,2021-05-15 17:25:00,2021-05-28 09:55:00,55.69167,-59.29,-0.59334,1.17667,99.3668,0.202014,0.7533338791473867,-0.6576382489855274,136.6333,167.8667,0.730644,-0.682758,-0.965926,-0.258819,0,0,0,0,0,0,1,0,0,0,0,0,0,0,1,0,0,0,-0.645,1.38333,114.0796,128.39,167.8667
20688,train,2021-05-21 10:03:00,2021-05-28 16:02:00,55.09833,-58.11333,-0.645,1.38333,114.0796,0.188774,0.7838018561280289,-0.621010990506816,167.8667,6.1167,0.656411,-0.754404,0.5,-0.866025,0,0,0,1,0,0,0,0,0,0,0,0,0,0,1,0,0,0,-0.06333,-0.025,7.2253,192.95,6.1167
20689,train,2021-05-15 17:25:00,2021-06-02 10:03:00,55.70167,-59.34,-0.60167,0.965,90.4883,0.183964,0.6784161621351381,-0.7346778279993414,136.6333,288.0,0.730644,-0.682758,-0.965926,-0.258819,0,0,1,0,0,0,0,0,0,0,0,0,0,0,1,0,0,0,-0.18667,0.36333,31.1069,131.71,288.0
20690,test,2021-05-15 17:26:00,2021-05-28 16:15:00,55.82667,-59.53,-0.66667,2.16833,155.3978,0.168125,0.8862844261453945,-0.4631413563612396,256.75,54.0667,0.730644,-0.682758,-0.965926,-0.258819,0,0,0,0,0,0,1,0,0,0,0,0,0,0,0,0,1,0,-0.28333,0.18667,33.6774,159.23,54.0667
20690,test,2021-05-26 10:11:00,2021-06-02 10:03:00,55.16,-57.36167,-0.28333,0.18667,33.6774,0.173024,0.3546174401736499,-0.9350114818143613,54.0667,113.8,0.589176,-0.808005,0.5,-0.866025,0,0,0,1,0,0,0,0,0,0,0,0,0,0,0,0,1,0,-0.54834,0.44833,67.4646,154.47,113.8
20690,test,2021-05-28 16:15:00,2021-06-03 09:56:00,54.87667,-57.175,-0.54834,0.44833,67.4646,0.164676,0.4309836303229303,-0.9023597455525527,113.8,23.8833,0.561034,-0.827793,-0.866025,-0.5,0,0,1,0,0,0,0,0,0,0,0,0,0,0,1,0,0,0,-0.08333,0.01167,9.2968,175.32,23.8833
20692,train,2021-05-15 17:36:00,2021-05-28 17:04:00,55.75167,-58.39333,-0.235,1.01333,68.7612,0.13998,0.9277060000770343,-0.3733116357965148,136.45,175.0167,0.730644,-0.682758,-0.965926,-0.258819,0,0,0,0,0,1,0,0,0,0,0,0,0,0,1,0,0,0,-1.12834,1.53167,159.0743,141.43,175.0167
20697,train,2021-05-15 17:45:00,2021-05-28 09:55:00,55.36667,-57.68333,-0.06,0.43333,28.2052,0.057482,0.9723699203976767,-0.23344536385590534,136.3,167.8667,0.730644,-0.682758,-0.965926,-0.258819,0,0,0,0,0,1,0,0,0,0,0,0,0,0,1,0,0,0,-0.75,0.795,97.6438,148.33,167.8667
20698,train,2021-05-15 17:46:00,2021-05-28 09:56:00,55.32833,-57.67333,-0.55166,0.51166,69.4614,0.141579,0.4723969412029981,-0.881385914308852,136.2833,167.8833,0.730644,-0.682758,-0.965926,-0.258819,0,0,0,0,0,1,0,0,0,0,0,0,0,0,1,0,0,0,-0.6,0.93,89.7839,137.61,167.8833
20698,train,2021-05-21 10:03:00,2021-05-28 15:49:00,54.77667,-57.16167,-0.6,0.93,89.7839,0.148555,0.6741734925434364,-0.7385730173461423,167.8833,5.8833,0.656411,-0.754404,0.5,-0.866025,0,0,0,1,0,0,0,0,0,0,0,0,0,0,1,0,0,0,-0.03167,0.065,5.5055,129.74,5.8833
20698,train,2021-05-28 09:56:00,2021-06-03 09:56:00,54.17667,-56.23167,-0.03167,0.065,5.5055,0.259937,0.7689534235222643,-0.6393048040280859,5.8833,138.1167,0.561034,-0.827793,0.707107,-0.707107,0,0,0,1,0,0,0,0,0,0,0,0,0,0,0,0,1,0,-0.90667,0.74834,112.2117,153.65,138.1167
20699,train,2021-05-15 17:47:00,2021-05-28 16:07:00,55.28167,-57.77,-0.57,0.04167,63.4368,0.129315,0.04222441083124748,-0.9991081518684322,136.2667,174.0667,0.730644,-0.682758,-0.965926,-0.258819,0,0,0,0,0,0,0,0,0,1,0,0,0,1,0,0,0,0,-0.10334,0.585,39.3415,106.74,174.0667
20699,train,2021-05-21 10:03:00,2021-06-03 09:56:00,54.71167,-57.72833,-0.10334,0.585,39.3415,0.062782,0.9576216459576222,-0.28802913601476915,174.0667,137.8167,0.656411,-0.754404,0.5,-0.866025,0,0,0,1,0,0,0,0,0,0,0,0,0,0,1,0,0,0,-0.96333,0.85,120.5869,152.31,137.8167
20701,train,2021-05-15 18:10:00,2021-05-16 15:53:00,54.63833,-56.46833,-0.035,-0.11334,8.2698,0.145853,-0.8827016571021609,-0.4699338086891592,15.75,5.9667,0.730644,-0.682758,-1.0,-0.0,0,0,0,0,0,1,0,0,0,0,0,0,0,1,0,0,0,0,-0.00333,-0.03666,2.3901,261.1,5.9667
20701,train,2021-05-16 09:55:00,2021-05-21 10:03:00,54.60333,-56.58167,-0.00333,-0.03666,2.3901,0.111273,-0.9879598657693892,-0.1547103862994675,5.9667,114.1667,0.718792,-0.695225,0.707107,-0.707107,0,0,0,1,0,0,0,0,0,0,0,0,0,0,1,0,0,0,-0.14,-0.11167,17.1539,204.88,114.1667
20701,train,2021-05-16 15:53:00,2021-05-28 15:43:00,54.6,-56.61833,-0.14,-0.11167,17.1539,0.041737,-0.4207191696327546,-0.907190928252441,114.1667,173.6667,0.718792,-0.695225,-0.707107,-0.707107,0,0,0,0,0,0,0,0,0,1,0,0,0,0,1,0,0,0,-0.55333,0.68333,75.9119,143.87,173.6667
20701,train,2021-05-21 10:03:00,2021-06-03 09:56:00,54.46,-56.73,-0.55333,0.68333,75.9119,0.12142,0.5896193390821545,-0.8076812706633251,173.6667,138.2167,0.656411,-0.754404,0.5,-0.866025,0,0,0,1,0,0,0,0,0,0,0,0,0,1,0,0,0,0,-0.65667,0.62167,83.7616,150.41,138.2167
20714,train,2021-05-16 09:56:00,2021-05-28 09:55:00,53.90667,-56.26333,0.0,0.00666,0.4363,0.016754,1.0,6.123233995736766e-17,7.2333,280.75,0.718792,-0.695225,0.707107,-0.707107,0,0,0,1,0,0,0,0,0,0,0,0,0,0,1,0,0,0,-0.00167,-0.00833,0.5764,251.21,280.75
20714,train,2021-05-16 17:10:00,2021-05-28 15:49:00,53.90667,-56.25667,-0.00167,-0.00833,0.5764,0.00057,-0.946705491671598,-0.322100468858457,280.75,5.9,0.718792,-0.695225,-0.965926,-0.258819,0,0,0,1,0,0,0,0,0,0,0,1,0,0,0,0,0,0,0.03,0.285,18.9588,79.75,5.9
20714,train,2021-05-28 09:55:00,2021-06-03 09:56:00,53.905,-56.265,0.03,0.285,18.9588,0.892598,0.9840406976462909,0.17794354547384178,5.9,138.1167,0.561034,-0.827793,0.707107,-0.707107,0,0,0,1,0,0,0,0,0,0,0,0,0,0,1,0,0,0,-0.77833,0.405,90.5881,162.66,138.1167
20714,train,2021-05-28 15:49:00,2021-06-05 14:26:00,53.935,-55.98,-0.77833,0.405,90.5881,0.182189,0.29804135033600265,-0.9545529600236397,138.1167,52.5,0.561034,-0.827793,-0.707107,-0.707107,0,0,0,0,0,1,0,0,0,0,0,0,0,0,0,0,1,0,-0.10834,0.08167,13.2232,155.62,52.5
20714,train,2021-06-03 09:56:00,2021-06-09 21:21:00,53.15667,-55.575,-0.10834,0.08167,13.2232,0.069964,0.4127865160967327,-0.9108278059703282,52.5,102.9167,0.472759,-0.881192,0.707107,-0.707107,0,0,0,1,0,0,0,0,0,0,0,0,0,0,0,0,1,0,-0.64,0.01,71.1679,179.45,102.9167
20714,train,2021-06-05 14:26:00,2021-06-12 12:49:00,53.04833,-55.49333,-0.64,0.01,71.1679,0.192086,0.009599163462400553,-0.999953926969049,102.9167,63.4667,0.442168,-0.896932,-0.5,-0.866025,0,0,0,1,0,0,0,0,0,0,0,0,0,0,0,0,1,0,-0.51,-0.24667,59.1536,196.63,63.4667
20714,train,2021-06-09 21:21:00,2021-06-12 20:24:00,52.40833,-55.48333,-0.51,-0.24667,59.1536,0.258901,-0.28619010474712114,-0.9581728570278079,63.4667,7.5833,0.379453,-0.925211,-0.707107,0.707107,0,0,0,1,0,0,0,0,0,0,0,0,0,0,0,0,1,0,-0.165,-0.19,22.521,215.52,7.5833
20721,test,2021-05-19 20:27:00,2021-05-29 15:36:00,59.22333,-63.31833,0.03167,0.09666,6.5284,0.016486,0.841605058851329,0.5400934409117104,110.0,125.15,0.681972,-0.731378,-0.866025,0.5,0,0,0,0,0,0,1,0,0,0,0,0,0,0,1,0,0,0,-0.46167,0.4,56.2079,155.8,125.15
20725,train,2021-05-19 20:33:00,2021-05-31 15:26:00,59.01167,-63.11833,-0.22334,0.30666,30.4461,0.035981,0.5804187404125258,-0.814318172324514,235.05,47.8333,0.681972,-0.731378,-0.866025,0.5,1,0,0,0,0,0,0,0,0,0,0,0,0,1,0,0,0,0,-0.19166,0.26167,26.13,144.53,47.8333
20743,train,2021-05-24 10:27:00,2021-05-31 15:26:00,58.57833,-59.98667,-0.33833,0.12834,38.3561,0.223208,0.19577499171410645,-0.9806488426645603,47.7333,125.25,0.616621,-0.78726,0.5,-0.866025,0,0,0,1,0,0,0,0,0,0,0,0,0,0,1,0,0,0,-0.42333,-0.02167,47.0894,181.56,125.25
20745,train,2021-05-24 10:27:00,2021-05-31 15:26:00,58.50167,-60.58,-0.22,-0.70333,47.7335,0.105947,-0.8613632958779925,-0.5079894413412566,125.15,47.8333,0.616621,-0.78726,0.5,-0.866025,0,0,0,1,0,0,0,0,0,0,0,0,0,0,1,0,0,0,-0.295,0.10833,33.4132,168.98,47.8333
20786,train,2021-06-02 10:03:00,2021-06-09 21:21:00,54.095,-57.18167,-0.14833,0.04667,16.773,0.19508,0.1820639123621794,-0.9832866986873039,23.8833,155.4167,0.487847,-0.872929,0.5,-0.866025,0,0,0,1,0,0,0,0,0,0,0,0,0,0,0,0,1,0,0.07333,0.1,10.4517,38.69,155.4167
20787,train,2021-06-02 10:03:00,2021-06-15 09:56:00,54.365,-57.195,-0.115,0.16833,16.8159,0.195579,0.6503765745504275,-0.759611947823395,23.8833,288.0,0.487847,-0.872929,0.5,-0.866025,0,0,0,1,0,0,0,0,0,0,0,0,0,0,0,0,1,0,-0.11167,0.11167,14.3861,149.63,288.0
20787,train,2021-06-03 09:56:00,2021-07-11 14:57:00,54.25,-57.02667,-0.11167,0.11167,14.3861,0.013875,0.5055820836746522,-0.862778509622949,288.0,629.0167,0.472759,-0.881192,0.707107,-0.707107,0,0,0,1,0,0,0,0,0,0,0,0,0,0,0,0,1,0,-0.14333,0.33667,27.1412,125.82,629.0167
20787,train,2021-06-15 09:56:00,2021-07-16 14:57:00,54.13833,-56.915,-0.14333,0.33667,27.1412,0.011986,0.8108595808323736,-0.5852407540255098,629.0167,120.0,0.282108,-0.959383,0.707107,-0.707107,0,0,0,1,0,0,0,0,0,0,0,0,0,0,0,0,1,0,-0.09833,0.03833,11.2179,167.06,120.0
20787,train,2021-07-11 14:57:00,2021-07-29 21:41:00,53.995,-56.57833,-0.09833,0.03833,11.2179,0.025967,0.22393057324134746,-0.974605098677306,120.0,318.7333,-0.160575,-0.987024,-0.5,-0.866025,0,0,0,0,0,1,0,0,0,0,0,0,0,0,1,0,0,0,-0.08667,-0.04167,10.0173,195.85,318.7333
20788,train,2021-06-02 10:03:00,2021-06-09 09:55:00,54.33833,-57.21667,-0.185,0.21334,24.8052,0.2885,0.5600607628161104,-0.8284515326522346,23.8833,143.9833,0.487847,-0.872929,0.5,-0.866025,0,0,0,1,0,0,0,0,0,0,0,0,0,0,0,0,1,0,0.14,0.26166,23.0581,47.43,143.9833
20789,train,2021-06-02 10:03:00,2021-06-14 10:03:00,54.64667,-57.675,-0.21667,0.72333,52.5148,0.073985,0.8909272743280325,-0.45414600279912487,197.1667,90.8333,0.487847,-0.872929,0.5,-0.866025,0,0,0,1,0,0,0,0,0,0,0,0,0,0,1,0,0,0,-0.14333,0.2,20.5412,140.8,90.8333
20789,train,2021-06-10 15:13:00,2021-06-15 09:56:00,54.43,-56.95167,-0.14333,0.2,20.5412,0.062817,0.6320293026648507,-0.7749444887041798,90.8333,23.8833,0.363482,-0.931601,-0.707107,-0.707107,0,1,0,0,0,0,0,0,0,0,0,0,0,0,0,0,1,0,0.005,0.00334,0.5967,21.3,23.8833
20791,train,2021-06-02 10:03:00,2021-06-06 21:32:00,54.47667,-56.84833,-0.08667,0.22,17.1853,0.199876,0.828842326904762,-0.5594822581021668,23.8833,83.6,0.487847,-0.872929,0.5,-0.866025,0,0,0,1,0,0,0,0,0,0,0,0,0,0,1,0,0,0,-0.02667,0.31833,20.8291,98.06,83.6
20791,train,2021-06-03 09:56:00,2021-06-21 09:56:00,54.39,-56.62833,-0.02667,0.31833,20.8291,0.069209,0.9901217840625122,-0.1402100307569611,83.6,348.4,0.472759,-0.881192,0.707107,-0.707107,0,0,0,1,0,0,0,0,0,0,0,0,0,0,0,0,1,0,-1.0,1.36333,142.6699,140.65,348.4
20793,test,2021-06-02 10:03:00,2021-06-15 09:56:00,54.265,-57.01667,-0.01833,0.285,18.6244,0.017963,0.994207376024082,-0.10747880469799369,288.0,23.8833,0.487847,-0.872929,0.5,-0.866025,0,0,0,1,0,0,0,0,0,0,0,0,0,0,1,0,0,0,0.0,0.0,0.0,0.0,23.8833
20795,train,2021-06-02 10:03:00,2021-06-06 21:32:00,54.085,-57.255,-0.10167,0.10333,13.166,0.153128,0.5130918999495551,-0.8583336776604747,23.8833,83.6,0.487847,-0.872929,0.5,-0.866025,0,0,0,1,0,0,0,0,0,0,0,0,0,0,0,0,1,0,0.03667,0.11667,8.6469,61.82,83.6
20799,train,2021-06-02 10:03:00,2021-06-14 10:03:00,53.945,-57.07,-0.16,0.28833,25.9607,0.301939,0.7296850836416591,-0.6837833565617585,23.8833,264.1167,0.487847,-0.872929,0.5,-0.866025,0,0,0,1,0,0,0,0,0,0,0,0,0,0,0,0,1,0,0.03,0.165,11.3378,72.82,264.1167
20800,train,2021-06-02 14:32:00,2021-06-10 15:22:00,55.515,-57.29167,-0.64833,1.53334,121.1153,0.205915,0.810041640445796,-0.5863723567357892,163.3833,29.45,0.487847,-0.872929,-0.5,-0.866025,0,0,0,0,0,1,0,0,0,0,0,0,0,0,1,0,0,0,-0.12,0.18166,17.7081,138.82,29.45
20803,train,2021-06-02 14:40:00,2021-06-15 09:56:00,55.625,-57.70833,-0.155,0.89,58.5783,0.158183,0.9576216459576222,-0.28802913601476915,102.8667,204.4,0.487847,-0.872929,-0.5,-0.866025,0,0,0,0,0,1,0,0,0,0,0,0,0,0,1,0,0,0,-0.90667,2.38333,182.3322,122.58,204.4
20803,train,2021-06-06 21:32:00,2021-06-16 09:47:00,55.47,-56.81833,-0.90667,2.38333,182.3322,0.247788,0.8426404121604322,-0.5384766808266602,204.4,23.85,0.426674,-0.904405,-0.707107,0.707107,0,0,0,1,0,0,0,0,0,0,0,0,0,0,1,0,0,0,0.02,0.1,6.8184,70.92,23.85
20806,train,2021-06-02 15:10:00,2021-06-19 10:11:00,56.79,-59.375,-0.985,1.48833,142.9229,0.140343,0.6507742172658509,-0.7592713073348808,282.8833,120.1333,0.487847,-0.872929,-0.707107,-0.707107,0,0,0,0,0,1,0,0,0,0,0,0,0,0,0,0,1,0,-0.01667,0.77,48.1652,91.89,120.1333
20809,val,2021-06-02 15:16:00,2021-06-15 15:26:00,57.44,-60.55333,-0.01833,0.91166,54.6079,0.131999,0.9995335908367129,-0.030538513209822697,114.9167,197.25,0.487847,-0.872929,-0.707107,-0.707107,0,0,0,0,0,1,0,0,0,0,0,0,0,0,1,0,0,0,-0.25667,-0.295,33.5962,211.97,197.25
20809,val,2021-06-07 10:11:00,2021-06-19 10:11:00,57.42167,-59.64167,-0.25667,-0.295,33.5962,0.047312,-0.5294751546685121,-0.8483254449730688,197.25,90.75,0.411054,-0.911611,0.5,-0.866025,0,0,0,1,0,0,0,0,0,0,0,0,0,0,0,0,1,0,-0.43833,-0.03666,48.7908,182.63,90.75
20809,val,2021-06-15 15:26:00,2021-06-23 21:41:00,57.165,-59.93667,-0.43833,-0.03666,48.7908,0.149344,-0.04588604165429441,-0.9989466808500344,90.75,107.5,0.282108,-0.959383,-0.707107,-0.707107,0,0,0,0,0,1,0,0,0,0,0,0,0,0,0,0,1,0,-0.565,-0.16334,63.6222,189.15,107.5
20809,val,2021-06-19 10:11:00,2021-06-24 10:20:00,56.72667,-59.97333,-0.565,-0.16334,63.6222,0.164398,-0.15901968802336433,-0.9872754118385365,107.5,12.65,0.215477,-0.976509,0.5,-0.866025,0,0,0,1,0,0,0,0,0,0,0,0,0,0,0,0,1,0,-0.00167,0.00334,0.2779,131.92,12.65
20810,val,2021-06-02 15:19:00,2021-07-06 08:07:00,57.955,-60.65333,-0.02833,0.7,41.4349,0.1002,0.9974904544890437,-0.07080108193552541,114.8667,693.9333,0.487847,-0.872929,-0.707107,-0.707107,0,0,0,0,0,1,0,0,0,0,0,0,0,0,1,0,0,0,-0.41667,0.78666,65.7954,134.43,693.9333
20810,val,2021-06-07 10:11:00,2021-07-25 15:26:00,57.92667,-59.95333,-0.41667,0.78666,65.7954,0.026338,0.71410623884275,-0.7000373416081896,693.9333,463.3167,0.411054,-0.911611,0.5,-0.866025,0,0,0,1,0,0,0,0,0,0,0,0,0,1,0,0,0,0,-0.35833,-0.47833,49.1104,215.98,463.3167
20811,train,2021-06-02 15:27:00,2021-06-15 15:26:00,57.83,-59.79833,-0.39167,0.29333,46.9213,0.1136,0.37412106975682796,-0.9273798710151124,114.7333,197.25,0.487847,-0.872929,-0.707107,-0.707107,0,0,0,0,0,1,0,0,0,0,0,0,1,0,0,0,0,0,-0.335,-0.275,40.7543,204.05,197.25
20811,train,2021-06-07 10:11:00,2021-06-19 10:11:00,57.43833,-59.505,-0.335,-0.275,40.7543,0.057392,-0.4075337069059155,-0.9131901651548396,197.25,90.75,0.411054,-0.911611,0.5,-0.866025,0,0,0,1,0,0,0,0,0,0,0,0,0,0,0,0,1,0,-0.45,-0.125,50.6108,188.68,90.75
20811,train,2021-06-15 15:26:00,2021-06-23 21:41:00,57.10333,-59.78,-0.45,-0.125,50.6108,0.154915,-0.15091576157967762,-0.988546626571972,90.75,107.5,0.282108,-0.959383,-0.707107,-0.707107,0,0,0,0,0,1,0,0,0,0,0,0,0,0,0,0,1,0,-0.69666,0.265,79.171,167.97,107.5
20811,train,2021-06-19 10:11:00,2021-06-24 10:20:00,56.65333,-59.905,-0.69666,0.265,79.171,0.204576,0.2084238191803715,-0.9780386043496789,107.5,12.65,0.215477,-0.976509,0.5,-0.866025,0,0,0,1,0,0,0,0,0,0,0,0,0,0,0,0,1,0,-0.06,0.13167,10.5733,129.07,12.65
20814,train,2021-06-02 15:44:00,2021-06-29 02:15:00,58.68333,-60.84333,-0.715,1.41166,114.5139,0.277933,0.7269343295366403,-0.6867069830292358,114.45,520.0667,0.487847,-0.872929,-0.707107,-0.707107,0,0,0,0,0,0,0,0,1,0,0,0,0,1,0,0,0,0,0.06834,-0.955,56.7791,278.1,520.0667
20814,train,2021-06-07 10:11:00,2021-07-06 08:07:00,57.96833,-59.43167,0.06834,-0.955,56.7791,0.030327,-0.9900236577165575,0.14090123193758256,520.0667,173.8667,0.411054,-0.911611,0.5,-0.866025,0,0,0,1,0,0,0,0,0,0,0,0,0,0,0,0,0,1,-0.50667,1.205,90.9745,127.75,173.8667
20814,train,2021-06-29 02:15:00,2021-07-28 21:34:00,58.03667,-60.38667,-0.50667,1.205,90.9745,0.145345,0.7906895737438435,-0.6122172800344491,173.8667,541.45,0.045141,-0.998981,0.5,0.866025,0,0,0,0,0,0,1,0,0,0,0,0,0,1,0,0,0,0,0.06833,-0.10166,9.7205,321.45,541.45
20815,train,2021-06-02 15:44:00,2021-06-19 10:11:00,58.82833,-59.91667,-0.84666,-0.115,94.3823,0.229072,-0.07184561248485807,-0.9974157648476766,114.45,288.0,0.487847,-0.872929,-0.707107,-0.707107,0,0,0,0,0,1,0,0,0,0,0,0,0,0,0,0,1,0,-0.52,-0.18833,58.8929,191.03,288.0
20818,train,2021-06-02 15:49:00,2021-07-06 08:07:00,59.14167,-60.86167,-0.99834,0.89834,122.575,0.297715,0.43019600888661863,-0.9027355060802829,114.3667,693.9333,0.487847,-0.872929,-0.707107,-0.707107,0,0,0,0,0,1,0,0,0,0,0,0,0,0,1,0,0,0,-0.62666,0.955,89.7324,140.54,693.9333
20819,test,2021-06-02 15:50:00,2021-06-15 15:26:00,59.04667,-60.44667,-1.085,0.37334,122.5799,0.29777,0.17966074859319253,-0.9837286289495359,114.35,197.25,0.487847,-0.872929,-0.707107,-0.707107,0,0,0,0,0,1,0,0,0,0,0,0,0,0,0,0,1,0,-0.64167,0.02166,71.3621,178.96,197.25
20819,test,2021-06-07 10:11:00,2021-06-19 10:11:00,57.96167,-60.07333,-0.64167,0.02166,71.3621,0.100496,0.01815042749949466,-0.9998352674223817,197.25,90.75,0.411054,-0.911611,0.5,-0.866025,0,0,0,1,0,0,0,0,0,0,0,0,0,0,1,0,0,0,0.02667,-0.18333,11.3956,285.16,90.75
20819,test,2021-06-15 15:26:00,2021-06-24 10:20:00,57.32,-60.05167,0.02667,-0.18333,11.3956,0.034881,-0.9651993018659998,0.26151540619509706,90.75,120.15,0.282108,-0.959383,-0.707107,-0.707107,0,0,0,0,0,1,0,0,0,0,0,0,0,0,0,0,1,0,-0.70834,-0.42667,82.8952,198.35,120.15
20825,train,2021-06-02 15:56:00,2021-06-29 02:15:00,59.395,-60.97,-1.69667,-0.22333,189.1053,0.100557,-0.07010468503077767,-0.9975396398824137,522.3833,111.9333,0.487847,-0.872929,-0.707107,-0.707107,0,0,0,0,0,1,0,0,0,0,0,0,0,1,0,0,0,0,-0.13,0.10333,15.7096,156.91,111.9333
20825,train,2021-06-24 10:19:00,2021-07-06 10:20:00,57.69833,-61.19333,-0.13,0.10333,15.7096,0.038985,0.39217657149215157,-0.9198899590563326,111.9333,176.0833,0.130793,-0.99141,0.5,-0.866025,0,0,0,1,0,0,0,0,0,0,0,0,0,0,1,0,0,0,-0.795,0.285,90.0538,168.88,176.0833
20825,train,2021-06-29 02:15:00,2021-07-12 15:16:00,57.56833,-61.09,-0.795,0.285,90.0538,0.142063,0.1928644905480891,-0.9812254013658768,176.0833,148.9333,0.045141,-0.998981,0.5,0.866025,0,0,0,0,0,0,0,1,0,0,0,0,0,0,0,1,0,0,-0.37166,0.725,60.6507,132.65,148.9333
20825,train,2021-07-06 10:20:00,2021-07-13 10:11:00,56.77333,-60.805,-0.37166,0.725,60.6507,0.113121,0.7355061211948003,-0.6775180777551104,148.9333,18.9167,-0.07519,-0.997169,0.5,-0.866025,0,0,0,1,0,0,0,0,0,0,0,0,0,0,1,0,0,0,-0.22667,0.22667,28.8263,150.87,18.9167
20827,val,2021-06-02 15:57:00,2021-07-06 11:04:00,59.395,-60.57167,-1.455,-0.19,162.161,0.071015,-0.06923414089062825,-0.9976004379184767,634.3,176.8167,0.487847,-0.872929,-0.707107,-0.707107,0,0,0,0,0,1,0,0,0,0,0,0,0,0,0,0,1,0,-0.15833,0.96,59.4529,106.82,176.8167
20827,val,2021-06-29 02:15:00,2021-07-20 15:26:00,57.94,-60.76167,-0.15833,0.96,59.4529,0.0934,0.957218548080885,-0.28936594687337086,176.8167,340.3667,0.045141,-0.998981,0.5,0.866025,0,0,0,0,0,0,0,1,0,0,0,0,0,0,0,1,0,0,-0.52834,-0.00166,58.7488,180.1,340.3667
20827,val,2021-07-06 11:04:00,2021-07-25 15:26:00,57.78167,-59.80167,-0.52834,-0.00166,58.7488,0.047946,-0.0017453283658980777,-0.9999984769132877,340.3667,120.0,-0.07519,-0.997169,0.258819,-0.965926,0,0,0,0,0,0,0,1,0,0,0,0,0,0,0,1,0,0,-0.325,0.095,36.5912,170.94,120.0
20827,val,2021-07-20 15:26:00,2021-07-30 21:49:00,57.25333,-59.80333,-0.325,0.095,36.5912,0.084702,0.1574686838880215,-0.9875239812756824,120.0,126.3833,-0.310857,-0.950457,-0.707107,-0.707107,0,0,0,0,0,1,0,0,0,0,0,0,0,0,0,0,1,0,-0.28666,0.83,59.7649,121.88,126.3833
20827,val,2021-07-25 15:26:00,2021-08-08 21:24:00,56.92833,-59.70833,-0.28666,0.83,59.7649,0.131357,0.8491560956797762,-0.5281419555099544,126.3833,215.5833,-0.391358,-0.920239,-0.707107,-0.707107,0,0,0,0,0,1,0,0,0,0,0,0,0,0,0,0,1,0,-0.945,2.00666,162.6961,129.39,215.5833
20828,train,2021-06-02 15:57:00,2021-06-29 01:35:00,59.42333,-60.875,-1.815,0.01667,201.8211,0.089892,0.004886902454024802,-0.9999880590209089,623.65,9.9833,0.487847,-0.872929,-0.707107,-0.707107,0,0,0,0,0,0,0,0,0,1,0,0,0,0,1,0,0,0,-0.055,0.15833,11.2466,122.87,9.9833
20828,train,2021-06-28 15:36:00,2021-07-06 10:20:00,57.60833,-60.85833,-0.055,0.15833,11.2466,0.312928,0.8399041549050744,-0.5427347515805421,9.9833,176.75,0.062318,-0.998056,-0.707107,-0.707107,0,0,0,0,0,1,0,0,0,0,0,0,0,1,0,0,0,0,-1.12166,-0.05833,124.7729,181.65,176.75
20828,train,2021-06-29 01:35:00,2021-07-12 15:16:00,57.55333,-60.7,-1.12166,-0.05833,124.7729,0.196091,-0.02879395236826333,-0.9995853681937397,176.75,148.9333,0.045141,-0.998981,0.258819,0.965926,0,0,0,0,0,0,0,1,0,0,0,0,0,0,0,1,0,0,-0.16,0.84333,54.9207,108.55,148.9333
20828,train,2021-07-06 10:20:00,2021-07-13 10:11:00,56.43167,-60.75833,-0.16,0.84333,54.9207,0.102433,0.9480463935971775,-0.3181321039872992,148.9333,18.9167,-0.07519,-0.997169,0.5,-0.866025,0,0,0,1,0,0,0,0,0,0,0,0,0,0,1,0,0,0,-0.13167,0.39,28.2164,121.1,18.9167
20828,train,2021-07-12 15:16:00,2021-07-20 10:03:00,56.27167,-59.915,-0.13167,0.39,28.2164,0.414337,0.8562670846003282,-0.5165333288666418,18.9167,167.8667,-0.177529,-0.984116,-0.707107,-0.707107,0,0,0,0,0,1,0,0,0,0,0,0,0,0,1,0,0,0,-0.325,1.32333,89.9119,113.15,167.8667
20829,train,2021-06-02 15:58:00,2021-06-29 02:15:00,59.39167,-60.90833,-1.975,0.195,219.9034,0.097949,0.053033118367921746,-0.9985927540074452,623.6333,10.65,0.487847,-0.872929,-0.707107,-0.707107,0,0,0,0,0,0,0,0,1,0,0,0,0,0,1,0,0,0,-0.085,0.01333,9.4853,175.16,10.65
20829,train,2021-06-28 15:36:00,2021-07-06 10:20:00,57.41667,-60.71333,-0.085,0.01333,9.4853,0.247399,0.08437350613868291,-0.996434198259908,10.65,176.0833,0.062318,-0.998056,-0.707107,-0.707107,0,0,0,0,0,1,0,0,0,0,0,0,0,1,0,0,0,0,-1.16,0.47,132.1295,167.28,176.0833
20829,train,2021-06-29 02:15:00,2021-07-12 15:16:00,57.33167,-60.7,-1.16,0.47,132.1295,0.208439,0.22018671674730161,-0.9754577437121731,176.0833,148.9333,0.045141,-0.998981,0.5,0.866025,0,0,0,0,0,0,0,1,0,0,0,0,0,0,0,1,0,0,-0.46834,0.8,72.0716,135.93,148.9333
20829,train,2021-07-06 10:20:00,2021-07-13 10:11:00,56.17167,-60.23,-0.46834,0.8,72.0716,0.134422,0.6955366911650412,-0.7184905783955597,148.9333,18.9167,-0.07519,-0.997169,0.5,-0.866025,0,0,0,1,0,0,0,0,0,0,0,0,0,0,1,0,0,0,-0.10166,0.21333,17.5188,130.1,18.9167
20829,train,2021-07-12 15:16:00,2021-07-24 21:32:00,55.70333,-59.43,-0.10166,0.21333,17.5188,0.25725,0.7649214009184319,-0.6441236297613865,18.9167,275.35,-0.177529,-0.984116,-0.707107,-0.707107,0,0,0,0,0,1,0,0,0,0,0,0,0,1,0,0,0,0,-0.995,2.11834,174.3416,128.52,275.35
20830,val,2021-06-02 15:58:00,2021-06-28 15:36:00,59.54,-61.165,-1.78333,-0.245,198.8028,0.10572,-0.07306413179997992,-0.9973272445112061,522.35,101.2833,0.487847,-0.872929,-0.707107,-0.707107,0,1,0,0,0,0,0,0,0,0,0,0,0,0,1,0,0,0,-0.10667,0.34,23.4249,120.28,101.2833
20832,train,2021-06-02 16:00:00,2021-06-29 02:15:00,59.45167,-60.96333,-2.04,0.165,227.0407,0.101134,0.04361938736533607,-0.9990482215818578,623.6,10.65,0.487847,-0.872929,-0.866025,-0.5,0,0,0,0,0,1,0,0,0,0,0,0,0,0,1,0,0,0,-0.015,0.045,3.1699,121.73,10.65
20832,train,2021-06-28 15:36:00,2021-07-06 10:20:00,57.41167,-60.79833,-0.015,0.045,3.1699,0.082678,0.8505358564961643,-0.5259170626765557,10.65,176.0833,0.062318,-0.998056,-0.707107,-0.707107,0,0,0,0,0,1,0,0,0,0,0,0,0,1,0,0,0,0,-0.77167,0.275,87.406,168.9,176.0833
20832,train,2021-06-29 02:15:00,2021-07-12 15:16:00,57.39667,-60.75333,-0.77167,0.275,87.406,0.137886,0.1925219665259075,-0.9812926639922451,176.0833,148.9333,0.045141,-0.998981,0.5,0.866025,0,0,0,0,0,0,0,1,0,0,0,0,0,0,0,1,0,0,-0.545,0.58666,70.5611,148.94,148.9333
20832,train,2021-07-06 10:20:00,2021-07-13 10:11:00,56.625,-60.47833,-0.545,0.58666,70.5611,0.131605,0.5159354158430571,-0.8566274841953483,148.9333,18.9167,-0.07519,-0.997169,0.5,-0.866025,0,0,0,1,0,0,0,0,0,0,0,0,0,0,1,0,0,0,-0.00833,0.11,6.8889,97.68,18.9167
20832,train,2021-07-12 15:16:00,2021-07-20 10:03:00,56.08,-59.89167,-0.00833,0.11,6.8889,0.101158,0.9910299093414927,-0.13364025886907235,18.9167,167.8667,-0.177529,-0.984116,-0.707107,-0.707107,0,0,0,0,0,1,0,0,0,0,0,0,0,1,0,0,0,0,-0.815,1.63834,137.0013,130.73,167.8667
20832,train,2021-07-13 10:11:00,2021-07-24 21:32:00,56.07167,-59.78167,-0.815,1.63834,137.0013,0.226703,0.7577927943640244,-0.652495272634188,167.8667,107.4833,-0.194431,-0.980916,0.5,-0.866025,0,0,0,1,0,0,0,0,0,0,0,0,0,0,1,0,0,0,-0.24,1.20333,81.006,108.74,107.4833
20833,val,2021-06-02 16:00:00,2021-07-06 11:04:00,59.625,-60.63833,-1.54333,-0.225,172.0974,0.075271,-0.07689304549086183,-0.997039347044609,635.1,175.9667,0.487847,-0.872929,-0.866025,-0.5,0,0,0,0,0,1,0,0,0,0,0,0,0,0,0,0,1,0,-0.24167,0.94833,62.0598,115.26,175.9667
20833,val,2021-06-29 03:06:00,2021-07-20 15:26:00,58.08167,-60.86333,-0.24167,0.94833,62.0598,0.097966,0.9043806813891327,-0.42672659060589135,175.9667,340.3667,0.045141,-0.998981,0.707107,0.707107,0,0,0,0,0,0,0,1,0,0,0,0,0,0,0,1,0,0,-0.18667,0.35833,29.7149,134.16,340.3667
20835,train,2021-06-02 16:06:00,2021-07-13 15:35:00,60.10667,-61.3,-0.395,0.93167,68.0207,0.041765,0.7681717916741636,-0.6402437805056019,452.4,531.0833,0.487847,-0.872929,-0.866025,-0.5,0,1,0,0,0,0,0,0,0,0,0,0,0,1,0,0,0,0,-1.54667,0.115,172.1083,177.75,531.0833
20836,val,2021-06-02 16:12:00,2021-06-24 10:19:00,59.93667,-61.185,-0.58334,0.65333,74.5325,0.045907,0.4968224998160143,-0.8678521784708306,450.9833,71.1333,0.487847,-0.872929,-0.866025,-0.5,0,0,0,0,0,1,0,0,0,0,0,0,0,0,0,0,1,0,-0.095,0.08,11.4981,156.7,71.1333
20836,val,2021-06-21 11:11:00,2021-07-06 13:33:00,59.35333,-60.53167,-0.095,0.08,11.4981,0.044901,0.39554550256296506,-0.9184463813430871,71.1333,291.2333,0.18176,-0.983343,0.258819,-0.965926,0,0,0,0,0,1,0,0,0,0,0,0,0,0,0,0,1,0,-0.98333,0.61167,114.887,161.86,291.2333
20838,test,2021-06-02 16:15:00,2021-06-21 14:50:00,60.03167,-62.01167,0.23333,0.11667,26.7366,0.042748,0.240736275485307,0.9705905654113182,173.7333,280.85,0.487847,-0.872929,-0.866025,-0.5,0,0,0,0,0,1,0,0,0,0,0,0,0,0,1,0,0,0,-0.28417,0.9916,63.3651,119.48,280.85
20838,test,2021-06-09 21:59:00,2021-07-13 15:35:00,60.265,-61.895,-0.28417,0.9916,63.3651,0.062672,0.8705275311600723,-0.49211971865832543,280.85,528.75,0.379453,-0.925211,-0.707107,0.707107,0,0,0,1,0,0,0,0,0,0,0,0,0,0,1,0,0,0,-1.06083,0.7234,124.8417,160.57,528.75
20842,train,2021-06-02 16:21:00,2021-06-28 15:36:00,59.75333,-62.08667,-0.425,0.06334,47.3925,0.075818,0.07584890635769387,-0.997119322550888,173.6333,449.6167,0.487847,-0.872929,-0.866025,-0.5,0,0,0,0,0,1,0,0,0,0,0,0,0,1,0,0,0,0,-0.895,0.59166,105.1665,160.88,449.6167
20842,train,2021-06-09 21:59:00,2021-06-29 05:55:00,59.32833,-62.02333,-0.895,0.59166,105.1665,0.064973,0.32754772843275715,-0.9448346339960981,449.6167,14.3167,0.379453,-0.925211,-0.707107,0.707107,0,0,0,1,0,0,0,0,0,0,0,0,0,0,1,0,0,0,0.085,0.05834,10.0417,19.72,14.3167
20842,train,2021-06-28 15:36:00,2021-07-13 10:11:00,58.43333,-61.43167,0.085,0.05834,10.0417,0.194834,0.3374238730957411,0.9413528190137156,14.3167,340.2667,0.062318,-0.998056,-0.707107,-0.707107,0,0,0,0,0,1,0,0,0,0,0,0,0,1,0,0,0,0,-1.94,0.91166,222.4651,165.46,340.2667
20842,train,2021-06-29 05:55:00,2021-07-17 21:41:00,58.51833,-61.37333,-1.94,0.91166,222.4651,0.18161,0.2510558375422518,-0.9679726062425312,340.2667,107.5,0.045141,-0.998981,0.965926,0.258819,0,0,0,0,0,0,1,0,0,0,0,0,0,0,0,0,1,0,-0.505,0.32167,59.5526,160.41,107.5
20848,train,2021-06-02 16:32:00,2021-07-29 10:42:00,59.85667,-64.01667,-0.10334,0.39167,24.7351,0.010683,0.8869302293325085,-0.46190341879681285,643.1333,719.0333,0.487847,-0.872929,-0.866025,-0.5,0,0,0,0,0,0,1,0,0,0,0,0,0,0,1,0,0,0,-0.70833,0.57333,85.1858,157.36,719.0333
20848,train,2021-06-29 11:40:00,2021-07-30 21:51:00,59.75333,-63.625,-0.70833,0.57333,85.1858,0.032909,0.3849397512760793,-0.922941703406835,719.0333,35.15,0.045141,-0.998981,0.258819,-0.965926,0,0,0,0,0,1,0,0,0,0,0,0,0,0,1,0,0,0,0.0,-0.005,0.286,270.0,35.15
20848,train,2021-07-29 10:42:00,2021-07-31 10:26:00,59.045,-63.05167,0.0,-0.005,0.286,0.00226,-1.0,-1.8369701987210297e-16,35.15,12.5833,-0.453703,-0.891153,0.5,-0.866025,0,0,0,1,0,0,0,0,0,0,0,1,0,0,0,0,0,0,-0.01,-0.02666,1.8874,233.91,12.5833
20848,train,2021-07-30 21:51:00,2021-08-02 10:43:00,59.045,-63.05667,-0.01,-0.02666,1.8874,0.041664,-0.8080927057548845,-0.5890553275421161,12.5833,48.2833,-0.468965,-0.883217,-0.707107,0.707107,0,0,0,1,0,0,0,0,0,0,0,1,0,0,0,0,0,0,-0.06333,0.105,9.2597,139.46,48.2833
20848,train,2021-07-31 10:26:00,2021-08-03 10:18:00,59.035,-63.08333,-0.06333,0.105,9.2597,0.053272,0.6499787535305774,-0.7599523800599856,48.2833,23.5833,-0.484089,-0.875019,0.5,-0.866025,0,0,0,1,0,0,0,0,0,0,0,1,0,0,0,0,0,0,-0.00167,0.005,0.3415,122.94,23.5833
20848,train,2021-08-02 10:43:00,2021-08-03 21:51:00,58.97167,-62.97833,-0.00167,0.005,0.3415,0.004022,0.8392404526523817,-0.5437604827787926,23.5833,11.55,-0.513901,-0.857849,0.5,-0.866025,0,0,0,1,0,0,0,0,0,0,0,1,0,0,0,0,0,0,0.0,-0.00167,0.0957,270.0,11.55
20848,train,2021-08-03 10:18:00,2021-08-14 21:42:00,58.97,-62.97333,0.0,-0.00167,0.0957,0.002302,-1.0,-1.8369701987210297e-16,11.55,263.85,-0.528581,-0.848883,0.5,-0.866025,0,0,0,1,0,0,0,0,0,0,0,1,0,0,0,0,0,0,0.36167,-0.24167,42.511,341.19,263.85
20848,train,2021-08-03 21:51:00,2021-08-21 10:34:00,58.97,-62.975,0.36167,-0.24167,42.511,0.044755,-0.32243091178579114,0.9465929997232091,263.85,156.8667,-0.528581,-0.848883,-0.707107,0.707107,0,0,0,1,0,0,0,0,0,0,0,1,0,0,0,0,0,0,-0.11167,0.53667,32.9198,111.93,156.8667
20848,train,2021-08-14 21:42:00,2021-08-23 21:51:00,59.33167,-63.21667,-0.11167,0.53667,32.9198,0.058294,0.9276408307757881,-0.3734735453517501,156.8667,59.2833,-0.67882,-0.734304,-0.707107,0.707107,0,0,0,1,0,0,0,0,0,0,0,1,0,0,0,0,0,0,-0.085,0.25333,17.2525,123.11,59.2833
20848,train,2021-08-21 10:34:00,2021-08-24 10:27:00,59.22,-62.68,-0.085,0.25333,17.2525,0.080838,0.8376233910890241,-0.5462481621941843,59.2833,12.6,-0.762114,-0.647443,0.5,-0.866025,0,0,0,1,0,0,0,0,0,0,0,1,0,0,0,0,0,0,-0.00833,-0.05333,3.1804,253.09,12.6
20851,train,2021-06-02 16:35:00,2021-06-29 10:42:00,59.775,-63.21,-0.02833,0.07167,5.1021,0.008173,0.7869350219613374,-0.6170358751407485,173.4,468.7167,0.487847,-0.872929,-0.866025,-0.5,0,0,0,0,0,1,0,0,0,0,0,0,0,0,1,0,0,0,-0.14834,0.34,25.2289,130.68,468.7167
20852,train,2021-06-02 16:36:00,2021-07-29 10:42:00,59.75833,-63.65333,-0.065,0.78166,44.4098,0.019212,0.9876062963143438,-0.15695159597871114,642.1,720.0,0.487847,-0.872929,-0.866025,-0.5,0,0,0,0,0,1,0,0,0,0,0,0,0,1,0,0,0,0,-0.405,-0.19666,46.3821,193.93,720.0
20854,test,2021-06-02 16:38:00,2021-06-28 15:36:00,59.48,-62.68,-0.33167,0.3,40.6194,0.065089,0.4211941159990442,-0.9069705158646469,173.35,449.6167,0.487847,-0.872929,-0.866025,-0.5,0,0,0,0,0,1,0,0,0,0,0,0,0,0,1,0,0,0,-0.52666,-0.185,59.5188,190.37,449.6167
20854,test,2021-06-09 21:59:00,2021-06-29 07:47:00,59.14833,-62.38,-0.52666,-0.185,59.5188,0.036771,-0.18000412371108662,-0.9836658555866438,449.6167,16.1833,0.379453,-0.925211,-0.707107,0.707107,0,0,0,1,0,0,0,0,0,0,0,0,0,0,1,0,0,0,0.44833,0.53667,58.6368,31.54,16.1833
20857,train,2021-06-02 16:41:00,2021-06-24 10:19:00,59.42667,-62.41,-0.02167,0.295,16.8631,0.027029,0.9900482345416844,-0.14072843806741356,173.3,348.3333,0.487847,-0.872929,-0.866025,-0.5,0,0,0,0,0,1,0,0,0,0,0,0,0,1,0,0,0,0,-0.34833,0.665,54.1402,135.39,348.3333
20857,train,2021-06-09 21:59:00,2021-06-28 15:36:00,59.405,-62.115,-0.34833,0.665,54.1402,0.043174,0.702277314288754,-0.7119034863205649,348.3333,101.2833,0.379453,-0.925211,-0.707107,0.707107,0,0,0,1,0,0,0,0,0,0,0,0,0,0,1,0,0,0,-0.50334,-0.16333,56.7538,189.61,101.2833
20857,train,2021-06-24 10:19:00,2021-06-29 06:15:00,59.05667,-61.45,-0.50334,-0.16333,56.7538,0.155652,-0.1669408329477804,-0.9859669154158781,101.2833,14.65,0.130793,-0.99141,0.5,-0.866025,0,0,0,1,0,0,0,0,0,0,0,0,0,0,1,0,0,0,0.28167,0.685,50.4708,51.35,14.65
20857,train,2021-06-28 15:36:00,2021-07-13 10:11:00,58.55333,-61.61333,0.28167,0.685,50.4708,0.956975,0.7809757372520728,0.6245613643378698,14.65,339.9333,0.062318,-0.998056,-0.707107,-0.707107,0,0,0,0,0,1,0,0,0,0,0,0,0,1,0,0,0,0,-2.02667,0.66,228.7165,169.88,339.9333
20857,train,2021-06-29 06:15:00,2021-07-17 21:41:00,58.835,-60.92833,-2.02667,0.66,228.7165,0.186896,0.17571037184079477,-0.9844419054609417,339.9333,107.5,0.045141,-0.998981,1.0,0.0,0,1,0,0,0,0,0,0,0,0,0,0,0,0,1,0,0,0,-0.66,0.15333,73.9901,172.63,107.5
20857,train,2021-07-13 10:11:00,2021-07-25 15:26:00,56.80833,-60.26833,-0.66,0.15333,73.9901,0.191189,0.12827634113984665,-0.9917384636605427,107.5,185.75,-0.194431,-0.980916,0.5,-0.866025,0,0,0,1,0,0,0,0,0,0,0,0,0,0,1,0,0,0,-0.50166,0.88167,78.3124,135.06,185.75
20857,train,2021-07-17 21:41:00,2021-07-28 19:49:00,56.14833,-60.115,-0.50166,0.88167,78.3124,0.117111,0.7063659131175501,-0.7078468738262602,185.75,76.3833,-0.261414,-0.965227,-0.707107,0.707107,0,0,0,1,0,0,0,0,0,0,0,0,0,0,1,0,0,0,-0.12334,1.05,67.3972,101.31,76.3833
20857,train,2021-07-25 15:26:00,2021-07-30 21:49:00,55.64667,-59.23333,-0.12334,1.05,67.3972,0.245099,0.9805804445574351,-0.196117290802068,76.3833,50.0,-0.391358,-0.920239,-0.707107,-0.707107,0,0,0,0,0,1,0,0,0,0,0,0,0,1,0,0,0,0,-0.095,0.19833,16.3648,130.12,50.0
20857,train,2021-07-28 19:49:00,2021-08-01 21:34:00,55.52333,-58.18333,-0.095,0.19833,16.3648,0.090916,0.7646965127587371,-0.6443905984530087,50.0,47.75,-0.438307,-0.898825,-0.965926,0.258819,0,0,0,1,0,0,0,0,0,0,0,0,0,0,0,0,1,0,0.03167,0.19667,12.8943,74.07,47.75
20857,train,2021-07-30 21:49:00,2021-08-02 10:10:00,55.42833,-57.985,0.03167,0.19667,12.8943,0.075011,0.9615977330108771,0.27446274768780876,47.75,12.6,-0.468965,-0.883217,-0.707107,0.707107,0,0,0,1,0,0,0,0,0,0,0,1,0,0,0,0,0,0,-0.01,0.10333,6.6095,99.64,12.6
20857,train,2021-08-01 21:34:00,2021-08-02 21:42:00,55.46,-57.78833,-0.01,0.10333,6.6095,0.145712,0.9858793702499323,-0.16745706110999545,12.6,11.5333,-0.499069,-0.866562,-0.707107,0.707107,0,0,0,1,0,0,0,0,0,0,0,1,0,0,0,0,0,0,-0.00333,0.07833,4.9537,94.25,11.5333
20857,train,2021-08-02 10:10:00,2021-08-03 21:49:00,55.45,-57.685,-0.00333,0.07833,4.9537,0.119308,0.9972501850994857,-0.07410849019539922,11.5333,24.1167,-0.513901,-0.857849,0.5,-0.866025,0,0,0,1,0,0,0,0,0,0,0,1,0,0,0,0,0,0,0.005,0.055,3.5127,80.87,24.1167
20857,train,2021-08-02 21:42:00,2021-08-04 09:56:00,55.44667,-57.60667,0.005,0.055,3.5127,0.04046,0.9873308600317823,0.15867505421111805,24.1167,12.1167,-0.513901,-0.857849,-0.707107,0.707107,0,0,0,1,0,0,0,0,0,0,0,1,0,0,0,0,0,0,0.01333,0.08834,5.7635,75.06,12.1167
20857,train,2021-08-03 21:49:00,2021-08-04 21:26:00,55.45167,-57.55167,0.01333,0.08834,5.7635,0.13213,0.9661963312817147,0.2578073882140599,12.1167,11.5,-0.528581,-0.848883,-0.707107,0.707107,0,0,0,1,0,0,0,0,0,0,0,1,0,0,0,0,0,0,-0.015,0.04,3.0236,123.46,11.5
20857,train,2021-08-04 09:56:00,2021-08-05 10:02:00,55.465,-57.46333,-0.015,0.04,3.0236,0.073035,0.834270943529247,-0.5513546887284263,11.5,12.6,-0.543105,-0.839665,0.707107,-0.707107,0,0,0,1,0,0,0,0,0,0,0,1,0,0,0,0,0,0,0.03167,0.03166,4.0477,29.53,12.6
20857,train,2021-08-04 21:26:00,2021-08-05 21:34:00,55.45,-57.42333,0.03167,0.03166,4.0477,0.089236,0.49287920975901744,0.8700977442720597,12.6,11.5333,-0.543105,-0.839665,-0.707107,0.707107,0,0,0,1,0,0,0,0,0,0,0,1,0,0,0,0,0,0,0.03833,-0.05166,5.362,322.66,11.5333
20857,train,2021-08-05 10:02:00,2021-08-06 10:10:00,55.48167,-57.39167,0.03833,-0.05166,5.362,0.129143,-0.6065435977990358,0.7950502273246651,11.5333,12.6,-0.557468,-0.830198,0.5,-0.866025,0,0,0,1,0,0,0,0,0,0,0,1,0,0,0,0,0,0,0.04167,0.01166,4.6912,8.99,12.6
20857,train,2021-08-05 21:34:00,2021-08-08 09:55:00,55.52,-57.44333,0.04167,0.01166,4.6912,0.103422,0.15626207852320348,0.9877156285164309,12.6,47.75,-0.557468,-0.830198,-0.707107,0.707107,0,0,0,1,0,0,0,0,0,0,0,1,0,0,0,0,0,0,-0.06334,0.705,44.9235,98.73,47.75
20857,train,2021-08-06 10:10:00,2021-08-09 21:32:00,55.56167,-57.43167,-0.06334,0.705,44.9235,0.261335,0.9884145513314223,-0.15177837367788344,47.75,35.6167,-0.571667,-0.820486,0.5,-0.866025,0,0,0,1,0,0,0,0,0,0,0,1,0,0,0,0,0,0,-0.10666,0.49,33.1016,110.79,35.6167
20862,train,2021-06-02 16:47:00,2021-06-28 15:36:00,58.89167,-62.81833,-0.12834,0.03333,14.3991,0.023093,0.13346728948545522,-0.9910532188724305,173.2,449.6167,0.487847,-0.872929,-0.866025,-0.5,0,0,0,0,0,0,0,0,1,0,0,0,0,0,0,0,0,1,-0.16166,-0.07667,18.5139,193.88,449.6167
20862,train,2021-06-09 21:59:00,2021-07-25 15:26:00,58.76333,-62.785,-0.16166,-0.07667,18.5139,0.011438,-0.23988918387447739,-0.9708002778429955,449.6167,647.8333,0.379453,-0.925211,-0.707107,0.707107,0,0,0,1,0,0,0,0,0,0,0,0,0,0,1,0,0,0,-0.38,0.93,68.6982,127.56,647.8333
20862,train,2021-06-28 15:36:00,2021-07-31 10:26:00,58.60167,-62.86167,-0.38,0.93,68.6982,0.029456,0.7927154119254235,-0.6095918927412881,647.8333,139.0,0.062318,-0.998056,-0.707107,-0.707107,0,0,0,0,0,1,0,0,0,0,0,0,0,0,1,0,0,0,-0.60667,0.57834,75.6121,152.9,139.0
20862,train,2021-07-25 15:26:00,2021-08-07 10:17:00,58.22167,-61.93167,-0.60667,0.57834,75.6121,0.151103,0.45554490723351554,-0.8902128046111265,139.0,167.85,-0.391358,-0.920239,-0.707107,-0.707107,0,0,0,0,0,1,0,0,0,0,0,0,0,0,1,0,0,0,0.00667,0.01833,1.3197,55.8,167.85
20862,train,2021-07-31 10:26:00,2021-08-07 21:50:00,57.615,-61.35333,0.00667,0.01833,1.3197,0.002184,0.8270805742745618,0.5620833778521307,167.85,11.55,-0.484089,-0.875019,0.5,-0.866025,0,0,0,1,0,0,0,0,0,0,0,1,0,0,0,0,0,0,-0.04167,0.09667,7.392,128.78,11.55
20862,train,2021-08-07 10:17:00,2021-08-13 21:34:00,57.62167,-61.335,-0.04167,0.09667,7.392,0.177778,0.7795566434393258,-0.6263317329256213,11.55,143.7333,-0.585696,-0.810531,0.5,-0.866025,0,0,0,1,0,0,0,0,0,0,0,1,0,0,0,0,0,0,-0.57667,0.25333,65.9045,166.54,143.7333
20862,train,2021-08-07 21:50:00,2021-08-14 10:10:00,57.58,-61.23833,-0.57667,0.25333,65.9045,0.127367,0.2327664647554998,-0.9725326590327066,143.7333,12.6,-0.585696,-0.810531,-0.707107,0.707107,0,0,0,1,0,0,0,0,0,0,0,1,0,0,0,0,0,0,-0.04166,0.045,5.3752,149.5,12.6
20862,train,2021-08-13 21:34:00,2021-08-15 10:19:00,57.00333,-60.985,-0.04166,0.045,5.3752,0.118501,0.507538362960704,-0.8616291604415258,12.6,24.15,-0.666089,-0.745872,-0.707107,0.707107,0,0,0,1,0,0,0,0,0,0,0,1,0,0,0,0,0,0,-0.04334,0.01833,4.9458,167.0,24.15
20863,train,2021-06-02 16:49:00,2021-06-24 10:19:00,59.07,-62.46833,-0.15333,0.02833,17.1266,0.027473,0.094977069083954,-0.9954794605355862,173.1667,348.3333,0.487847,-0.872929,-0.866025,-0.5,0,0,0,0,0,1,0,0,0,0,0,0,0,0,1,0,0,0,-0.65,0.63167,81.0161,152.87,348.3333
20863,train,2021-06-09 21:59:00,2021-06-28 15:36:00,58.91667,-62.44,-0.65,0.63167,81.0161,0.064606,0.45601095910162387,-0.8899741598379232,348.3333,101.2833,0.379453,-0.925211,-0.707107,0.707107,0,0,0,1,0,0,0,0,0,0,0,0,0,0,1,0,0,0,-0.29334,0.435,41.4309,141.75,101.2833
20863,train,2021-06-24 10:19:00,2021-06-29 02:15:00,58.26667,-61.80833,-0.29334,0.435,41.4309,0.113628,0.6190939493098339,-0.785316930880745,101.2833,10.65,0.130793,-0.99141,0.5,-0.866025,0,0,0,1,0,0,0,0,0,0,0,0,0,0,1,0,0,0,-0.015,0.325,19.2411,94.84,10.65
20864,train,2021-06-02 16:52:00,2021-06-29 04:49:00,58.795,-62.68333,-0.65667,0.365,76.0407,0.033919,0.2816716605957367,-0.9595108522665287,622.7333,13.2167,0.487847,-0.872929,-0.866025,-0.5,0,0,0,0,0,1,0,0,0,0,0,0,0,0,0,0,1,0,0.13834,1.26166,75.4937,77.71,13.2167
20865,train,2021-06-02 16:53:00,2021-06-28 15:36:00,58.67,-62.74333,0.03,0.075,5.4695,0.008777,0.7921831408682181,0.6102834352365832,173.1,449.6167,0.487847,-0.872929,-0.866025,-0.5,0,0,1,0,0,0,0,0,0,0,0,0,0,0,1,0,0,0,-0.07833,0.05333,9.2398,160.48,449.6167
20866,test,2021-06-02 16:54:00,2021-07-25 15:26:00,58.805,-62.86667,-0.22833,0.21334,28.2236,0.01259,0.4382142709590473,-0.8988705428079344,622.7,647.8333,0.487847,-0.872929,-0.866025,-0.5,0,0,0,0,0,0,0,0,1,0,0,0,0,0,0,0,0,1,-0.45667,0.7,65.1672,140.89,647.8333
20868,train,2021-06-02 16:57:00,2021-06-29 02:15:00,58.625,-62.4,-0.81667,0.985,107.5817,0.047995,0.5424415366631188,-0.8400935538989419,622.65,10.65,0.487847,-0.872929,-0.866025,-0.5,0,0,0,0,0,1,0,0,0,0,0,0,0,1,0,0,0,0,-0.00833,0.24333,14.4461,93.57,10.65
20868,train,2021-06-28 15:36:00,2021-07-13 15:35:00,57.80833,-61.415,-0.00833,0.24333,14.4461,0.37679,0.9980594686585701,-0.06226794537298266,10.65,349.3333,0.062318,-0.998056,-0.707107,-0.707107,0,0,0,0,0,1,0,0,0,0,0,0,0,0,1,0,0,0,-0.55333,-0.13333,62.0403,187.43,349.3333
20868,train,2021-06-29 02:15:00,2021-07-20 15:26:00,57.8,-61.17167,-0.55333,-0.13333,62.0403,0.049332,-0.12931481670523598,-0.9916035892333646,349.3333,167.85,0.045141,-0.998981,0.5,0.866025,0,0,0,0,0,0,0,1,0,0,0,0,0,0,0,1,0,0,-0.00167,-0.00333,0.2732,227.17,167.85
20868,train,2021-07-13 15:35:00,2021-07-25 15:26:00,57.24667,-61.305,-0.00167,-0.00333,0.2732,0.000452,-0.7333740093060274,-0.6798253911662926,167.85,120.0,-0.194431,-0.980916,-0.707107,-0.707107,0,0,0,0,0,1,0,0,0,0,0,0,0,0,1,0,0,0,0.19833,-0.28667,27.9677,322.17,120.0
20869,train,2021-06-02 16:57:00,2021-07-13 15:35:00,58.635,-62.715,-0.25333,0.52,41.3011,0.018425,0.7339669895533489,-0.6791851428336712,622.65,359.9833,0.487847,-0.872929,-0.866025,-0.5,0,0,0,0,0,0,0,0,1,0,0,0,0,0,0,0,0,1,-0.53334,1.005,83.6728,134.71,359.9833
20869,train,2021-06-28 15:36:00,2021-07-20 15:26:00,58.38167,-62.195,-0.53334,1.005,83.6728,0.064565,0.7106766975124692,-0.7035187500079655,359.9833,167.85,0.062318,-0.998056,-0.707107,-0.707107,0,0,0,0,0,1,0,0,0,0,0,0,0,0,0,0,0,1,-0.51666,0.245,59.2764,165.64,167.85
20869,train,2021-07-13 15:35:00,2021-07-25 15:26:00,57.84833,-61.19,-0.51666,0.245,59.2764,0.098097,0.24801362800592563,-0.9687565433705924,167.85,120.0,-0.194431,-0.980916,-0.707107,-0.707107,0,0,0,0,0,1,0,0,0,0,0,0,0,1,0,0,0,0,0.08,-0.17833,13.9085,309.84,120.0
20869,train,2021-07-20 15:26:00,2021-07-30 21:49:00,57.33167,-60.945,0.08,-0.17833,13.9085,0.032195,-0.767836455530598,0.6406459065335609,120.0,126.3833,-0.310857,-0.950457,-0.707107,-0.707107,0,0,0,0,0,1,0,0,0,0,0,0,0,0,1,0,0,0,-0.40167,0.18666,46.0563,165.8,126.3833
20869,train,2021-07-25 15:26:00,2021-07-31 10:26:00,57.41167,-61.12333,-0.40167,0.18666,46.0563,0.101227,0.24530738587880238,-0.969445349895139,126.3833,12.6167,-0.391358,-0.920239,-0.707107,-0.707107,0,0,0,0,0,1,0,0,0,0,0,0,0,0,0,0,1,0,-0.06833,-0.005,7.604,182.29,12.6167
20869,train,2021-07-30 21:49:00,2021-07-31 21:58:00,57.01,-60.93667,-0.06833,-0.005,7.604,0.167415,-0.039957399601580366,-0.9992013842149537,12.6167,11.5333,-0.468965,-0.883217,-0.707107,0.707107,0,0,0,1,0,0,0,0,0,0,0,1,0,0,0,0,0,0,-0.00667,-0.00166,0.7485,187.73,11.5333
20869,train,2021-07-31 10:26:00,2021-08-02 10:10:00,56.94167,-60.94167,-0.00667,-0.00166,0.7485,0.018027,-0.13450504461805596,-0.9909129088735774,11.5333,36.2,-0.484089,-0.875019,0.5,-0.866025,0,0,0,1,0,0,0,0,0,0,0,1,0,0,0,0,0,0,-0.24667,0.15833,29.0722,160.57,36.2
20869,train,2021-07-31 21:58:00,2021-08-03 21:49:00,56.935,-60.94333,-0.24667,0.15833,29.0722,0.223083,0.33265495655802624,-0.9430486094986714,36.2,35.65,-0.484089,-0.875019,-0.707107,0.707107,0,0,0,1,0,0,0,0,0,0,0,1,0,0,0,0,0,0,-0.00166,0.0,0.1846,180.0,35.65
20869,train,2021-08-02 10:10:00,2021-08-04 21:58:00,56.68833,-60.785,-0.00166,0.0,0.1846,0.001438,1.2246467991473532e-16,-1.0,35.65,24.15,-0.513901,-0.857849,0.5,-0.866025,0,0,0,1,0,0,0,0,0,0,0,1,0,0,0,0,0,0,0.00166,0.00167,0.2109,28.92,24.15
20869,train,2021-08-03 21:49:00,2021-08-10 21:42:00,56.68667,-60.785,0.00166,0.00167,0.2109,0.002426,0.48358794857516146,0.8752957762910015,24.15,143.7333,-0.528581,-0.848883,-0.707107,0.707107,0,0,0,1,0,0,0,0,0,0,0,1,0,0,0,0,0,0,-0.805,1.08,111.601,142.88,143.7333
20871,train,2021-06-02 17:00:00,2021-07-06 10:20:00,58.43167,-62.39,-0.56834,1.16833,93.2401,0.0416,0.7411562068009024,-0.6713326128831356,622.6,186.7333,0.487847,-0.872929,-0.965926,-0.258819,0,0,0,0,0,0,1,0,0,0,0,0,0,0,0,0,0,1,-0.96833,0.37,109.9334,168.2,186.7333
20871,train,2021-06-28 15:36:00,2021-07-12 15:16:00,57.86333,-61.22167,-0.96833,0.37,109.9334,0.163533,0.2044960518417905,-0.978867388761685,186.7333,148.9333,0.062318,-0.998056,-0.707107,-0.707107,0,0,0,0,0,1,0,0,0,0,0,0,0,0,1,0,0,0,-0.49167,0.775,72.3418,138.76,148.9333
20876,train,2021-06-02 17:04:00,2021-06-23 21:41:00,58.37333,-61.685,-1.96,1.11,227.8568,0.157793,0.29970690475106354,-0.954031326133758,401.1167,107.5,0.487847,-0.872929,-0.965926,-0.258819,0,0,0,0,0,1,0,0,0,0,0,0,0,0,0,0,1,0,-0.57333,0.95167,86.8483,136.83,107.5
20876,train,2021-06-19 10:11:00,2021-06-24 10:20:00,56.41333,-60.575,-0.57333,0.95167,86.8483,0.224414,0.6841653250291256,-0.7293269555060959,107.5,12.65,0.215477,-0.976509,0.5,-0.866025,0,0,0,1,0,0,0,0,0,0,0,0,0,0,0,0,1,0,0.00167,0.0,0.1857,0.0,12.65
20878,test,2021-06-02 17:06:00,2021-06-23 21:41:00,58.22,-61.89333,-1.67167,1.45833,205.3936,0.142249,0.43523109937232757,-0.9003187714021935,401.0833,107.5,0.487847,-0.872929,-0.965926,-0.258819,0,0,0,0,0,1,0,0,0,0,0,0,0,0,0,0,1,0,-0.58,0.47,70.7245,155.57,107.5
20878,test,2021-06-19 10:11:00,2021-06-24 10:20:00,56.54833,-60.435,-0.58,0.47,70.7245,0.182751,0.41358120602504855,-0.9104672350078648,107.5,12.65,0.215477,-0.976509,0.5,-0.866025,0,0,0,1,0,0,0,0,0,0,0,0,0,0,0,0,1,0,0.0,0.0,0.0,0.0,12.65
20878,test,2021-06-23 21:41:00,2021-07-13 10:11:00,55.96833,-59.965,0.0,0.0,0.0,0.0,0.0,1.0,12.65,455.85,0.147827,-0.989013,-0.707107,0.707107,0,0,0,1,0,0,0,0,0,0,0,0,0,0,0,0,1,0,-0.85666,2.76167,198.1345,117.59,455.85
20878,test,2021-06-24 10:20:00,2021-07-16 14:57:00,55.96833,-59.965,-0.85666,2.76167,198.1345,0.120736,0.8862844261453945,-0.4631413563612396,455.85,76.7667,0.130793,-0.99141,0.5,-0.866025,0,0,0,1,0,0,0,0,0,0,0,0,0,0,1,0,0,0,-0.445,0.24333,51.8711,162.44,76.7667
20878,test,2021-07-13 10:11:00,2021-07-20 10:04:00,55.11167,-57.20333,-0.445,0.24333,51.8711,0.187694,0.3017043644967037,-0.9534015294951231,76.7667,91.1167,-0.194431,-0.980916,0.5,-0.866025,0,0,0,1,0,0,0,0,0,0,0,0,0,0,0,0,1,0,-0.41167,-0.12,46.428,189.67,91.1167
20878,test,2021-07-16 14:57:00,2021-07-24 21:32:00,54.66667,-56.96,-0.41167,-0.12,46.428,0.14154,-0.16797324336290734,-0.9857915547995659,91.1167,107.4667,-0.244772,-0.969581,-0.5,-0.866025,0,1,0,0,0,0,0,0,0,0,0,0,0,0,1,0,0,0,-0.36167,0.24667,43.3163,158.09,107.4667
20878,test,2021-07-20 10:04:00,2021-07-28 21:32:00,54.255,-57.08,-0.36167,0.24667,43.3163,0.111963,0.3731497148695569,-0.9277711411187397,107.4667,96.0,-0.310857,-0.950457,0.5,-0.866025,0,0,0,1,0,0,0,0,0,0,0,0,0,0,1,0,0,0,0.0,-0.00167,0.1094,270.0,96.0
20878,test,2021-07-24 21:32:00,2021-07-29 21:41:00,53.89333,-56.83333,0.0,-0.00167,0.1094,0.000317,-1.0,-1.8369701987210297e-16,96.0,24.15,-0.37547,-0.926834,-0.707107,0.707107,0,0,0,1,0,0,0,0,0,0,0,0,0,0,0,0,1,0,0.12667,-0.20167,19.2999,316.95,24.15
20878,test,2021-07-28 21:32:00,2021-07-30 21:49:00,53.89333,-56.835,0.12667,-0.20167,19.2999,0.221991,-0.6826363268002784,0.7307582673720657,24.15,24.1333,-0.438307,-0.898825,-0.707107,0.707107,0,0,0,1,0,0,0,0,0,0,0,1,0,0,0,0,0,0,0.00167,0.0,0.1857,0.0,24.1333
20878,test,2021-07-29 21:41:00,2021-08-02 10:10:00,54.02,-57.03667,0.00167,0.0,0.1857,0.002137,0.0,1.0,24.1333,60.35,-0.453703,-0.891153,-0.707107,0.707107,0,0,0,1,0,0,0,0,0,0,0,1,0,0,0,0,0,0,-0.00167,0.0,0.1857,180.0,60.35
20878,test,2021-07-30 21:49:00,2021-08-04 09:56:00,54.02167,-57.03667,-0.00167,0.0,0.1857,0.000855,1.2246467991473532e-16,-1.0,60.35,47.7667,-0.468965,-0.883217,-0.707107,0.707107,0,0,0,1,0,0,0,0,0,0,0,1,0,0,0,0,0,0,0.0,0.0,0.0,0.0,47.7667
20878,test,2021-08-02 10:10:00,2021-08-05 10:02:00,54.02,-57.03667,0.0,0.0,0.0,0.0,0.0,1.0,47.7667,24.1,-0.513901,-0.857849,0.5,-0.866025,0,0,0,1,0,0,0,0,0,0,0,1,0,0,0,0,0,0,0.0,0.00167,0.1091,90.0,24.1
20878,test,2021-08-04 09:56:00,2021-08-05 21:32:00,54.02,-57.03667,0.0,0.00167,0.1091,0.001257,1.0,6.123233995736766e-17,24.1,11.5,-0.543105,-0.839665,0.707107,-0.707107,0,0,0,1,0,0,0,0,0,0,0,1,0,0,0,0,0,0,-0.12667,0.2,19.2254,137.03,11.5
20878,test,2021-08-05 10:02:00,2021-08-10 21:41:00,54.02,-57.035,-0.12667,0.2,19.2254,0.464381,0.6816153306904396,-0.7317106948567601,11.5,120.15,-0.557468,-0.830198,0.5,-0.866025,0,0,0,1,0,0,0,0,0,0,0,1,0,0,0,0,0,0,0.0,0.0,0.0,0.0,120.15
20878,test,2021-08-05 21:32:00,2021-08-13 21:32:00,53.89333,-56.835,0.0,0.0,0.0,0.0,0.0,1.0,120.15,71.85,-0.557468,-0.830198,-0.707107,0.707107,0,0,0,1,0,0,0,0,0,0,0,1,0,0,0,0,0,0,0.0,0.0,0.0,0.0,71.85
20878,test,2021-08-10 21:41:00,2021-08-14 21:41:00,53.89333,-56.835,0.0,0.0,0.0,0.0,0.0,1.0,71.85,24.15,-0.626727,-0.779239,-0.707107,0.707107,0,0,0,1,0,0,0,0,0,0,0,1,0,0,0,0,0,0,0.0,0.0,0.0,0.0,24.15
20878,test,2021-08-13 21:32:00,2021-08-16 09:56:00,53.89333,-56.835,0.0,0.0,0.0,0.0,0.0,1.0,24.15,36.25,-0.666089,-0.745872,-0.707107,0.707107,0,0,0,1,0,0,0,0,0,0,0,1,0,0,0,0,0,0,0.0,0.0,0.0,0.0,36.25
20878,test,2021-08-14 21:41:00,2021-08-17 10:02:00,53.89333,-56.835,0.0,0.0,0.0,0.0,0.0,1.0,36.25,24.1,-0.67882,-0.734304,-0.707107,0.707107,0,0,0,1,0,0,0,0,0,0,0,1,0,0,0,0,0,0,0.0,0.0,0.0,0.0,24.1
20878,test,2021-08-16 09:56:00,2021-08-17 21:32:00,53.89333,-56.835,0.0,0.0,0.0,0.0,0.0,1.0,24.1,11.5,-0.703677,-0.71052,0.707107,-0.707107,0,0,0,1,0,0,0,0,0,0,0,1,0,0,0,0,0,0,0.0,0.00167,0.1094,90.0,11.5
20879,train,2021-06-02 17:07:00,2021-06-28 15:36:00,58.17,-61.86333,-0.74,0.65333,90.9347,0.048464,0.43003844526660107,-0.9028105756982937,521.2,101.2833,0.487847,-0.872929,-0.965926,-0.258819,0,0,0,0,0,1,0,0,0,0,0,0,0,0,1,0,0,0,-0.05833,0.44167,27.2425,103.59,101.2833
20880,train,2021-06-02 17:08:00,2021-07-13 15:35:00,58.115,-61.83167,-0.68333,0.62,84.4088,0.037668,0.43962567230024,-0.8981810887869783,622.4667,359.9833,0.487847,-0.872929,-0.965926,-0.258819,0,0,0,0,0,0,0,0,1,0,0,0,0,0,0,0,0,1,-0.43334,-0.135,48.866,189.63,359.9833
20880,train,2021-06-28 15:36:00,2021-07-20 15:26:00,57.43167,-61.21167,-0.43334,-0.135,48.866,0.037707,-0.1672849901499688,-0.9859085820047033,359.9833,167.85,0.062318,-0.998056,-0.707107,-0.707107,0,0,0,0,0,1,0,0,0,0,0,0,0,1,0,0,0,0,0.27334,0.29334,35.1724,30.09,167.85
20881,train,2021-06-02 17:09:00,2021-06-19 10:11:00,58.09333,-61.72,-1.44666,1.02333,172.1604,0.154125,0.3634138357348534,-0.9316278140955652,310.2833,90.75,0.487847,-0.872929,-0.965926,-0.258819,0,0,0,0,0,1,0,0,0,0,0,0,0,0,0,0,1,0,-0.29667,0.22334,35.7228,157.34,90.75
20881,train,2021-06-15 15:26:00,2021-06-23 21:41:00,56.64667,-60.69667,-0.29667,0.22334,35.7228,0.109344,0.38526189524823456,-0.9228072778591088,90.75,107.5,0.282108,-0.959383,-0.707107,-0.707107,0,0,0,0,0,1,0,0,0,0,0,0,0,0,1,0,0,0,-0.61167,0.65166,79.1452,148.97,107.5
20881,train,2021-06-19 10:11:00,2021-06-24 10:20:00,56.35,-60.47333,-0.61167,0.65166,79.1452,0.20451,0.5154868160383729,-0.8568975099103864,107.5,12.65,0.215477,-0.976509,0.5,-0.866025,0,0,0,1,0,0,0,0,0,0,0,0,0,0,1,0,0,0,-0.075,0.17834,13.9436,126.66,12.65
20882,val,2021-06-02 17:09:00,2021-06-19 10:11:00,58.13833,-61.58833,-1.47833,0.85333,172.1453,0.154111,0.3030352696327736,-0.952979341517219,310.2833,90.75,0.487847,-0.872929,-0.965926,-0.258819,0,0,0,0,0,1,0,0,0,0,0,0,0,0,0,0,1,0,-0.24333,0.12,28.0395,164.74,90.75
20882,val,2021-06-15 15:26:00,2021-06-24 10:20:00,56.66,-60.735,-0.24333,0.12,28.0395,0.085826,0.2631995976047486,-0.9647414015272168,90.75,120.15,0.282108,-0.959383,-0.707107,-0.707107,0,0,0,0,0,1,0,0,0,0,0,0,0,0,0,0,1,0,-0.47834,0.68,67.8258,141.36,120.15
20884,test,2021-06-02 17:11:00,2021-06-19 10:11:00,57.98,-61.61167,-1.34333,0.91834,159.225,0.14256,0.3526583803743286,-0.9357521395924004,310.25,90.75,0.487847,-0.872929,-0.965926,-0.258819,0,0,0,0,0,1,0,0,0,0,0,0,0,0,0,0,1,0,-0.27,0.25666,33.9036,152.21,90.75
20884,test,2021-06-15 15:26:00,2021-06-23 21:41:00,56.63667,-60.69333,-0.27,0.25666,33.9036,0.103776,0.46623224473201996,-0.8846623615663446,90.75,107.5,0.282108,-0.959383,-0.707107,-0.707107,0,0,0,0,0,1,0,0,0,0,0,0,0,0,1,0,0,0,-0.405,0.55334,56.5841,142.51,107.5
20884,test,2021-06-19 10:11:00,2021-06-24 10:20:00,56.36667,-60.43667,-0.405,0.55334,56.5841,0.146212,0.6086229534582593,-0.7934595771201868,107.5,12.65,0.215477,-0.976509,0.5,-0.866025,0,0,0,1,0,0,0,0,0,0,0,0,0,0,0,0,1,0,0.0,0.0,0.0,0.0,12.65
20885,train,2021-06-02 17:11:00,2021-06-23 21:41:00,57.96333,-61.66667,-1.45833,1.115,175.4874,0.121562,0.3899276877881883,-0.9208454801410262,401.0,107.5,0.487847,-0.872929,-0.965926,-0.258819,0,0,0,0,0,1,0,0,0,0,0,0,0,0,0,0,1,0,-0.38833,0.3,46.9778,156.68,107.5
20885,train,2021-06-19 10:11:00,2021-06-24 10:20:00,56.505,-60.55167,-0.38833,0.3,46.9778,0.12139,0.3958660767255938,-0.9183082539637146,107.5,12.65,0.215477,-0.976509,0.5,-0.866025,0,0,0,1,0,0,0,0,0,0,0,0,0,0,1,0,0,0,0.0,0.0,0.0,0.0,12.65
20886,val,2021-06-02 17:11:00,2021-07-06 10:20:00,57.915,-61.64667,-0.985,0.44834,112.7677,0.050327,0.24124444249413507,-0.9704643831515374,622.4167,186.7333,0.487847,-0.872929,-0.965926,-0.258819,0,0,0,0,0,1,0,0,0,0,0,0,0,1,0,0,0,0,-0.89833,0.96,115.9834,149.05,186.7333
20886,val,2021-06-28 15:36:00,2021-07-12 15:16:00,56.93,-61.19833,-0.89833,0.96,115.9834,0.172533,0.514289859311162,-0.8576164297689878,186.7333,148.9333,0.062318,-0.998056,-0.707107,-0.707107,0,0,0,0,0,1,0,0,0,0,0,0,0,1,0,0,0,0,-0.40334,0.095,45.2401,172.42,148.9333
20887,train,2021-06-02 17:12:00,2021-06-19 10:11:00,57.955,-61.52833,-1.45,0.97666,171.609,0.153656,0.3492263085932223,-0.937038411905484,310.2333,90.75,0.487847,-0.872929,-0.965926,-0.258819,0,0,0,0,0,1,0,0,0,0,0,0,0,0,0,0,1,0,-0.39333,-0.07166,43.9591,185.8,90.75
20889,train,2021-06-02 17:13:00,2021-06-19 10:11:00,57.85833,-61.58167,-1.055,0.855,128.0419,0.114653,0.4065771931206316,-0.9136164326642492,310.2167,90.75,0.487847,-0.872929,-0.965926,-0.258819,0,0,0,0,0,1,0,0,0,0,0,0,0,0,1,0,0,0,-0.35,0.175,40.3633,164.55,90.75
20889,train,2021-06-15 15:26:00,2021-06-23 21:41:00,56.80333,-60.72667,-0.35,0.175,40.3633,0.123549,0.26639734821911726,-0.963863295733281,90.75,107.5,0.282108,-0.959383,-0.707107,-0.707107,0,0,0,0,0,1,0,0,0,0,0,0,0,0,1,0,0,0,-0.62166,0.905,89.0017,140.58,107.5
20889,train,2021-06-19 10:11:00,2021-06-24 10:20:00,56.45333,-60.55167,-0.62166,0.905,89.0017,0.229978,0.6350002094287606,-0.7725119636778645,107.5,12.65,0.215477,-0.976509,0.5,-0.866025,0,0,0,1,0,0,0,0,0,0,0,0,0,0,1,0,0,0,-0.02334,0.0,2.5953,180.0,12.65
20890,train,2021-06-02 17:13:00,2021-07-13 15:35:00,57.86833,-61.51,-0.29,0.41,40.4045,0.018033,0.6050160940559847,-0.7962132414957942,622.3833,359.9833,0.487847,-0.872929,-0.965926,-0.258819,0,1,0,0,0,0,0,0,0,0,0,0,0,1,0,0,0,0,-0.12166,0.17,16.9134,143.04,359.9833
20890,train,2021-06-28 15:36:00,2021-07-20 15:26:00,57.57833,-61.1,-0.12166,0.17,16.9134,0.013051,0.6012573237717269,-0.7990554615362195,359.9833,167.85,0.062318,-0.998056,-0.707107,-0.707107,0,0,0,0,0,1,0,0,0,0,0,0,0,0,0,0,0,1,-0.175,-0.10333,20.4216,197.7,167.85
20890,train,2021-07-13 15:35:00,2021-07-25 15:26:00,57.45667,-60.93,-0.175,-0.10333,20.4216,0.033796,-0.30403306092549004,-0.9526614812535863,167.85,120.0,-0.194431,-0.980916,-0.707107,-0.707107,0,0,0,0,0,1,0,0,0,0,0,0,0,1,0,0,0,0,-0.00667,0.00333,0.7682,164.9,120.0
20890,train,2021-07-20 15:26:00,2021-07-28 21:34:00,57.28167,-61.03333,-0.00667,0.00333,0.7682,0.001778,0.2605045086426485,-0.965472630879225,120.0,78.1333,-0.310857,-0.950457,-0.707107,-0.707107,0,0,0,0,0,1,0,0,0,0,0,0,0,1,0,0,0,0,-0.17333,0.02333,19.3246,175.82,78.1333
20890,train,2021-07-25 15:26:00,2021-07-31 21:58:00,57.275,-61.03,-0.17333,0.02333,19.3246,0.068702,0.07289006424666791,-0.997339981417629,78.1333,72.4,-0.391358,-0.920239,-0.707107,-0.707107,0,0,0,0,0,1,0,0,0,0,0,0,0,1,0,0,0,0,-0.50834,0.17,57.4623,169.56,72.4
20891,train,2021-06-02 17:14:00,2021-06-19 10:11:00,57.88833,-61.41333,-1.36333,0.975,162.5658,0.145574,0.3677999770441116,-0.9299049289504551,310.2,90.75,0.487847,-0.872929,-0.965926,-0.258819,0,0,0,0,0,1,0,0,0,0,0,0,0,0,0,0,1,0,-0.30333,0.09333,34.2149,170.29,90.75
20891,train,2021-06-15 15:26:00,2021-06-23 21:41:00,56.525,-60.43833,-0.30333,0.09333,34.2149,0.104729,0.16866141470772872,-0.9856740471316,90.75,107.5,0.282108,-0.959383,-0.707107,-0.707107,0,0,0,0,0,1,0,0,0,0,0,0,0,0,0,0,1,0,-0.69167,1.02833,100.1472,139.74,107.5
20892,train,2021-06-02 17:14:00,2021-06-19 10:11:00,57.83,-61.42167,-1.345,0.88667,158.8247,0.142224,0.3428400494994483,-0.9393937941349282,310.2,90.75,0.487847,-0.872929,-0.965926,-0.258819,0,0,0,0,0,0,0,0,0,1,0,0,0,0,1,0,0,0,-0.385,-0.05667,42.9526,184.69,90.75
20892,train,2021-06-15 15:26:00,2021-06-23 21:41:00,56.485,-60.535,-0.385,-0.05667,42.9526,0.131474,-0.08176456134444483,-0.9966516726059063,90.75,107.5,0.282108,-0.959383,-0.707107,-0.707107,0,0,0,0,0,1,0,0,0,0,0,0,0,0,1,0,0,0,0.08,0.255,18.1305,60.51,107.5
20892,train,2021-06-19 10:11:00,2021-06-24 10:20:00,56.1,-60.59167,0.08,0.255,18.1305,0.046849,0.8704416268075701,0.49227164687862224,107.5,12.65,0.215477,-0.976509,0.5,-0.866025,0,0,0,1,0,0,0,0,0,0,0,0,0,0,0,0,1,0,-0.02,0.16667,10.5548,102.09,12.65
20896,train,2021-06-02 17:17:00,2021-07-13 15:35:00,57.52167,-61.32667,-0.00834,0.07834,4.7692,0.002129,0.981022896163595,-0.19389192144798736,622.3167,359.9833,0.487847,-0.872929,-0.965926,-0.258819,0,0,0,0,0,1,0,0,0,0,0,0,0,0,1,0,0,0,-0.03,0.35333,21.3726,98.83,359.9833
20897,train,2021-06-02 17:18:00,2021-06-19 10:11:00,57.63167,-61.28833,-1.44834,0.67,166.1034,0.148774,0.24970404853445896,-0.9683222026502855,310.1333,90.75,0.487847,-0.872929,-0.965926,-0.258819,0,0,0,0,0,1,0,0,0,0,0,0,0,0,0,0,1,0,-0.05833,-0.02,6.6032,190.82,90.75
20897,train,2021-06-15 15:26:00,2021-06-23 21:41:00,56.18333,-60.61833,-0.05833,-0.02,6.6032,0.020212,-0.18772418609735028,-0.9822217824677314,90.75,107.5,0.282108,-0.959383,-0.707107,-0.707107,0,0,0,0,0,1,0,0,0,0,0,0,0,0,0,0,1,0,-0.02333,0.34166,21.3401,96.84,107.5
20897,train,2021-06-19 10:11:00,2021-06-24 10:20:00,56.125,-60.63833,-0.02333,0.34166,21.3401,0.055142,0.9928826045698137,-0.1190971600948698,107.5,12.65,0.215477,-0.976509,0.5,-0.866025,0,0,0,1,0,0,0,0,0,0,0,0,0,0,0,0,1,0,-0.00167,0.00334,0.2782,131.87,12.65
20898,train,2021-06-02 17:19:00,2021-06-19 10:11:00,57.36667,-61.34833,-0.75334,0.69,93.6157,0.083853,0.4510333194352681,-0.8925071118815824,310.1167,90.75,0.487847,-0.872929,-0.965926,-0.258819,0,0,0,0,0,0,0,0,1,0,0,0,0,1,0,0,0,0,-0.26666,0.14,30.8723,163.77,90.75
20898,train,2021-06-15 15:26:00,2021-06-23 21:41:00,56.61333,-60.65833,-0.26666,0.14,30.8723,0.094497,0.27949387637079265,-0.9601474746471128,90.75,107.5,0.282108,-0.959383,-0.707107,-0.707107,0,0,0,0,0,1,0,0,0,0,0,0,0,1,0,0,0,0,-0.68334,0.87666,93.5085,143.98,107.5
20899,train,2021-06-02 17:20:00,2021-06-19 10:11:00,57.60333,-61.09333,-1.47166,0.55166,167.039,0.149628,0.20466689331501306,-0.9788316825587436,310.1,90.75,0.487847,-0.872929,-0.965926,-0.258819,0,0,0,0,0,0,0,0,0,1,0,0,0,0,0,0,1,0,-0.16834,0.66667,45.4368,114.05,90.75
20899,train,2021-06-15 15:26:00,2021-06-23 21:41:00,56.13167,-60.54167,-0.16834,0.66667,45.4368,0.139078,0.9131901651548396,-0.40753370690591556,90.75,107.5,0.282108,-0.959383,-0.707107,-0.707107,0,0,0,0,0,1,0,0,0,0,0,0,0,0,0,0,1,0,-0.70666,1.015,101.1812,140.53,107.5
20902,train,2021-06-02 17:21:00,2021-07-06 10:20:00,57.47167,-61.23167,-0.53334,0.09167,59.5611,0.026589,0.09341325707375064,-0.9956274219821757,622.25,186.7333,0.487847,-0.872929,-0.965926,-0.258819,0,0,0,0,0,1,0,0,0,0,0,0,0,1,0,0,0,0,-0.98,1.02833,125.9672,149.46,186.7333
20902,train,2021-06-28 15:36:00,2021-07-12 15:16:00,56.93833,-61.14,-0.98,1.02833,125.9672,0.187384,0.5081397698590606,-0.8612746218759617,186.7333,148.9333,0.062318,-0.998056,-0.707107,-0.707107,0,0,0,0,0,1,0,0,0,0,0,0,0,1,0,0,0,0,-0.43333,0.61,61.4781,141.35,148.9333
20902,train,2021-07-06 10:20:00,2021-07-13 10:11:00,55.95833,-60.11167,-0.43333,0.61,61.4781,0.114664,0.62456136433787,-0.7809757372520727,148.9333,18.9167,-0.07519,-0.997169,0.5,-0.866025,0,0,0,1,0,0,0,0,0,0,0,0,0,0,1,0,0,0,-0.07667,0.085,10.0677,147.83,18.9167
20906,train,2021-06-02 17:24:00,2021-06-20 13:19:00,57.365,-60.83167,-0.74333,0.95834,100.9998,0.248756,0.5804187404125258,-0.814318172324514,112.7833,315.1333,0.487847,-0.872929,-0.965926,-0.258819,0,0,0,0,0,1,0,0,0,0,0,0,0,0,0,0,1,0,-1.29167,3.32333,251.7169,123.4,315.1333
20912,train,2021-06-02 17:29:00,2021-06-15 15:26:00,57.20333,-60.33333,-0.05166,1.24833,75.4571,0.185983,0.9977549572268466,-0.06697048102898488,112.7,197.25,0.487847,-0.872929,-0.965926,-0.258819,0,0,0,0,0,1,0,0,0,0,0,0,0,0,0,0,1,0,0.025,-0.58833,35.5812,274.73,197.25
20912,train,2021-06-07 10:11:00,2021-06-24 10:20:00,57.15167,-59.085,0.025,-0.58833,35.5812,0.050107,-0.9965943473003078,0.08246033548969676,197.25,210.9,0.411054,-0.911611,0.5,-0.866025,0,0,0,1,0,0,0,0,0,0,0,0,0,0,0,0,1,0,-0.53834,-1.03,86.5642,226.68,210.9
20912,train,2021-06-15 15:26:00,2021-07-06 10:20:00,57.17667,-59.67333,-0.53834,-1.03,86.5642,0.114014,-0.7275333175570371,-0.6860723517563228,210.9,288.0,0.282108,-0.959383,-0.707107,-0.707107,0,0,0,0,0,1,0,0,0,0,0,0,0,0,0,0,1,0,-1.32166,1.58666,177.0275,145.45,288.0
20912,train,2021-06-24 10:20:00,2021-07-25 15:26:00,56.63833,-60.70333,-1.32166,1.58666,177.0275,0.170744,0.5671252069342252,-0.8236315921938717,288.0,461.1,0.130793,-0.99141,0.5,-0.866025,0,0,0,1,0,0,0,0,0,0,0,0,0,0,1,0,0,0,0.195,-0.32166,29.7044,317.02,461.1
20926,val,2021-06-02 17:41:00,2021-06-07 21:24:00,56.55833,-60.03333,-0.67666,0.61666,84.3481,0.208267,0.45601095910162387,-0.8899741598379232,112.5,11.2167,0.487847,-0.872929,-0.965926,-0.258819,0,0,0,0,0,1,0,0,0,0,0,0,0,0,0,0,1,0,-0.16,0.17834,20.9942,147.86,11.2167
20932,train,2021-06-02 17:50:00,2021-06-07 21:24:00,55.945,-59.95167,-0.52833,0.585,69.2549,0.171228,0.5331716207371888,-0.8460071056678421,112.35,11.2167,0.487847,-0.872929,-0.965926,-0.258819,0,0,0,0,0,1,0,0,0,0,0,0,0,0,1,0,0,0,-0.05667,0.10667,9.2249,133.04,11.2167
20934,train,2021-06-02 17:52:00,2021-06-07 21:24:00,55.84667,-60.23167,-0.58334,1.1,94.8328,0.234537,0.73491459514996,-0.6781596698680704,112.3167,11.2167,0.487847,-0.872929,-0.965926,-0.258819,0,0,0,0,0,1,0,0,0,0,0,0,0,0,1,0,0,0,-0.01,0.10167,6.5378,99.75,11.2167
20936,train,2021-06-02 17:54:00,2021-06-07 10:11:00,55.755,-59.7,-0.46833,0.83167,73.841,0.205869,0.7131281065471794,-0.7010337393110511,99.6333,12.65,0.487847,-0.872929,-0.965926,-0.258819,0,0,0,0,0,1,0,0,0,0,0,0,0,1,0,0,0,0,-0.04,0.02333,4.687,161.61,12.65
20938,train,2021-06-02 17:56:00,2021-06-09 21:26:00,55.78333,-59.275,-0.55666,1.10833,93.2864,0.26017,0.7534486472001913,-0.6575067574042122,99.6,71.9,0.487847,-0.872929,-0.965926,-0.258819,0,0,0,0,0,1,0,0,0,0,0,0,0,0,1,0,0,0,-0.17834,0.39167,31.8274,128.38,71.9
20939,train,2021-06-02 17:57:00,2021-06-07 10:11:00,55.73833,-59.65333,-0.55166,1.00166,88.0338,0.245562,0.7222432592616969,-0.69163912154464,99.5833,12.65,0.487847,-0.872929,-0.965926,-0.258819,0,0,0,0,0,1,0,0,0,0,0,0,0,0,1,0,0,0,-0.00167,0.02334,1.4933,97.13,12.65
20940,test,2021-06-02 17:58:00,2021-06-07 10:11:00,55.71333,-59.59,-0.46166,0.695,67.4746,0.188245,0.6527597524627223,-0.7575649843840497,99.5667,12.65,0.487847,-0.872929,-0.965926,-0.258819,0,0,0,0,0,1,0,0,0,0,0,0,0,0,1,0,0,0,0.025,0.19833,12.8696,77.44,12.65
20940,test,2021-06-06 21:32:00,2021-06-07 21:24:00,55.25167,-58.895,0.025,0.19833,12.8696,0.282601,0.9760688168135231,0.21746186986285468,12.65,11.2167,0.426674,-0.904405,-0.707107,0.707107,0,0,0,1,0,0,0,0,0,0,0,0,0,0,0,0,1,0,-0.00167,0.0,0.1857,180.0,11.2167
20942,val,2021-06-02 18:00:00,2021-06-07 10:11:00,55.66167,-59.375,-0.31334,1.16333,81.1209,0.226392,0.9066026093568378,-0.4219854366057827,99.5333,12.65,0.487847,-0.872929,-1.0,-0.0,0,0,0,0,0,1,0,0,0,0,0,0,0,0,0,0,1,0,0.025,0.14834,9.7791,73.42,12.65
20942,val,2021-06-06 21:32:00,2021-06-09 21:26:00,55.34833,-58.21167,0.025,0.14834,9.7791,0.214736,0.9584222401316759,0.28535383232222433,12.65,59.25,0.426674,-0.904405,-0.707107,0.707107,0,0,0,1,0,0,0,0,0,0,0,0,0,0,0,0,1,0,-0.13,0.58666,39.8429,111.03,59.25
20943,val,2021-06-02 18:01:00,2021-06-07 10:11:00,55.72167,-59.60833,-0.46334,0.71166,68.2957,0.190632,0.6602638683996462,-0.7510337036950703,99.5167,12.65,0.487847,-0.872929,-1.0,-0.0,0,0,0,0,0,1,0,0,0,0,0,0,0,0,1,0,0,0,0.01834,0.2,12.8336,80.77,12.65
20943,val,2021-06-06 21:32:00,2021-06-09 21:26:00,55.25833,-58.89667,0.01834,0.2,12.8336,0.28181,0.9870524161681935,0.16039802909179177,12.65,59.25,0.426674,-0.904405,-0.707107,0.707107,0,0,0,1,0,0,0,0,0,0,0,0,0,0,1,0,0,0,-0.165,0.475,35.2919,121.13,59.25
20947,train,2021-06-02 18:05:00,2021-06-09 21:26:00,55.35167,-58.74667,-0.03834,1.07167,67.9155,0.189697,0.9984794916270877,-0.05512444829757951,99.45,71.9,0.487847,-0.872929,-1.0,-0.0,1,0,0,0,0,0,0,0,0,0,0,0,0,0,0,0,1,0,-0.15333,0.33167,27.0718,128.9,71.9
20982,train,2021-06-02 17:53:00,2021-06-07 21:24:00,55.92627,-59.64429,-0.60627,0.50262,74.434,0.184115,0.4272000647069467,-0.904157123908439,112.3,11.2167,0.487847,-0.872929,-0.965926,-0.258819,0,0,0,0,0,1,0,0,0,0,0,0,0,0,1,0,0,0,-0.00167,0.0,0.1857,180.0,11.2167
20984,train,2021-06-02 17:53:00,2021-06-07 21:24:00,55.9182,-59.65714,-0.62653,0.65714,80.9763,0.200298,0.5138407419213793,-0.8578855937371174,112.3,11.2167,0.487847,-0.872929,-0.965926,-0.258819,0,0,0,0,0,1,0,0,0,0,0,0,0,0,1,0,0,0,0.0,-0.00333,0.2108,270.0,11.2167
20985,train,2021-06-02 17:59:00,2021-06-07 10:11:00,55.69106,-59.58078,-0.45939,1.05578,83.9006,0.234111,0.7978996584435329,-0.6027902911093488,99.55,12.65,0.487847,-0.872929,-0.965926,-0.258819,0,0,0,0,0,1,0,0,0,0,0,0,0,0,0,0,1,0,-0.01834,0.01167,2.1695,160.05,12.65
20985,train,2021-06-06 21:32:00,2021-06-09 21:26:00,55.23167,-58.525,-0.01834,0.01167,2.1695,0.047639,0.34119997668867164,-0.9399907318200802,12.65,59.25,0.426674,-0.904405,-0.707107,0.707107,0,0,0,1,0,0,0,0,0,0,0,0,0,0,0,0,1,0,-0.22666,0.36833,34.4139,136.93,59.25
20986,test,2021-06-02 17:59:00,2021-06-07 10:11:00,55.68996,-59.60092,-0.39996,0.74759,64.7755,0.180745,0.730758267372066,-0.6826363268002782,99.55,12.65,0.487847,-0.872929,-0.965926,-0.258819,0,0,0,0,0,1,0,0,0,0,0,0,0,0,0,0,1,0,-0.05167,0.12,9.5297,127.03,12.65
20987,train,2021-06-02 18:03:00,2021-06-07 21:24:00,55.22728,-59.0188,0.01605,0.01547,2.0365,0.005045,0.4816007223967238,0.8763907485744893,112.1333,11.2167,0.487847,-0.872929,-1.0,-0.0,0,0,0,0,0,1,0,0,0,0,0,0,0,0,1,0,0,0,0.0,0.0,0.0,0.0,11.2167
20988,train,2021-06-02 18:03:00,2021-06-07 10:11:00,55.22751,-59.02016,-0.08084,0.14516,12.8731,0.035944,0.7165454746003632,-0.6975403807879084,99.4833,12.65,0.487847,-0.872929,-1.0,-0.0,0,0,0,0,0,1,0,0,0,0,0,0,0,0,1,0,0,0,0.06833,0.02,7.7033,9.48,12.65
20992,train,2021-06-02 18:05:00,2021-06-07 10:11:00,55.31217,-59.02167,-0.14717,0.495,35.3928,0.098857,0.8882968183367945,-0.45926981452380233,99.45,12.65,0.487847,-0.872929,-1.0,-0.0,0,0,0,0,0,1,0,0,0,0,0,0,0,0,1,0,0,0,0.02333,-0.12333,8.2497,288.38,12.65
21012,train,2021-06-07 10:11:00,2021-06-19 10:11:00,56.04833,-60.55333,-0.72833,1.3,114.887,0.18454,0.7159364830218313,-0.6981654189934725,172.9333,115.0667,0.411054,-0.911611,0.5,-0.866025,0,0,0,1,0,0,0,0,0,0,0,0,0,0,1,0,0,0,-0.01333,0.05166,3.5894,114.37,115.0667
21015,train,2021-06-07 10:11:00,2021-06-19 10:11:00,56.02667,-60.55833,-0.67334,1.32666,111.8891,0.179724,0.7495336806109827,-0.6619662088277266,172.9333,115.0667,0.411054,-0.911611,0.5,-0.866025,0,0,0,1,0,0,0,0,0,0,0,0,0,0,0,0,1,0,-0.09333,0.09834,12.1011,149.01,115.0667
21025,train,2021-06-07 10:11:00,2021-06-19 10:11:00,55.89,-60.46333,-0.04167,0.52833,33.2864,0.046876,0.9907951537823761,-0.13536972793559707,197.25,90.75,0.411054,-0.911611,0.5,-0.866025,0,0,0,1,0,0,0,0,0,0,0,0,0,0,0,0,1,0,-0.28,0.28833,35.995,149.76,90.75
21036,train,2021-06-07 10:11:00,2021-06-24 10:20:00,55.34167,-60.09833,0.41833,-0.04667,46.6087,0.044954,-0.06261633004950351,0.9980376722404478,288.0,120.15,0.411054,-0.911611,0.5,-0.866025,0,0,0,1,0,0,0,0,0,0,0,0,0,0,0,0,1,0,-0.33333,0.78167,61.5296,126.72,120.15
21038,val,2021-06-10 15:46:00,2021-06-20 08:00:00,54.24667,-56.72,-0.015,0.48833,31.7767,0.097769,0.9987975962355722,-0.04902409360756103,90.2833,141.95,0.363482,-0.931601,-0.707107,-0.707107,0,0,0,0,0,0,0,0,1,0,0,0,0,0,0,0,1,0,0.09833,0.665,44.5327,75.52,141.95
21040,train,2021-06-14 10:03:00,2021-07-06 14:57:00,55.21167,-58.51333,0.00166,-0.00167,0.2128,0.011668,-0.4977310399126128,0.8673314314075727,5.0667,527.8333,0.298569,-0.954388,0.5,-0.866025,0,0,0,1,0,0,0,0,0,0,0,0,0,0,1,0,0,0,-0.51833,1.53,113.4238,119.91,527.8333
21040,train,2021-06-14 15:07:00,2021-07-11 14:57:00,55.21333,-58.515,-0.51833,1.53,113.4238,0.05969,0.8668097332090567,-0.49863903418609723,527.8333,120.0,0.298569,-0.954388,-0.707107,-0.707107,0,0,0,0,0,1,0,0,0,0,0,0,0,1,0,0,0,0,-0.7,0.40667,82.178,161.13,120.0
21040,train,2021-07-06 14:57:00,2021-07-16 14:57:00,54.695,-56.985,-0.7,0.40667,82.178,0.190227,0.32342200468339194,-0.9462548318960258,120.0,120.0,-0.07519,-0.997169,-0.5,-0.866025,0,0,0,0,0,1,0,0,0,0,0,0,0,0,1,0,0,0,-0.065,0.05333,8.0256,154.21,120.0
21042,train,2021-06-14 10:03:00,2021-06-19 10:11:00,55.23833,-58.89333,-0.045,0.07666,6.9775,0.38254,0.6972902167409574,-0.7167889184671793,5.0667,115.0667,0.298569,-0.954388,0.5,-0.866025,0,0,0,1,0,0,0,0,0,0,0,0,0,0,0,0,1,0,-0.01833,0.19167,12.3378,99.43,115.0667
21043,train,2021-06-14 10:03:00,2021-07-06 14:57:00,55.16333,-58.50833,0.00167,0.0,0.1857,0.010181,0.0,1.0,5.0667,527.8333,0.298569,-0.954388,0.5,-0.866025,0,0,0,1,0,0,0,0,0,0,0,0,0,0,1,0,0,0,-0.38833,1.85166,125.8191,109.31,527.8333
21045,train,2021-06-14 10:03:00,2021-06-19 10:11:00,55.17333,-58.645,0.00167,-0.00167,0.2138,0.011724,-0.4959134148926305,0.8683719738277657,5.0667,115.0667,0.298569,-0.954388,0.5,-0.866025,0,0,0,1,0,0,0,0,0,0,0,0,0,0,1,0,0,0,0.03667,0.13167,9.2989,63.94,115.0667
21053,train,2021-06-14 10:03:00,2021-06-19 10:11:00,55.16,-58.72833,-0.01167,0.01,1.4448,0.079212,0.4397824277763471,-0.8981043459527084,5.0667,115.0667,0.298569,-0.954388,0.5,-0.866025,0,0,0,1,0,0,0,0,0,0,0,0,0,0,1,0,0,0,0.015,0.21,13.4453,82.79,115.0667
21056,train,2021-06-14 10:03:00,2021-06-21 09:55:00,55.1,-58.34833,0.12,0.895,58.3985,0.135032,0.9720430214433043,0.2348028203905819,120.1333,47.7333,0.298569,-0.954388,0.5,-0.866025,0,0,0,1,0,0,0,0,0,0,0,0,0,0,1,0,0,0,-0.10167,0.83833,54.4286,101.64,47.7333
21072,train,2021-06-14 10:03:00,2021-06-19 10:11:00,55.10167,-58.85667,0.00166,-0.00166,0.2127,0.011659,-0.4965195319953107,0.8680255493631266,5.0667,115.0667,0.298569,-0.954388,0.5,-0.866025,0,0,0,1,0,0,0,0,0,0,0,0,0,0,1,0,0,0,0.11334,0.16333,16.3242,39.4,115.0667
21073,train,2021-06-14 10:03:00,2021-06-19 10:11:00,55.10667,-58.85,0.0,0.0,0.0,0.0,0.0,1.0,5.0667,115.0667,0.298569,-0.954388,0.5,-0.866025,0,0,0,1,0,0,0,0,0,0,0,0,0,0,0,0,1,0,0.11,0.16167,15.9709,39.95,115.0667
21081,train,2021-06-14 10:03:00,2021-06-19 10:11:00,55.085,-58.85667,0.00167,-0.00333,0.2818,0.015448,-0.7520699167772581,0.6590833333339936,5.0667,115.0667,0.298569,-0.954388,0.5,-0.866025,0,0,0,1,0,0,0,0,0,0,0,0,0,0,1,0,0,0,0.11833,0.165,16.8245,38.48,115.0667
21144,train,2021-06-14 10:03:00,2021-06-19 10:11:00,55.21,-58.75167,0.00833,0.05,3.3044,0.181161,0.9598052919751869,0.2806667089207877,5.0667,115.0667,0.298569,-0.954388,0.5,-0.866025,0,0,0,1,0,0,0,0,0,0,0,0,0,0,1,0,0,0,0.005,0.13334,8.4756,86.18,115.0667
21144,train,2021-06-14 15:07:00,2021-07-16 14:57:00,55.21833,-58.70167,0.005,0.13334,8.4756,0.020461,0.9977782735475763,0.0666221947733486,115.0667,652.7667,0.298569,-0.954388,-0.707107,-0.707107,0,0,0,0,0,1,0,0,0,0,0,0,0,0,1,0,0,0,-1.30333,2.11666,199.024,135.86,652.7667
21144,train,2021-06-19 10:11:00,2021-07-20 10:04:00,55.22333,-58.56833,-1.30333,2.11666,199.024,0.084693,0.6964139736955125,-0.7176402840153456,652.7667,91.1167,0.215477,-0.976509,0.5,-0.866025,0,0,0,1,0,0,0,0,0,0,0,0,0,0,1,0,0,0,-0.375,0.60167,57.4891,136.25,91.1167
21187,train,2021-06-14 15:07:00,2021-07-06 10:20:00,55.37833,-59.23,-0.125,-0.03,14.0284,0.033865,-0.13554265224938328,-0.9907715122172229,115.0667,408.15,0.298569,-0.954388,-0.707107,-0.707107,0,0,0,0,0,1,0,0,0,0,0,0,0,0,1,0,0,0,0.205,-0.07167,23.2408,348.79,408.15
21187,train,2021-06-19 10:11:00,2021-07-25 15:26:00,55.25333,-59.26,0.205,-0.07167,23.2408,0.015817,-0.1944055572334966,0.9809212401190698,408.15,461.1,0.215477,-0.976509,0.5,-0.866025,0,0,0,1,0,0,0,0,0,0,0,0,0,0,0,0,1,0,0.08667,-0.035,9.8861,347.13,461.1
21206,train,2021-06-15 15:26:00,2021-06-24 10:20:00,56.55,-60.435,-0.325,-0.02167,36.163,0.110692,-0.03699253788261221,-0.9993155418290078,90.75,120.15,0.282108,-0.959383,-0.707107,-0.707107,0,0,0,0,0,1,0,0,0,0,0,0,0,0,1,0,0,0,-0.51,0.895,79.483,135.15,120.15
21207,train,2021-06-15 15:26:00,2021-06-23 21:41:00,56.52833,-60.44,-0.29833,0.03667,33.2495,0.101774,0.06818941838404255,-0.9976723927324269,90.75,107.5,0.282108,-0.959383,-0.707107,-0.707107,0,0,0,0,0,1,0,0,0,0,0,0,0,0,0,0,1,0,-0.70833,0.97,99.3193,142.07,107.5
21209,val,2021-06-15 15:26:00,2021-06-24 10:20:00,56.37667,-60.425,-0.30167,0.17833,35.309,0.108078,0.31349529493109834,-0.9495897535546935,90.75,120.15,0.282108,-0.959383,-0.707107,-0.707107,0,0,0,0,0,1,0,0,0,0,0,0,0,0,1,0,0,0,-0.54667,0.855,80.9336,138.33,120.15
21210,train,2021-06-15 15:26:00,2021-06-24 10:20:00,56.365,-60.36167,-0.38333,0.12834,43.3583,0.132716,0.18412290239187903,-0.982903228611439,90.75,120.15,0.282108,-0.959383,-0.707107,-0.707107,0,0,0,0,0,1,0,0,0,0,0,0,0,0,0,0,1,0,-0.54167,0.91166,83.0005,136.15,120.15
21211,train,2021-06-15 15:26:00,2021-06-24 10:20:00,56.36667,-60.47333,-0.54834,-0.155,61.726,0.188938,-0.15695159597871108,-0.9876062963143438,90.75,120.15,0.282108,-0.959383,-0.707107,-0.707107,0,0,0,0,0,1,0,0,0,0,0,0,0,0,0,0,1,0,0.43667,0.35666,53.3713,24.38,120.15
21212,train,2021-06-15 15:26:00,2021-06-24 10:20:00,56.35333,-60.48,-0.23666,0.22833,29.86,0.091399,0.4740882090471163,-0.880477353509162,90.75,120.15,0.282108,-0.959383,-0.707107,-0.707107,0,0,0,0,0,1,0,0,0,0,0,0,0,0,1,0,0,0,-0.59334,0.81834,83.4626,141.89,120.15
21213,test,2021-06-15 15:26:00,2021-06-24 10:20:00,56.33667,-60.53833,-0.37834,-0.04667,42.1687,0.129075,-0.06888590843449426,-0.997624544414959,90.75,120.15,0.282108,-0.959383,-0.707107,-0.707107,0,0,0,0,0,1,0,0,0,0,0,0,0,0,0,0,1,0,0.26334,0.23833,32.8028,26.69,120.15
21217,train,2021-06-15 15:26:00,2021-06-23 21:41:00,56.26167,-60.46333,-0.37,0.00833,41.1454,0.125942,0.012566039883352836,-0.9999210442038161,90.75,107.5,0.282108,-0.959383,-0.707107,-0.707107,0,0,0,0,0,1,0,0,0,0,0,0,0,0,0,0,1,0,0.16166,0.26,24.1839,41.88,107.5
21217,train,2021-06-19 10:11:00,2021-06-24 10:20:00,55.89167,-60.455,0.16166,0.26,24.1839,0.062491,0.6675727010467905,0.7445446184192674,107.5,12.65,0.215477,-0.976509,0.5,-0.866025,0,0,0,1,0,0,0,0,0,0,0,0,0,0,0,0,1,0,-0.09166,-0.04667,10.597,195.91,12.65
21218,train,2021-06-15 15:26:00,2021-06-23 21:41:00,56.235,-60.36167,-0.215,0.315,30.8648,0.094475,0.634325823860323,-0.773065811677067,90.75,107.5,0.282108,-0.959383,-0.707107,-0.707107,0,0,0,0,0,1,0,0,0,0,0,0,0,0,1,0,0,0,-0.70167,0.905,96.4781,143.59,107.5
21221,train,2021-06-15 15:26:00,2021-06-23 21:41:00,56.22167,-60.34667,-0.265,0.47167,41.5264,0.127109,0.7069833570023731,-0.7072301838310175,90.75,107.5,0.282108,-0.959383,-0.707107,-0.707107,0,0,0,0,0,1,0,0,0,0,0,0,0,0,1,0,0,0,-0.49334,1.03167,84.7699,129.9,107.5
21223,train,2021-06-15 15:26:00,2021-07-06 10:20:00,56.07667,-60.24833,-0.375,0.12,42.3642,0.129673,0.17742827860084207,-0.9841337337744002,90.75,408.15,0.282108,-0.959383,-0.707107,-0.707107,0,0,0,0,0,1,0,0,0,0,0,0,0,0,0,0,1,0,-0.18667,0.85666,57.6696,110.74,408.15
21226,train,2021-06-15 15:26:00,2021-07-06 10:20:00,55.99333,-60.23,-0.34666,0.08167,38.883,0.119017,0.13173737290818732,-0.9912846536587002,90.75,408.15,0.282108,-0.959383,-0.707107,-0.707107,0,0,0,0,0,1,0,0,0,0,0,0,0,0,0,0,1,0,-0.09834,0.74,47.7593,102.93,408.15
21226,train,2021-06-19 10:11:00,2021-07-12 15:16:00,55.64667,-60.14833,-0.09834,0.74,47.7593,0.032504,0.9746441670910125,-0.22376046915276723,408.15,148.9333,0.215477,-0.976509,0.5,-0.866025,0,0,0,1,0,0,0,0,0,0,0,0,0,0,0,0,1,0,-0.02833,-0.02334,3.4757,205.01,148.9333
21227,train,2021-06-15 15:26:00,2021-06-24 10:20:00,56.38833,-60.725,-0.22666,0.05833,25.4594,0.077929,0.14193790484034452,-0.9898755634773158,90.75,120.15,0.282108,-0.959383,-0.707107,-0.707107,0,0,0,0,0,1,0,0,0,0,0,0,0,0,0,0,1,0,0.01,0.20834,12.9464,84.99,120.15
21230,train,2021-06-15 15:26:00,2021-06-28 15:30:00,56.62333,-59.87333,-0.34,0.81833,62.911,0.192565,0.8028174751911147,-0.5962248749656156,90.75,221.3167,0.282108,-0.959383,-0.707107,-0.707107,0,0,0,0,0,1,0,0,0,0,0,0,0,0,1,0,0,0,-0.59333,1.93667,137.3391,117.9,221.3167
21232,train,2021-06-15 15:26:00,2021-06-24 10:20:00,56.175,-60.17,-0.53,0.28,61.4626,0.188132,0.28585562189504804,-0.9582726978428402,90.75,120.15,0.282108,-0.959383,-0.707107,-0.707107,0,0,0,0,0,1,0,0,0,0,0,0,0,0,1,0,0,0,-0.28667,0.53333,46.3062,133.28,120.15
21233,train,2021-06-15 15:26:00,2021-06-23 21:41:00,56.16333,-60.14667,-0.35833,0.40167,47.0304,0.143956,0.5337621151380926,-0.8456346755208833,90.75,107.5,0.282108,-0.959383,-0.707107,-0.707107,0,0,0,0,0,0,1,0,0,0,0,0,0,1,0,0,0,0,-0.33333,0.90833,67.996,122.66,107.5
21239,val,2021-06-15 15:26:00,2021-06-23 21:41:00,55.97667,-59.86,-0.41334,0.45333,54.0041,0.165302,0.5278455119450666,-0.8493404002633165,90.75,107.5,0.282108,-0.959383,-0.707107,-0.707107,0,0,0,0,0,1,0,0,0,0,0,0,0,1,0,0,0,0,-0.34,0.83834,65.0551,125.18,107.5
21242,test,2021-06-15 15:26:00,2021-06-23 21:41:00,55.95333,-59.95167,-0.27166,0.335,36.7487,0.112484,0.5714299381493518,-0.8206508549844007,90.75,107.5,0.282108,-0.959383,-0.707107,-0.707107,0,0,0,0,0,1,0,0,0,0,0,0,0,0,1,0,0,0,-0.45334,0.775,70.2061,135.57,107.5
21248,train,2021-06-15 15:26:00,2021-06-23 21:41:00,55.865,-59.87,-0.31167,0.515,47.3489,0.144931,0.6840380230423668,-0.7294463537727023,90.75,107.5,0.282108,-0.959383,-0.707107,-0.707107,0,0,0,0,0,1,0,0,0,0,0,0,0,1,0,0,0,0,-0.34166,0.84,65.2595,125.26,107.5
21255,train,2021-06-19 10:11:00,2021-06-24 10:20:00,56.36,-60.35167,-0.645,0.79,86.9017,0.224552,0.5694230059639093,-0.8220446704887915,107.5,12.65,0.215477,-0.976509,0.5,-0.866025,0,0,0,1,0,0,0,0,0,0,0,0,0,0,0,0,1,0,-0.055,-0.035,6.4973,199.75,12.65
21256,val,2021-06-19 10:11:00,2021-06-24 10:20:00,56.25333,-60.57333,-0.59333,0.97666,89.714,0.231819,0.6828913679625511,-0.7305199378266384,107.5,12.65,0.215477,-0.976509,0.5,-0.866025,0,0,0,1,0,0,0,0,0,0,0,0,0,0,0,0,1,0,-0.02833,-0.03,3.6697,210.87,12.65
21257,train,2021-06-19 10:11:00,2021-06-24 10:20:00,56.19667,-60.385,-0.66667,0.99333,96.6271,0.249682,0.646922880393151,-0.7625554319679513,107.5,12.65,0.215477,-0.976509,0.5,-0.866025,0,0,0,1,0,0,0,0,0,0,0,0,0,0,1,0,0,0,-0.085,0.11834,12.0382,141.68,12.65
21262,train,2021-06-19 10:11:00,2021-07-12 15:16:00,55.695,-60.09333,-0.175,0.66,45.794,0.031166,0.9072643437821236,-0.42056082853921684,408.15,148.9333,0.215477,-0.976509,0.5,-0.866025,0,0,0,1,0,0,0,0,0,0,0,0,0,0,0,0,1,0,-0.155,-0.01834,17.274,183.85,148.9333
21262,train,2021-07-06 10:20:00,2021-07-25 15:26:00,55.52,-59.43333,-0.155,-0.01834,17.274,0.032218,-0.06714462109939877,-0.9977432534762729,148.9333,312.1667,-0.07519,-0.997169,0.5,-0.866025,0,0,0,1,0,0,0,0,0,0,0,0,0,0,1,0,0,0,0.285,-0.31333,37.3305,328.22,312.1667
21266,train,2021-06-19 10:11:00,2021-07-12 15:16:00,55.59333,-60.10333,-0.055,0.68,43.1908,0.029395,0.9906051762440649,-0.13675300654269085,408.15,148.9333,0.215477,-0.976509,0.5,-0.866025,0,0,0,1,0,0,0,0,0,0,0,0,0,0,0,0,1,0,0.07834,-0.02834,8.8913,348.45,148.9333
21266,train,2021-07-06 10:20:00,2021-07-13 10:11:00,55.53833,-59.42333,0.07834,-0.02834,8.8913,0.016583,-0.2002230040208448,0.9797503501713427,148.9333,18.9167,-0.07519,-0.997169,0.5,-0.866025,0,0,0,1,0,0,0,0,0,0,0,0,0,0,0,0,1,0,-0.07,0.065,8.7906,152.28,18.9167
21267,train,2021-06-19 10:11:00,2021-07-12 15:16:00,55.70333,-60.21,-0.12666,0.68833,45.4355,0.030922,0.9522893239063733,-0.3051967292975832,408.15,148.9333,0.215477,-0.976509,0.5,-0.866025,0,0,0,1,0,0,0,0,0,0,0,0,0,0,0,0,1,0,0.01833,-0.25166,15.9461,277.45,148.9333
21269,test,2021-06-19 10:11:00,2021-06-24 10:20:00,56.22667,-60.32833,-0.66834,0.925,94.0693,0.243073,0.6184083953575541,-0.785856893175402,107.5,12.65,0.215477,-0.976509,0.5,-0.866025,0,0,0,1,0,0,0,0,0,0,0,0,0,0,1,0,0,0,-0.02666,0.08666,6.2056,118.5,12.65
21272,train,2021-06-21 11:40:00,2021-06-29 07:39:00,59.40833,-60.80167,0.07,-0.62833,36.3624,0.142968,-0.9758024086333086,0.21865420029222712,70.65,117.3333,0.18176,-0.983343,0.258819,-0.965926,0,0,0,0,0,1,0,0,0,0,0,0,0,0,1,0,0,0,-0.43,-0.07667,48.0119,185.24,117.3333
21272,train,2021-06-24 10:19:00,2021-07-06 15:15:00,59.47833,-61.43,-0.43,-0.07667,48.0119,0.113665,-0.09132781652369776,-0.9958208824527701,117.3333,175.6,0.130793,-0.99141,0.5,-0.866025,0,0,0,1,0,0,0,0,0,0,0,0,0,0,1,0,0,0,-0.32666,0.65834,52.4435,133.55,175.6
21272,train,2021-06-29 07:39:00,2021-07-13 15:35:00,59.04833,-61.50667,-0.32666,0.65834,52.4435,0.082959,0.7247733921981108,-0.6889873220616207,175.6,168.3333,0.045141,-0.998981,0.965926,-0.258819,0,0,1,0,0,0,0,0,0,0,0,0,0,0,1,0,0,0,-0.88167,0.32166,99.8241,169.0,168.3333
21273,train,2021-06-21 12:06:00,2021-06-29 07:34:00,59.50333,-60.83333,-0.145,-0.51,33.0419,0.130714,-0.8747043090589324,-0.48465696292711574,70.2167,117.25,0.18176,-0.983343,0.0,-1.0,0,0,0,0,0,1,0,0,0,0,0,0,0,0,1,0,0,0,-0.40833,-0.255,47.6749,197.86,117.25
21273,train,2021-06-24 10:19:00,2021-07-06 15:15:00,59.35833,-61.34333,-0.40833,-0.255,47.6749,0.112947,-0.3066922047331813,-0.9518087473625678,117.25,175.6833,0.130793,-0.99141,0.5,-0.866025,0,0,0,1,0,0,0,0,0,0,0,0,0,0,0,0,1,0,-0.14167,0.655,40.8062,112.43,175.6833
21282,train,2021-06-21 13:30:00,2021-07-13 15:35:00,59.62595,-60.89778,0.10905,-0.14555,14.6215,0.059019,-0.5578899649560807,0.8299149275686654,68.8167,461.2667,0.18176,-0.983343,-0.258819,-0.965926,0,0,0,0,0,1,0,0,0,0,0,0,0,0,1,0,0,0,-1.79667,0.455,201.4875,172.34,461.2667
21282,train,2021-06-24 10:19:00,2021-07-20 15:26:00,59.735,-61.04333,-1.79667,0.455,201.4875,0.121337,0.1332943160361922,-0.9910764982141609,461.2667,167.85,0.130793,-0.99141,0.5,-0.866025,0,0,0,1,0,0,0,0,0,0,0,0,0,0,1,0,0,0,-0.36333,0.12,41.0228,169.96,167.85
21282,train,2021-07-13 15:35:00,2021-07-25 15:26:00,57.93833,-60.58833,-0.36333,0.12,41.0228,0.067889,0.1743356608056447,-0.984686283732773,167.85,120.0,-0.194431,-0.980916,-0.707107,-0.707107,0,0,0,0,0,1,0,0,0,0,0,0,0,1,0,0,0,0,0.17167,-0.02834,19.1631,354.97,120.0
21282,train,2021-07-20 15:26:00,2021-07-28 21:34:00,57.575,-60.46833,0.17167,-0.02834,19.1631,0.044359,-0.0876773371008816,0.9961489268974285,120.0,78.1333,-0.310857,-0.950457,-0.707107,-0.707107,0,0,0,0,0,1,0,0,0,0,0,0,0,1,0,0,0,0,-0.31667,0.04334,35.3067,175.79,78.1333
21282,train,2021-07-25 15:26:00,2021-07-31 21:58:00,57.74667,-60.49667,-0.31667,0.04334,35.3067,0.125522,0.07341226022432017,-0.9973016795577739,78.1333,72.4,-0.391358,-0.920239,-0.707107,-0.707107,0,0,0,0,0,1,0,0,0,0,0,0,0,1,0,0,0,0,-0.22167,0.195,27.2878,154.51,72.4
21282,train,2021-07-28 21:34:00,2021-08-12 21:58:00,57.43,-60.45333,-0.22167,0.195,27.2878,0.104696,0.4303535594021168,-0.9026604089633757,72.4,288.0,-0.438307,-0.898825,-0.707107,0.707107,0,0,0,1,0,0,0,0,0,0,0,1,0,0,0,0,0,0,-0.74166,0.49166,87.7231,159.86,288.0
21282,train,2021-07-31 21:58:00,2021-08-14 10:10:00,57.20833,-60.25833,-0.74166,0.49166,87.7231,0.084609,0.344315222252004,-0.9388541035355563,288.0,36.2,-0.484089,-0.875019,-0.707107,0.707107,0,0,0,1,0,0,0,0,0,0,0,1,0,0,0,0,0,0,-0.26834,0.32167,35.8258,146.26,36.2
21285,train,2021-06-21 14:50:00,2021-07-20 15:26:00,59.84583,-60.87707,-1.5075,0.21374,168.0701,0.088295,0.07428254205773975,-0.9972372355389866,528.75,167.85,0.18176,-0.983343,-0.5,-0.866025,0,0,0,0,0,1,0,0,0,0,0,0,0,0,1,0,0,0,-0.02166,0.32,18.8376,97.21,167.85
21285,train,2021-07-13 15:35:00,2021-07-25 15:26:00,58.33833,-60.66333,-0.02166,0.32,18.8376,0.031175,0.9920928114279393,-0.12550638833544447,167.85,120.0,-0.194431,-0.980916,-0.707107,-0.707107,0,0,0,0,0,1,0,0,0,0,0,0,0,0,1,0,0,0,-0.14,0.16833,18.422,147.6,120.0
21292,train,2021-06-28 13:10:00,2021-07-11 14:57:00,55.15167,-56.925,-0.87,0.33167,99.057,0.141993,0.21729151040579175,-0.9761067562032186,193.7833,120.0,0.062318,-0.998056,-0.258819,-0.965926,0,0,0,0,0,0,1,0,0,0,0,0,0,0,0,0,0,1,-0.35834,0.32,44.9771,152.23,120.0
21292,train,2021-07-06 14:57:00,2021-07-15 09:56:00,54.28167,-56.59333,-0.35834,0.32,44.9771,0.104114,0.4659234109142431,-0.8848250534213175,120.0,90.9833,-0.07519,-0.997169,-0.5,-0.866025,0,1,0,0,0,0,0,0,0,0,0,0,0,1,0,0,0,0,0.01667,0.2,13.2238,81.86,90.9833
21292,train,2021-07-11 14:57:00,2021-07-20 10:04:00,53.92333,-56.27333,0.01667,0.2,13.2238,0.040373,0.9899250488450991,0.14159236444465564,90.9833,120.1333,-0.160575,-0.987024,-0.5,-0.866025,0,0,0,0,0,1,0,0,0,0,0,0,0,0,1,0,0,0,-0.775,0.44333,91.0159,161.05,120.1333
21293,test,2021-06-28 13:30:00,2021-07-11 14:57:00,55.13167,-56.925,-0.65,0.60667,82.0693,0.117845,0.47746549622598156,-0.8786504992963228,193.45,120.0,0.062318,-0.998056,-0.258819,-0.965926,0,0,0,0,0,0,0,0,0,1,0,0,0,1,0,0,0,0,-0.56834,0.08,63.4104,175.26,120.0
21296,train,2021-06-29 05:27:00,2021-07-20 15:26:00,58.52,-61.05167,-0.585,1.22834,96.9697,0.155147,0.7476822021254932,-0.6640567179275978,173.6167,340.3667,0.045141,-0.998981,0.965926,0.258819,0,0,0,0,0,0,0,1,0,0,0,0,0,0,0,1,0,0,-0.28167,0.26666,35.0812,153.11,340.3667
21302,train,2021-06-29 07:54:00,2021-07-13 15:35:00,59.29167,-62.02667,-0.295,0.50667,43.714,0.068205,0.6637956871525367,-0.7479139560923379,178.0333,165.65,0.045141,-0.998981,0.965926,-0.258819,0,0,0,0,0,1,0,0,0,0,0,0,0,1,0,0,0,0,-0.10167,0.39,25.0646,116.64,165.65
21302,train,2021-07-06 17:56:00,2021-07-20 15:26:00,58.99667,-61.52,-0.10167,0.39,25.0646,0.042031,0.8938414241512639,-0.4483832160900321,165.65,167.85,-0.07519,-0.997169,-0.965926,-0.258819,0,0,0,0,0,1,0,0,0,0,0,0,0,0,1,0,0,0,-0.45333,0.78333,67.7661,137.72,167.85
21302,train,2021-07-13 15:35:00,2021-07-25 15:26:00,58.895,-61.13,-0.45333,0.78333,67.7661,0.112147,0.6727542925555996,-0.7398659755982936,167.85,120.0,-0.194431,-0.980916,-0.707107,-0.707107,0,0,0,0,0,1,0,0,0,0,0,0,0,0,1,0,0,0,-0.265,0.17167,31.1263,161.13,120.0
21303,val,2021-06-29 08:05:00,2021-07-28 21:34:00,59.37167,-62.01333,-1.43,0.58833,162.6075,0.071543,0.21354193691633494,-0.9769338980596487,631.35,78.1333,0.045141,-0.998981,0.866025,-0.5,0,0,0,0,0,0,1,0,0,0,0,0,0,1,0,0,0,0,-0.31334,0.39667,42.0337,145.82,78.1333
21303,val,2021-07-25 15:26:00,2021-07-31 10:26:00,57.94167,-61.425,-0.31334,0.39667,42.0337,0.149437,0.561794638029909,-0.8272767279942326,78.1333,60.8667,-0.391358,-0.920239,-0.707107,-0.707107,0,0,0,0,0,1,0,0,0,0,0,0,0,1,0,0,0,0,-0.39833,0.115,44.824,171.12,60.8667
21303,val,2021-07-28 21:34:00,2021-08-02 10:10:00,57.62833,-61.02833,-0.39833,0.115,44.824,0.204564,0.15436551383027095,-0.9880138096908951,60.8667,47.7333,-0.438307,-0.898825,-0.707107,0.707107,0,0,0,1,0,0,0,0,0,0,0,1,0,0,0,0,0,0,-0.29667,-0.03,33.038,183.16,47.7333
21303,val,2021-07-31 10:26:00,2021-08-03 10:18:00,57.23,-60.91333,-0.29667,-0.03,33.038,0.19226,-0.055124448297579676,-0.9984794916270877,47.7333,24.1333,-0.484089,-0.875019,0.5,-0.866025,0,0,0,1,0,0,0,0,0,0,0,1,0,0,0,0,0,0,-0.00333,0.00166,0.3837,164.78,24.1333
21303,val,2021-08-02 10:10:00,2021-08-10 21:42:00,56.93333,-60.94333,-0.00333,0.00166,0.3837,0.004417,0.2625260169638378,-0.9649249143933961,24.1333,179.4,-0.513901,-0.857849,0.5,-0.866025,0,0,0,1,0,0,0,0,0,0,0,1,0,0,0,0,0,0,-0.93833,1.0,121.0784,149.09,179.4
21303,val,2021-08-03 10:18:00,2021-08-13 10:02:00,56.93,-60.94167,-0.93833,1.0,121.0784,0.187474,0.513691004813736,-0.8579752627980916,179.4,60.3333,-0.528581,-0.848883,0.5,-0.866025,0,0,0,1,0,0,0,0,0,0,0,1,0,0,0,0,0,0,-0.13334,0.475,33.099,116.42,60.3333
21310,train,2021-07-06 10:20:00,2021-07-13 10:11:00,56.64167,-60.71167,-0.70834,0.56667,86.1783,0.160732,0.40960461889008193,-0.9122631507322384,148.9333,18.9167,-0.07519,-0.997169,0.5,-0.866025,0,0,0,1,0,0,0,0,0,0,0,0,0,0,1,0,0,0,-0.075,0.07333,9.5106,151.24,18.9167
21311,train,2021-07-06 10:20:00,2021-07-13 10:11:00,56.62,-60.52,-0.545,0.61667,71.5284,0.133409,0.5350897759314822,-0.8447952010360832,148.9333,18.9167,-0.07519,-0.997169,0.5,-0.866025,0,0,0,1,0,0,0,0,0,0,0,0,0,0,1,0,0,0,-0.15333,0.025,17.1202,174.78,18.9167
21312,train,2021-07-06 10:20:00,2021-07-13 10:11:00,56.43,-60.9,-0.29833,0.80167,59.5742,0.111113,0.8338858220671682,-0.5519369853120581,148.9333,18.9167,-0.07519,-0.997169,0.5,-0.866025,0,0,0,1,0,0,0,0,0,0,0,0,0,0,1,0,0,0,-0.00167,0.0,0.1857,180.0,18.9167
21313,val,2021-07-06 10:20:00,2021-07-13 10:11:00,56.33167,-60.11833,-0.72,0.72666,91.9454,0.171489,0.4963680253953766,-0.8681121951482393,148.9333,18.9167,-0.07519,-0.997169,0.5,-0.866025,0,0,0,1,0,0,0,0,0,0,0,0,0,0,1,0,0,0,-0.03667,0.05,5.1474,142.37,18.9167
21314,train,2021-07-06 10:20:00,2021-07-13 10:11:00,56.17167,-60.28833,-0.52834,0.64,71.0108,0.132443,0.5655429035890227,-0.8247188758601911,148.9333,18.9167,-0.07519,-0.997169,0.5,-0.866025,0,0,0,1,0,0,0,0,0,0,0,0,0,0,1,0,0,0,-0.11833,0.14833,16.1253,144.62,18.9167
21316,test,2021-07-06 10:20:00,2021-07-13 10:11:00,55.955,-59.92333,-0.65167,0.80833,88.4612,0.16499,0.5784272550406765,-0.8157339704990274,148.9333,18.9167,-0.07519,-0.997169,0.5,-0.866025,0,0,0,1,0,0,0,0,0,0,0,0,0,0,1,0,0,0,-0.11333,0.26167,20.8304,127.12,18.9167
21320,val,2021-07-06 10:20:00,2021-07-20 10:03:00,55.715,-59.47667,-0.51667,0.84167,78.2091,0.12943,0.6830188573425392,-0.7304007396727443,167.85,167.8667,-0.07519,-0.997169,0.5,-0.866025,0,0,0,1,0,0,0,0,0,0,0,0,0,0,1,0,0,0,-0.26166,0.97833,68.7508,114.63,167.8667
21320,val,2021-07-13 10:11:00,2021-07-24 21:32:00,55.19833,-58.635,-0.26166,0.97833,68.7508,0.113766,0.9090180203077773,-0.4167568100892046,167.8667,107.4833,-0.194431,-0.980916,0.5,-0.866025,0,0,0,1,0,0,0,0,0,0,0,0,0,0,1,0,0,0,-0.33667,0.93834,70.8824,121.5,107.4833
21320,val,2021-07-20 10:03:00,2021-08-01 21:32:00,54.93667,-57.65667,-0.33667,0.93834,70.8824,0.183187,0.8526401643540923,-0.5224985647159488,107.4833,192.0,-0.310857,-0.950457,0.5,-0.866025,0,0,0,1,0,0,0,0,0,0,0,0,0,0,1,0,0,0,-0.41333,1.09166,84.3022,122.59,192.0
21320,val,2021-07-24 21:32:00,2021-08-07 02:00:00,54.6,-56.71833,-0.41333,1.09166,84.3022,0.121965,0.8425464174165056,-0.5386237411204704,192.0,124.4667,-0.37547,-0.926834,-0.707107,0.707107,0,0,0,1,0,0,0,0,0,0,0,0,0,0,0,0,1,0,-0.05334,0.66167,43.4857,97.57,124.4667
21322,train,2021-07-06 10:20:00,2021-07-13 10:11:00,55.39,-59.20333,0.15833,-0.21167,22.0897,0.0412,-0.602790291109349,0.7978996584435327,148.9333,18.9167,-0.07519,-0.997169,0.5,-0.866025,0,0,0,1,0,0,0,0,0,0,0,0,0,1,0,0,0,0,0.0,0.00167,0.105,90.0,18.9167
21327,train,2021-07-10 12:00:00,2021-07-25 15:26:00,58.035,-59.825,-0.04667,-0.105,8.0737,0.009213,-0.7666050893687005,-0.6421188651285732,243.4333,120.0,-0.143572,-0.98964,0.0,-1.0,0,0,0,1,0,0,0,0,0,0,0,0,0,0,1,0,0,0,0.155,0.15667,19.5439,28.06,120.0
21331,test,2021-07-12 15:16:00,2021-07-20 10:03:00,56.75333,-59.72333,-0.30666,0.81333,60.342,0.132591,0.8283537709914689,-0.5602053463545427,126.4167,60.3667,-0.177529,-0.984116,-0.707107,-0.707107,0,0,0,0,0,1,0,0,0,0,0,0,0,0,0,0,1,0,-0.19834,0.46833,36.3205,127.19,60.3667
21331,test,2021-07-17 21:41:00,2021-07-28 19:49:00,56.44667,-58.91,-0.19834,0.46833,36.3205,0.167129,0.7966354283439061,-0.6044600849579079,60.3667,201.7667,-0.261414,-0.965227,-0.707107,0.707107,0,0,0,1,0,0,0,0,0,0,0,0,0,0,0,0,1,0,-0.54166,1.28334,100.0106,126.5,201.7667
21331,test,2021-07-20 10:03:00,2021-08-09 21:32:00,56.24833,-58.44167,-0.54166,1.28334,100.0106,0.137687,0.8038568606172174,-0.5948227867513411,201.7667,289.7167,-0.310857,-0.950457,0.5,-0.866025,0,0,0,1,0,0,0,0,0,0,0,0,0,0,1,0,0,0,-1.225,3.285,249.4476,121.74,289.7167
21331,test,2021-07-28 19:49:00,2021-08-12 09:57:00,55.70667,-57.15833,-1.225,3.285,249.4476,0.239168,0.8504440536988674,-0.5260655011766481,289.7167,60.4167,-0.438307,-0.898825,-0.965926,0.258819,0,0,0,1,0,0,0,0,0,0,0,0,0,0,1,0,0,0,-0.19667,0.58,43.4608,119.97,60.4167
21331,test,2021-08-09 21:32:00,2021-08-14 09:41:00,54.48167,-53.87333,-0.19667,0.58,43.4608,0.19982,0.8662870844473876,-0.49954648164074267,60.4167,47.7333,-0.61323,-0.789905,-0.707107,0.707107,0,0,0,1,0,0,0,0,0,0,0,1,0,0,0,0,0,0,-0.07667,0.585,38.9522,102.4,47.7333
21331,test,2021-08-12 09:57:00,2021-08-15 09:49:00,54.285,-53.29333,-0.07667,0.585,38.9522,0.226677,0.9766722783341679,-0.2147353271670632,47.7333,24.1333,-0.65316,-0.75722,0.707107,-0.707107,0,0,0,1,0,0,0,0,0,0,0,1,0,0,0,0,0,0,-0.12,-0.13667,16.0396,213.76,24.1333
21331,test,2021-08-14 09:41:00,2021-08-16 21:25:00,54.20833,-52.70833,-0.12,-0.13667,16.0396,0.184618,-0.5557153433806963,-0.8313726343411088,24.1333,35.6,-0.67882,-0.734304,0.707107,-0.707107,0,0,0,1,0,0,0,0,0,0,0,1,0,0,0,0,0,0,-0.32166,0.23167,38.8502,156.93,35.6
21334,test,2021-07-12 15:16:00,2021-07-20 10:03:00,56.36833,-60.02333,-0.21666,0.3,30.3922,0.446288,0.6113889363147474,-0.7913302525190868,18.9167,167.8667,-0.177529,-0.984116,-0.707107,-0.707107,0,1,0,0,0,0,0,0,0,0,0,0,0,1,0,0,0,0,-0.585,1.50833,114.4143,124.02,167.8667
21334,test,2021-07-13 10:11:00,2021-07-24 21:32:00,56.15167,-59.72333,-0.585,1.50833,114.4143,0.189327,0.828842326904762,-0.5594822581021668,167.8667,107.4833,-0.194431,-0.980916,0.5,-0.866025,0,0,0,1,0,0,0,0,0,0,0,0,0,0,1,0,0,0,-0.105,0.75833,49.1502,103.43,107.4833
21334,test,2021-07-20 10:03:00,2021-07-28 21:34:00,55.56667,-58.215,-0.105,0.75833,49.1502,0.127023,0.972654401950412,-0.23225721596214502,107.4833,96.0333,-0.310857,-0.950457,0.5,-0.866025,0,0,0,1,0,0,0,0,0,0,0,0,0,0,1,0,0,0,0.16666,0.47,34.8949,57.73,96.0333
21334,test,2021-07-24 21:32:00,2021-08-09 21:32:00,55.46167,-57.45667,0.16666,0.47,34.8949,0.100934,0.8455415035782877,0.5339096981012504,96.0333,287.9667,-0.37547,-0.926834,-0.707107,0.707107,0,0,0,1,0,0,0,0,0,0,0,0,0,0,0,0,1,0,-1.52333,3.525,282.0289,125.45,287.9667
21334,test,2021-07-28 21:34:00,2021-08-12 21:23:00,55.62833,-56.98667,-1.52333,3.525,282.0289,0.27205,0.8146219672274692,-0.579992284871487,287.9667,71.85,-0.438307,-0.898825,-0.707107,0.707107,0,0,0,1,0,0,0,0,0,0,0,1,0,0,0,0,0,0,-0.23,0.77167,56.5595,116.57,71.85
21334,test,2021-08-09 21:32:00,2021-08-14 09:41:00,54.105,-53.46167,-0.23,0.77167,56.5595,0.218663,0.8943885603700835,-0.4472908484187101,71.85,36.3,-0.61323,-0.789905,-0.707107,0.707107,0,0,0,1,0,0,0,0,0,0,0,1,0,0,0,0,0,0,-0.16667,0.15833,21.2515,150.64,36.3
21334,test,2021-08-12 21:23:00,2021-08-16 21:25:00,53.875,-52.69,-0.16667,0.15833,21.2515,0.162622,0.4902954120545689,-0.8715563142552755,36.3,59.7333,-0.65316,-0.75722,-0.707107,0.707107,0,0,0,1,0,0,0,0,0,0,0,1,0,0,0,0,0,0,-0.03333,0.40667,27.0312,97.72,59.7333
21338,train,2021-07-12 15:16:00,2021-07-20 10:03:00,56.12167,-60.04333,-0.03834,0.09666,7.3557,0.108014,0.8153299533390672,-0.5789966037794303,18.9167,167.8667,-0.177529,-0.984116,-0.707107,-0.707107,0,0,0,0,0,1,0,0,0,0,0,0,0,0,0,0,0,1,-1.01333,1.64834,153.0659,136.72,167.8667
21338,train,2021-07-13 10:11:00,2021-07-24 21:32:00,56.08333,-59.94667,-1.01333,1.64834,153.0659,0.253286,0.6855642705335436,-0.728012109080481,167.8667,107.4833,-0.194431,-0.980916,0.5,-0.866025,0,0,0,1,0,0,0,0,0,0,0,0,0,1,0,0,0,0,-0.05833,1.09833,70.278,94.85,107.4833
21339,val,2021-07-12 15:16:00,2021-07-17 21:41:00,56.06667,-59.56833,-0.17334,0.25333,24.8975,0.365602,0.6344607396357869,-0.7729550891615956,18.9167,107.5,-0.177529,-0.984116,-0.707107,-0.707107,0,1,0,0,0,0,0,0,0,0,0,0,0,1,0,0,0,0,-0.59833,1.17,99.146,131.66,107.5
21357,train,2021-07-13 15:35:00,2021-07-25 15:26:00,58.875,-60.85833,-0.85833,0.355,97.6514,0.161605,0.21405342901396054,-0.9768219538520647,167.85,120.0,-0.194431,-0.980916,-0.707107,-0.707107,0,0,0,0,0,1,0,0,0,0,0,0,0,0,0,0,0,1,0.0,0.00333,0.1961,90.0,120.0
21357,train,2021-07-20 15:26:00,2021-07-31 10:26:00,58.01667,-60.50333,0.0,0.00333,0.1961,0.000454,1.0,6.123233995736766e-17,120.0,139.0,-0.310857,-0.950457,-0.707107,-0.707107,0,0,0,0,0,1,0,0,0,0,0,0,0,0,0,0,0,1,0.0,-0.005,0.2945,270.0,139.0
21359,train,2021-07-20 15:26:00,2021-07-30 21:49:00,57.615,-60.24167,-0.18,0.32834,28.0158,0.039277,0.7014070362012346,-0.7127609484023378,198.1333,48.25,-0.310857,-0.950457,-0.707107,-0.707107,0,0,0,0,0,1,0,0,0,0,0,0,0,0,0,0,1,0,-0.175,0.01666,19.4848,177.05,48.25
21359,train,2021-07-28 21:34:00,2021-08-13 10:02:00,57.435,-59.91333,-0.175,0.01666,19.4848,0.112175,0.05146446775604408,-0.9986748262365419,48.25,324.2167,-0.438307,-0.898825,-0.707107,0.707107,0,0,0,1,0,0,0,0,0,0,0,1,0,0,0,0,0,0,-0.32833,0.76667,58.9703,127.93,324.2167
21359,train,2021-07-30 21:49:00,2021-08-14 10:10:00,57.26,-59.89667,-0.32833,0.76667,58.9703,0.050524,0.7887623377048086,-0.6146982793358425,324.2167,24.1333,-0.468965,-0.883217,-0.707107,0.707107,0,0,0,1,0,0,0,0,0,0,0,1,0,0,0,0,0,0,-0.105,0.045,11.9913,166.8,24.1333
21359,train,2021-08-13 10:02:00,2021-08-14 21:42:00,56.93167,-59.13,-0.105,0.045,11.9913,0.138022,0.22835087011065575,-0.9735789028731603,24.1333,11.5333,-0.666089,-0.745872,0.5,-0.866025,0,0,0,1,0,0,0,0,0,0,0,1,0,0,0,0,0,0,-0.02167,-0.02667,2.9053,213.98,11.5333
21359,train,2021-08-14 10:10:00,2021-08-15 10:19:00,56.82667,-59.085,-0.02167,-0.02667,2.9053,0.069973,-0.5589034807033675,-0.8292327171896081,11.5333,12.6167,-0.67882,-0.734304,0.5,-0.866025,0,0,0,1,0,0,0,0,0,0,0,1,0,0,0,0,0,0,-0.01833,0.00167,2.0407,177.14,12.6167
21359,train,2021-08-14 21:42:00,2021-08-15 21:49:00,56.805,-59.11167,-0.01833,0.00167,2.0407,0.04493,0.04989569016070816,-0.9987544343347802,12.6167,11.5,-0.67882,-0.734304,-0.707107,0.707107,0,0,0,1,0,0,0,0,0,0,0,1,0,0,0,0,0,0,-0.02334,0.00833,2.6444,168.93,11.5
21359,train,2021-08-15 10:19:00,2021-08-19 10:19:00,56.78667,-59.11,-0.02334,0.00833,2.6444,0.063876,0.1920081365215201,-0.9813933337401133,11.5,84.5,-0.691351,-0.722519,0.5,-0.866025,0,0,0,1,0,0,0,0,0,0,0,1,0,0,0,0,0,0,0.05,-0.02,5.6916,347.65,84.5
21359,train,2021-08-15 21:49:00,2021-08-21 10:02:00,56.76333,-59.10167,0.05,-0.02,5.6916,0.01871,-0.2138829381616008,0.9768592983451408,84.5,47.7167,-0.691351,-0.722519,-0.707107,0.707107,0,0,0,1,0,0,0,0,0,0,0,1,0,0,0,0,0,0,-0.25333,0.31834,34.2264,145.26,47.7167
21365,train,2021-07-20 15:26:00,2021-07-30 21:49:00,56.87667,-60.01667,0.22,-0.12166,25.5491,0.059141,-0.28769484545961344,0.9577221287492365,120.0,126.3833,-0.310857,-0.950457,-0.707107,-0.707107,0,0,0,0,0,1,0,0,0,0,0,0,0,1,0,0,0,0,-0.20167,-0.35667,31.1374,224.08,126.3833
21365,train,2021-07-25 15:26:00,2021-08-02 10:10:00,57.09667,-60.13833,-0.20167,-0.35667,31.1374,0.068437,-0.6956620808331507,-0.7183691733996461,126.3833,60.35,-0.391358,-0.920239,-0.707107,-0.707107,0,0,0,0,0,1,0,0,0,0,0,0,0,1,0,0,0,0,-0.19667,0.12333,23.1222,161.0,60.35
21365,train,2021-07-30 21:49:00,2021-08-07 21:50:00,56.895,-60.495,-0.19667,0.12333,23.1222,0.106426,0.3255681544571566,-0.9455185755993168,60.35,131.6667,-0.468965,-0.883217,-0.707107,0.707107,0,0,0,1,0,0,0,0,0,0,0,1,0,0,0,0,0,0,-0.86333,0.96167,112.8776,147.86,131.6667
21365,train,2021-08-02 10:10:00,2021-08-13 10:02:00,56.69833,-60.37167,-0.86333,0.96167,112.8776,0.238138,0.5319898526391938,-0.8467507287796857,131.6667,132.2,-0.513901,-0.857849,0.5,-0.866025,0,0,0,1,0,0,0,0,0,0,0,1,0,0,0,0,0,0,-0.41,1.06667,81.004,123.81,132.2
21365,train,2021-08-07 21:50:00,2021-08-15 21:49:00,55.835,-59.41,-0.41,1.06667,81.004,0.170205,0.8308873647171551,-0.5564406411769195,132.2,59.7833,-0.585696,-0.810531,-0.707107,0.707107,0,0,0,1,0,0,0,0,0,0,0,1,0,0,0,0,0,0,-0.04833,0.20833,14.2094,112.14,59.7833
21365,train,2021-08-13 10:02:00,2021-08-21 10:02:00,55.425,-58.34333,-0.04833,0.20833,14.2094,0.066023,0.9262657510190667,-0.37687101041216253,59.7833,132.2167,-0.666089,-0.745872,0.5,-0.866025,0,0,0,1,0,0,0,0,0,0,0,1,0,0,0,0,0,0,-0.31,0.97833,70.9821,118.65,132.2167
21365,train,2021-08-15 21:49:00,2021-08-21 21:32:00,55.37667,-58.135,-0.31,0.97833,70.9821,0.149128,0.8775649037187093,-0.47945786025590653,132.2167,11.5,-0.691351,-0.722519,-0.707107,0.707107,0,0,0,1,0,0,0,0,0,0,0,1,0,0,0,0,0,0,-0.12667,0.085,15.0922,158.92,11.5
21365,train,2021-08-21 10:02:00,2021-08-22 21:41:00,55.06667,-57.15667,-0.12667,0.085,15.0922,0.364545,0.359671123975389,-0.9330791405761252,11.5,24.15,-0.762114,-0.647443,0.5,-0.866025,0,0,0,1,0,0,0,0,0,0,0,1,0,0,0,0,0,0,-0.22333,0.23334,28.9838,148.86,24.15
21368,train,2021-07-20 15:26:00,2021-07-28 19:32:00,56.72667,-59.625,0.1,0.48667,31.6663,0.073302,0.9350733599921682,0.3544542444843298,120.0,76.1,-0.310857,-0.950457,-0.707107,-0.707107,0,0,0,0,0,1,0,0,0,0,0,0,0,0,0,0,1,0,-0.305,0.71166,55.1386,127.66,76.1
21372,val,2021-07-25 15:26:00,2021-07-30 21:49:00,55.81667,-59.545,-0.14667,1.19,76.2477,0.277285,0.978652704312051,-0.20552100705939852,76.3833,50.0,-0.391358,-0.920239,-0.707107,-0.707107,0,0,0,0,0,1,0,0,0,0,0,0,0,0,1,0,0,0,-0.05,0.68833,43.5485,97.05,50.0
21372,val,2021-07-28 19:49:00,2021-08-08 05:48:00,55.67,-58.355,-0.05,0.68833,43.5485,0.241936,0.9924394226563017,-0.12273545680701467,50.0,199.9833,-0.438307,-0.898825,-0.965926,0.258819,0,0,0,1,0,0,0,0,0,0,0,0,0,0,0,0,1,0,-0.28333,2.315,149.2379,101.23,199.9833
21374,train,2021-07-25 15:26:00,2021-08-02 10:10:00,55.72833,-59.425,-0.24833,0.51833,42.6912,0.151775,0.7650338100487343,-0.6439901159818504,78.1333,108.6,-0.391358,-0.920239,-0.707107,-0.707107,0,0,0,0,0,1,0,0,0,0,0,0,0,1,0,0,0,0,-0.43333,0.76667,68.4194,134.45,108.6
21374,train,2021-07-28 21:34:00,2021-08-03 21:49:00,55.48,-58.90667,-0.43333,0.76667,68.4194,0.175004,0.7138618362119138,-0.7002865690559507,108.6,35.65,-0.438307,-0.898825,-0.707107,0.707107,0,0,0,1,0,0,0,0,0,0,0,1,0,0,0,0,0,0,0.0,-0.00167,0.1064,270.0,35.65
21374,train,2021-08-02 10:10:00,2021-08-05 10:02:00,55.04667,-58.14,0.0,-0.00167,0.1064,0.000829,-1.0,-1.8369701987210297e-16,35.65,36.2167,-0.513901,-0.857849,0.5,-0.866025,0,0,0,1,0,0,0,0,0,0,0,1,0,0,0,0,0,0,-0.01,0.025,1.9425,124.91,36.2167
21374,train,2021-08-03 21:49:00,2021-08-05 21:34:00,55.04667,-58.14167,-0.01,0.025,1.9425,0.014899,0.8200520050897186,-0.5722890082365134,36.2167,11.5333,-0.528581,-0.848883,-0.707107,0.707107,0,0,0,1,0,0,0,0,0,0,0,1,0,0,0,0,0,0,0.00333,0.01,0.737,59.83,11.5333
21374,train,2021-08-05 10:02:00,2021-08-06 10:10:00,55.03667,-58.11667,0.00333,0.01,0.737,0.017749,0.8645380640969078,0.5025673444699436,11.5333,12.6,-0.557468,-0.830198,0.5,-0.866025,0,0,0,1,0,0,0,0,0,0,0,1,0,0,0,0,0,0,0.00167,0.02834,1.8152,84.12,12.6
21380,train,2021-07-25 15:26:00,2021-08-07 10:17:00,58.15,-61.58667,-0.535,0.46834,65.6163,0.131128,0.42514749940749236,-0.9051240819620017,139.0,167.85,-0.391358,-0.920239,-0.707107,-0.707107,0,0,0,0,0,1,0,0,0,0,0,0,0,0,1,0,0,0,-0.62667,0.05,69.7472,177.51,167.85
21380,train,2021-07-31 10:26:00,2021-08-07 21:50:00,57.615,-61.11833,-0.62667,0.05,69.7472,0.115426,0.043445019893332104,-0.9990558193847169,167.85,11.55,-0.484089,-0.875019,0.5,-0.866025,0,0,0,1,0,0,0,0,0,0,0,1,0,0,0,0,0,0,0.0,-0.00167,0.1012,270.0,11.55
21380,train,2021-08-07 10:17:00,2021-08-08 21:58:00,56.98833,-61.06833,0.0,-0.00167,0.1012,0.002433,-1.0,-1.8369701987210297e-16,11.55,24.1333,-0.585696,-0.810531,0.5,-0.866025,0,0,0,1,0,0,0,0,0,0,0,1,0,0,0,0,0,0,-0.00333,0.005,0.4784,140.71,24.1333
21380,train,2021-08-07 21:50:00,2021-08-13 21:34:00,56.98833,-61.07,-0.00333,0.005,0.4784,0.005506,0.633245802385853,-0.7739507437561496,24.1333,119.6,-0.585696,-0.810531,-0.707107,0.707107,0,0,0,1,0,0,0,0,0,0,0,1,0,0,0,0,0,0,-0.075,0.15833,12.7181,130.91,119.6
21380,train,2021-08-08 21:58:00,2021-08-15 10:19:00,56.985,-61.065,-0.075,0.15833,12.7181,0.029539,0.7557391838264476,-0.654872725061393,119.6,36.75,-0.599551,-0.800336,-0.707107,0.707107,0,0,0,1,0,0,0,0,0,0,0,1,0,0,0,0,0,0,-0.01333,0.00334,1.496,172.21,36.75
21380,train,2021-08-13 21:34:00,2021-08-16 10:27:00,56.91,-60.90667,-0.01333,0.00334,1.496,0.011308,0.1355426522493835,-0.9907715122172229,36.75,24.1333,-0.666089,-0.745872,-0.707107,0.707107,0,0,0,1,0,0,0,0,0,0,0,1,0,0,0,0,0,0,-0.015,0.04333,3.1159,122.35,24.1333
21380,train,2021-08-15 10:19:00,2021-08-20 21:58:00,56.89667,-60.90333,-0.015,0.04333,3.1159,0.035865,0.8447952010360833,-0.5350897759314821,24.1333,107.5167,-0.691351,-0.722519,0.5,-0.866025,0,0,0,1,0,0,0,0,0,0,0,1,0,0,0,0,0,0,-0.42834,0.50167,56.64,147.03,107.5167
21381,train,2021-07-25 15:26:00,2021-08-07 10:17:00,58.01333,-61.26167,-0.46,0.31667,54.4855,0.108884,0.34677195379068465,-0.93794947202085,139.0,167.85,-0.391358,-0.920239,-0.707107,-0.707107,0,0,0,0,0,1,0,0,0,0,0,0,0,1,0,0,0,0,-0.64666,0.03333,71.9333,178.39,167.85
21381,train,2021-07-31 10:26:00,2021-08-07 21:50:00,57.55333,-60.945,-0.64666,0.03333,71.9333,0.119044,0.028096103174849337,-0.9996052265701637,167.85,11.55,-0.484089,-0.875019,0.5,-0.866025,0,0,0,1,0,0,0,0,0,0,0,1,0,0,0,0,0,0,0.0,0.0,0.0,0.0,11.55
21381,train,2021-08-07 10:17:00,2021-08-14 21:42:00,56.90667,-60.91167,0.0,0.0,0.0,0.0,0.0,1.0,11.55,167.8667,-0.585696,-0.810531,0.5,-0.866025,0,0,0,1,0,0,0,0,0,0,0,1,0,0,0,0,0,0,-1.01667,1.18167,134.4115,146.76,167.8667
21381,train,2021-08-07 21:50:00,2021-08-15 10:19:00,56.90667,-60.91167,-1.01667,1.18167,134.4115,0.222418,0.5481472617005875,-0.8363818383311223,167.8667,12.6167,-0.585696,-0.810531,-0.707107,0.707107,0,0,0,1,0,0,0,0,0,0,0,1,0,0,0,0,0,0,-0.00167,0.00333,0.2786,131.8,12.6167
21381,train,2021-08-14 21:42:00,2021-08-15 21:49:00,55.89,-59.73,-0.00167,0.00333,0.2786,0.006133,0.745475999682862,-0.6665324702494527,12.6167,11.5,-0.67882,-0.734304,-0.707107,0.707107,0,0,0,1,0,0,0,0,0,0,0,1,0,0,0,0,0,0,-0.00166,-0.00166,0.2116,209.29,11.5
21386,train,2021-07-25 15:26:00,2021-07-31 10:26:00,58.24833,-60.865,-0.23166,0.36167,33.3819,0.118678,0.6380961466011306,-0.7699566920890996,78.1333,60.8667,-0.391358,-0.920239,-0.707107,-0.707107,0,0,0,0,0,1,0,0,0,0,0,0,0,0,1,0,0,0,-0.21667,0.11833,25.0862,163.77,60.8667
21386,train,2021-07-28 21:34:00,2021-08-02 10:10:00,58.01667,-60.50333,-0.21667,0.11833,25.0862,0.114486,0.27949387637079265,-0.9601474746471128,60.8667,47.7333,-0.438307,-0.898825,-0.707107,0.707107,0,0,0,1,0,0,0,0,0,0,0,1,0,0,0,0,0,0,-0.085,0.26167,18.174,121.23,47.7333
21386,train,2021-07-31 10:26:00,2021-08-12 21:58:00,57.8,-60.385,-0.085,0.26167,18.174,0.105761,0.8550929046135839,-0.5184748060219554,47.7333,251.8,-0.484089,-0.875019,0.5,-0.866025,0,0,0,1,0,0,0,0,0,0,0,1,0,0,0,0,0,0,-0.39167,0.37,48.8352,152.94,251.8
21386,train,2021-08-02 10:10:00,2021-08-24 10:27:00,57.715,-60.12333,-0.39167,0.37,48.8352,0.053873,0.4549233104911177,-0.8905306179867158,251.8,276.4833,-0.513901,-0.857849,0.5,-0.866025,0,0,0,1,0,0,0,0,0,0,0,1,0,0,0,0,0,0,0.26834,0.00666,29.8407,0.76,276.4833
21387,test,2021-07-25 15:26:00,2021-07-31 10:26:00,58.01333,-61.26167,-0.31833,0.66,52.7034,0.18737,0.7441949761257831,-0.6679624521701388,78.1333,60.8667,-0.391358,-0.920239,-0.707107,-0.707107,0,0,0,0,0,1,0,0,0,0,0,0,0,1,0,0,0,0,-0.26333,-0.04333,29.3948,185.06,60.8667
21387,test,2021-07-28 21:34:00,2021-07-31 21:58:00,57.695,-60.60167,-0.26333,-0.04333,29.3948,0.134149,-0.0881989074168675,-0.9961028826032333,60.8667,11.5333,-0.438307,-0.898825,-0.707107,0.707107,0,0,0,1,0,0,0,0,0,0,0,1,0,0,0,0,0,0,-0.05167,-0.12833,9.5968,233.28,11.5333
21387,test,2021-07-31 10:26:00,2021-08-02 10:10:00,57.43167,-60.645,-0.05167,-0.12833,9.5968,0.231136,-0.8015669848708764,-0.597904983057519,11.5333,36.2,-0.484089,-0.875019,0.5,-0.866025,0,0,0,1,0,0,0,0,0,0,0,1,0,0,0,0,0,0,-0.27,-0.06,30.2389,186.88,36.2
21387,test,2021-07-31 21:58:00,2021-08-04 21:58:00,57.38,-60.77333,-0.27,-0.06,30.2389,0.232035,-0.11979029383672947,-0.9927992171141706,36.2,59.8,-0.484089,-0.875019,-0.707107,0.707107,0,0,0,1,0,0,0,0,0,0,0,1,0,0,0,0,0,0,-0.105,0.02833,11.8005,171.64,59.8
21387,test,2021-08-02 10:10:00,2021-08-07 21:50:00,57.11,-60.83333,-0.105,0.02833,11.8005,0.054815,0.14539235064260342,-0.9893740770682332,59.8,71.8667,-0.513901,-0.857849,0.5,-0.866025,0,0,0,1,0,0,0,0,0,0,0,1,0,0,0,0,0,0,-0.30333,0.05333,33.8842,174.49,71.8667
21387,test,2021-08-04 21:58:00,2021-08-13 10:02:00,57.005,-60.805,-0.30333,0.05333,33.8842,0.130969,0.09601948046976101,-0.9953794549669575,71.8667,132.2,-0.543105,-0.839665,-0.707107,0.707107,0,0,0,1,0,0,0,0,0,0,0,1,0,0,0,0,0,0,-0.73167,0.89834,98.4114,145.39,132.2
21387,test,2021-08-07 21:50:00,2021-08-14 10:10:00,56.70167,-60.75167,-0.73167,0.89834,98.4114,0.206781,0.5679874008018557,-0.8230372485679808,132.2,24.1333,-0.585696,-0.810531,-0.707107,0.707107,0,0,0,1,0,0,0,0,0,0,0,1,0,0,0,0,0,0,-0.06333,0.11333,9.9702,134.89,24.1333
21388,val,2021-07-25 15:26:00,2021-08-02 10:10:00,58.53167,-60.83333,-0.215,0.14333,25.3216,0.050603,0.3305143927132231,-0.9438009515832294,139.0,47.7333,-0.391358,-0.920239,-0.707107,-0.707107,0,0,0,0,0,1,0,0,0,0,0,0,0,0,1,0,0,0,-0.3,0.18667,35.1091,161.75,47.7333
21388,val,2021-07-31 10:26:00,2021-08-02 21:42:00,58.31667,-60.69,-0.3,0.18667,35.1091,0.204313,0.3131638064837494,-0.949699126201877,47.7333,11.5333,-0.484089,-0.875019,0.5,-0.866025,0,0,0,1,0,0,0,0,0,0,0,1,0,0,0,0,0,0,0.0,-0.00167,0.0984,270.0,11.5333
21388,val,2021-08-02 10:10:00,2021-08-03 10:18:00,58.01667,-60.50333,0.0,-0.00167,0.0984,0.002369,-1.0,-1.8369701987210297e-16,11.5333,12.6,-0.513901,-0.857849,0.5,-0.866025,0,0,0,1,0,0,0,0,0,0,0,1,0,0,0,0,0,0,0.00666,-0.00167,0.7471,352.44,12.6
21393,val,2021-07-25 15:26:00,2021-08-04 21:58:00,56.04833,-59.88667,-0.03833,0.07667,6.3921,0.007984,0.7455923201897959,-0.6664023499913523,222.3833,24.15,-0.391358,-0.920239,-0.707107,-0.707107,0,0,0,0,0,1,0,0,0,0,0,0,0,0,1,0,0,0,-0.01167,-0.02,1.7972,223.79,24.15
21394,train,2021-07-25 15:26:00,2021-07-30 21:49:00,56.24667,-59.62333,-0.465,0.93,77.555,0.282039,0.7497647047397069,-0.661704531892128,76.3833,50.0,-0.391358,-0.920239,-0.707107,-0.707107,0,0,0,0,0,1,0,0,0,0,0,0,0,0,1,0,0,0,0.03333,0.28833,18.3988,78.26,50.0
